{"type": "FeatureCollection", "features": [{"type": "Feature", "properties": {"shapeName": "Kerala", "shapeISO": "IN-KL", "shapeID": "1811400B45534780755480", "shapeGroup": "IND", "shapeType": "ADM1"}, "geometry": {"type": "Polygon", "coordinates": [[[75.53658682930386, 11.693938824344887], [75.53662751130811, 11.693876364243234], [75.53745489651571, 11.692626646400704], [75.53808946373746, 11.691559981255663], [75.53876965998579, 11.690250588545494], [75.53946444128104, 11.68892268105044], [75.54001754927282, 11.687662821775971], [75.54049069372958, 11.68676822924006], [75.54105205005231, 11.685847169048099], [75.54194865045258, 11.684362574623455], [75.54275006895858, 11.682758618212581], [75.543352202507, 11.681575445090173], [75.54373471413813, 11.680807616990341], [75.54420851975495, 11.679700993652643], [75.54514739038089, 11.677872019920342], [75.54554297788928, 11.677068691751758], [75.5464298198906, 11.67544718916635], [75.5468722787956, 11.674349315361125], [75.54716199894946, 11.67368108486903], [75.54769622704892, 11.672307615485039], [75.54806040226846, 11.671440839200885], [75.54834578805108, 11.670668641497175], [75.54847902886897, 11.670288883922117], [75.54964837395913, 11.66743824686002], [75.55003452466548, 11.666738288020767], [75.55094641618848, 11.66484611025515], [75.5513465536638, 11.664041884830413], [75.55158574807452, 11.663450347829649], [75.55205064509869, 11.662385105614824], [75.55264904614708, 11.661155569462284], [75.5530759067055, 11.660465354137123], [75.55354057555758, 11.659552381491425], [75.5540750497954, 11.658491415899292], [75.55424958706521, 11.657936446746708], [75.55465926015728, 11.656901435754207], [75.55492640115646, 11.656323578342574], [75.55533614431714, 11.655360762398178], [75.55554289157975, 11.654851242434978], [75.55601217328082, 11.654010677970717], [75.5565047366191, 11.653062883629051], [75.55716631707976, 11.651703129545446], [75.55752132499184, 11.650908170891727], [75.5578248926758, 11.65028459144365], [75.55819787228344, 11.649250201243376], [75.55871797168011, 11.648102891700033], [75.55915498589617, 11.64706914004653], [75.55945862005547, 11.646517755341325], [75.56029960485816, 11.645013846858866], [75.56067724312888, 11.64427293184308], [75.5608795814601, 11.643808342020293], [75.56106377561922, 11.643266238341546], [75.5615012686373, 11.642073487926378], [75.56180600592776, 11.64102927633795], [75.56206393650037, 11.640130708814365], [75.56230795396581, 11.63923602817602], [75.5625343042646, 11.63859883509335], [75.56298109933745, 11.637451635573052], [75.56323865621086, 11.636733518478817], [75.56356094388705, 11.635951778182404], [75.56406197744012, 11.634917561667946], [75.56473357501453, 11.633535761902724], [75.5652125145032, 11.632582887818005], [75.56541472707029, 11.631873563866103], [75.56554414016675, 11.631525255178358], [75.5663298758845, 11.630148609580214], [75.56685368173004, 11.629412051707682], [75.56708467182726, 11.628748016610803], [75.56732782511345, 11.627994305310587], [75.567554035275, 11.627334568571317], [75.5677200250749, 11.62676460210057], [75.56772095303457, 11.62612742621858], [75.56771679922473, 11.62569866938721], [75.56779048623083, 11.625268908823786], [75.56829326341388, 11.624022769522778], [75.56850390846657, 11.623525872291875], [75.56901543973206, 11.622065852038945], [75.56952608705531, 11.620797522244596], [75.56981209177715, 11.620204778410143], [75.57037327382673, 11.618660167476008], [75.57071849908533, 11.617974231286814], [75.5709718195039, 11.61729656283033], [75.57117351104812, 11.616844383169518], [75.57142727613274, 11.616008848756595], [75.57148725305098, 11.615800655057345], [75.57171673487684, 11.615439950213721], [75.5718917752032, 11.615118521002971], [75.57208913956268, 11.614734942612767], [75.57231489877, 11.614034611780163], [75.5725776443125, 11.61337542009526], [75.57274364399389, 11.612829161099159], [75.57293261449537, 11.612354986540403], [75.57319915811487, 11.611613642317936], [75.57330523387857, 11.611274450791392], [75.57358556124784, 11.6106059068023], [75.57390300251305, 11.609852195704253], [75.57431341941015, 11.6088444168659], [75.57450157424137, 11.608239392670619], [75.57478666537654, 11.607566556080862], [75.57509038577413, 11.606861854153298], [75.57530243938513, 11.606333467330966], [75.57563421596566, 11.605393207582086], [75.57585940833604, 11.604778578261268], [75.57627916232221, 11.603617863259554], [75.5766689592903, 11.602832462696197], [75.57719863382957, 11.601743233874748], [75.5774330438131, 11.601151581169436], [75.57777434253559, 11.600202741002908], [75.57801715536027, 11.599602445499729], [75.57845592218943, 11.598079482204572], [75.57871293288719, 11.597221586828057], [75.57896234383762, 11.596503184792676], [75.5793073678736, 11.595473332684078], [75.57955104218263, 11.59490353164081], [75.57970362372859, 11.59459689594813], [75.57985567526853, 11.594004933302077], [75.58011306325868, 11.59328689786627], [75.58091416196442, 11.590778883963841], [75.58119577482286, 11.590006688627252], [75.58166898665327, 11.588801065518837], [75.58178908781352, 11.5884298255699], [75.5819454871994, 11.587792963398297], [75.58204265437045, 11.58742294971985], [75.582208560627, 11.587075197118288], [75.58245261851665, 11.586546022200537], [75.582847080436, 11.585954821305029], [75.58305862021069, 11.585733162997336], [75.58317801978666, 11.585525403439908], [75.58336691752461, 11.585051260820894], [75.58349060296281, 11.584577570605731], [75.58363901273259, 11.583841124719411], [75.58379495936761, 11.583411737047665], [75.58403953917843, 11.58274727387988], [75.58430641247968, 11.58174890675971], [75.58449962123268, 11.581156562243528], [75.58457442304804, 11.580750595036177], [75.58472219321736, 11.580077275960399], [75.58486962562009, 11.579633978889458], [75.58501170945364, 11.57923216498655], [75.58530661827658, 11.578369254500283], [75.58595989201582, 11.576928196975842], [75.5866450532527, 11.575514511973495], [75.5869756647183, 11.574868588463103], [75.58733426139993, 11.573938639073564], [75.58759204644544, 11.57316089953695], [75.58790610196031, 11.571932397141294], [75.58818220904436, 11.57095590400373], [75.58846333052433, 11.570143136774549], [75.58861582673033, 11.56966399748161], [75.58879473160904, 11.569108241587964], [75.58891081550333, 11.568575601294734], [75.58907249698312, 11.567377484315138], [75.58935421584273, 11.56608102625425], [75.58963944621681, 11.564906510209063], [75.58979194421944, 11.564278540487573], [75.58990744870033, 11.563758285193334], [75.59001339420833, 11.563420265047458], [75.59014196019348, 11.563013352419159], [75.59051030808754, 11.562069217126195], [75.59060857030488, 11.561798506693991], [75.59073578073225, 11.56144565820772], [75.5909335933511, 11.560975331335397], [75.59108051461244, 11.560591796545305], [75.59124253296045, 11.560153691959759], [75.59146757261722, 11.559687971971902], [75.59218895841792, 11.558180139332503], [75.59262144602324, 11.557158840637843], [75.59295291987151, 11.556517497084348], [75.59357774037245, 11.555144027670714], [75.59384940259245, 11.554485344847384], [75.59407079868244, 11.553924756940184], [75.59419426133846, 11.5535040954655], [75.59430039279769, 11.553260805526396], [75.59468226123506, 11.552691634036488], [75.59515441754505, 11.55232157482732], [75.59549399419718, 11.552173322528255], [75.59554855876584, 11.55215547461699], [75.59581123513809, 11.55141859489726], [75.59575169390273, 11.551395628158087], [75.5955408152881, 11.551133606531264], [75.5954225718439, 11.550821620130401], [75.59543684876868, 11.550437781882287], [75.59552457284944, 11.549899390555616], [75.59616896494549, 11.547802972423531], [75.59670264058101, 11.54642093531565], [75.59689144219925, 11.545847623854705], [75.59704425101897, 11.545137400201195], [75.59760644097828, 11.54333497775749], [75.5982961485888, 11.541419901948968], [75.59884362773701, 11.539911106746729], [75.59899512052485, 11.539526673543701], [75.59927699748795, 11.53854602666228], [75.59979639799535, 11.537149857791901], [75.6003299963758, 11.535718252515275], [75.60061035249115, 11.535067888342235], [75.6007168208186, 11.534593500995962], [75.60103420010009, 11.533586274923763], [75.6012190760805, 11.533047758840866], [75.60195494182524, 11.531245297482617], [75.60224943652486, 11.530387001913649], [75.60244757882538, 11.529659679323462], [75.60259495193931, 11.52919051557024], [75.60281067247332, 11.528701868875084], [75.60304557922518, 11.528218590507441], [75.60321965835422, 11.527839691799217], [75.60338143864865, 11.527156969207587], [75.60378605692061, 11.526190879872724], [75.60410713726104, 11.52549951585673], [75.60429121913076, 11.525151506835238], [75.60459086836346, 11.524180719108589], [75.60494034534834, 11.523145649899062], [75.60517917324638, 11.522576873283693], [75.60561664560325, 11.521691184516918], [75.60590182207838, 11.521009493563199], [75.60619140029843, 11.52023217496455], [75.60663749378705, 11.51878657243191], [75.60712112607477, 11.51749372583696], [75.60748051956207, 11.516391480141293], [75.60776155929534, 11.51530263872195], [75.60793584863013, 11.51457090056248], [75.6080884265828, 11.51413693959425], [75.6090353622834, 11.511743151838731], [75.61001058144065, 11.509429558436159], [75.61020353147885, 11.508888061305269], [75.61071875032859, 11.50723028548114], [75.6109309862976, 11.506741510832676], [75.61138093086386, 11.50600522145607], [75.61277279134485, 11.503851224805963], [75.61297434185359, 11.503445395718932], [75.61325128706578, 11.502568347335437], [75.61337523930364, 11.50183664032197], [75.61340352365866, 11.501569608592693], [75.61405612096648, 11.499880814318834], [75.6147058724115, 11.497905572307987], [75.61501868465804, 11.496645740201446], [75.6152401041042, 11.495534008661997], [75.61552560936275, 11.494992164378537], [75.61557136235682, 11.494742829829153], [75.61565059735813, 11.493939250625775], [75.61582037804851, 11.493378703900294], [75.61632625891087, 11.492294363378992], [75.61688198279677, 11.491468140954348], [75.61723086240197, 11.490790484324172], [75.61801773179364, 11.489037858022925], [75.61855597176917, 11.487497315618233], [75.61874544173395, 11.486209466435362], [75.61909155991798, 11.484049391166067], [75.61949812394083, 11.481966431027356], [75.61955866140782, 11.481121472867406], [75.61944482958998, 11.480813162559288], [75.61879914212331, 11.479867871654095], [75.61874044799927, 11.479777325596125], [75.61802642658729, 11.478677932520117], [75.61780734006588, 11.478148495181822], [75.61787172501724, 11.477742200353395], [75.61802859242542, 11.47736258753094], [75.61875325707693, 11.477061342349785], [75.6195777964217, 11.476650713732854], [75.62017927150504, 11.476244761847303], [75.62081659206311, 11.475680350394308], [75.6214819418547, 11.47505294107346], [75.62174812165655, 11.475005097066399], [75.62180804377758, 11.474994249277843], [75.62186216188358, 11.474985395503033], [75.62309990739443, 11.475082416379484], [75.6244659835318, 11.475047643071523], [75.62516168200696, 11.474953603960913], [75.6256386685582, 11.47481935966264], [75.62646489673574, 11.474196860847366], [75.62731824774662, 11.473406494591716], [75.62754280141482, 11.47284617028535], [75.62808034789096, 11.47231334931832], [75.62896634906917, 11.471333944627236], [75.62959874416457, 11.470800847010445], [75.6300118901435, 11.470363914281188], [75.63039301477583, 11.470002199244252], [75.63066945693149, 11.469057579074454], [75.63093589634643, 11.468131675282851], [75.63130831091378, 11.46733674663044], [75.63206487833426, 11.466587139757442], [75.63273450051335, 11.466013995804277], [75.63282320735104, 11.465200774612924], [75.63282007043404, 11.464197479561], [75.632981379113, 11.46332100199113], [75.63339452509194, 11.462584255883042], [75.63383032119248, 11.462300499909418], [75.63402352365725, 11.462173863290316], [75.63427521812514, 11.462142260472234], [75.6346878835054, 11.462238440577806], [75.63504493598307, 11.462550802513848], [75.63539315891978, 11.462582112994033], [75.63596578460778, 11.46247915922001], [75.63657081612129, 11.462417097286414], [75.63698300090289, 11.462449002930832], [75.63751840938866, 11.4627343707634], [75.6376792716049, 11.463014308020572], [75.63764574019028, 11.46342196224303], [75.63751671426772, 11.463569499762086], [75.63726576180827, 11.463859256108165], [75.63695286152681, 11.464328844742628], [75.63672799344823, 11.464672739996427], [75.63672702686101, 11.465142713769968], [75.6372679797487, 11.465581622245773], [75.63834934743318, 11.46577298172227], [75.63953128959862, 11.466013900722434], [75.63987395376036, 11.465967180319085], [75.64019132316034, 11.465923840596759], [75.64063982862551, 11.465861546997463], [75.64127639010721, 11.46598459262377], [75.64251300553742, 11.46632936712878], [75.64314505478144, 11.46660098646232], [75.64406626542721, 11.46694634919218], [75.64445010476832, 11.467448117736472], [75.64502289574632, 11.468140899032505], [75.64540222823965, 11.468466630052262], [75.6460067315438, 11.468466496234532], [75.64680021523088, 11.468431940445928], [75.64752865460322, 11.468270499858674], [75.64835447135232, 11.468053649761366], [75.64946861227335, 11.467453998694518], [75.65022248923957, 11.467135876545598], [75.65302066858604, 11.466667481097584], [75.65362622830898, 11.466468984937865], [75.65558799258262, 11.465373849540288], [75.65714289279612, 11.464304567033304], [75.65889102242387, 11.463031959094788], [75.65967985193944, 11.462372702301767], [75.66031274020996, 11.46202548954308], [75.66100948881565, 11.461931331644173], [75.66202571337072, 11.462022682828353], [75.66301537653946, 11.46252086369072], [75.6639037384902, 11.462735014334086], [75.6642523099733, 11.462608473873113], [75.66510571308648, 11.461985868905973], [75.6668810257347, 11.460540811035537], [75.66739013154893, 11.460126085639706], [75.66827520656409, 11.458933432650793], [75.66941269559764, 11.45786806826206], [75.67112339961402, 11.456559877467564], [75.67280381782889, 11.454586475150778], [75.67381669076963, 11.453521206195695], [75.67464248685746, 11.452825213355514], [75.67492781514791, 11.45235547178474], [75.67501918010053, 11.451854592974755], [75.67498377120698, 11.451352603932008], [75.67530045070082, 11.451072474638032], [75.67577730430139, 11.450837764054425], [75.67634940806819, 11.450869881429536], [75.67688647394561, 11.45061754964482], [75.67739556808175, 11.450301987344456], [75.67774278310876, 11.450329769512244], [75.67793548521192, 11.450614439066653], [75.67812260698054, 11.451021710572395], [75.67841094911874, 11.45123848393349], [75.67863134179056, 11.451266280096242], [75.67886040859477, 11.451329400117125], [75.67911257467817, 11.451361985826804], [75.68066503237242, 11.450866083234699], [75.68269165500955, 11.448435709682645], [75.68389498157032, 11.446948296468095], [75.68550055305403, 11.444428281006996], [75.68632494238018, 11.443484238367533], [75.68779424482517, 11.440818451228859], [75.69048052193504, 11.436385251551094], [75.69206679850475, 11.434284784731496], [75.6928224208976, 11.433267830181023], [75.69320238221165, 11.432724511389717], [75.6934620402445, 11.431685636618054], [75.69466827375349, 11.430128490583842], [75.6962933638317, 11.427622910167438], [75.696655395671, 11.427121627475518], [75.69705036424018, 11.426448247287288], [75.69784504088997, 11.425147903724216], [75.69851951846317, 11.423752097159575], [75.69896083111784, 11.422761841867333], [75.70034692980462, 11.42018262719524], [75.70057180686632, 11.419808271388888], [75.70057198024115, 11.419401456904898], [75.70076085552122, 11.418687433160786], [75.70096325314125, 11.418330117270221], [75.70136197756663, 11.417824825794826], [75.70156832058743, 11.417481208233971], [75.70180294706489, 11.416916835413737], [75.70211498406536, 11.41620712623744], [75.70236759840807, 11.415800190357773], [75.70269759183276, 11.415349340239159], [75.70303238675264, 11.415019280969705], [75.7031747661319, 11.414725805401362], [75.70334913990834, 11.414255691580811], [75.70353834487011, 11.413735521241337], [75.7037395477308, 11.413253069254303], [75.70407433456583, 11.412923010188482], [75.70429579353788, 11.41237158477784], [75.70476406193929, 11.411364515145054], [75.70502076810814, 11.410564477479799], [75.70537945462134, 11.409782462669735], [75.70570932497681, 11.409132150853052], [75.70598101594292, 11.40863140345192], [75.70621468751123, 11.408011783830807], [75.70650381118375, 11.407479127023665], [75.70675155036945, 11.407103534870112], [75.70760570177923, 11.405721343929716], [75.70801496074797, 11.404578717400037], [75.70868953533922, 11.403100719089975], [75.70952932358595, 11.401429431982509], [75.70989675070682, 11.400755996994786], [75.71044323182676, 11.399432377847845], [75.71082396209867, 11.398691922970105], [75.71096270330105, 11.398099685893976], [75.71121411929121, 11.39769271085677], [75.71164631494406, 11.397051434515557], [75.71221456583659, 11.39623022731925], [75.7125732137222, 11.395624022223174], [75.71278010920686, 11.395014510912429], [75.7127616730823, 11.394639592679038], [75.71277977233862, 11.394340654763072], [75.71282579303062, 11.394232253398755], [75.71295460156092, 11.394187223379918], [75.71332143848865, 11.394106481064243], [75.71350967057498, 11.393934484506387], [75.71365130255592, 11.393858467480896], [75.71395310774528, 11.393826692370526], [75.71424720808449, 11.393813734168981], [75.71451663978766, 11.393790672707686], [75.71479615777484, 11.393746646516535], [75.71531917400122, 11.393520659384395], [75.71556677484637, 11.393349021762337], [75.71572731187246, 11.393082275978246], [75.71589733061641, 11.392504946608256], [75.71631023045695, 11.391632950701641], [75.71662340562288, 11.390768957848328], [75.71700404516497, 11.38980202006543], [75.71775772719677, 11.387909509281464], [75.71815288980203, 11.38679786140704], [75.71838630804548, 11.386535456289465], [75.71864296390865, 11.386188437736314], [75.71947879327995, 11.384751400125559], [75.72015831399514, 11.383133961390056], [75.72067156643273, 11.38203654022397], [75.72168244511352, 11.379176230683242], [75.72204490544921, 11.378407958524022], [75.72286757180662, 11.376704453383043], [75.72343551278038, 11.375760440027406], [75.72353236733767, 11.375512310937305], [75.72363862995095, 11.375182343676922], [75.7239373772751, 11.37420620891558], [75.72494682224469, 11.372082780014834], [75.7254980671306, 11.370926217177818], [75.7269897555925, 11.367604907846635], [75.72836236697358, 11.364365147249721], [75.72875267777802, 11.363661222618044], [75.72983575315986, 11.361117449838884], [75.72986806196737, 11.360882266818622], [75.72986786793126, 11.360507073771643], [75.7299506988887, 11.360240311311827], [75.73029928474477, 11.359802708944493], [75.7305385025117, 11.359612673946483], [75.73097832126804, 11.358595463653854], [75.7315391251269, 11.357250078645318], [75.73198052851141, 11.356172104664138], [75.73201649346213, 11.356083552720012], [75.73225474374347, 11.355155514467349], [75.73245279351754, 11.354384570583075], [75.7326423272627, 11.3529924707552], [75.73287681450132, 11.352147648921482], [75.73316161458237, 11.351655424613629], [75.73404241541338, 11.349314660612661], [75.73429473421038, 11.348985500626597], [75.73451970649351, 11.348655139796898], [75.73544776679331, 11.346278165226199], [75.73566248301084, 11.345795262451695], [75.73574527444237, 11.345402329530064], [75.73569604856142, 11.344949522701524], [75.73549972265441, 11.34378387042725], [75.73543213970065, 11.343358423843378], [75.7354782160882, 11.342969515325038], [75.73562491366903, 11.34257713956609], [75.7358308398715, 11.34206118574358], [75.73612475336111, 11.341492766843619], [75.73631333129882, 11.3409816861522], [75.73647413602288, 11.340402917738679], [75.73658958031668, 11.339513471837096], [75.73655739727329, 11.338961156476543], [75.73644794204752, 11.338400942067603], [75.7362744746712, 11.337943817105124], [75.7361105474032, 11.337654971651013], [75.73553750579526, 11.337577983962317], [75.73518998444277, 11.337436543868447], [75.73477815808896, 11.337202151661186], [75.73452571712109, 11.336952227456557], [75.7342335436682, 11.336418912812734], [75.73368915113129, 11.335808051467694], [75.73339206389376, 11.335383798811545], [75.73319961511552, 11.33504413076216], [75.73334205198695, 11.334746213720141], [75.73369050219745, 11.334461854446971], [75.73430863833435, 11.333842357989479], [75.73463430726925, 11.333404909818258], [75.73492370492791, 11.333214838753586], [75.73544082101952, 11.332886063622551], [75.73564750270515, 11.332682220015267], [75.73582188276981, 11.332384579725803], [75.73595008942883, 11.33194634452859], [75.73606036481648, 11.331601953928208], [75.73602496670273, 11.331146397376145], [75.73591053930181, 11.330418122829236], [75.73591113937644, 11.330024982030825], [75.73600763191266, 11.329885021482495], [75.73610328362581, 11.329839653639208], [75.73619943839553, 11.32988443222113], [75.7364381782587, 11.330007571964057], [75.73662590728843, 11.330021447345183], [75.73675412023569, 11.329912169782478], [75.73673645935719, 11.329645527597895], [75.73674595185481, 11.329080416996884], [75.73687475948675, 11.328628695011135], [75.73688895196993, 11.328263190822781], [75.73684232491513, 11.328082023139203], [75.73669622381563, 11.32795506775678], [75.73644388884894, 11.327905683970389], [75.7362068207505, 11.327846832290044], [75.73614224625464, 11.327633333107341], [75.73620673541058, 11.327494220495728], [75.73629782907194, 11.327448653208611], [75.73658629338105, 11.32743090387056], [75.73690240244467, 11.327458303436284], [75.73707734575301, 11.327426556158988], [75.73723742733327, 11.327395282757672], [75.73725062538144, 11.327178439654556], [75.73723360949332, 11.32656823503635], [75.73726137821538, 11.326002806544471], [75.73721112915331, 11.325876680853897], [75.73702313601886, 11.325640866330902], [75.73678556755884, 11.325491871681024], [75.73667142043229, 11.325365193489096], [75.73663972966573, 11.325207214294972], [75.736689486451, 11.324989724769843], [75.73678133739215, 11.324927292818936], [75.7370015441127, 11.324904292729395], [75.73719784935848, 11.32490502733706], [75.737276609151, 11.32490510573043], [75.73730354962639, 11.32481391307045], [75.73728548181107, 11.324606964084776], [75.73733613331838, 11.324090984874454], [75.73746066946116, 11.323987180269002], [75.73763441801015, 11.32395650633516], [75.73849018818412, 11.32414165180333], [75.73868254353756, 11.324128692196986], [75.73893480035083, 11.324002330499317], [75.73919172031869, 11.323721837067708], [75.73933464048376, 11.323311296850363], [75.73961829611115, 11.322792028922862], [75.7397610087654, 11.322588759470339], [75.73992141373915, 11.322524828700494], [75.74010888135919, 11.322493628753238], [75.74053482743261, 11.322489791849165], [75.74072720704058, 11.322349534296798], [75.74089756175445, 11.322191410742667], [75.74108515783354, 11.321929279157503], [75.74119984305091, 11.321613253467753], [75.74148404215904, 11.32148716283726], [75.74178654444108, 11.321486918845956], [75.74240491503826, 11.321392385849759], [75.74272020124512, 11.321234987575487], [75.7430554866451, 11.321140424547627], [75.743261508069, 11.321077365482225], [75.74348155488944, 11.32115911412802], [75.74414471369003, 11.321565584452927], [75.74454724248066, 11.321752216554657], [75.74486341532467, 11.321752564484159], [75.74546325727083, 11.3218160444395], [75.74570241844383, 11.32180287420849], [75.74595853980945, 11.321717225412097], [75.74640260310554, 11.321513645142183], [75.7467930684202, 11.32115676229569], [75.74715886689548, 11.320637706263867], [75.74750850467875, 11.319919677318806], [75.7479207667155, 11.319128918073911], [75.74827890076476, 11.318374089823028], [75.74861399662024, 11.31709105128439], [75.74931641449372, 11.315432100286031], [75.74962372096587, 11.314614221178084], [75.75000130982926, 11.313096501025882], [75.75083127230343, 11.311392465302788], [75.75123011979798, 11.310543686117493], [75.75169421821985, 11.309233664838143], [75.75172671387693, 11.30912018990624], [75.7521070354154, 11.307769330817269], [75.75218200880903, 11.306964947810474], [75.75210467913442, 11.30627329958982], [75.75208585314101, 11.306006632743573], [75.75216465874762, 11.305726220342802], [75.75261314714481, 11.3052198158045], [75.75310836500475, 11.304790930148108], [75.7532961173907, 11.304524301562521], [75.75363570661925, 11.30377432288048], [75.75412264291057, 11.302183720012], [75.7547573502695, 11.299260280775027], [75.75570255581482, 11.297172744397727], [75.75644117938751, 11.295694570386688], [75.75699140827884, 11.294827673587832], [75.75751913347395, 11.293521623918714], [75.75840437018584, 11.291624104050046], [75.75955211797995, 11.288835853049342], [75.76187033735162, 11.282216282656996], [75.76241636392403, 11.281059758125627], [75.76273359857672, 11.27943255918808], [75.76289869724786, 11.278474512476066], [75.76412492635676, 11.27502639848737], [75.7646716841578, 11.273038713701244], [75.76482315089449, 11.272740107588273], [75.76475898692871, 11.272364495075951], [75.76504847262225, 11.271253102742683], [75.76521327035778, 11.270937059977248], [75.76570329775198, 11.2705440058826], [75.7659328900706, 11.269699184878434], [75.76619543259388, 11.268577613768679], [75.76594802668318, 11.268369698274649], [75.76589388162772, 11.268279479642443], [75.7660585841418, 11.267583878545253], [75.76639385876204, 11.266214334330751], [75.76688977012137, 11.265002739650173], [75.76718746462002, 11.264419952825856], [75.76766410531988, 11.26376502313949], [75.7677746502021, 11.263538969396128], [75.76794482974447, 11.262848123126371], [75.767638268874, 11.262509235187625], [75.76775291815876, 11.262038963373364], [75.76815109640842, 11.26203946995845], [75.76822530264079, 11.261555042924781], [75.76803298860982, 11.261441896269492], [75.76807454287825, 11.261049522562258], [75.76841341435286, 11.260973103706812], [75.76851034796192, 11.260108998943531], [75.76886788193659, 11.258649235377574], [75.7694242831522, 11.256570853884659], [75.77059058205525, 11.252313983594764], [75.77075095918124, 11.251586695727074], [75.77154755283584, 11.250104482865009], [75.77245250936485, 11.248418660229023], [75.77302724609373, 11.245928961069447], [75.77379413425854, 11.243122205840567], [75.77386304043073, 11.242602667785848], [75.77400952870411, 11.242006559528555], [75.77447335763138, 11.240794777521588], [75.77464354525857, 11.240076956028958], [75.77490006188292, 11.23936740791749], [75.77508388952941, 11.238676086030258], [75.77537259368867, 11.238011867490995], [75.77558913258791, 11.237328732995804], [75.77632677969187, 11.235784318839904], [75.77696540370546, 11.23410720762149], [75.77706091348477, 11.234012275807983], [75.77756097236576, 11.233213143106381], [75.77802875028706, 11.23234503415525], [75.77862050470068, 11.230949677612086], [75.77899202185104, 11.230244040343681], [75.77934549005076, 11.229227932580653], [75.77951481080369, 11.228630593951632], [75.77973922792798, 11.2283059267084], [75.78051315618963, 11.224521052328257], [75.78047531286167, 11.224347108838735], [75.78080156300656, 11.22307195797173], [75.78124594969614, 11.221527198768444], [75.78192594562013, 11.219610983042609], [75.7824673916829, 11.21803781813552], [75.783343494325, 11.215484938468936], [75.783673588361, 11.214530918373931], [75.78471091344376, 11.211738489619616], [75.78497622906627, 11.211110461450117], [75.78529032680201, 11.210360696673126], [75.78566569233504, 11.20946496722993], [75.78572438556075, 11.209325644115404], [75.78629298499963, 11.207730064952584], [75.7869082923417, 11.205982263999198], [75.78722407891017, 11.204811453405734], [75.78737185985925, 11.20420984425523], [75.78777543608544, 11.202886350124317], [75.78803208386383, 11.202298496908547], [75.78847287639395, 11.201418025193618], [75.7887655241573, 11.200790079474972], [75.78987546186112, 11.19843555904944], [75.79036619263621, 11.197355718365909], [75.79139368386156, 11.194675598740211], [75.79168730809366, 11.194025187419237], [75.79296662134763, 11.19088878420063], [75.79394327421612, 11.18819580378173], [75.79414968730546, 11.187531474506278], [75.79490162211405, 11.18588655474004], [75.79523169279383, 11.185466311003315], [75.79562126518307, 11.184964774625811], [75.79584169378752, 11.184675995881864], [75.79602888652305, 11.184314273641618], [75.7961948332038, 11.183559806679243], [75.79622270253718, 11.183293049169706], [75.79638732959278, 11.183053635988296], [75.79658020956236, 11.182692162000814], [75.79667648919788, 11.182425568488348], [75.79667211979236, 11.181986831741442], [75.79667253122074, 11.181159864162503], [75.79681517560303, 11.180595233146443], [75.79694326009118, 11.180305817299034], [75.79717202146816, 11.179881169704148], [75.79786418597101, 11.17890978841549], [75.79852890963686, 11.17796536380917], [75.79868912326945, 11.177594592192788], [75.79869904426347, 11.177423325125044], [75.79856995995038, 11.177224055403094], [75.79847011579982, 11.177033938485968], [75.7983923145097, 11.176758649490775], [75.79841596086291, 11.176509728968558], [75.79854411721628, 11.176039615875196], [75.79858941925607, 11.175560830211351], [75.7987554000728, 11.175009608470138], [75.79893401120243, 11.17443079089332], [75.79961273241705, 11.173274192194633], [75.79977775473135, 11.172872113822484], [75.80000183229247, 11.172117387949752], [75.80021329301537, 11.17131313931204], [75.8004844845182, 11.170268866307547], [75.80069934805941, 11.169695010680437], [75.80101165994438, 11.169211523381648], [75.80123132677744, 11.168760034473893], [75.80135506072469, 11.168158576071884], [75.80147084458163, 11.166942619227662], [75.80160836856679, 11.16636428173462], [75.80197459194518, 11.165668667886191], [75.80229556358948, 11.165067345850796], [75.80297418419276, 11.16437180468761], [75.80326237361736, 11.164173238104878], [75.80386209159602, 11.163943174894019], [75.8041557706253, 11.163979582082105], [75.80458573576135, 11.164155887637442], [75.80533523344054, 11.164888733569526], [75.80704505710793, 11.164079236931428], [75.80931975220575, 11.163002101699107], [75.80830310095094, 11.162942748350291], [75.80774036032436, 11.16267568809537], [75.80639139439818, 11.16147661737032], [75.80510558093478, 11.160472798913405], [75.8047443306298, 11.159957233517318], [75.80453398112287, 11.159586137477069], [75.80441986453906, 11.158795355249179], [75.80461758912298, 11.157402871614345], [75.80460425273428, 11.157036965151866], [75.80430656452383, 11.156937339614126], [75.80449033916975, 11.156471924085986], [75.80519007287714, 11.156734251088258], [75.80548299911825, 11.156761615766527], [75.80606007685677, 11.156757420595579], [75.80630674435233, 11.156594763370588], [75.80647701103128, 11.156355609307086], [75.80677969117971, 11.155600960358065], [75.80712332821696, 11.155334438022368], [75.80812083547474, 11.154593647334337], [75.80849176692352, 11.154200531940619], [75.80867108143404, 11.153911671460905], [75.8089503469946, 11.153247197580454], [75.80925767861963, 11.15274605676617], [75.809678832181, 11.152325852286788], [75.81032496611037, 11.151896839837649], [75.81149202049657, 11.151418389815017], [75.81206464887948, 11.151206269709984], [75.81298952914317, 11.150610347776162], [75.81384090475876, 11.150077653300936], [75.81434467278356, 11.14967059221044], [75.81471634983407, 11.149260050935991], [75.81519675357664, 11.148378589704626], [75.81569228674525, 11.147285012529663], [75.81620101077549, 11.146381703202392], [75.81697599994752, 11.144592155421783], [75.81715422929314, 11.143891222336023], [75.8176129791458, 11.142675610788695], [75.81780573874116, 11.142391277094372], [75.81795708779853, 11.142115279241072], [75.81809444829032, 11.141641105465164], [75.81819519434944, 11.140836629671412], [75.81835572868061, 11.140533450112839], [75.8186221887568, 11.140257942311834], [75.8189237073836, 11.13978357424719], [75.81944659694753, 11.138432291981385], [75.81983241258229, 11.13734355770989], [75.82085890398274, 11.13481747885936], [75.82123031333526, 11.133949896581532], [75.82234801068651, 11.131319730147005], [75.82277424961073, 11.130474793418129], [75.82396589088624, 11.128282931965085], [75.82433695259077, 11.127704648023755], [75.82449729917404, 11.127302408776606], [75.82522606014321, 11.125291443078519], [75.82549205848538, 11.124948380038543], [75.82575803167468, 11.12486253003839], [75.8259865235571, 11.124876367687198], [75.82605057613182, 11.124948369461341], [75.82611283207592, 11.124470406637018], [75.8262299544227, 11.123963300933974], [75.82585377142271, 11.124066890128828], [75.82569011095438, 11.124030533474999], [75.82561634220157, 11.123817965027959], [75.82579589476562, 11.123162726029712], [75.82601071698434, 11.1226885584086], [75.8266930449348, 11.122056224708485], [75.82725147993621, 11.121441601401141], [75.82752266245589, 11.120750373730782], [75.8275864464343, 11.120135152691441], [75.8276377788646, 11.119954459041129], [75.82793957776576, 11.119728890632409], [75.82821861784922, 11.119656549973127], [75.82884152134532, 11.119566453345726], [75.82904750324334, 11.119291145190722], [75.82935962378711, 11.118396263860102], [75.83022006070895, 11.116728733810715], [75.83121601657625, 11.113470377917135], [75.83218702443149, 11.110953313230667], [75.83320076873802, 11.107934413009396], [75.83410761981399, 11.105371844570024], [75.83450716799447, 11.10368612350565], [75.83545229897963, 11.100310332781616], [75.8365065447291, 11.096965752015278], [75.83825820653253, 11.091511165212696], [75.83868390017933, 11.089902063493799], [75.84022842844458, 11.085852836203367], [75.84093942433071, 11.083615688878925], [75.84128277929689, 11.082475210333312], [75.84276410389535, 11.077559547875927], [75.8444101130416, 11.071675316155334], [75.8446118315353, 11.070721779051945], [75.84633551441087, 11.065112826684057], [75.84663849549497, 11.064033135953908], [75.84803163966849, 11.058501191580177], [75.84827993041976, 11.057343763577952], [75.8485143125555, 11.055084001123983], [75.84828620066044, 11.054858083784586], [75.84821311911884, 11.054681622247761], [75.84825471470974, 11.05322606928231], [75.84809959182985, 11.053050007915063], [75.84807206026301, 11.052796737508316], [75.84822316408035, 11.052471280641393], [75.84852959649173, 11.052394479807258], [75.8486808907519, 11.052322235339922], [75.84905626257316, 11.05060933128173], [75.84886436895371, 11.050157098078838], [75.84881393573704, 11.049957985609325], [75.84881025084775, 11.049732193044512], [75.84888298474137, 11.049555840395135], [75.84903907959837, 11.049452294450786], [75.8492407405999, 11.04952908194855], [75.8493910386284, 11.049479301533124], [75.84956971533504, 11.049303021028152], [75.84967548028163, 11.04920405347148], [75.84987605072838, 11.049176698988452], [75.85007752577862, 11.049077361972136], [75.85020636844489, 11.049023278961162], [75.85083451720395, 11.046487991961433], [75.85146750249247, 11.043997384180182], [75.85237917302993, 11.040458782826443], [75.85247567095604, 11.038971353976299], [75.85257718148148, 11.038040609958136], [75.85309036385047, 11.0365582324713], [75.85356794598475, 11.033819074874213], [75.85389821698885, 11.032711982626537], [75.85409485281463, 11.031432591793775], [75.85458511826243, 11.029900870718865], [75.8547092142307, 11.028716261004027], [75.8548838799596, 11.028088587865176], [75.85523595307565, 11.027260957585863], [75.85549363930649, 11.02642982097568], [75.8557172524386, 11.025828454761541], [75.85581917439241, 11.025222967850869], [75.85661090277142, 11.023234493158377], [75.85676282944553, 11.022682929182036], [75.85683637721279, 11.022203937901109], [75.85694075605893, 11.02195526123979], [75.85726177800885, 11.021675417301301], [75.85761462906595, 11.020726311650808], [75.85749049716503, 11.02054542527056], [75.85749142422641, 11.020292290843111], [75.85769248335666, 11.019840182913095], [75.85812304317741, 11.01893662628444], [75.85821915662459, 11.018565512543857], [75.8590403120157, 11.01539294406537], [75.85964492221936, 11.012274649853882], [75.8609336058001, 11.007022734382424], [75.86128245845582, 11.005337087168494], [75.86256875970442, 11.001685140754123], [75.86260667759257, 11.000696652587107], [75.86320066072642, 10.996731972051938], [75.86369956078072, 10.994612367825038], [75.86419366832294, 10.992342934573132], [75.86444147757724, 10.990752033683435], [75.8649307548782, 10.988591556190116], [75.86610240324876, 10.984487103535793], [75.86627651112387, 10.983637300738998], [75.8673739784149, 10.979302464159558], [75.86804726033046, 10.97668535463247], [75.8682938218248, 10.975302055880643], [75.8693602711874, 10.971487450405453], [75.8698498925431, 10.969005948100783], [75.87009626718789, 10.967341992091809], [75.87070010933198, 10.9653941828115], [75.87175704823063, 10.961714858526948], [75.87236052655703, 10.959102217260641], [75.87342228491723, 10.954148062769857], [75.87440985411301, 10.95046364822014], [75.87540352646286, 10.946535998740154], [75.87582372870838, 10.944980894991437], [75.87653275818234, 10.943380843574435], [75.87709534070544, 10.940555698457734], [75.87744785758922, 10.938675440356684], [75.87794655372595, 10.9371203765051], [75.87840404144563, 10.93492350644899], [75.87876040581381, 10.933472581161913], [75.87989047835636, 10.929155648665603], [75.88080986182885, 10.925616533824565], [75.8812989738398, 10.923319880816289], [75.8814815968455, 10.922013960531944], [75.88247484429222, 10.918967387133332], [75.88384579019676, 10.913126839345024], [75.88391563331179, 10.912702994907228], [75.8844135551007, 10.909659993713582], [75.88473337420648, 10.908312789196403], [75.88555190561866, 10.905871835246296], [75.88636173415236, 10.90243683973133], [75.88756847610782, 10.898047746529155], [75.88826835803722, 10.894263976074226], [75.88946623990904, 10.887845191984196], [75.88989109273277, 10.885969519202218], [75.88999685678107, 10.885607986529177], [75.8912674905128, 10.878954108036822], [75.89253403960493, 10.87337587869624], [75.89320681037906, 10.870334067060808], [75.89376363649782, 10.867626370088312], [75.8940888463936, 10.866048501076067], [75.8952273586083, 10.860972207792546], [75.89561110003307, 10.859096636859613], [75.89582082970243, 10.857012335777661], [75.89649392925998, 10.854815780438965], [75.89722919762508, 10.849436788647548], [75.89804306139105, 10.846778543811832], [75.89881578860518, 10.842385212774722], [75.90097271187432, 10.83399544875784], [75.90302083658611, 10.824760239652944], [75.90386181420226, 10.820230761011707], [75.90449200662859, 10.81679980964157], [75.90513206345507, 10.81477922923286], [75.90545224817515, 10.814037948687604], [75.90597751018979, 10.810534560450032], [75.90625712250005, 10.809472810988597], [75.90724383919465, 10.804025658039196], [75.90834062376604, 10.79938773462991], [75.90964769945393, 10.79474989050095], [75.91000390482026, 10.793443581823846], [75.91035606327627, 10.792801527583753], [75.91286193532086, 10.786020586628709], [75.9152965143696, 10.779434595050565], [75.91660391345097, 10.777590053412382], [75.91873377587046, 10.773209704550032], [75.91989919711948, 10.768626345383433], [75.92105929764706, 10.76608984000085], [75.92167186243258, 10.763490633830429], [75.92249834932488, 10.761303007987955], [75.92448682320689, 10.756818472634654], [75.92613645885191, 10.75319292915921], [75.927375239222, 10.751687835793865], [75.92800938513388, 10.750700990590625], [75.93349300346208, 10.737630886955278], [75.93354846634604, 10.737557942066394], [75.93418879805697, 10.736400546708058], [75.9356866651314, 10.733743212009362], [75.9359857574086, 10.732878132621638], [75.9365880715184, 10.732906037792135], [75.93655769858034, 10.732637802245824], [75.9361633857813, 10.731774658774372], [75.9360417520952, 10.731357542738188], [75.93607000231427, 10.730969855736095], [75.93619048795343, 10.730760874024972], [75.93655178317418, 10.730581257386541], [75.93676158111555, 10.730461500839322], [75.93679179056022, 10.73034196136613], [75.93687995301883, 10.729805092724428], [75.93724108474619, 10.729655253004006], [75.93735983933182, 10.729616477311797], [75.93756051398313, 10.729158021210113], [75.93751416989763, 10.72868230051355], [75.93755911979781, 10.728433013574117], [75.93776389705502, 10.72811522587061], [75.9380830226614, 10.727729254928578], [75.93837930231345, 10.72698039819243], [75.93846933236955, 10.726504871777049], [75.93855959778423, 10.72623278674369], [75.93878847684054, 10.726118339198855], [75.93890295814033, 10.726073197597023], [75.93904020185116, 10.726027340183462], [75.93913167909315, 10.725936262587453], [75.93913091462686, 10.725823273902655], [75.93892466503087, 10.725574531832073], [75.93887678931783, 10.725212270187923], [75.93899197938836, 10.725098601613038], [75.93922014697897, 10.725052680502863], [75.93949492275976, 10.725006499011847], [75.93960882105294, 10.724870292566505], [75.93973500021438, 10.724791369235334], [75.94047456432318, 10.724041160986301], [75.9405520242535, 10.72393262709154], [75.94083691775936, 10.723027067872126], [75.9428449030493, 10.718721390318931], [75.94443058403603, 10.714271918323869], [75.94480052554137, 10.712376493013062], [75.94737248035322, 10.707272828433782], [75.95326787742454, 10.693667766410647], [75.95662961845777, 10.6865829631213], [75.96048488941655, 10.678458433995802], [75.96614577858797, 10.66583051628346], [75.97037919177232, 10.65728984880234], [75.97391659207116, 10.64865191089003], [75.98037829967396, 10.63509939004414], [75.98129768404478, 10.63253731394247], [75.98325552986714, 10.628755790499769], [75.98383067263457, 10.627035873339446], [75.9856008029019, 10.624521054696052], [75.99924151298042, 10.594919154849286], [76.00017939366293, 10.593020932776206], [76.00172052629638, 10.5892154615865], [76.0024435470309, 10.587005478568882], [76.00318436608613, 10.585410148006714], [76.00365986233233, 10.584307443744333], [76.00421299547696, 10.583168137276632], [76.00459263609244, 10.581812590893021], [76.00505065920802, 10.580429464642394], [76.00590145091869, 10.577939052892251], [76.00666467665206, 10.57637503594744], [76.00719938445187, 10.574897437711424], [76.0077527179208, 10.573356045224477], [76.00847090751571, 10.57191427172017], [76.00921584354992, 10.57021977499621], [76.0098244683246, 10.56860603861808], [76.0103003598295, 10.567386028372047], [76.01108144047748, 10.56582673779701], [76.01181801050143, 10.563797203027889], [76.01266010292687, 10.561609818194949], [76.0134188173209, 10.55985642181779], [76.01425937901708, 10.557994161951553], [76.01551244439678, 10.555010925418458], [76.01646849170926, 10.552652054395647], [76.01710885486123, 10.551114987134376], [76.01847944862618, 10.548299607546028], [76.01927957804975, 10.546265551090073], [76.01985164588395, 10.544837393119838], [76.0204053925779, 10.543544932228363], [76.02141031453006, 10.540995580038466], [76.02257174815752, 10.538315806833287], [76.0233720033452, 10.536064498933017], [76.02563518563439, 10.531536420197073], [76.02643941317227, 10.530116949840144], [76.02698803857076, 10.52872942678803], [76.02831816772375, 10.525498114429695], [76.02904483651665, 10.524033294652947], [76.02989936432058, 10.52233857311317], [76.0302972856521, 10.521235619718503], [76.03139908731436, 10.518668600541147], [76.03189666504854, 10.517543451005503], [76.0326381066363, 10.515970350446722], [76.0333049377498, 10.514655223157556], [76.03402677001318, 10.513168344333124], [76.03456652544662, 10.512408825548196], [76.03501899607544, 10.511328966087929], [76.03555313344506, 10.510488360205086], [76.03611054077379, 10.509634129741096], [76.03671926166821, 10.508720850909045], [76.0370610463793, 10.508264658287787], [76.03736754167275, 10.508129275573614], [76.03769155141934, 10.508088395242929], [76.03819423338096, 10.50848621687616], [76.03871005679689, 10.508789138336168], [76.0390390530916, 10.508843912942943], [76.03937685557105, 10.508825502528726], [76.04034063288657, 10.507171340352865], [76.04034557182396, 10.507055883342122], [76.04025808400014, 10.5059708151552], [76.04046344246736, 10.505175387479152], [76.04107146267584, 10.504144733940366], [76.04178390574789, 10.503272295122875], [76.04306327200247, 10.501666183039452], [76.04312804322943, 10.501451609749859], [76.04329753196733, 10.500990446834821], [76.04348950553681, 10.500534154473494], [76.04375458580073, 10.499960212143877], [76.04402855669103, 10.499390573829404], [76.04417918619788, 10.499078532169113], [76.04432526034789, 10.498766862936545], [76.04443972996964, 10.498504401648953], [76.04455851509796, 10.498247175326803], [76.04476448531788, 10.497808316614567], [76.0449702390438, 10.497374504343755], [76.04513885192434, 10.497013248627068], [76.04531315114059, 10.496651671856831], [76.04546396659869, 10.49633514830249], [76.04561041804115, 10.496014513619123], [76.04613081478017, 10.494988070199854], [76.04667915990434, 10.493971218554993], [76.04726415269883, 10.492972746661462], [76.04784501414132, 10.491964557940792], [76.04838805471374, 10.490938508283568], [76.048941471726, 10.489908403518857], [76.04950379643259, 10.488882042303377], [76.05006514916204, 10.487851714282849], [76.05062743344448, 10.486825915982063], [76.0511944554417, 10.48579526577422], [76.05180227173261, 10.48479215040623], [76.0524191861607, 10.48378829421655], [76.05299485983244, 10.482766995344289], [76.05308114121887, 10.482606107896764], [76.05355182249511, 10.481732005098786], [76.05396774157337, 10.48089154489508], [76.05438801837904, 10.480055198727745], [76.0545438284701, 10.479806829242568], [76.05469853004016, 10.479557853592953], [76.05533015258439, 10.478500725100714], [76.05593306407384, 10.477424996100543], [76.05647604176418, 10.476344520710635], [76.05701163350624, 10.475250824967228], [76.05755474774053, 10.474193377908634], [76.0581126221932, 10.473135425499441], [76.05868372344013, 10.472299220049708], [76.05924064478033, 10.471449510272839], [76.0593370753328, 10.471209892355537], [76.05946911959472, 10.470853308213787], [76.05994980720494, 10.46982245646114], [76.06044728163285, 10.468796798982812], [76.06094126430928, 10.46766658037985], [76.06143882587381, 10.466532023852492], [76.06196468616639, 10.465451982216136], [76.06253079996686, 10.464385414464132], [76.06313903846598, 10.46336832543384], [76.06375066361369, 10.46235137794355], [76.06434510758328, 10.461284878153322], [76.06492539590062, 10.460204314720011], [76.0654600830392, 10.459155534526312], [76.06598945754119, 10.45809811562812], [76.06655605912685, 10.457072003309555], [76.06711712170049, 10.4560159094787], [76.06759323239434, 10.454956835876324], [76.06805019459958, 10.453867777683401], [76.06848448153042, 10.452778338456083], [76.0689365200696, 10.45169806344252], [76.0694208620264, 10.450631487300988], [76.06992825655, 10.44958271717694], [76.07045360570122, 10.448511681337509], [76.07097858833978, 10.447449055523796], [76.0715181389573, 10.4463370805624], [76.07204859952246, 10.445225290675916], [76.07252310941847, 10.444095454476605], [76.07279768667158, 10.443399618308803], [76.07298079656414, 10.44296098938597], [76.07341939540835, 10.441821806126443], [76.0738714069981, 10.440687115412132], [76.07425962382959, 10.439905648222876], [76.07465694149322, 10.439123440508585], [76.07479379264024, 10.438838937966539], [76.07492613873612, 10.438553687767257], [76.07528728663314, 10.437554988875121], [76.0756440920741, 10.436551623024467], [76.07599970006079, 10.435923168798231], [76.07634735616058, 10.435294945651606], [76.07648952533408, 10.434965202136006], [76.07663058598649, 10.434634850451076], [76.07672183685305, 10.434409075329127], [76.07681782992603, 10.434178445428497], [76.07720599106197, 10.433157311075922], [76.07761305814141, 10.432144826040092], [76.07809270550251, 10.43115894072875], [76.07858646719339, 10.430187676402115], [76.07910205974225, 10.429102820710138], [76.07960877693617, 10.428013106526388], [76.0801024254393, 10.426910504724813], [76.08058739082689, 10.425798562357931], [76.08105798855985, 10.42467760709996], [76.08153671784272, 10.423551943220012], [76.0819027507783, 10.422756678786214], [76.08228222251049, 10.42196534387503], [76.08244649024, 10.421621938877362], [76.0825877539117, 10.421499844120103], [76.08281644252514, 10.421508798355722], [76.08302140573362, 10.421649229184926], [76.0832316294764, 10.421852740643258], [76.08339108403261, 10.421969947767701], [76.08345122893583, 10.42188881905817], [76.08338197242068, 10.42173046220936], [76.08312245901658, 10.42145922978923], [76.08285307312748, 10.42123361120946], [76.08276187166827, 10.421111385542376], [76.08280703446917, 10.42084890186621], [76.08291209783154, 10.420591154406818], [76.08307619218616, 10.420198350526267], [76.08324144087594, 10.419805035486803], [76.08336467176663, 10.419519980769131], [76.08349240681014, 10.419235675884513], [76.08389026975117, 10.418331175334748], [76.08429131003332, 10.417431859234565], [76.08442416367734, 10.417133737018792], [76.08454249066487, 10.41683052196851], [76.08486339044391, 10.41592226304534], [76.08517749536617, 10.415013724935383], [76.08527860164972, 10.414715406916814], [76.08539331561317, 10.414417093913853], [76.08582216144836, 10.413449911370146], [76.08626991232866, 10.412491371971548], [76.08643381983373, 10.412102499279026], [76.08695461452642, 10.410945511378918], [76.08747992684671, 10.409788713562751], [76.0880007269293, 10.408631170171782], [76.08852149377425, 10.407474191482331], [76.08899215708422, 10.406348808286856], [76.08944411657163, 10.405209743793757], [76.08957640876858, 10.404897578340474], [76.08979124715698, 10.40461746579352], [76.09008376825791, 10.40461783776561], [76.0903118190675, 10.404694665459607], [76.09019382176169, 10.404535980034206], [76.08999705568016, 10.404256160499667], [76.08996490048456, 10.403998334824749], [76.0900981323193, 10.403690698987766], [76.09023909595368, 10.403387874648336], [76.0903669837108, 10.403126038713237], [76.09049489392577, 10.402863645038956], [76.0907877033859, 10.402054718491508], [76.09106598529124, 10.401240703228522], [76.09120809337931, 10.400884050359222], [76.09134475498178, 10.40052211872006], [76.09176905444332, 10.399419526597194], [76.09218957109915, 10.398325761782852], [76.09265548681283, 10.397177202375588], [76.09314006682317, 10.396042889820157], [76.0936371046699, 10.394935477901583], [76.09411298539501, 10.393818773035148], [76.09450131810921, 10.392761289516201], [76.09487531281312, 10.391694237655837], [76.09525021930706, 10.390632276011736], [76.09564761242918, 10.389574620011157], [76.09608146996534, 10.388539244564084], [76.09652418399185, 10.387508731631552], [76.09696689801837, 10.386451282424874], [76.0974058319342, 10.385402662092508], [76.09784475866347, 10.384354040010061], [76.09828747807991, 10.38329604201759], [76.09867497715749, 10.382310393754695], [76.09904130204552, 10.381316010550131], [76.09908149177299, 10.38106289767823], [76.0992606418918, 10.38100860243859], [76.09946502928018, 10.381107997171974], [76.0996483942943, 10.381275546505723], [76.10000897086282, 10.381514985347911], [76.10036444140727, 10.381714365595638], [76.10046569411621, 10.381759535684132], [76.10046576598144, 10.381650666216808], [76.1003007328873, 10.381424954357184], [76.10008696079915, 10.38122583989167], [76.09988149004252, 10.381018092420438], [76.09972574912173, 10.380787153541657], [76.09961193527018, 10.38052989521632], [76.09954332284711, 10.380249258044007], [76.09959830333574, 10.379860952244506], [76.09973040149657, 10.379471921398368], [76.0998673568482, 10.379182419723426], [76.10000051232612, 10.378902300025297], [76.1004431311312, 10.377926247280692], [76.10089557301394, 10.376959022413624], [76.1010453320533, 10.376741885381367], [76.10119188410704, 10.376520125963065], [76.10152090285965, 10.375629714800743], [76.1018452000671, 10.374743602609332], [76.10199577387839, 10.374346361781404], [76.10231577534216, 10.373347277080223], [76.10263502042444, 10.372339185828313], [76.10298692914881, 10.371362755623721], [76.1033433599923, 10.370386516774683], [76.10370339308007, 10.369405380378963], [76.10405528653307, 10.368428958697661], [76.10440717639277, 10.367452541041006], [76.10476830273026, 10.366472019311116], [76.10512470752262, 10.36549579437586], [76.1054754502337, 10.364519338414514], [76.10584601067833, 10.363556611490218], [76.10621998472097, 10.362593468936991], [76.10629813096418, 10.362353732849423], [76.1066588961789, 10.36127388783016], [76.10701081568305, 10.360188631031052], [76.10731150516483, 10.359108552331234], [76.10761787110089, 10.358028149135247], [76.1081473587906, 10.356495744558092], [76.10870365939493, 10.354972312492444], [76.10879936051542, 10.354719280835015], [76.10889166690244, 10.354466107583704], [76.10903276258914, 10.354104412977073], [76.10918368674342, 10.353751543344424], [76.10931623136696, 10.353484889525525], [76.10944358372814, 10.353394773595632], [76.109662745708, 10.353331467883901], [76.1098632128485, 10.353281415730596], [76.10991593497252, 10.353187085427114], [76.10992338110793, 10.35306450883484], [76.10992278552489, 10.352676184354262], [76.10992273611754, 10.352409086007823], [76.10992285110191, 10.352138067374286], [76.10992691597858, 10.35193454852096], [76.11004569571702, 10.35121561836264], [76.11023775821971, 10.350505899098323], [76.11035654873793, 10.350135431872602], [76.11047969967854, 10.349769071642957], [76.11078083382641, 10.34883830445052], [76.11108651434789, 10.347907168643363], [76.11121965096122, 10.347572647482828], [76.11156578800988, 10.34699837637074], [76.11188076429792, 10.346410469468504], [76.11199973268259, 10.34606245865388], [76.11211434154318, 10.345710337315635], [76.11222840871962, 10.345344167219766], [76.1124931916412, 10.344629620203737], [76.11278005515246, 10.343928892872729], [76.11303656279362, 10.343517562777707], [76.1135616038227, 10.342624702741546], [76.11380436005349, 10.341223581333521], [76.1139047315151, 10.340644756260557], [76.11400528982634, 10.340061448743905], [76.11408202212127, 10.339800909289137], [76.11414677448359, 10.3395825181344], [76.11432415402295, 10.33911237017829], [76.11469002705842, 10.33823088803278], [76.11510460944349, 10.337376672794575], [76.11527811634568, 10.33710555280774], [76.11544728528334, 10.336829765579573], [76.11581744328268, 10.336061246122545], [76.1161687204914, 10.335283529472107], [76.11628726037965, 10.334998914726315], [76.11639674974143, 10.33471392590003], [76.1166660224428, 10.333945722066261], [76.1168805437259, 10.333158985087948], [76.11694547305635, 10.332775087418181], [76.11700929476399, 10.332390582144509], [76.11717752316557, 10.33159968941429], [76.1173646512224, 10.330817436025388], [76.11743821156608, 10.330578094561504], [76.11750611521842, 10.330338519604375], [76.11775338907678, 10.329312446192658], [76.11800426517944, 10.32828147605511], [76.11827398883507, 10.327287199887625], [76.11853824085232, 10.326288210991455], [76.11880343160902, 10.325293752651339], [76.11906767643971, 10.324294770679112], [76.11935968100936, 10.323282353058827], [76.11966624457479, 10.322273908290287], [76.12000826823774, 10.32131125772859], [76.12038238241762, 10.320366766822005], [76.12055629266335, 10.319977855742096], [76.1209166716025, 10.318902077995613], [76.12124589247605, 10.31781267208074], [76.1215747333622, 10.316705300204775], [76.12189885449986, 10.31560222674791], [76.12223656714778, 10.314499159147474], [76.12256520321806, 10.313396281234683], [76.12285209817034, 10.312315804785433], [76.12313104662563, 10.311235565024413], [76.12323089436948, 10.310855947399332], [76.12367841707773, 10.309485899806623], [76.12370155049291, 10.309232709558211], [76.12374676449778, 10.308993336650666], [76.12386629343118, 10.308496160093298], [76.12397561929957, 10.307999122394278], [76.12401708553308, 10.307741080561778], [76.12405287351568, 10.307483366414406], [76.1241349759394, 10.307040748290813], [76.12414413695866, 10.306769592436531], [76.12416710688048, 10.306493396802956], [76.12424462879454, 10.306186355554235], [76.1243367132977, 10.3058832841369], [76.12441385342778, 10.305639061798308], [76.1244864462859, 10.305395214011705], [76.12458704142803, 10.305024611433192], [76.12467352942694, 10.304504757584608], [76.12475568035967, 10.303980235383827], [76.1248107174422, 10.303722760329501], [76.12487482571244, 10.303465100344523], [76.12499312934379, 10.3032388505808], [76.12511708786984, 10.303012836637388], [76.12529023903916, 10.30250666384062], [76.12543638415613, 10.301996012731136], [76.12550070532708, 10.30170638305379], [76.12556839518037, 10.301417455759173], [76.1256506206733, 10.301186913503665], [76.12573284526785, 10.300956369311898], [76.12589250194499, 10.300205606058299], [76.12604306228158, 10.29945559051368], [76.12613435716557, 10.299224862984564], [76.12622565204958, 10.298994135286636], [76.12627656586494, 10.298619244731373], [76.12629457618807, 10.29846066384185], [76.12631232150821, 10.298415956393939], [76.12647740939953, 10.297778184952092], [76.12659161581487, 10.297326248948396], [76.12669112040227, 10.2968198495953], [76.12675562662618, 10.296498819972214], [76.12682352488862, 10.29617792790293], [76.12691487367154, 10.295730659874458], [76.12702078145027, 10.295287360591873], [76.12708827726746, 10.29500292004029], [76.12716137947035, 10.29471983152852], [76.12735803955066, 10.29392405367054], [76.12756355612134, 10.293133128838384], [76.12763180293013, 10.29288462404965], [76.12770911912999, 10.292635935222393], [76.12788329437875, 10.291862793111974], [76.12807879024244, 10.291094461746233], [76.12810167033274, 10.291035382508408], [76.12817537800012, 10.290845448013584], [76.12827081142262, 10.29059694584246], [76.12857226267577, 10.289760627837207], [76.12887804560526, 10.28892897975251], [76.12900106629014, 10.288644032314261], [76.12912842314293, 10.288363754996176], [76.12928791991992, 10.28796587465506], [76.1293979383894, 10.287559222248701], [76.12943449173663, 10.287175337936667], [76.12945653100381, 10.286786369987079], [76.12951690587575, 10.286347936257686], [76.12961639249683, 10.285841557292429], [76.12973967459148, 10.28533504051361], [76.12987216711272, 10.284878829915833], [76.13003620667013, 10.284426728712955], [76.13015033942362, 10.284191346271495], [76.13025992310848, 10.283956338421351], [76.13061146621851, 10.282844428184077], [76.13090787163472, 10.28172351514648], [76.13110887596775, 10.28079668601258], [76.1313142128754, 10.279874528197801], [76.13140513406026, 10.279544509793146], [76.13165167489336, 10.27845072075589], [76.13190256986061, 10.277361043381527], [76.13206298920743, 10.27677922295408], [76.13213524789225, 10.276515754929916], [76.13238679413811, 10.275679659502678], [76.13248732190664, 10.275390432603489], [76.13258674205235, 10.275100599078273], [76.13276084453759, 10.274354991169334], [76.13294721980623, 10.273613817860166], [76.1330485228208, 10.273306112622986], [76.13315340562181, 10.272994067949693], [76.13345368098025, 10.272022565668879], [76.13348748817765, 10.271919066008293], [76.13376417736998, 10.271050366525571], [76.13386074177147, 10.270747517706392], [76.13412044022853, 10.26977098253319], [76.1343619963101, 10.26879482354872], [76.13464060430388, 10.267718666178405], [76.13492731150828, 10.26663836392353], [76.13523304952197, 10.265671032853634], [76.13559899711758, 10.264726385971285], [76.13575333756488, 10.264396197948438], [76.13592298799955, 10.26397128483895], [76.1360728251923, 10.263532651510554], [76.13640122231072, 10.263022859331501], [76.13640185472468, 10.262900042576662], [76.13646052369587, 10.262420631423435], [76.13652421514784, 10.26217196635188], [76.13677583236061, 10.261548506196766], [76.13701764805532, 10.260915668773682], [76.13709495257707, 10.26061259545257], [76.13715885243818, 10.26030504375042], [76.13722315025296, 10.259907201456473], [76.13735002560874, 10.259152396441234], [76.1374825531643, 10.258397823874418], [76.13756437800859, 10.25812186438208], [76.13766507196539, 10.257855098684777], [76.13798888767589, 10.256914907496519], [76.13831288754098, 10.255970238900181], [76.13844589389859, 10.255608329566822], [76.13868737541999, 10.254767396628367], [76.13891564092695, 10.253917505978595], [76.13898365866531, 10.253673513957834], [76.13907509099155, 10.253438340226026], [76.13949457099156, 10.252566049705358], [76.13991769725334, 10.251687741339005], [76.14011810330838, 10.251204098413869], [76.14034192035807, 10.250729272418738], [76.14052454516039, 10.25034529743101], [76.14075688093389, 10.249748550835628], [76.14117110219622, 10.24873134250006], [76.14160002348987, 10.247849356734694], [76.14198379096578, 10.247044595400194], [76.14225219050469, 10.246316972454084], [76.14247999158265, 10.245746966947817], [76.1428262004965, 10.24489242970289], [76.14307704515814, 10.244178109478183], [76.14333297428426, 10.243450539180303], [76.14356909376174, 10.242736175042962], [76.1438070574805, 10.242166596258919], [76.14392932897046, 10.241628146588864], [76.14413937035525, 10.240941317725701], [76.14426276743424, 10.240375995741056], [76.14439447303131, 10.239747639492226], [76.14454883324154, 10.239092172973102], [76.14475381172137, 10.238229030505698], [76.14497769973796, 10.23734703851011], [76.14515454028813, 10.23661454536767], [76.14531017430943, 10.236063459848772], [76.14550606543186, 10.235335679988024], [76.14580203786011, 10.234462837534558], [76.14602510661315, 10.233761980492986], [76.14631292952514, 10.232948256513824], [76.1465628129894, 10.23220195618649], [76.1468689103292, 10.231438344787025], [76.1470553368018, 10.230881806410311], [76.14732912892735, 10.230240254835858], [76.14756541010156, 10.229467041622714], [76.147738954733, 10.228974475815168], [76.14783532509838, 10.228512942539004], [76.14802665008423, 10.227812475483663], [76.14816230198032, 10.227143369176334], [76.14827681202623, 10.226546301341838], [76.14845412419194, 10.226098762511857], [76.1487416650329, 10.225560980440445], [76.14891897719866, 10.225140361255079], [76.14906078435108, 10.22481025930173], [76.14909212207978, 10.22473807934561], [76.14926553376054, 10.224005478428765], [76.14950781118928, 10.223331796199185], [76.14969402925276, 10.222590752848806], [76.14984911620002, 10.221889928835171], [76.14999474658231, 10.221279575215572], [76.15013621506988, 10.220741395999735], [76.15032282569712, 10.219990841169272], [76.15040480145838, 10.21960219825988], [76.15057742441832, 10.218888085455937], [76.15070548555028, 10.218318515159293], [76.15084676090007, 10.217784821113373], [76.15105127225594, 10.217120254607103], [76.15123879916479, 10.216428632331914], [76.15143425640092, 10.21570985951538], [76.15160324028564, 10.215325365642151], [76.1518120680465, 10.214773707433597], [76.15209942293619, 10.213996468500424], [76.15229525117654, 10.213295662669385], [76.152527507, 10.212590189988093], [76.15281450525856, 10.211686199710986], [76.15309698588953, 10.210835866581519], [76.15321105126938, 10.21032966664714], [76.15333436839833, 10.209818802328881], [76.15349415263621, 10.209086240409198], [76.15379393122629, 10.208390284512076], [76.15398615273081, 10.207775145003632], [76.15438222263454, 10.206834720588759], [76.15490611112506, 10.205356708781672], [76.15525313031931, 10.204343614333105], [76.15554046724273, 10.20356584332452], [76.1558729049833, 10.202711417166498], [76.15614569189405, 10.201983522030119], [76.15641961517365, 10.201174362721702], [76.15702049557224, 10.199506075472497], [76.15730783249566, 10.19856569028562], [76.15759100932098, 10.197697478705582], [76.15780036888445, 10.196969789603298], [76.15805029636618, 10.196246576064727], [76.15835572625771, 10.19544152930196], [76.15863827426234, 10.194804337501878], [76.15901657099816, 10.193746019561116], [76.15925782255087, 10.192905257930658], [76.15943188820516, 10.192263049756361], [76.15959062410913, 10.191743580283854], [76.1597773263645, 10.19120507526421], [76.16000609043644, 10.190608295407605], [76.16013332422004, 10.190111086020018], [76.16027394739295, 10.189699662838951], [76.16062991470575, 10.188849607855072], [76.16088038836314, 10.188058586262581], [76.1611948238654, 10.187253931715968], [76.16151851471005, 10.186471528449115], [76.16176896501126, 10.185843128459412], [76.16221586788197, 10.184902613654486], [76.16244875072947, 10.184396296465755], [76.16267634429659, 10.183935182169732], [76.16286807711758, 10.183573530314476], [76.1630914800439, 10.183455979867627], [76.16342394563225, 10.183383282138935], [76.16376187477412, 10.183315293452523], [76.16432339818348, 10.183152188980275], [76.16485187796346, 10.183048287233305], [76.16541337891496, 10.183102183273666], [76.16567393705976, 10.183314188247213], [76.16569222496231, 10.183391198943811], [76.16711694581639, 10.18226652970079], [76.16836837716059, 10.181278847152017], [76.16809085073841, 10.181093630305927], [76.16768410615417, 10.18056050074942], [76.16718701890014, 10.179697314406724], [76.16665673889634, 10.178815946172104], [76.16647847631305, 10.178341539919979], [76.16647362900379, 10.177564172304109], [76.16659599930843, 10.176370363253797], [76.16671038808175, 10.175475658496607], [76.16675136742839, 10.174955869900982], [76.16691956798216, 10.17385703438494], [76.16707790862742, 10.173075165033778], [76.16718740248078, 10.172405678441546], [76.16733348112237, 10.171646300382282], [76.16745670572483, 10.171108588163625], [76.16767882226368, 10.170452700863871], [76.16799391533274, 10.169765866924873], [76.16826317905094, 10.169200509576635], [76.16855034619276, 10.168694201962785], [76.16878658604448, 10.16835009051209], [76.16896432670661, 10.167916109682746], [76.16920659694885, 10.167319369385092], [76.16944754487099, 10.16680836275075], [76.16965245867213, 10.166238687868804], [76.16985848279099, 10.165777832945095], [76.1700681154423, 10.16525769610172], [76.17027302385355, 10.164688021992077], [76.17060491182515, 10.163869564244685], [76.17096943109946, 10.163001425360742], [76.17143070881136, 10.162092961783623], [76.17181711733416, 10.161161244913602], [76.17208634961135, 10.16043330006471], [76.17245556707459, 10.159506490256332], [76.17278403965148, 10.158687905176146], [76.17305193793047, 10.157774886142603], [76.17326154722561, 10.157092161417483], [76.17354471327113, 10.156328354954521], [76.17382167285638, 10.155523364905763], [76.17412240276236, 10.154636932234892], [76.17432803521574, 10.153994982212277], [76.1746281821151, 10.153149458567528], [76.17488398996866, 10.152417060085952], [76.17508829830531, 10.151698247340581], [76.17532486244885, 10.15093871044051], [76.17562631460034, 10.150088765396918], [76.17584927645386, 10.14935670742362], [76.17605376355523, 10.148714722048503], [76.17634164306106, 10.147999905809817], [76.17668702193161, 10.146910686865706], [76.17702430967641, 10.146150805235962], [76.1774713652607, 10.145011377331388], [76.17794897614108, 10.143682022850234], [76.17821832789417, 10.142868344813879], [76.17853181836875, 10.14194603197637], [76.17885114070619, 10.14101947458592], [76.17912030830465, 10.140182811678356], [76.17946586144836, 10.139169875646093], [76.1797078325516, 10.138388167327932], [76.17992662712052, 10.137700818861251], [76.18019030870757, 10.13675125403839], [76.18051396361959, 10.135693141746023], [76.18084551112972, 10.134255813623072], [76.18114237378839, 10.1334057270342], [76.18146054358728, 10.132451681978443], [76.18176549827005, 10.131678737559193], [76.18213024751307, 10.130692967175808], [76.18252648091017, 10.129440511543995], [76.18271807449227, 10.128780663776167], [76.1829730567941, 10.127957469794714], [76.18321009614644, 10.127374607787324], [76.18351072903435, 10.126813409687884], [76.18383452857516, 10.126347904842529], [76.18413512822544, 10.125705981256303], [76.18443535237991, 10.124882966861714], [76.18476819795562, 10.123955895882265], [76.18502296376346, 10.123300325834254], [76.185227542493, 10.122491342276978], [76.18538745249502, 10.12180386511236], [76.18559203481782, 10.121076171286902], [76.18586506696866, 10.119900563481602], [76.18614752244682, 10.11882457167884], [76.18629365588565, 10.118195962764544], [76.18644826492923, 10.117581154605869], [76.18665735320147, 10.11685365726158], [76.18676596041765, 10.116256592775075], [76.18689416617838, 10.115650800401058], [76.18706196159197, 10.114828001653889], [76.18717600810717, 10.114127454994673], [76.18744429805162, 10.112929259990892], [76.18758040359694, 10.112079385751153], [76.18781682041678, 10.111048630373944], [76.18800837267638, 10.110171322540632], [76.1882087535786, 10.109190672045438], [76.18846834154292, 10.107929359547748], [76.18859049355693, 10.107169743742748], [76.1887037917755, 10.106514033304022], [76.18880897012221, 10.10591741124784], [76.18901313472843, 10.104954309804516], [76.18916787941757, 10.103982462462831], [76.1893269935123, 10.103231658191374], [76.18951832568465, 10.102440691246677], [76.18957731625271, 10.101920667413768], [76.1895450406829, 10.101473146825782], [76.18951292950474, 10.100967336254756], [76.18955419271899, 10.100248156165968], [76.18969461107602, 10.099538638259173], [76.18989932904442, 10.098643408530403], [76.19010404431789, 10.097748182501165], [76.19038624557281, 10.096758034540722], [76.19061395861588, 10.096016780901596], [76.19076928271838, 10.095302278872886], [76.19099623758332, 10.094388914918873], [76.19241159350061, 10.088570189557169], [76.1928026903309, 10.087137231066546], [76.19306204293657, 10.086287435495244], [76.19324938479245, 10.085346699253625], [76.19350484230304, 10.085242795870158], [76.19385986548649, 10.085192849179874], [76.19389659759844, 10.084881021150075], [76.19403322955654, 10.084316002386181], [76.19429341220552, 10.084315987350758], [76.19457997567947, 10.084062575610007], [76.19478997574178, 10.083582951579697], [76.19460783063981, 10.083420245652427], [76.19436495942465, 10.083140154058418], [76.19455624847788, 10.082484889945874], [76.19490210165893, 10.081241243942609], [76.1952349346582, 10.080092917291413], [76.19542112667051, 10.079423999907773], [76.19581689384196, 10.077986233528827], [76.19614495409215, 10.076408385451286], [76.196417852394, 10.075531153013328], [76.19664938327702, 10.074125369230908], [76.19689078305173, 10.073270958693277], [76.19709601395817, 10.072497464272676], [76.19737828528169, 10.07136728593606], [76.19768299831767, 10.070295760311806], [76.19794737699733, 10.069459674862097], [76.19815239769802, 10.06866376122718], [76.19844374380253, 10.067859047681875], [76.19875714175063, 10.066931930923685], [76.19914950340888, 10.065900992988185], [76.19945456409283, 10.064874901422193], [76.19972284325749, 10.06372681015544], [76.19995875522413, 10.062785893999067], [76.20022800636592, 10.061913598061036], [76.20038740342996, 10.061289587109014], [76.2006413697372, 10.06029505411544], [76.20094167114677, 10.059056374870027], [76.20133831237901, 10.057812667741995], [76.20163388954852, 10.056605752465964], [76.2019391218107, 10.055574655961912], [76.20217024665521, 10.054476090361415], [76.2023755916477, 10.053671267160446], [76.20264819709875, 10.052799136782284], [76.20294992682966, 10.052369265923176], [76.20342772545791, 10.052056984253266], [76.20400689088117, 10.051591354519081], [76.20435326598337, 10.051039447211112], [76.20465830690438, 10.05020283426118], [76.20497743790062, 10.04919026157719], [76.20527755515559, 10.048308617423663], [76.20567433113513, 10.047277922568083], [76.20612033748718, 10.046396070640638], [76.20626121847654, 10.045753965587634], [76.2064062119533, 10.044931014032574], [76.20682508828543, 10.043204071027724], [76.20705222550839, 10.04228192105249], [76.20732076338784, 10.040934428118106], [76.2074757488255, 10.040170180402356], [76.2077758031984, 10.039234763983506], [76.20810862811284, 10.037972847927515], [76.2085862794174, 10.036327362235731], [76.2089499641568, 10.0350571924018], [76.20935122991614, 10.034053066006326], [76.20969648751411, 10.032954194669845], [76.20994713544466, 10.031955145438884], [76.21018383164059, 10.030910696300552], [76.21052978812786, 10.029740137129338], [76.2107887508647, 10.028785707291576], [76.21116633703315, 10.027506610646434], [76.21130682635703, 10.02695475780148], [76.2115444370379, 10.026733004069857], [76.21202782408555, 10.026637826943782], [76.21244257625222, 10.026398074123176], [76.21276623206256, 10.025846401617493], [76.21297507778971, 10.025172930380569], [76.21323909444835, 10.024259629035164], [76.21359469704512, 10.023291781300138], [76.21381312150815, 10.022523446648577], [76.21405455272392, 10.021772858961853], [76.21428656420561, 10.021085773954296], [76.21451388827813, 10.020429878033077], [76.21466809487644, 10.019846656237565], [76.21484148050608, 10.019128049176235], [76.21498226807066, 10.018322939054858], [76.21509637028142, 10.0178888257864], [76.21520086321358, 10.017550142106325], [76.21539159171809, 10.016822159155812], [76.21555084505165, 10.016116991677686], [76.21569167663368, 10.015556210383627], [76.21587904004912, 10.01499115891031], [76.2160242042058, 10.01440758056121], [76.2161380809394, 10.013842338661291], [76.21641104302164, 10.013448883242816], [76.21661652635467, 10.013073971893405], [76.21687583045133, 10.012300605122167], [76.21736314673002, 10.010854023044296], [76.21759867331942, 10.009972108242245], [76.2178997625515, 10.009063167850336], [76.21816765993216, 10.008136626657192], [76.21847291195729, 10.007318076233373], [76.21869093936496, 10.006639981390075], [76.21903698029386, 10.005437025323689], [76.21927847529, 10.004465157298757], [76.21951078321572, 10.003660454902047], [76.21971935675334, 10.002882808723834], [76.22011982570702, 10.001702814331384], [76.22061027081784, 10.000561229636716], [76.2206781349443, 9.998922259930604], [76.22256995100004, 9.99522441318891], [76.2243476235225, 9.992260994839535], [76.22566588593061, 9.990426959650184], [76.2275348174045, 9.98927197024044], [76.22924457459654, 9.987946893958616], [76.23119582678474, 9.986795216037104], [76.2330669438597, 9.987609671551578], [76.2340442605832, 9.98797768507866], [76.23680118390193, 9.98538173411774], [76.23881781996812, 9.984642746729953], [76.2405691152589, 9.982334284270198], [76.24015370552543, 9.980348075067774], [76.24016133491716, 9.97616375964407], [76.24022782641785, 9.97455234868496], [76.24023569655805, 9.974361620554443], [76.24087641544286, 9.970859132719779], [76.24102052407906, 9.967886710491314], [76.2408023610258, 9.967805031655349], [76.24063748693348, 9.96771934927988], [76.240281537587, 9.967470731976224], [76.23962010265339, 9.96692848032899], [76.23930542101276, 9.966720751530197], [76.23917354204085, 9.966684589686462], [76.23839822228878, 9.965889527114848], [76.23817904773249, 9.965613402072515], [76.23785464003224, 9.965093783991643], [76.23768213205666, 9.964727671624251], [76.23744397340349, 9.96414488785861], [76.23722993092244, 9.963525547136241], [76.23715658347948, 9.963358420804113], [76.23699729600995, 9.962590040966527], [76.23696980666394, 9.96213345887607], [76.23698798317537, 9.9618574439044], [76.23705088141493, 9.961346826827803], [76.23766514042308, 9.957418255822672], [76.23771991699415, 9.956803117447588], [76.23778443759112, 9.956581648555908], [76.23777424261095, 9.956527454535701], [76.23782018514953, 9.956482260550606], [76.23811194088582, 9.95549243381999], [76.2383482948236, 9.95491380003622], [76.23840339748313, 9.954674023537759], [76.23840350977252, 9.954479635785926], [76.23847158320645, 9.954172039642534], [76.2386760747994, 9.953516486605084], [76.2388175082527, 9.952964817005753], [76.23893172005792, 9.952689346392633], [76.23909520715142, 9.952178347781025], [76.2391914912785, 9.951789548839535], [76.23927315891764, 9.951590628312985], [76.23926842030451, 9.951541138827881], [76.23930964309459, 9.951473345485311], [76.23934631771436, 9.951296688107918], [76.23957892298245, 9.950781211990916], [76.23961934717023, 9.950623194362512], [76.23974730499596, 9.950315792782048], [76.23997043573273, 9.949646438784239], [76.23997019139098, 9.949542791871515], [76.240024605941, 9.949483936414822], [76.24006088530207, 9.949316788735791], [76.24013842518244, 9.949163078518877], [76.24054896874203, 9.948059893563418], [76.24100906337264, 9.946577230077718], [76.241569227631, 9.94518882470686], [76.24237515118816, 9.943376245285862], [76.24256216605725, 9.942897025563795], [76.24278149602208, 9.942209610367284], [76.24289945470038, 9.941459267505383], [76.24296246433101, 9.941219262578736], [76.24313574845102, 9.940798870181089], [76.24336440203018, 9.940378481667016], [76.24344154305857, 9.940206833508404], [76.24358276450944, 9.93924849378831], [76.24379188871434, 9.938506894261408], [76.24411975313177, 9.937571250945478], [76.24464819608082, 9.93615583382768], [76.24465775415544, 9.936088439896341], [76.24496726958489, 9.935378368132856], [76.24523540052753, 9.934383737352237], [76.24549561012597, 9.933827955424439], [76.24557307364958, 9.933511242717755], [76.24566356543973, 9.933262275517041], [76.24569175187838, 9.933126737865697], [76.24574162274968, 9.933040814561227], [76.24583299219388, 9.932715700322662], [76.24611012156072, 9.932050819493496], [76.24615543797354, 9.931883486815263], [76.2462747063955, 9.931594235424477], [76.24644745062798, 9.930884793657095], [76.24671121935161, 9.930269785848678], [76.24679774777474, 9.930007219457657], [76.24687062899204, 9.929609661475311], [76.24688484213645, 9.929401859391922], [76.24692509025444, 9.9292477681714], [76.24732598411124, 9.928321275282384], [76.24774051708899, 9.927557219674464], [76.24780429298258, 9.927380556453603], [76.24785464984248, 9.92714565218083], [76.24790921530948, 9.927027990710474], [76.24789091572879, 9.926951069316663], [76.24806859261054, 9.926340985484702], [76.24851546493852, 9.925449972085293], [76.24862945126661, 9.925178999095312], [76.24872923792499, 9.924704116905122], [76.24882082296484, 9.924455762416184], [76.24885282365021, 9.92441953041413], [76.24895329931643, 9.92401021540501], [76.24987512800311, 9.922972081394098], [76.2505151399138, 9.920984870439616], [76.25139244719666, 9.918996636003618], [76.25203258037993, 9.916950644042942], [76.2521415181761, 9.914963259408445], [76.25318972455192, 9.911923368001972], [76.2547582063942, 9.906370098437701], [76.25591673666666, 9.901634328514294], [76.2564414435224, 9.900056506229818], [76.25678587467036, 9.897835150589719], [76.25881458319562, 9.889241715505834], [76.25927569651579, 9.886845952174234], [76.25985428342398, 9.884449923588022], [76.26026191644205, 9.883162054747427], [76.2607292236461, 9.882400802035978], [76.26096193401709, 9.881465976548794], [76.26060581399068, 9.880649042485434], [76.26112686649988, 9.878662369143138], [76.26117142024302, 9.877138636647116], [76.2611835214482, 9.876706781873136], [76.26115805241328, 9.87641957752743], [76.2611672583483, 9.875673428627348], [76.26127683035509, 9.875041107521824], [76.26132321216983, 9.874462233464742], [76.26140501365792, 9.873955916735447], [76.26151017852992, 9.872798678863498], [76.2616383573412, 9.872070792868913], [76.26170220060841, 9.871809043695515], [76.26190257881571, 9.871248163414172], [76.26210301092188, 9.870823370430418], [76.2625637496446, 9.870000846716616], [76.26265490528972, 9.86973404420237], [76.26273339918095, 9.869418008638245], [76.2627513816563, 9.869227768878135], [76.26272445824893, 9.868920913165786], [76.26266035536855, 9.868721759167528], [76.26258789186785, 9.868396262612539], [76.26257868683113, 9.868070523239117], [76.26266963137218, 9.86745146735313], [76.26269731385597, 9.86713506231249], [76.26282579719611, 9.866317042152541], [76.26299892321263, 9.865512029040625], [76.26306260298648, 9.86530908061884], [76.26322243573341, 9.864635135939354], [76.2633545347926, 9.863921430533626], [76.26351898128681, 9.863437514705716], [76.26365553329482, 9.862917753223265], [76.26371569526604, 9.862470504004923], [76.26388899465739, 9.861661030619963], [76.26392136544862, 9.861312900084831], [76.26417645464998, 9.860381857590555], [76.26433171497212, 9.859653979562472], [76.26434613113581, 9.85952296509936], [76.26443719874602, 9.859148090561982], [76.26461900608146, 9.858103775741997], [76.26477426191201, 9.85737590419008], [76.26480647549809, 9.857114012354787], [76.26482919389161, 9.856670862804066], [76.26493959953498, 9.856182536715844], [76.26507637702014, 9.855739515131841], [76.2651543795329, 9.855215163101269], [76.26517269079163, 9.854659281720975], [76.26528212445788, 9.85413956215826], [76.26533629736107, 9.853727927483245], [76.2655881355594, 9.852737981916151], [76.26572493819741, 9.852376724385174], [76.2659801837056, 9.85144123928007], [76.26606706606492, 9.850975492452086], [76.26609476471839, 9.850685984849784], [76.26617163625221, 9.850189038144526], [76.26632716876388, 9.849646550088481], [76.26635439041192, 9.849203593188411], [76.26642347534886, 9.848868725647481], [76.26673802224224, 9.847671343657012], [76.2669302365602, 9.846785405373838], [76.26703076343038, 9.846152229618108], [76.26708538099965, 9.845894614451419], [76.26709913151171, 9.845587191811903], [76.26717182228617, 9.844999371795017], [76.26728148142956, 9.844583833103187], [76.26762791312561, 9.843517109486307], [76.26771969130323, 9.84309692927831], [76.26775134074732, 9.842793593161476], [76.26771507126772, 9.842274173547242], [76.26775686269139, 9.84194380942077], [76.26786205271621, 9.841306915826431], [76.2683091316567, 9.839851187302873], [76.26844557317193, 9.839525767584053], [76.26852765134113, 9.839231751852859], [76.26880116498894, 9.83807027373028], [76.26890225600114, 9.837478017456373], [76.26897469704397, 9.836813495441039], [76.26905312535816, 9.836415745120755], [76.26929495183263, 9.835475856503193], [76.26951362512898, 9.834494719752383], [76.26954624385529, 9.834277662988063], [76.26961001076572, 9.833274041568393], [76.26967391601673, 9.832844913940681], [76.26972938788383, 9.832125964483849], [76.26979261311014, 9.831795920361621], [76.26981113367636, 9.831619731472198], [76.2697971235512, 9.83086046724365], [76.2698844811193, 9.829969794476419], [76.26994332705863, 9.829581343926694], [76.27000338213033, 9.829301008749574], [76.2700173042206, 9.828961697156506], [76.2701039548146, 9.82850102318225], [76.27025895462528, 9.828053183865777], [76.27036423448163, 9.827578704972911], [76.27045499576634, 9.82671505806469], [76.27055083702405, 9.82619540694517], [76.27057384198014, 9.825662177871639], [76.27070169470294, 9.824527358564932], [76.27081169071454, 9.824075471422457], [76.27084367253529, 9.823763773602504], [76.27091179447822, 9.823451855088024], [76.27100345946815, 9.82286877195107], [76.27132355884827, 9.821616305867586], [76.27145991861684, 9.821209721171828], [76.27151488652906, 9.820943186372096], [76.27150587822341, 9.820667351953416], [76.27152798666084, 9.820513710814996], [76.27173379698066, 9.819790226467639], [76.27186583315772, 9.81907608690162], [76.27189409325827, 9.818827512868939], [76.2718388351902, 9.818302898674595], [76.27186627423053, 9.817936713882311], [76.27193993518553, 9.81746209833208], [76.27215892468885, 9.816774986598029], [76.27241390519404, 9.81587097543395], [76.27246490884096, 9.815590849048505], [76.27259179138323, 9.8150847899018], [76.27269208379312, 9.814759063447614], [76.2729890156221, 9.813547692607923], [76.27308931611684, 9.812973938562731], [76.27319482324695, 9.811364617001807], [76.27332245678082, 9.810537228094267], [76.27350989116317, 9.809683139173892], [76.27364266845039, 9.809280906431269], [76.27375640953838, 9.80879224743528], [76.27385706576598, 9.808485018687975], [76.2739622566891, 9.807901955228095], [76.27423994840133, 9.806938984009935], [76.27434081663131, 9.806378704390822], [76.27445982364351, 9.80532087769982], [76.27462352453608, 9.804439536999531], [76.27479763690275, 9.803662194021522], [76.27488890393897, 9.802785212946032], [76.27490722507922, 9.802283198201476], [76.27503974185497, 9.801473951878515], [76.27526791932704, 9.80053419952271], [76.27536313895051, 9.7999462755719], [76.27552738152716, 9.799354416711623], [76.27560536787024, 9.798883927954396], [76.27561912646712, 9.798630871117762], [76.27581988645841, 9.797450969115616], [76.27603465567654, 9.796452466831719], [76.27606173988235, 9.796122131332963], [76.2761758286184, 9.795349110864525], [76.27624879427734, 9.795001031797193], [76.27633995980393, 9.794291471188664], [76.27650893829878, 9.793749084477254], [76.27657757767133, 9.793396353647141], [76.27676930779738, 9.791968107085355], [76.27693346593239, 9.791240224578312], [76.27707068628699, 9.79075646354825], [76.2771800256301, 9.790236871123655], [76.27724911865185, 9.789735249029109], [76.27732603689806, 9.789400775452902], [76.27732211215857, 9.7890557628034], [76.2774815963592, 9.788469335816732], [76.27755460783222, 9.787899577735253], [76.2776047410116, 9.787750446757057], [76.2776500098137, 9.787664939678203], [76.27774217696187, 9.787343957741607], [76.277815183045, 9.786498768653958], [76.27792436069137, 9.78601052757774], [76.27805650646293, 9.78523714717378], [76.27839490003382, 9.783727526072262], [76.27846717758325, 9.783203093603822], [76.2785364269119, 9.782973004197393], [76.27866394725802, 9.782339956964492], [76.27873251476535, 9.781906068878074], [76.27880062682685, 9.781621071461402], [76.27891051773554, 9.7808120996627], [76.27901032146194, 9.77980846949457], [76.27915692202473, 9.779040167573768], [76.27918895235449, 9.778533717163405], [76.2792441879647, 9.778149679593723], [76.27950345343378, 9.777055642244278], [76.27960443485149, 9.776712077470771], [76.27966816133774, 9.776368691166839], [76.27970019076919, 9.775862244654654], [76.2796825460604, 9.775356038165318], [76.27968657769938, 9.77432057915683], [76.27991098134893, 9.773168054800777], [76.28012965105202, 9.772458658263133], [76.28022130077056, 9.771929434579985], [76.28038484445794, 9.771215578883035], [76.2804399138798, 9.770835464412288], [76.28054457300027, 9.769823114154525], [76.28074102646808, 9.768801592752617], [76.28093716013565, 9.768146157841693], [76.28100102316584, 9.767716582975615], [76.28101963715683, 9.767427368254106], [76.28115645955774, 9.766980021049962], [76.28121624782979, 9.766649923615024], [76.2814253908993, 9.765207978095276], [76.2814490543205, 9.76487810465473], [76.28156313317507, 9.763883512280112], [76.28176331105804, 9.762825780458162], [76.28180496593778, 9.762111516586332], [76.28187791812199, 9.761514949557371], [76.28202876681777, 9.76066962754914], [76.28214748906403, 9.76014039928776], [76.28227490879888, 9.7594262429772], [76.28232111364552, 9.75904187172559], [76.2823164172532, 9.758798186622363], [76.28243032003797, 9.75811091632971], [76.282503397088, 9.757152763040807], [76.28258620918082, 9.75667359328958], [76.28277767789709, 9.755828244831385], [76.28287376349653, 9.755493467136775], [76.28293205697194, 9.75519970893008], [76.28302830157315, 9.754861019228693], [76.28311521088195, 9.754309251898603], [76.28314282599209, 9.753992986688479], [76.28328417320711, 9.753296759327123], [76.2834071579594, 9.752442509128045], [76.28344820917124, 9.751963343228699], [76.28353795895298, 9.751590254057524], [76.2836666632787, 9.75134075569806], [76.28369367202602, 9.751204707779298], [76.28384351281203, 9.750576558020677], [76.28404298731411, 9.749617928892588], [76.28413766345687, 9.748876175140614], [76.28415129628962, 9.748460282325189], [76.28416068907424, 9.747899808536914], [76.28414129175228, 9.747325862364477], [76.28413698163557, 9.747072690162202], [76.28416360770058, 9.746670196624605], [76.28419471096898, 9.746241019922563], [76.28426272421578, 9.74584747185434], [76.28437609250295, 9.745227941538584], [76.28447676400191, 9.744477488267302], [76.28454456255133, 9.744061545699681], [76.28458960048641, 9.743650283495647], [76.28461670894673, 9.743153223384379], [76.28465271072837, 9.74243879252339], [76.28468316271821, 9.741887575698792], [76.28483686805657, 9.740033832301183], [76.28486821566672, 9.73968135530852], [76.28496300320055, 9.738578062570943], [76.28504471126388, 9.737877238942206], [76.28514420507146, 9.737348404799539], [76.28532086146704, 9.736064275878693], [76.28538873547497, 9.735508425081735], [76.2854568870623, 9.735056131814499], [76.28564690679606, 9.733527966464218], [76.28569202018963, 9.732976801331596], [76.28575957888886, 9.73168382562129], [76.28581350116211, 9.73105522387342], [76.28588086852021, 9.730318581853235], [76.28600413175023, 9.729622254632726], [76.28611257906628, 9.728984656926645], [76.28623091863022, 9.727994860859349], [76.28629311708218, 9.727384508236053], [76.28631581211953, 9.72702274686089], [76.28639303579293, 9.726376067046958], [76.28648365244891, 9.72578813079015], [76.28650102047659, 9.725363473805809], [76.28652416107832, 9.724852858349006], [76.28657753717586, 9.723989187213812], [76.28660535081369, 9.723695357010582], [76.28665483001954, 9.723451091830807], [76.28668605815378, 9.723211690035797], [76.28672287560569, 9.722890800075803], [76.28681230019728, 9.721669836901366], [76.28687597637787, 9.721299100962499], [76.2869938137836, 9.72065239059915], [76.28709805967907, 9.71942755970234], [76.28717492402635, 9.718568770062076], [76.2873782298431, 9.716466470820208], [76.2875723135552, 9.714368857371033], [76.2878573454016, 9.712447294285848], [76.28812901301148, 9.710521292947055], [76.28826981674577, 9.70994716923682], [76.28832354857614, 9.70910203279267], [76.28834111333494, 9.708396473088463], [76.28832732239866, 9.707768002896351], [76.28836794780909, 9.706995098954913], [76.2883762239878, 9.70646153988377], [76.2885213144826, 9.70478903704602], [76.28857082602781, 9.704350602205912], [76.28875561038005, 9.702424523315782], [76.2888192003224, 9.701945244973587], [76.28888265012755, 9.701552144168208], [76.2888688591913, 9.701199585888071], [76.28888606462394, 9.70080630445763], [76.28893158046274, 9.700300000091572], [76.2890083379105, 9.69955375647508], [76.28905752246894, 9.698930083140642], [76.28911722989263, 9.69829732099569], [76.28936162734544, 9.69640278892293], [76.28943290506999, 9.69537653408899], [76.28952359628612, 9.694675635024046], [76.28958714221103, 9.694142089104384], [76.28969177887363, 9.693513945493203], [76.2897133707798, 9.69320647236401], [76.28976352372209, 9.69261419208492], [76.28981730406151, 9.692098722890089], [76.28997637234215, 9.691077139161205], [76.29007634764675, 9.690480153130475], [76.29013006690074, 9.689910964512947], [76.29016688974254, 9.68958956005274], [76.29013470580085, 9.689300631911486], [76.29010664692295, 9.688965984190204], [76.29006970101196, 9.688572781391343], [76.29010102436762, 9.68822037859774], [76.29012852718836, 9.68776821625095], [76.29013696865708, 9.68745126648844], [76.29019566098447, 9.687008754244113], [76.29025023184136, 9.686280685346095], [76.29029548716872, 9.685697737632527], [76.29039526753891, 9.685077813474562], [76.29045809032, 9.684617005172404], [76.29053062209267, 9.684029003594445], [76.29053069305958, 9.683613237385222], [76.29061190704947, 9.682840364552904], [76.29067007026919, 9.682410709279008], [76.29071542800449, 9.681963193401092], [76.29078799570978, 9.681429476732767], [76.29082845403354, 9.680715408258886], [76.29086891145899, 9.680249789999417], [76.29093248343501, 9.679770556134441], [76.2909553105247, 9.679377534725909], [76.29105911714399, 9.678382876660992], [76.29114524761343, 9.677627565166834], [76.29121234098538, 9.677089722110603], [76.29125319905943, 9.676669453226465], [76.29138541759454, 9.675973079154275], [76.29149408948939, 9.67521812442819], [76.29151599311098, 9.674820036839636], [76.29162070613037, 9.674051497096597], [76.29162403798178, 9.673721491244713], [76.29165999394934, 9.673283124734905], [76.2917289998345, 9.672781180006762], [76.29188210330165, 9.671352639938759], [76.2919450132193, 9.67075141160146], [76.2920082312591, 9.669535253084982], [76.29206649958171, 9.66902001590649], [76.29213445264138, 9.668626590511295], [76.29217924533637, 9.667916648983736], [76.29222430393273, 9.667338212325337], [76.2922695368022, 9.666727890962937], [76.29243256575494, 9.665497863256727], [76.29245951701009, 9.6650865683629], [76.29255509056978, 9.664707127646368], [76.2926645871181, 9.664318178173666], [76.29277832820611, 9.664073759052181], [76.29289139376102, 9.663956328390073], [76.29299154064384, 9.66390664184887], [76.2934289025079, 9.663332245346593], [76.29333756091151, 9.66308349507247], [76.29330032484467, 9.662807826812964], [76.29327327657145, 9.66255886627078], [76.29315933246419, 9.662256050372733], [76.29298606361557, 9.661804253370853], [76.29293021265939, 9.661514966592975], [76.29293452097951, 9.660995337075567], [76.29298925712638, 9.66029029439854], [76.29306117894299, 9.65966148087934], [76.29311959458929, 9.659363365687872], [76.29317881602437, 9.658603675669067], [76.29317375940764, 9.658120044146155], [76.29324158760147, 9.657563808188884], [76.29328207736629, 9.657179927522135], [76.29333637423701, 9.656872137761281], [76.29333691053124, 9.656582886596416], [76.29340380268053, 9.656049558270801], [76.29348138837503, 9.655475258174471], [76.29352164727278, 9.655014157794596], [76.29358986443712, 9.65422742523424], [76.2936079286592, 9.654006026880138], [76.29359798251235, 9.65378014195979], [76.29365239436744, 9.653635178997401], [76.29372583254023, 9.653576587162496], [76.29382600367758, 9.65355375918362], [76.29396713889018, 9.653521947727844], [76.2940674923855, 9.65349465103267], [76.29413562780317, 9.653372621325973], [76.29423554112401, 9.653024706148107], [76.29434942234923, 9.652748972088752], [76.29444033275428, 9.652649118354013], [76.2945718595866, 9.652604052076876], [76.2946773244959, 9.652617245706578], [76.29471291215421, 9.651690452626264], [76.2946853410615, 9.651537157923668], [76.29455750540669, 9.651243311221844], [76.29436969552854, 9.650926909757764], [76.2942156030163, 9.65072376681277], [76.29415979338263, 9.65048876860855], [76.29415981584053, 9.650018784992515], [76.29424135052896, 9.649458085488353], [76.29442649420733, 9.647934176984748], [76.29447152944748, 9.647328373376348], [76.29456285577253, 9.646555465005811], [76.29463520698381, 9.646026295594565], [76.29465750227085, 9.64567359139328], [76.29465716450432, 9.645239969801949], [76.29472947618973, 9.644656530298931], [76.29480614021271, 9.64388360074712], [76.29487385162557, 9.643440409485041], [76.29494138876525, 9.643029104481924], [76.29508187539422, 9.641880535980766], [76.29511330924267, 9.641442045649725], [76.29516350799902, 9.640985845733178], [76.29532645700169, 9.639977499275354], [76.29534399301433, 9.63954796463501], [76.29533888160037, 9.638982686706697], [76.29536567834528, 9.637884390846116], [76.29538825570334, 9.637414220504168], [76.29546021165591, 9.636894566221956], [76.29548733808254, 9.636202470783521], [76.29555958688589, 9.635813747013616], [76.29562756958997, 9.635004687740004], [76.2957178889036, 9.634145620307704], [76.29579030209862, 9.633476615151631], [76.29588505998805, 9.632785009553565], [76.29594839391055, 9.632034519124003], [76.29599287039858, 9.63144215951441], [76.29603837635594, 9.630990268956948], [76.29611086590778, 9.630650794893436], [76.29615548343132, 9.629778715818052], [76.29621895659267, 9.629190482963999], [76.29627377538453, 9.628620924120366], [76.29632733384013, 9.62813747277935], [76.29636411356279, 9.628065103588243], [76.29665473203193, 9.627685171280369], [76.29657288922134, 9.627563277484688], [76.29661371675269, 9.6273640740729], [76.29677737452609, 9.62708365689963], [76.29680904013985, 9.626970802866479], [76.2968410632831, 9.626821597559928], [76.29685901611407, 9.626713226677348], [76.2969130210323, 9.626053011212653], [76.29707238575698, 9.625573817146773], [76.29754129825044, 9.624886086998673], [76.29782244488322, 9.624157803186236], [76.29789078511678, 9.624085585478243], [76.29746213870762, 9.623096044560045], [76.29755714543037, 9.622729514024698], [76.29762090066271, 9.62232760295998], [76.29759751302427, 9.62196134880832], [76.29762931967358, 9.62129242137134], [76.29758746267288, 9.620853820161278], [76.29769945563935, 9.618882961353268], [76.29781722836638, 9.617322974398965], [76.2979263161812, 9.616970444805652], [76.29817608735607, 9.616513361566133], [76.29816219041861, 9.61630134098296], [76.29805281873617, 9.61577668016302], [76.29804271448585, 9.615361182240862], [76.29837833585576, 9.612910429297663], [76.2984219598426, 9.611730696715512], [76.29852714717246, 9.61119732585896], [76.29874459337015, 9.610758536185804], [76.29880851568913, 9.610545733458483], [76.2988130863173, 9.610406063521976], [76.29872578534305, 9.610003694070208], [76.29873087609576, 9.609768388526865], [76.2987853750874, 9.60953786477016], [76.29896213029765, 9.609212118943166], [76.29904344939044, 9.608683392336491], [76.29923039239434, 9.607914449444586], [76.29929283608635, 9.607268049877979], [76.29942890569909, 9.606585452437894], [76.29943801281944, 9.605726578492437], [76.29928628646961, 9.604637484391203], [76.29939504550106, 9.604099240614584], [76.29963606169518, 9.60330339664959], [76.29964946635583, 9.603140592962475], [76.2995721052402, 9.60271570055013], [76.29958508050618, 9.602508128309385], [76.29963482381672, 9.602421742287527], [76.29977152314844, 9.602331579494296], [76.2998894288261, 9.601955930897958], [76.2998032471527, 9.601802551622466], [76.29974395744563, 9.601432089283426], [76.29982073465632, 9.600600008114073], [76.29987062618892, 9.60048230382247], [76.30012516921457, 9.600183750200713], [76.3002024081593, 9.599975963831795], [76.30031498323409, 9.598791234011706], [76.3004875513968, 9.597959654770904], [76.30049584015192, 9.597010159841686], [76.30077288597542, 9.596187256533643], [76.30082696994543, 9.595911420284338], [76.30085427064523, 9.595490747361808], [76.3007671295711, 9.594808164274268], [76.30076243856868, 9.594591496742337], [76.30090288118019, 9.593994695953969], [76.30092975877349, 9.593280337899618], [76.30106613650837, 9.59275553423009], [76.30110207450961, 9.592344164022155], [76.30107850990309, 9.592009833740319], [76.3008827813757, 9.59158524270011], [76.30082779370055, 9.591164626411935], [76.30096358393719, 9.590405429635535], [76.30108119945903, 9.589428474383245], [76.30120890575647, 9.589143855602487], [76.30131816335287, 9.589035254757624], [76.30133999421093, 9.588610457152702], [76.3012532052764, 9.588610326059475], [76.30118509141828, 9.588483971648268], [76.30114814820222, 9.588311881559], [76.30118418142489, 9.587317672593276], [76.30138417155997, 9.58647660517803], [76.30147841201979, 9.585658140599671], [76.3015791922149, 9.585287423229342], [76.30174688611886, 9.584961905648964], [76.30185080143431, 9.583325509306782], [76.30187232596683, 9.583212266888085], [76.30212288855746, 9.582927556085698], [76.30217313672117, 9.582800924966119], [76.30216373225845, 9.582312797697906], [76.30203122266924, 9.58172016328662], [76.30205842904594, 9.581439906725], [76.3022626223982, 9.58096539555873], [76.30231695609984, 9.580766215220873], [76.30249335467896, 9.57956345006582], [76.30251613595453, 9.578921684038674], [76.30263348377841, 9.577895543070309], [76.30269681231103, 9.576977982479926], [76.30284189292435, 9.576322121191168], [76.3028868877403, 9.57596483826802], [76.30290389823851, 9.574220417462799], [76.30294015873496, 9.573966820934263], [76.30301701320076, 9.573767990812755], [76.30311741520515, 9.573655126102075], [76.30325864024927, 9.573591441210315], [76.30339882773924, 9.572696000870787], [76.30331184566693, 9.572700898495455], [76.30323491664092, 9.572569722029838], [76.30333416251352, 9.57193216809413], [76.30351124560885, 9.571403451564802], [76.30353844749395, 9.570874309909136], [76.30361990043573, 9.570313789283734], [76.30389625275984, 9.569423270753468], [76.30395466211792, 9.568460241294366], [76.30417685681019, 9.567239237806513], [76.30432668861307, 9.566687625215737], [76.3043315637701, 9.566208492474754], [76.304399024553, 9.565769910341862], [76.30471624842592, 9.564539873263119], [76.3047300600234, 9.5642009305526], [76.30464774020737, 9.563455432211976], [76.30461517987162, 9.56265040959454], [76.3046598665654, 9.562411147848257], [76.30485569839904, 9.56183678184316], [76.30493672284442, 9.56145244355263], [76.30497260515011, 9.560516506144282], [76.30520874528885, 9.559616578243924], [76.30544846701062, 9.558296768740952], [76.30568063929074, 9.557853628476384], [76.30586341321342, 9.557627184203794], [76.30600818839953, 9.557586574369614], [76.30594875675867, 9.556777140514344], [76.30587603184821, 9.556515270435568], [76.30589745127784, 9.55560226121966], [76.30604264058732, 9.55466626165527], [76.30622338341912, 9.553106420545518], [76.30629044535, 9.551958124775664], [76.30650814846584, 9.55081867845391], [76.30678964723823, 9.549606855672893], [76.30692082642256, 9.548571885369062], [76.30716056790725, 9.547278424084135], [76.30728213511802, 9.54598134351324], [76.30752341272185, 9.54476066067596], [76.30768680818721, 9.544290174267065], [76.30776876508384, 9.544159241981676], [76.30787258248293, 9.544100212188958], [76.30823603725361, 9.543227263884761], [76.30807210100247, 9.543019354093527], [76.30795387103298, 9.542685208282807], [76.3078899361376, 9.542345972731686], [76.30792983211597, 9.541753650495023], [76.30835638455221, 9.53999515996887], [76.30870092349797, 9.5378430387066], [76.30895546472699, 9.537015513051836], [76.30904107866516, 9.536517871069641], [76.30914553566473, 9.535668110465332], [76.30945403330293, 9.53470518574276], [76.30958557271168, 9.534131098145192], [76.30971220462402, 9.5332900631156], [76.30980230474869, 9.532322299032597], [76.31018790927938, 9.531042604343686], [76.31029241029634, 9.530495960703911], [76.31031468222719, 9.530170268448245], [76.31062763640756, 9.528709837847975], [76.31080924970689, 9.52762497267189], [76.31088178507282, 9.52678402526163], [76.31122996938197, 9.525011311920546], [76.31138993148632, 9.524541282876381], [76.31153514684695, 9.52437822708167], [76.31163926518163, 9.524034576440387], [76.3115669013939, 9.523957857278113], [76.3115253480238, 9.523456260047654], [76.31156078207022, 9.522945449232315], [76.31164686582723, 9.522352791210945], [76.31181904771441, 9.521693127697803], [76.31215963856448, 9.520743284349138], [76.31260877734191, 9.518509969533445], [76.31265907401465, 9.518464456636154], [76.31275923976212, 9.517913193014031], [76.31271749594914, 9.517831556344715], [76.3127263326766, 9.517614383537389], [76.3129524673797, 9.516154460055112], [76.31323454376883, 9.514870133245523], [76.31341539170351, 9.513803193151695], [76.3140864296275, 9.510905029544029], [76.31425816954352, 9.509507828072095], [76.31441669164842, 9.508906362334534], [76.31454826249819, 9.508191987003014], [76.3146758618961, 9.507686020925776], [76.31474392994015, 9.507563496689414], [76.31484779854317, 9.507170091290455], [76.31481219202024, 9.507048443986758], [76.31508809698337, 9.505388719410238], [76.31531980213954, 9.504317147051498], [76.31550951015788, 9.503114731405766], [76.31571881941571, 9.502427529674893], [76.315790290278, 9.501916531508497], [76.31586298823902, 9.501735481965975], [76.31630878977515, 9.500551172285238], [76.31656741744041, 9.499371107749662], [76.31657637993202, 9.499095248024645], [76.31669317978356, 9.49824499211963], [76.31673915645813, 9.497806787771433], [76.31678423481738, 9.497612333509686], [76.31684310860449, 9.497521874505546], [76.31690275494273, 9.497467792948799], [76.31705687081116, 9.497417494612609], [76.31727141994206, 9.497376889133399], [76.31740731438327, 9.497331453164655], [76.31748972852239, 9.497326927464725], [76.3175165351488, 9.497277119067185], [76.31774840020509, 9.4964225358314], [76.31794745878722, 9.495405048310698], [76.3180562429715, 9.49486256952261], [76.31823351022146, 9.494270276610662], [76.31831856181425, 9.493923665680386], [76.31839681136367, 9.493605856877842], [76.31894570446019, 9.491408092705347], [76.31907675249046, 9.490788794158378], [76.31949880616375, 9.48869053022679], [76.31956164960611, 9.488225060389903], [76.31955750028779, 9.48799453675653], [76.31954785956816, 9.487705085960537], [76.31947084340561, 9.487466050794222], [76.31942038773103, 9.487294056798175], [76.31941113867686, 9.487244483511892], [76.31960184472346, 9.486570556345928], [76.31981882110226, 9.485693605990091], [76.32004584603581, 9.484292054887666], [76.32009095673443, 9.483708470294513], [76.32027159356504, 9.48272775911375], [76.32037187429682, 9.482338720842545], [76.32071272206507, 9.481434318902428], [76.32097597695234, 9.480665469806414], [76.321220465135, 9.479914880423843], [76.32144283499876, 9.478987850359191], [76.32197434838943, 9.476799581392454], [76.3222235078116, 9.475822757980405], [76.32276785004285, 9.473733987936756], [76.32282753950022, 9.47351218406804], [76.32292657786198, 9.47323660568634], [76.32322652803028, 9.472395450250238], [76.32341219991805, 9.471595006732617], [76.32351680963117, 9.471043466546925], [76.32378928662318, 9.46993565720461], [76.32417077597152, 9.468777983905246], [76.3243474404519, 9.468199145349542], [76.32491073623734, 9.46636333477729], [76.32513201464803, 9.465323379144968], [76.32521375505068, 9.4650297836153], [76.32530907618379, 9.464595850309994], [76.32559505485446, 9.46329349507274], [76.32588494209497, 9.462366430775942], [76.32614857247803, 9.46147577539342], [76.32663047191555, 9.460146056253238], [76.32675675168834, 9.45969827413721], [76.32713822756195, 9.458400882017727], [76.32723830527449, 9.45804373896741], [76.32728272067708, 9.457559701787764], [76.3272871763209, 9.457311103165019], [76.32739160547267, 9.456985443234272], [76.32766451814756, 9.456198601037931], [76.32787773867013, 9.455217622572539], [76.32802205571548, 9.454408311593532], [76.32813146512716, 9.453793271441242], [76.32832631959377, 9.452848463624429], [76.3286484338951, 9.451514630549054], [76.32880220301384, 9.450971810376664], [76.32906927484278, 9.449606714611674], [76.32919258748014, 9.44900957273417], [76.3292830559141, 9.4486392006795], [76.32935563260251, 9.448571107940312], [76.32965537885325, 9.448399174223447], [76.32971930117223, 9.448322349523727], [76.32990144717252, 9.447829306222113], [76.33042695981709, 9.445699757180138], [76.33060928727704, 9.445007715638429], [76.33088965776544, 9.44400822217516], [76.3310808084781, 9.443348400003126], [76.33122133463296, 9.442909601900864], [76.33144832273557, 9.442421155254518], [76.33154360164788, 9.442181795276296], [76.33172987361024, 9.441503333949017], [76.33177540292377, 9.441241301262528], [76.33175653381124, 9.440734644562001], [76.33174725421435, 9.440269178892976], [76.33176055287382, 9.44005225562651], [76.33180982187389, 9.439753479366205], [76.33202372601441, 9.439143212440054], [76.33221383647799, 9.438369882314799], [76.33249097123469, 9.43717184202125], [76.33255419735934, 9.43697313001095], [76.332677462386, 9.436737687500491], [76.33279539231818, 9.43643942322551], [76.33298991889971, 9.43577919487803], [76.3330942887627, 9.434843135478081], [76.33325317019371, 9.434395583646896], [76.3335984268934, 9.433405432396246], [76.33383388251589, 9.432568531570913], [76.33395594380006, 9.43189032514947], [76.33396956046313, 9.431637649332421], [76.33421527574446, 9.43093643956184], [76.33445540080983, 9.430289787516493], [76.33454120069923, 9.42939492933348], [76.33485943338019, 9.428598802533411], [76.33501333544962, 9.428051562326472], [76.33528574866124, 9.426857850644515], [76.33529397812752, 9.426654712403627], [76.33537615241644, 9.426432730204288], [76.33567636219792, 9.425664398030914], [76.33590265230954, 9.425080928443538], [76.33601643022848, 9.424579045832367], [76.33610209986217, 9.42429851169337], [76.33625664422702, 9.423846331782682], [76.33636581378855, 9.423430348711854], [76.33661107721733, 9.422517292449804], [76.33682388810814, 9.421960681706466], [76.3369740729489, 9.421477028965388], [76.33709215918797, 9.420979798091182], [76.33730074889526, 9.420165897727909], [76.33741357459996, 9.419659515811798], [76.33765488364487, 9.419093987909418], [76.33794519399186, 9.418013382849148], [76.33813100152523, 9.417317079810054], [76.33824467793455, 9.416900729959226], [76.33880760002084, 9.41598249513607], [76.3389527129735, 9.414956472048006], [76.33899773923048, 9.414400441112713], [76.33929325980611, 9.41402489360734], [76.3394378714989, 9.413789761570188], [76.33969727441021, 9.413138329934206], [76.33949669857358, 9.41278154233731], [76.33960560582706, 9.412121310391097], [76.34002668303165, 9.41050714047671], [76.34027659883525, 9.40958928569628], [76.34053979084045, 9.408816168522657], [76.34103426489536, 9.407418460041809], [76.34143389482254, 9.406138817531858], [76.34162494402558, 9.405479087805686], [76.34201514523554, 9.404320923279524], [76.34214212389759, 9.403936982741861], [76.34248213982589, 9.403073048284282], [76.34271405069626, 9.402376950008561], [76.34308630087192, 9.40093862524071], [76.34312275720109, 9.400816559286236], [76.34315455576552, 9.40072616612809], [76.34344001071841, 9.400097603562388], [76.34393963122156, 9.399016486253863], [76.34404460115913, 9.3985919900552], [76.34418460359616, 9.3980805886828], [76.34431201704281, 9.397574271909475], [76.34516128341407, 9.395389868629254], [76.34538338917312, 9.394852124474074], [76.345796506406, 9.393793842339157], [76.34643245703329, 9.392346521696501], [76.34649108917357, 9.392093444735671], [76.34703254601614, 9.390894981649577], [76.34716843057588, 9.390596364950602], [76.34741742291139, 9.389755107218152], [76.34767700458747, 9.389013757911084], [76.34794489388331, 9.388317450568966], [76.34813514807733, 9.387815334690341], [76.34834003043743, 9.38731324733165], [76.34855287995579, 9.386892513255678], [76.34904376254617, 9.38596981344428], [76.3495117776227, 9.38508364852586], [76.34991163033206, 9.384296485605528], [76.35004360811865, 9.383871413889693], [76.35024271700642, 9.383261237963689], [76.35045109740625, 9.382532953860245], [76.35054253063083, 9.382275604866276], [76.35082865842185, 9.3816286624162], [76.35108791041621, 9.381117572799658], [76.3512142863087, 9.380886767493601], [76.3513143074274, 9.380583936667149], [76.35157311206075, 9.379833078085687], [76.35185948599018, 9.379096174544683], [76.35206410604222, 9.378711447369614], [76.35222276289443, 9.378350039424468], [76.35251287112048, 9.37774350094901], [76.35272695492407, 9.37729153318782], [76.35294062101102, 9.376961377777043], [76.35297180422945, 9.376830172588562], [76.3529900849455, 9.37673980685294], [76.3530855677754, 9.37657707189208], [76.35320844562814, 9.376404811647104], [76.35331237711327, 9.37625582591195], [76.35342624306709, 9.376083764041837], [76.35354514497641, 9.375898490682875], [76.35391266911533, 9.375436988193476], [76.35425383668385, 9.374903460316858], [76.35474436982956, 9.37423840637697], [76.35530357738213, 9.37326592812691], [76.3556679412479, 9.372826655533355], [76.35690786607165, 9.371049163447003], [76.35725818298131, 9.370483593376804], [76.35765323329716, 9.370008658454875], [76.3581039351432, 9.369325816218934], [76.3584033903398, 9.368737546132772], [76.35874002860261, 9.367869103786331], [76.35874880514295, 9.367679450204982], [76.3586435028287, 9.36697001415803], [76.35864270422641, 9.366431827969093], [76.35870553419403, 9.36610182708951], [76.35952760945999, 9.364107120522167], [76.35989105165427, 9.363410759652446], [76.36014952391096, 9.362777839522309], [76.36049095558417, 9.362180635467201], [76.36139937691523, 9.360303943983736], [76.36191729430408, 9.359376240915266], [76.36265774415175, 9.357924843931343], [76.36298830261671, 9.356563882805851], [76.36329283598961, 9.35587636959392], [76.36371093078746, 9.355107318968942], [76.36388690715837, 9.354510254192563], [76.36424122965587, 9.353592265365492], [76.36462289058244, 9.352805564655272], [76.36506875949225, 9.352212528933848], [76.36554570292436, 9.35143464898563], [76.36573609096736, 9.35098232967553], [76.36637642357663, 9.349779560450548], [76.36686229626265, 9.348472310722716], [76.36705334995726, 9.347807686624897], [76.36749766657827, 9.346749686550371], [76.36762041058203, 9.346356154507285], [76.36784711481704, 9.34586784821229], [76.36805545928426, 9.344913350858974], [76.36838290329014, 9.343990971216918], [76.36881897517348, 9.343109231372969], [76.36916362191707, 9.342290353689334], [76.36950422354691, 9.341711588847653], [76.36993673720342, 9.341141501817129], [76.37062195054256, 9.339129226225879], [76.37071198598855, 9.338541631036984], [76.37079337604824, 9.338224695097711], [76.3710791633778, 9.337609674567217], [76.37151147401498, 9.336904368163086], [76.37173329770305, 9.336424823240257], [76.37196535140558, 9.335579143202736], [76.37228253395598, 9.33488267737831], [76.37256899053043, 9.333915119530069], [76.37322701905242, 9.332548843504034], [76.37350424453902, 9.33186644630872], [76.37424449675731, 9.330888973357062], [76.37461300455146, 9.330454371928282], [76.37478069845545, 9.330201210892618], [76.37500870884087, 9.32990295335044], [76.37511315775558, 9.329599790922435], [76.37512173666654, 9.329106766591824], [76.3752164496402, 9.328681972229658], [76.37543877099493, 9.328329293332814], [76.37557958910223, 9.328016959351698], [76.37590228102029, 9.327266533332008], [76.37626516266585, 9.326551786690894], [76.37640173892835, 9.326009088961005], [76.37667909916225, 9.325434544922148], [76.37701916629452, 9.324643468071564], [76.37727748763422, 9.323982687370346], [76.37743243264771, 9.323738524397543], [76.37774541377753, 9.323173218735302], [76.37784106908393, 9.322892622123648], [76.37819519754534, 9.322255198754442], [76.37855819776848, 9.321368939757571], [76.37880414301857, 9.320875847950017], [76.37903099278063, 9.320409935068428], [76.37930324339716, 9.319962026392403], [76.37940788994123, 9.319541553018217], [76.37954335049619, 9.319306117669758], [76.38003922861786, 9.318388261265664], [76.38062930138528, 9.317365750125788], [76.38081512598662, 9.316940677306185], [76.3810702115947, 9.31613563708714], [76.38131518127439, 9.315498367151543], [76.38168254371658, 9.31481063818353], [76.38171397397171, 9.31461633897161], [76.38179621383766, 9.31441734844702], [76.38190085499185, 9.314276793120372], [76.38201932481154, 9.314268080879609], [76.3838822726073, 9.31166183639396], [76.38380880748504, 9.311558359573826], [76.38347194194844, 9.31103883239238], [76.38335793226416, 9.310740441462865], [76.38334811637303, 9.310536688328673], [76.38341672969445, 9.310256709193137], [76.38360636584758, 9.30973626168037], [76.38396129830114, 9.309189400594557], [76.3841571013887, 9.308795461829426], [76.38443779616887, 9.308108224080197], [76.38461802696096, 9.307513661162403], [76.38474654264044, 9.30722656021031], [76.38496850017748, 9.306769410699356], [76.3851233993769, 9.306245358838124], [76.38527726641199, 9.30591512809666], [76.38542692484003, 9.305521598748], [76.38560934482645, 9.305236636157408], [76.38582729228403, 9.304739107720176], [76.38611781912505, 9.304114839647253], [76.3862538680765, 9.303779993558287], [76.3867984941754, 9.302654046211352], [76.38690718403656, 9.302328177212951], [76.3870796947071, 9.302065729180535], [76.38754353351582, 9.301382964802485], [76.38784838129907, 9.300962069260935], [76.3879890952018, 9.300622940989491], [76.38821113538384, 9.300107145712785], [76.38845188298168, 9.299433427883052], [76.38884201142811, 9.29859691166342], [76.3890011964897, 9.29804957837844], [76.38924571252015, 9.297534116183769], [76.38939573476587, 9.29701882698682], [76.3894822407311, 9.296797110370235], [76.38966323598949, 9.296435003098859], [76.38981848553182, 9.29618193177191], [76.39009022051539, 9.295688779611373], [76.39023151023824, 9.29550331102807], [76.39040341993581, 9.295227436856019], [76.39053539323086, 9.294937691082218], [76.39063077455107, 9.294494543191721], [76.39097522815688, 9.293730531021323], [76.39159747498454, 9.292658525717378], [76.3919567148599, 9.292002363646464], [76.39234749009333, 9.291120639688954], [76.39290987858033, 9.290026164314053], [76.39327798213262, 9.289148575500247], [76.3935000079416, 9.28851995154825], [76.39393115256559, 9.287556597840606], [76.39406273060187, 9.287276340561721], [76.39452666463205, 9.286701421696149], [76.39482615216798, 9.286244571623998], [76.39502176481268, 9.285769649651927], [76.39520358023294, 9.285498641147019], [76.39553503611488, 9.285114004831504], [76.39560364135143, 9.284973708129435], [76.39563501141947, 9.284611839526526], [76.39575257124577, 9.284232151832414], [76.39603426225761, 9.283657849443475], [76.39636991776352, 9.283196289595852], [76.3966839768717, 9.28257187495209], [76.3968831037258, 9.28220547003948], [76.39698305567418, 9.281844082636926], [76.39704705973988, 9.281622047007984], [76.39748737706124, 9.280821634030508], [76.39778726344913, 9.280129628424982], [76.39801881319677, 9.279767859435621], [76.39815987025594, 9.279559486144203], [76.39835882912509, 9.2790847058304], [76.39855452710972, 9.278691355557246], [76.39863562701359, 9.278519714548763], [76.39897677931071, 9.277723768091704], [76.39909934634639, 9.277302950509188], [76.3993306706169, 9.276778061074502], [76.3995484554794, 9.27636659298366], [76.39964829783338, 9.276063861123259], [76.39987008738542, 9.275692772758974], [76.40019263108145, 9.274996088351909], [76.40038281071533, 9.274290823198262], [76.40062822685766, 9.273666506180328], [76.40078731849448, 9.273513032173378], [76.40093337288161, 9.273404288463748], [76.40103327272772, 9.273268583969411], [76.40108775375306, 9.273087516008562], [76.40108751210626, 9.272924954343706], [76.40096896592976, 9.272739841643341], [76.40096824009105, 9.272617481647108], [76.40106841571993, 9.27241866584527], [76.40132708650431, 9.27202501995994], [76.40143597848643, 9.271748905663696], [76.4016998918388, 9.271224194988791], [76.40188141620487, 9.270903469073525], [76.40203149145121, 9.27072226956491], [76.40230342226751, 9.270306244430637], [76.40258946112532, 9.269650022794398], [76.40256185589665, 9.26935622989686], [76.402548117961, 9.269193695761194], [76.40258919702065, 9.268954007289558], [76.40271105079398, 9.268719185128734], [76.40301111594664, 9.268049558856081], [76.40333286104038, 9.267343920675252], [76.40376445931359, 9.266394052393021], [76.40395939642518, 9.265878358354096], [76.40435035042334, 9.264960404458675], [76.40449992440972, 9.26470712954779], [76.4046635157078, 9.264300238997237], [76.40490404052345, 9.263825449566665], [76.40529435132788, 9.262979532866296], [76.40563412560937, 9.262188039156378], [76.40624317888042, 9.260849163836804], [76.40649191429776, 9.260225006447564], [76.40705068257417, 9.25899028275403], [76.40720971492215, 9.258556409516808], [76.40740498530873, 9.258031803259069], [76.40763562955455, 9.257466144168516], [76.40775840859263, 9.257235833408814], [76.40799921368266, 9.256950415746953], [76.4080899120853, 9.256819382685027], [76.40832179331127, 9.255969467314852], [76.40845336505939, 9.255716045837877], [76.40861692222148, 9.255421994807502], [76.40885303002086, 9.255141420170007], [76.4090249073791, 9.254892382439985], [76.40918392894733, 9.25445851478466], [76.40934331792653, 9.25412799410606], [76.40948351170472, 9.25388385159678], [76.40962441874524, 9.253621862934613], [76.40969733948842, 9.253372833881297], [76.4097558323898, 9.253006496026357], [76.40984701139114, 9.252694510696958], [76.41000118026021, 9.252269391350485], [76.41018648294042, 9.251740493291736], [76.41086113478678, 9.250080293302961], [76.41163848383304, 9.248325850044042], [76.41232545158195, 9.24680690618233], [76.41281696389133, 9.245789644423482], [76.41377678772128, 9.243800575930667], [76.41399551671317, 9.243335006589096], [76.41461336359254, 9.241856368010145], [76.41504567422977, 9.240884821278065], [76.41550569519856, 9.24000764166528], [76.41594640328707, 9.239135289511898], [76.41651053091245, 9.237846681026772], [76.41707509511905, 9.236490515263878], [76.41752121196387, 9.235482109915308], [76.41795321358062, 9.23457368114295], [76.41827120281818, 9.233958447633187], [76.41844387608378, 9.23354748714877], [76.41871709957576, 9.233067883239679], [76.41923072301756, 9.23200126913721], [76.41950367521832, 9.231471951381664], [76.4196948501855, 9.230907018364253], [76.4202230092669, 9.229785694595384], [76.42088664147968, 9.228311712793104], [76.42109212750766, 9.22803608999333], [76.42133241426974, 9.22736698481385], [76.42165589580691, 9.226697807429533], [76.42337528832873, 9.222963895089125], [76.42366143228944, 9.22238484719992], [76.4240434345758, 9.221544295697083], [76.42478943241865, 9.219835124094374], [76.42504955937211, 9.219288006863644], [76.42535434427329, 9.218551094115533], [76.42550826610565, 9.218271214558941], [76.425886419111, 9.217244552833371], [76.4266544643059, 9.215545210106098], [76.42706414458449, 9.214686217993352], [76.42771423738931, 9.213379310381274], [76.42840100571222, 9.211941497154948], [76.42923385537166, 9.210024699033369], [76.42940713500008, 9.20990753745101], [76.42977033195429, 9.209735295391784], [76.42999363157435, 9.209491099080216], [76.43031656693584, 9.208890062842901], [76.43063901181719, 9.20810360756349], [76.43073925841301, 9.207759637685495], [76.43075778077583, 9.207520237276213], [76.43070778054712, 9.20719493628759], [76.43078895411284, 9.206765335460183], [76.4311989029877, 9.20587007896777], [76.43176279076289, 9.204608957911178], [76.43205330862072, 9.203889946400809], [76.43227192172996, 9.203198264886517], [76.4326542752576, 9.202515814007905], [76.43297662132427, 9.201674644159894], [76.43340008086099, 9.200693377899187], [76.43369609551004, 9.200146584847245], [76.4339820840622, 9.19942796330738], [76.43451396935542, 9.198094133871793], [76.43514681091351, 9.196878192495664], [76.43550082259392, 9.195946705057041], [76.43589721948443, 9.195277660589122], [76.43649232281741, 9.193907800924855], [76.43712473767576, 9.192447276169275], [76.4374841581125, 9.191520481443215], [76.4378793979729, 9.1905124513973], [76.43813007734451, 9.190087301480276], [76.43838931676248, 9.189418468522843], [76.43886612544729, 9.188676650773822], [76.43933004061283, 9.187750059009579], [76.43979489541618, 9.186827974161965], [76.44018558530965, 9.186018565716475], [76.44078584587068, 9.184969462189892], [76.44099041022717, 9.18454474015149], [76.44126370558442, 9.183889313126496], [76.44184092346009, 9.182627684543972], [76.44239093585743, 9.18145656688691], [76.44285027230998, 9.180615805488516], [76.44320972059451, 9.179743207380833], [76.44382319896667, 9.178246826212117], [76.4444740706108, 9.176827298332606], [76.44482918811734, 9.17595007500527], [76.44506991864719, 9.175434654074786], [76.44531101479134, 9.175136451489385], [76.44568405728107, 9.174345363848465], [76.44638839036274, 9.17276714207375], [76.44730666082258, 9.170809819128532], [76.44829848174464, 9.168612510615992], [76.44857600367524, 9.168047174795857], [76.44873943237825, 9.167581778830241], [76.4491628757453, 9.166708934048861], [76.44958548457743, 9.165800325092329], [76.4499763729986, 9.165068027018625], [76.45025362723128, 9.16456577771862], [76.45057658774557, 9.163761029422231], [76.45092224419557, 9.163092287826982], [76.45122675511055, 9.162440919321043], [76.45153188676144, 9.161632127470314], [76.45187677066026, 9.161039292404793], [76.45223156477327, 9.160253108721408], [76.4524412369505, 9.159782835454127], [76.45274574876383, 9.159046050756496], [76.45293663716845, 9.158652651846314], [76.45343184065534, 9.157725690777854], [76.45382808123895, 9.156970726359372], [76.45420038261857, 9.156337656925361], [76.45467781024261, 9.15532011721028], [76.45495581097526, 9.154741422557855], [76.45550141713613, 9.153335742406025], [76.45609662287708, 9.15232282183342], [76.45643777247926, 9.15156794704652], [76.45681085988474, 9.150659116679718], [76.4572067150911, 9.1497143305492], [76.45763326842571, 9.148958896808834], [76.45817990136091, 9.148036764416215], [76.45874319355309, 9.14700585943481], [76.45884730110797, 9.146391346475855], [76.45906634720517, 9.145740017437458], [76.45973473330243, 9.14412591593399], [76.46005752583177, 9.143493164209225], [76.46051659458638, 9.142426375258092], [76.46072561099342, 9.141829375200668], [76.46104775314252, 9.14104251846432], [76.46130783967179, 9.14063119031198], [76.46164845028481, 9.140626643134935], [76.46192587968893, 9.1408842463427], [76.46201305579737, 9.141037829387425], [76.46349441722677, 9.135372918228375], [76.46342187916589, 9.135133380289542], [76.46351261170452, 9.134685851772078], [76.46379375384576, 9.134025811238743], [76.46388462921652, 9.133659795095816], [76.46481272724554, 9.131810832214], [76.46547214007144, 9.13067599296163], [76.46583532894083, 9.129730549810025], [76.4659717372184, 9.129491367288013], [76.46621283156593, 9.129048048183908], [76.46625999491498, 9.128963361677158], [76.46699978629754, 9.127641866586819], [76.46716333896805, 9.127000134569663], [76.46719898681347, 9.126751993871146], [76.46732633198813, 9.126457750581684], [76.46886797216975, 9.12335163886611], [76.4700594804946, 9.121059177313157], [76.47129558208849, 9.118120374545823], [76.47180470137744, 9.116777636342794], [76.4722503385219, 9.115534577928877], [76.47255457814568, 9.114941904728944], [76.47293261886166, 9.114386165885806], [76.47363200581937, 9.112974951462776], [76.47425501890996, 9.111790740675154], [76.47446901108535, 9.11120739319122], [76.47462339824501, 9.110881843480396], [76.47515092401416, 9.109981948636635], [76.47583251714273, 9.108792776766464], [76.4765828664248, 9.107255744559229], [76.476927665882, 9.106459811245125], [76.47725506676876, 9.105876987255556], [76.47752392534679, 9.105411335326455], [76.47808701362139, 9.104235420406987], [76.47852424253479, 9.103146144786116], [76.47906928185867, 9.101943297408763], [76.47943771509271, 9.101088574806402], [76.4798743753725, 9.100098643455485], [76.48089665816585, 9.098185993078932], [76.48165591424399, 9.096762103982856], [76.48234641955848, 9.09540084705298], [76.48279232260427, 9.094460411799107], [76.48296472008705, 9.09399045713514], [76.48357380659581, 9.092842048627155], [76.4839647686788, 9.091955853791408], [76.4844514381705, 9.091006408781798], [76.48499643617191, 9.090058679438622], [76.48517856959576, 9.089740370855026], [76.48568763229085, 9.088849293190119], [76.4860881344822, 9.087976873942072], [76.48657871703524, 9.086756335872087], [76.48701023805336, 9.08595154950404], [76.48722473148868, 9.085381666923602], [76.4876965149978, 9.084124684507444], [76.48810111081187, 9.08334732336899], [76.48913293730676, 9.081357549883991], [76.48974280984136, 9.080100935676423], [76.49025184379036, 9.0788666355262], [76.4911234862971, 9.076465465317655], [76.49216881986058, 9.074187159044246], [76.49268712801661, 9.073115653299377], [76.49322332162993, 9.071817695413209], [76.49371895630814, 9.070836844068088], [76.49410960757407, 9.069669973011175], [76.49441830463832, 9.068616565426016], [76.4945755277793, 9.068330791250348], [76.49473639897872, 9.068037905062527], [76.49575546580334, 9.066053311553624], [76.4968363304313, 9.063638612511976], [76.49743607266443, 9.062521750598261], [76.49790035524093, 9.061337126396035], [76.49842716235783, 9.06007568718861], [76.49886354236327, 9.05925775787843], [76.49924154355337, 9.058525181039288], [76.49941425275156, 9.058159097426248], [76.4995557014762, 9.057788451903479], [76.49960530644621, 9.057440468218653], [76.4996789691978, 9.05713750705779], [76.4998011373815, 9.056771695262958], [76.49997036111643, 9.05635134670193], [76.50014284304085, 9.055962375009136], [76.50029298296586, 9.05554184364237], [76.50039381705989, 9.055261705581716], [76.50052502858352, 9.05483709264045], [76.50069431879378, 9.054443533777743], [76.50086649439272, 9.054090828250597], [76.50101697388091, 9.053747325394843], [76.50117630177465, 9.053350035868768], [76.50127159685661, 9.053096469928455], [76.50135834896022, 9.052888891507726], [76.50142153466066, 9.05268095811679], [76.50148141366256, 9.052414299490469], [76.50155363821143, 9.05223350215555], [76.50169944735843, 9.051980225518681], [76.50182756867754, 9.051777045722318], [76.501891119094, 9.051645579512178], [76.50201864303341, 9.051428981700296], [76.50213254671648, 9.05113038103961], [76.50230020828111, 9.05077805993901], [76.50245010655931, 9.050420587807716], [76.5025639931744, 9.05003660602963], [76.50278786232636, 9.049453762185525], [76.50298763417081, 9.048969874669856], [76.50318852441782, 9.04848603263444], [76.50334335714186, 9.048088573176532], [76.50352456979256, 9.047591133671526], [76.50369370010267, 9.047144009379242], [76.50390711555967, 9.04665563337332], [76.50409369923744, 9.046221461964553], [76.50420716723761, 9.04599093097663], [76.50437120769331, 9.045616153906598], [76.50450848464179, 9.045408309462164], [76.504671720207, 9.045082611294191], [76.50482703712298, 9.044729818520105], [76.50494934993544, 9.044445501564736], [76.5050726850307, 9.044106536128176], [76.50517262619931, 9.043848696492503], [76.50527261677527, 9.043618201245058], [76.50539056377544, 9.043387843358111], [76.50547314140796, 9.043143280286822], [76.50557253460424, 9.042899369991837], [76.50570495526027, 9.042614889242138], [76.50582753397404, 9.04235234663565], [76.50604676332755, 9.041887084211881], [76.5062596811179, 9.041525368865424], [76.50634631913546, 9.041263107579493], [76.50642904678662, 9.04101464668142], [76.50656106140414, 9.040797672527237], [76.50669283257821, 9.040472431509091], [76.5068513277337, 9.040124231464452], [76.50703363004082, 9.039798719254948], [76.50716612166376, 9.039455093635572], [76.5073529101574, 9.039043820003538], [76.50755287603799, 9.038582836516937], [76.5076622046013, 9.038171348970069], [76.50781654235365, 9.037728685166382], [76.5079486252431, 9.037452566283765], [76.50805782444908, 9.03715881923709], [76.50817618736922, 9.036860405463369], [76.50834057457462, 9.036562102338142], [76.50853071917422, 9.036150962913862], [76.50868116093315, 9.035807478422987], [76.50883160089546, 9.035463994491788], [76.50902239228203, 9.035007681807594], [76.5091814704441, 9.034672904690877], [76.5093136018426, 9.034338197349665], [76.50948713030438, 9.033949853050187], [76.5096643903678, 9.033552169061224], [76.50996042747475, 9.032873946776727], [76.51012834775418, 9.032485386202861], [76.51036074461311, 9.0319698693191], [76.51054238396358, 9.031517670491464], [76.51119349366128, 9.029972131074183], [76.5113846407807, 9.02950635584031], [76.5116672399893, 9.028855521319526], [76.51185836105756, 9.02847623371422], [76.5121760152235, 9.027847407560243], [76.51233983828692, 9.02747710788389], [76.51267696882653, 9.026609100693829], [76.51284546941764, 9.026062102290467], [76.51300019883544, 9.025637328048973], [76.51325010924916, 9.025018155827402], [76.51341011177766, 9.024601958646226], [76.5135185689752, 9.02432660777959], [76.51371507903686, 9.02392410279589], [76.51393367867134, 9.023530821558177], [76.51411977905549, 9.023078808219536], [76.51435668006728, 9.022504894792931], [76.51451140050193, 9.022080126122356], [76.51474316764185, 9.021551210026642], [76.51501208910194, 9.021076740855651], [76.51520281311487, 9.020764407728082], [76.51540302603213, 9.020353119871997], [76.51560371056493, 9.019987047139889], [76.51582192751712, 9.019603243197075], [76.51597215817198, 9.019264232218177], [76.51612689477628, 9.018924836759401], [76.51622637421085, 9.018649146195685], [76.51636773939214, 9.018364475077384], [76.51654944611627, 9.018052907040577], [76.51666352586913, 9.017805681116073], [76.51670027145583, 9.017727312800448], [76.51679982095897, 9.017392480606803], [76.51697295595864, 9.016927143386273], [76.5170727821429, 9.016642537451304], [76.51714142960027, 9.016380162246975], [76.51732803304101, 9.015914787345904], [76.51759623405222, 9.015372228341061], [76.51776926305068, 9.014938135479552], [76.51802390758593, 9.014111050475982], [76.51825629097014, 9.013451049797569], [76.51838818431511, 9.013121379053175], [76.51861573296648, 9.012470124604281], [76.5187428346977, 9.011918760027573], [76.51890673771118, 9.01134483063545], [76.51903921226615, 9.010684877249581], [76.5191307505936, 9.010124331547056], [76.51921237691019, 9.00955893713893], [76.51929423319551, 9.00910235480339], [76.51935776025579, 9.008569182267731], [76.51944015912355, 9.008098675292786], [76.51959006458826, 9.007624084641513], [76.51976287799104, 9.007109094757393], [76.51987214277399, 9.006611730923343], [76.52013661487845, 9.005676255637809], [76.52040489583976, 9.004844148042118], [76.5206323905922, 9.004021624333618], [76.52073261113686, 9.003497135775511], [76.52083283796975, 9.003144493978475], [76.52099920236712, 9.001130657635317], [76.5211296628992, 9.00049297165752], [76.52112898556948, 8.999936692048523], [76.52115162041967, 8.999444361517801], [76.52131009760886, 8.998951149269766], [76.52123908578562, 8.99706597286758], [76.52123894564845, 8.996754091011905], [76.52159673025308, 8.996301514479635], [76.52177380975515, 8.995935117489648], [76.52188241427638, 8.995482943639542], [76.52188131024687, 8.99490880627091], [76.52203470925973, 8.99408623867872], [76.52206139012198, 8.993547771841163], [76.52236438737575, 8.992200425604471], [76.5228951461816, 8.991399717016904], [76.52289973297941, 8.991110340505758], [76.52289871698483, 8.990820749929336], [76.52289754019183, 8.990305758308189], [76.522897332681, 8.989794710803999], [76.52289668948724, 8.989093962567358], [76.52305372218542, 8.988063459944083], [76.52323098224888, 8.987692062748422], [76.52369562504981, 8.985539825108727], [76.52391168514698, 8.983975491372995], [76.52435599188652, 8.982514832602176], [76.52455420515395, 8.981492645685472], [76.52459913798617, 8.980774160185616], [76.52501996096751, 8.979770072047078], [76.52528304517489, 8.979068953052122], [76.52530484369356, 8.978367988867777], [76.52559467703514, 8.977585341087844], [76.52583386875092, 8.976748855712415], [76.52583317974309, 8.976278546959076], [76.52592337508918, 8.975722491033986], [76.52598634699062, 8.97528867359924], [76.52614517991262, 8.974813934352502], [76.52654513592826, 8.974342936306083], [76.52654368065748, 8.973949587858748], [76.52654357375796, 8.973579163791397], [76.52654367886085, 8.973375546809626], [76.52680609831492, 8.972719605009427], [76.52681029075234, 8.972267900867873], [76.52680948586188, 8.971915303204202], [76.52680875732817, 8.971589486445241], [76.52684842872775, 8.970947812291865], [76.52691661804432, 8.970495239025757], [76.5272060390592, 8.969550264766424], [76.52760067435341, 8.968812975234538], [76.52777754814127, 8.968134771751176], [76.52793082318662, 8.9675147903832], [76.52837508950195, 8.966569676152666], [76.52883706969638, 8.965601817832704], [76.52895026730367, 8.964801227092906], [76.5292347323131, 8.96406861752854], [76.52945250639584, 8.96311866716856], [76.52960513914577, 8.962399937650913], [76.53009459790641, 8.9611877088282], [76.53051229834388, 8.960490937458841], [76.53097487412131, 8.959794227755578], [76.531106250935, 8.959590674919603], [76.53135548491733, 8.959156272077253], [76.5313965136713, 8.958622900052204], [76.53141752796073, 8.958084853529325], [76.53161728722878, 8.957365727166428], [76.53187518456369, 8.956795552757505], [76.53218868132649, 8.956180670347075], [76.53221009716286, 8.955890872643582], [76.53241074576303, 8.95572346705256], [76.53247348230587, 8.955438614267324], [76.53269605339221, 8.95488213954075], [76.53316272818232, 8.953792339866958], [76.53397405151264, 8.95220880234958], [76.53439141238691, 8.951548292286096], [76.53448613164879, 8.950788868794161], [76.53448513451882, 8.950440759934422], [76.53466103902448, 8.949843449291661], [76.53497327455263, 8.948139146710526], [76.53514395176168, 8.947071975562555], [76.5352110100993, 8.946474932704751], [76.53553792140426, 8.945774132799682], [76.53562692019439, 8.94464357637791], [76.53598036503787, 8.943693915144078], [76.53598321359564, 8.942672160301441], [76.53602375456441, 8.942179527572874], [76.53648558833345, 8.941442110655345], [76.53648503766615, 8.940967415938525], [76.53655681934559, 8.940392885313923], [76.53668844768751, 8.939750940459799], [76.53695129473968, 8.939483865836582], [76.53721398009505, 8.938990887144438], [76.5373049839249, 8.93864244221191], [76.53732729538162, 8.938271825097447], [76.53736818130346, 8.938086547014356], [76.5374317011772, 8.937982463935414], [76.535605438781, 8.936339629163376], [76.53600029146749, 8.9358233152584], [76.53695166574387, 8.936771424523986], [76.53721517485438, 8.936630993628066], [76.53701527544914, 8.936463758435183], [76.53715194513649, 8.936382576309533], [76.53732445850194, 8.936504133850447], [76.53746112818928, 8.936422953508567], [76.5376341077804, 8.936503809945545], [76.53747948616044, 8.936671311343106], [76.53765622969259, 8.936770720807827], [76.53752494540538, 8.93691513789438], [76.53739372939015, 8.936856529802055], [76.537284341538, 8.937101075030865], [76.53995207472545, 8.93920360064258], [76.5405704552041, 8.939284340212469], [76.54083411702821, 8.939283910708964], [76.54105650126499, 8.939219974136122], [76.54121135105703, 8.93907534409875], [76.54140617318427, 8.938826279753847], [76.54147440112843, 8.938745243689077], [76.54175953358613, 8.938337904922797], [76.54153631481445, 8.937962841588647], [76.54147715356646, 8.937696175636848], [76.5412768598008, 8.937452517328495], [76.54057128614573, 8.936874789146946], [76.54050276445251, 8.936445453811737], [76.54052504446815, 8.936219300632366], [76.54054747540081, 8.936133153384226], [76.54101002782208, 8.935721506858911], [76.54125129554446, 8.935662205505231], [76.54147455923192, 8.935661889586282], [76.541651305459, 8.935761293114473], [76.541783446739, 8.93596885618405], [76.54200179933679, 8.936180860630046], [76.542334469741, 8.936424601430662], [76.54251258859388, 8.936546367499059], [76.54273067349368, 8.936650151930964], [76.54303945499959, 8.936672094039027], [76.54333048220218, 8.936631438220706], [76.54359371642816, 8.9365266829562], [76.54361637643122, 8.936463412344958], [76.54385804929379, 8.93642252666393], [76.54403421970079, 8.936277602670307], [76.54414357251866, 8.936263967595798], [76.5439304130815, 8.933615291681786], [76.54329945888381, 8.933742686690385], [76.54231249425419, 8.934110138559666], [76.5419450527603, 8.934182984802247], [76.54156756989812, 8.934196876417904], [76.54135875830694, 8.934143089222115], [76.54118985527059, 8.934043987861644], [76.54109859003101, 8.933881508037308], [76.54053446420225, 8.933416891640007], [76.54021135816085, 8.933417259918597], [76.53995261281631, 8.933435727979068], [76.53975718791952, 8.933499025738497], [76.53953902396793, 8.9335988176582], [76.53914849577119, 8.933717061623293], [76.53891149594473, 8.933839551841409], [76.53568446986475, 8.934544435524097], [76.53548840446915, 8.934020377251834], [76.54014194533886, 8.932608059600286], [76.54032362691012, 8.932264235577717], [76.54032324692275, 8.93210135562038], [76.54032203599374, 8.931355585400942], [76.54040748015032, 8.930487664898845], [76.54064624067473, 8.929456662408173], [76.54064579331371, 8.928950205191029], [76.54064517257784, 8.92844820572054], [76.54116174698537, 8.927254463542868], [76.54133846805964, 8.92654847688403], [76.54139907020533, 8.924677352754442], [76.54153317250756, 8.92328036765666], [76.54166680049933, 8.921521402771413], [76.54166381000776, 8.919008156124677], [76.54185579884859, 8.917190682757678], [76.54190483787997, 8.916421801013371], [76.54226620676255, 8.914373847402073], [76.54244213642107, 8.913428611232648], [76.54272323723977, 8.912921890383908], [76.54315896057678, 8.912419455309102], [76.5432673297394, 8.91231543679238], [76.54372462791454, 8.911144026576283], [76.5441329211943, 8.910193813967686], [76.54475877116455, 8.909302182129], [76.54519265924343, 8.907579432814435], [76.54605510928984, 8.906429784498437], [76.54683811682409, 8.904209099701797], [76.54748591712827, 8.903299922649369], [76.5477719434097, 8.902752135896625], [76.54848451044926, 8.902109240005927], [76.548939109187, 8.901783210830823], [76.54926143369407, 8.901339993723557], [76.54993371578473, 8.90104019028542], [76.55039157720357, 8.900370752517984], [76.55093107482048, 8.899447926813806], [76.55197399550917, 8.897606468985872], [76.55303135841267, 8.89617155744328], [76.55337516792639, 8.895348283005038], [76.55415658634091, 8.894605978042215], [76.55452694376625, 8.894166842792837], [76.55480445851033, 8.89383678610186], [76.55597076010832, 8.89248302594651], [76.55664776464242, 8.891858269772714], [76.5573834552157, 8.891310496958154], [76.55840127158544, 8.89100610924581], [76.55896357293585, 8.89056207854394], [76.5595411393579, 8.89024466580839], [76.56013084381604, 8.889701308677203], [76.5606938530389, 8.888950037128348], [76.56110139802205, 8.888447639246097], [76.561233091941, 8.888261982656681], [76.56167730615407, 8.886959654738687], [76.56202182174364, 8.88652063812653], [76.56228891064055, 8.885996118694282], [76.56236621606064, 8.885738110872111], [76.56266375874398, 8.884169185236056], [76.56278175515149, 8.883816270742779], [76.56302639694609, 8.883580864348598], [76.56368032106556, 8.883317679581301], [76.5639164908487, 8.883127114957617], [76.56436544008163, 8.882308460150272], [76.56488242322258, 8.881557103330362], [76.56545371491235, 8.88041749222449], [76.565626485196, 8.880213341293373], [76.56596151727112, 8.87996021180287], [76.56626650069995, 8.879932329481312], [76.56659812816014, 8.880027028185502], [76.56680827734274, 8.880188999417836], [76.56706338540872, 8.880550656186374], [76.56737274812458, 8.880843573952523], [76.56818689935142, 8.881190435587744], [76.56830973228843, 8.881348496672066], [76.56872062169937, 8.882320043464896], [76.56891222156969, 8.882613463053593], [76.56917103249124, 8.882879902939097], [76.56953997596833, 8.883082538241496], [76.56987132944235, 8.883213467296956], [76.57060900708905, 8.883392880827188], [76.57104013823832, 8.883437856010845], [76.5718582429507, 8.88342294445798], [76.57289024012552, 8.883213250737173], [76.57396757078115, 8.882904354691044], [76.57528431323976, 8.88258120535344], [76.57703470033381, 8.882266850388923], [76.57953372092776, 8.88147202511459], [76.58101894601118, 8.880764380001605], [76.581818648735, 8.880442011594228], [76.58347640065861, 8.87968016633735], [76.58546137560258, 8.878691602634436], [76.58630627436496, 8.878156814558634], [76.58713237049014, 8.87778914846915], [76.58779547808676, 8.87743142084232], [76.59073359519161, 8.875541881592467], [76.59107920852243, 8.875332598743181], [76.59221894873411, 8.874653478643058], [76.59244103473023, 8.874593933956449], [76.59266873609516, 8.87447605607539], [76.59365338396968, 8.873805501147167], [76.59469354323716, 8.873003791337055], [76.59590063194233, 8.871944147456071], [76.59708514418774, 8.870975083231944], [76.5980981779269, 8.869974378053929], [76.59881482691114, 8.8693314912264], [76.60024929987594, 8.868334592820558], [76.6013029284828, 8.867559578285627], [76.60268755752574, 8.866196657143313], [76.6041708377566, 8.864833588930114], [76.60607750565892, 8.863248560042896], [76.60729875989779, 8.862165992603872], [76.60848395665947, 8.86123314922866], [76.6102267188534, 8.859738311294082], [76.61378047477861, 8.856283402279182], [76.61441042196486, 8.855500580676415], [76.6153903051751, 8.854422739132321], [76.61814050640058, 8.851769664997313], [76.61891215383974, 8.850886849819098], [76.6197739265564, 8.849642265793578], [76.62040737627396, 8.84841632743161], [76.62080719484734, 8.847872864905172], [76.6220405143588, 8.846469569774163], [76.62280322984913, 8.845555194586606], [76.62464532864544, 8.84365372495299], [76.62559339712158, 8.84255348200178], [76.6262602641677, 8.841973882998046], [76.62715053054686, 8.841298506590839], [76.62851123835213, 8.840107433744391], [76.62921010338867, 8.839365131624271], [76.62973232191109, 8.83872707335349], [76.6315380317519, 8.8368342337326], [76.63270328950753, 8.835417189369187], [76.63361450459914, 8.834163897507858], [76.6348437044367, 8.83271526962947], [76.63592834288715, 8.831352592253607], [76.63684407470801, 8.830126234410722], [76.63813669919787, 8.82860028776769], [76.63875355793044, 8.827654735733793], [76.63893048022732, 8.827278999021905], [76.63916161136004, 8.826980578501566], [76.6405448992183, 8.825427405255432], [76.64091694996793, 8.8250785709823], [76.64128855874645, 8.824653344297653], [76.64184183831647, 8.823815770633457], [76.642127642714, 8.823494333211814], [76.64245846797864, 8.82305083880201], [76.64343363233868, 8.821381316464581], [76.64423590065093, 8.82053923211812], [76.64468960197172, 8.819959905655695], [76.64516963740503, 8.81907273914987], [76.64559209172694, 8.818284299271616], [76.64565482647315, 8.818167931085389], [76.6459769084351, 8.817864590680072], [76.64666088299748, 8.816480081387352], [76.64729981153994, 8.815511411807186], [76.64777659058034, 8.81491401000207], [76.64875866388326, 8.812620428305912], [76.64922078151992, 8.811819562664667], [76.64946473789993, 8.811154831563929], [76.6498621382086, 8.810375492518007], [76.65012690765543, 8.81004601755529], [76.65071956218097, 8.809054987225712], [76.65103359344137, 8.808814892023078], [76.65202706906015, 8.808216394599059], [76.65248086739899, 8.80780877244752], [76.65289870707531, 8.807374148865973], [76.65325662463057, 8.806894340506565], [76.65408652691761, 8.805559416743712], [76.65532829508429, 8.803916184549829], [76.65599520974112, 8.802857173787949], [76.6565707989712, 8.802047227658903], [76.65743676592194, 8.80114623425583], [76.65917065365917, 8.799556698829909], [76.6597374358062, 8.798918104821867], [76.66002244968631, 8.798497419921826], [76.66009383251372, 8.797742030455748], [76.66023339567458, 8.797109058086019], [76.66035108395995, 8.79681472614254], [76.66066418995563, 8.796303688155573], [76.660917749326, 8.796031764162478], [76.661190343099, 8.795819084016406], [76.66204858094501, 8.795266179160603], [76.66282474152018, 8.794690665064348], [76.66391814662948, 8.793730240711582], [76.66463529867026, 8.792996983079659], [76.66519253531911, 8.792313434957403], [76.66618518358952, 8.790937290405955], [76.6683398125614, 8.788239322753576], [76.66950866806975, 8.786618998130294], [76.67052038218377, 8.78544646511524], [76.6712647019737, 8.784645110995847], [76.67174025750869, 8.7840744250125], [76.67215312770483, 8.783472395069827], [76.67246555637078, 8.782888879724563], [76.6731202287869, 8.781821627912382], [76.67328506155671, 8.781553604872594], [76.6737979402951, 8.780590265608051], [76.67476650203783, 8.778929532597115], [76.67521551145786, 8.778024549167013], [76.67549579570796, 8.777549075178012], [76.67770770934722, 8.774276989578167], [76.67882741263648, 8.772882803584313], [76.67943527384315, 8.772190023367354], [76.68028768341964, 8.771017642732561], [76.68067719562178, 8.770320558475754], [76.6813288649699, 8.768945567280886], [76.68172319753188, 8.768357346751966], [76.68197729499312, 8.768216414746439], [76.68224130985513, 8.768197912644705], [76.68253153486218, 8.76775458816218], [76.68245429142584, 8.767664185209515], [76.68237192489744, 8.767325016353263], [76.68250303401314, 8.766940923507855], [76.68439290880957, 8.764292708282087], [76.68507695703381, 8.763509720272086], [76.6853943318237, 8.763088599239527], [76.68584748517212, 8.762396143460329], [76.68665817339354, 8.760902869655816], [76.68787366493986, 8.75940027643493], [76.68852203118269, 8.75834565501077], [76.68894773111774, 8.75754907315354], [76.68975851545888, 8.756435902880026], [76.6903752358509, 8.755476515093681], [76.6915574349345, 8.753430985022991], [76.69208324042982, 8.752593583320243], [76.69240426956628, 8.751838226502827], [76.69324952765481, 8.749517596652277], [76.69433275664858, 8.748041834898675], [76.69518092977015, 8.746915039383275], [76.69564684009394, 8.74594221400506], [76.69618539627646, 8.744973788156296], [76.6964522399333, 8.744435429100829], [76.69734137982509, 8.743497975545127], [76.69792696460937, 8.742796022089083], [76.6985015800657, 8.741525239140692], [76.69884464487606, 8.740511604135358], [76.69896082309344, 8.739661669298458], [76.6993413377697, 8.738575886597943], [76.70011641317997, 8.737720544539277], [76.70131528140197, 8.737329665180253], [76.70193649876029, 8.736898760153704], [76.70294819670463, 8.735739650658665], [76.70410447849393, 8.734607683234328], [76.70576335151505, 8.732240156266917], [76.70870139944958, 8.728953111388927], [76.70942128686039, 8.72750948705904], [76.7101334739126, 8.726536439676847], [76.71140332521169, 8.725240984652618], [76.71283450674933, 8.723231623377542], [76.71414967715619, 8.721831987043268], [76.71469038570213, 8.721632081695226], [76.71511721841273, 8.721748882363812], [76.71554429726176, 8.721829469769284], [76.71570331254176, 8.721711705724438], [76.71566226402486, 8.721404259774127], [76.71558465317757, 8.721056444761102], [76.71577372608698, 8.720468399886188], [76.71708805028088, 8.71864412964834], [76.71909622781031, 8.716240078118428], [76.72114988614427, 8.713786461939476], [76.72276864130312, 8.712083319948468], [76.72404721614194, 8.710490074092085], [76.72570574331166, 8.708353250424834], [76.7267125445394, 8.707343273444431], [76.7277141130806, 8.706025538558833], [76.72902895200912, 8.704626425636118], [76.72988177031904, 8.703689270824537], [76.73072918436422, 8.70244881228105], [76.73193484295143, 8.700973200996831], [76.7327417780116, 8.700004249162577], [76.73362096995994, 8.698840754905314], [76.73470881629427, 8.697518434724474], [76.73551023569861, 8.696576020332042], [76.73563324201046, 8.69643183869674], [76.73679299578835, 8.69468486015692], [76.73876530448682, 8.692353020261772], [76.74035036563595, 8.69010316846881], [76.74201516574132, 8.68847247242287], [76.74398696329837, 8.686448143394665], [76.74513820194568, 8.685012854231077], [76.74626732047744, 8.68380850458939], [76.74738622875768, 8.681830499823485], [76.74777890482623, 8.68130244858784], [76.74854179458968, 8.680277825294358], [76.74966666948004, 8.67921482394609], [76.75094463795607, 8.677800954856137], [76.75316337340156, 8.67551390027426], [76.75644425348284, 8.671830585597817], [76.75747149317989, 8.670560613925506], [76.75877533583105, 8.668780019334177], [76.76050289044551, 8.666746050813893], [76.7616032530067, 8.665584632714449], [76.76244379943154, 8.664604110379491], [76.76435721637661, 8.662027752813396], [76.76468909087349, 8.661625579883637], [76.76512068106187, 8.661191443961794], [76.76617026724992, 8.659948481751906], [76.76805210841277, 8.657494629557705], [76.7690056889515, 8.656332792134021], [76.76984196209051, 8.655193911677854], [76.77115568081989, 8.653530677258292], [76.7719869593259, 8.652314743691631], [76.77436877762308, 8.649657120049364], [76.7751820008902, 8.648653864355378], [76.77666377913789, 8.646683235061678], [76.77809505140534, 8.645015434588338], [76.77921795000208, 8.64336076103806], [76.7802352543321, 8.642045871841084], [76.78285807085702, 8.638438525705732], [76.78349870260526, 8.63764781417871], [76.78396156674194, 8.63700149642999], [76.78486633192978, 8.63597098851865], [76.78527078850502, 8.635600457644214], [76.78535715253643, 8.635595842913778], [76.78729707337561, 8.633819792750478], [76.78731549512716, 8.633715756540825], [76.78767428494658, 8.633037754861954], [76.78854661556278, 8.631794395140515], [76.79099556046953, 8.628607871989711], [76.79139589018433, 8.628016066681768], [76.79214513453861, 8.626709699116146], [76.79256321316679, 8.626121891077446], [76.79586663826674, 8.62219431940075], [76.79710740571021, 8.620851461830666], [76.79763405921521, 8.62032278685209], [76.79878864139201, 8.61894891127236], [76.79977459721354, 8.617624530393922], [76.80116024314943, 8.615481654505933], [76.8015515986945, 8.614948562204917], [76.80418650384824, 8.61207354849401], [76.80568627984263, 8.609958269246038], [76.80837998871486, 8.606699461550836], [76.80990664948906, 8.604791793039936], [76.81160626919312, 8.602775747283514], [76.81280993531705, 8.601428735900136], [76.8143182830359, 8.599498679109935], [76.81517624150588, 8.598450300156072], [76.81640744638314, 8.59684088548908], [76.81753002248468, 8.595263131913018], [76.8210735457005, 8.590855979896961], [76.82140550014745, 8.590291207687503], [76.82288222177839, 8.58830209003031], [76.82357658086548, 8.587528950642588], [76.82385852879548, 8.587136094247315], [76.82491278532473, 8.586010260557922], [76.82597073123483, 8.584753697033142], [76.82702007128451, 8.583365954695088], [76.83017293784451, 8.579401714443494], [76.83091364550867, 8.578370774338904], [76.83158105244229, 8.57759776128845], [76.8325306309864, 8.57657612624363], [76.8339167197917, 8.5749128062895], [76.83488805732863, 8.573846300750164], [76.83634156289936, 8.572173749388], [76.83700077809591, 8.571287397595748], [76.83770899279789, 8.570103264980867], [76.83866782848104, 8.56891881422407], [76.83914916108164, 8.568426330322103], [76.84038026534758, 8.567291344187556], [76.84168891039225, 8.565781665786234], [76.84224253222037, 8.565026771485002], [76.84249729623157, 8.56457947736378], [76.8441964829477, 8.562092920155758], [76.84550822718008, 8.560587811010397], [76.84633567257478, 8.559443674997288], [76.84707601103135, 8.558507950478973], [76.84811602207684, 8.557332583064284], [76.84934259973207, 8.555859448767755], [76.85146387874904, 8.553540281861943], [76.85231790169978, 8.552522951883034], [76.85377956846484, 8.550524979827667], [76.85543867055635, 8.548541430080173], [76.85547375785305, 8.548499837332871], [76.85704170250276, 8.546438366069555], [76.85780391313989, 8.545542969664226], [76.85954393457386, 8.543332423969094], [76.85955307672849, 8.543174637449399], [76.85981128847378, 8.542966332279775], [76.8603382896268, 8.542261147466085], [76.86091571142005, 8.541614587214996], [76.86187401709716, 8.540403400785099], [76.86293254421726, 8.539173586104553], [76.8638355280459, 8.537975423277262], [76.86532066868769, 8.536121963409219], [76.86677311963628, 8.534182695903164], [76.86731434561182, 8.533545397439111], [76.86829436177273, 8.53250202034588], [76.86861792954818, 8.53215745688146], [76.8694174229645, 8.531217205755713], [76.87226024049576, 8.527469484329417], [76.87353711572209, 8.526013767926953], [76.87372736542454, 8.525674390353087], [76.8739002021835, 8.525566531092739], [76.87442712428478, 8.5249515372816], [76.8761349869299, 8.522749865593894], [76.87689268532934, 8.521665028593693], [76.87951306202997, 8.518423661741782], [76.8807162421653, 8.516745941920387], [76.88310593060265, 8.513599775207686], [76.88517643324651, 8.511045504323027], [76.88578492596885, 8.510398949006756], [76.8859179529877, 8.510308570515814], [76.88653884605418, 8.50929116713558], [76.88800550206237, 8.507560081911905], [76.89026630740928, 8.504105902599553], [76.89112059536299, 8.503034597911997], [76.89189219159819, 8.501807785929604], [76.89766784324212, 8.495179663677492], [76.90059637083128, 8.49161714150429], [76.9053241628491, 8.486047202483155], [76.90758509216352, 8.483307224962862], [76.90856700646461, 8.482224380255168], [76.91003227996558, 8.480608462859017], [76.91122223600163, 8.479337739023602], [76.91202532088249, 8.478374800185424], [76.91321039726992, 8.477145083948555], [76.913832970186, 8.476349304347657], [76.91445933938246, 8.47541785641394], [76.91483608742273, 8.474956644767234], [76.91608033943118, 8.473758553842664], [76.91700143868584, 8.472745866623935], [76.9175651521879, 8.471999734239978], [76.91795511803925, 8.471543447969347], [76.91835938147666, 8.471186190579271], [76.91877221843514, 8.470715700418646], [76.91944023712148, 8.46974401207691], [76.92036134895254, 8.46866787570552], [76.92146035595597, 8.46743338993768], [76.92253203441184, 8.466181223868654], [76.92312151069791, 8.465493899305065], [76.92392571038803, 8.46471187581013], [76.92461558059362, 8.46409215518395], [76.92514266528995, 8.463491080303632], [76.92589073285122, 8.462591279278678], [76.92664953348351, 8.461641773185217], [76.92748045535839, 8.460768874571551], [76.92891533795498, 8.45936277183526], [76.92946393101415, 8.458784168833011], [76.92996827396072, 8.458223458474238], [76.9303818089102, 8.457762451914824], [76.93060792474868, 8.457599703182963], [76.93105306961638, 8.457160977973404], [76.93137986593693, 8.456718006781434], [76.93158868381632, 8.456229626662534], [76.93180203279796, 8.455863288298463], [76.93218150812345, 8.455385476412948], [76.93257386259515, 8.45489143275007], [76.93357273529219, 8.45379247588504], [76.9341907555464, 8.453023805857116], [76.93460291607347, 8.452445323067597], [76.9350978087433, 8.451866466215241], [76.93625549280276, 8.450609581043944], [76.93699530754151, 8.44987254021258], [76.9375500028564, 8.44915391349419], [76.93840800983543, 8.447960315762385], [76.9392924874709, 8.446807176306649], [76.9399280338563, 8.446015761777199], [76.94163018501285, 8.443886291241464], [76.94260173095896, 8.442611060205689], [76.94335103909364, 8.441670679525936], [76.94425911187835, 8.440449942572192], [76.94466816513287, 8.440079480398985], [76.94518079773293, 8.4395953017831], [76.94579305978615, 8.438889866583475], [76.94674628728697, 8.437655719094227], [76.94767742162169, 8.436475873243973], [76.9485802913643, 8.435304481460653], [76.94947518945709, 8.434291953577294], [76.9501009495958, 8.433396688285649], [76.95121385712991, 8.431823238737312], [76.95205756203129, 8.430679229526762], [76.9524299927683, 8.430113807803014], [76.95266629370548, 8.429883523729579], [76.95308757572595, 8.42932707936944], [76.9549132587088, 8.4269215827877], [76.95501224766319, 8.426903969515688], [76.95510387312724, 8.426966779607561], [76.95524898069003, 8.427003117804238], [76.95534449136768, 8.426709381950522], [76.95525283985249, 8.426709450374048], [76.95520737701428, 8.426668319836798], [76.95519462542882, 8.42661889760638], [76.95530764606796, 8.42642872988288], [76.95585721379922, 8.42569212364859], [76.95694179116425, 8.424530003063126], [76.95802664521038, 8.423421866497774], [76.95845326232534, 8.422933499360639], [76.95877973255747, 8.422494981800284], [76.9590574143882, 8.422201067463964], [76.95969724933079, 8.42159510387135], [76.962524358921, 8.417720158474639], [76.96334611708166, 8.416653277977764], [76.96420003762447, 8.415468468967932], [76.96478938545145, 8.414555232589034], [76.9654161606864, 8.413501999219813], [76.96609636771448, 8.412267612546314], [76.96675925971549, 8.411141669603062], [76.96715912859455, 8.41040030219622], [76.96746288043312, 8.409970441055565], [76.96760748224439, 8.409740229420153], [76.96785784091746, 8.40914766594689], [76.96837064958729, 8.40799914286091], [76.96905594916471, 8.406403297049646], [76.96946789050286, 8.40544926998046], [76.96990868482965, 8.404563041495171], [76.97043082609694, 8.403215678941255], [76.97077148072744, 8.402348150143307], [76.97099769807552, 8.40177366078592], [76.97123844297842, 8.401199133253378], [76.97150576903053, 8.400444173176698], [76.97172395005013, 8.399937837322334], [76.97198234684834, 8.399462976954338], [76.97222689252318, 8.39918736529312], [76.97249449435813, 8.398798515027007], [76.97284009331594, 8.398228834406972], [76.97300780788116, 8.397758540670074], [76.9730979115991, 8.397052926146923], [76.9731615293892, 8.396275710614605], [76.97304313412968, 8.395276712294836], [76.9728523104038, 8.394802024850849], [76.97272536318278, 8.394602781310041], [76.97259797938052, 8.394571546492735], [76.97248990845861, 8.394593851744636], [76.97231218845775, 8.394688791463627], [76.97219931334566, 8.39468922781072], [76.97196228387479, 8.394661881910787], [76.97186329941195, 8.394680060966902], [76.97171718483773, 8.39476610842837], [76.97149996681212, 8.394996507577568], [76.97135441099002, 8.395222780405247], [76.97125460995859, 8.395294895765584], [76.9711551466937, 8.395295252129982], [76.97098164697803, 8.39499198059113], [76.97092299597313, 8.39450863783719], [76.97092297441357, 8.393979533054662], [76.97096410467717, 8.393486943963381], [76.9711223321347, 8.392844966451156], [76.97130797886962, 8.392279629928272], [76.97149846842223, 8.391890834951878], [76.97177560407727, 8.39157855824623], [76.97196661285614, 8.391393408693286], [76.97232524906364, 8.390895981797653], [76.97286053987011, 8.390208444310101], [76.97301947969162, 8.389982652903099], [76.97320508240912, 8.389761146685423], [76.97330936244055, 8.389688633936354], [76.97347777230183, 8.389666247530856], [76.97375911476735, 8.389828690689553], [76.97404572046209, 8.390000221640413], [76.97414482260426, 8.39004102191711], [76.97432696051968, 8.390009664092105], [76.9747037705437, 8.389846693120242], [76.97531142873113, 8.38932195173884], [76.9756025439686, 8.389086947516894], [76.97583369037268, 8.388747999433479], [76.97606955472862, 8.388277361838506], [76.97617810714758, 8.387960761339551], [76.97619272543217, 8.38777101011788], [76.97616996302119, 8.387626662835372], [76.97605575301262, 8.38747739917148], [76.97570649342005, 8.387183476066792], [76.9755334356755, 8.386930307130273], [76.97544238153998, 8.386758497547023], [76.97543322680892, 8.38654620629502], [76.97551043700757, 8.386324741665117], [76.97562005033687, 8.386134474192682], [76.97569686617516, 8.386048743866255], [76.97583350711638, 8.38603969235089], [76.97612361354581, 8.386206890735632], [76.9764092571449, 8.386373929969414], [76.97663621021323, 8.386401464859217], [76.97694129335507, 8.386337754153121], [76.97780342629616, 8.38597616110497], [76.97866562840758, 8.385487717481373], [76.9791831523343, 8.385107756620885], [76.97948773421624, 8.384745823828695], [76.97967370883624, 8.384388582221714], [76.97973229246752, 8.384062979427737], [76.97971896865519, 8.383873351611944], [76.97968663918645, 8.383746471477059], [76.97964165784524, 8.383660866821598], [76.97947362886966, 8.383579237374088], [76.97906011817467, 8.383426025366473], [76.97893807845008, 8.383308198442226], [76.97889265693436, 8.383172506494336], [76.97890565825148, 8.382996611593875], [76.97933727179603, 8.382363252430643], [76.97965520264306, 8.382065221352406], [76.97989104364284, 8.381906695092228], [76.98005864591863, 8.381906526235449], [76.98023994211265, 8.381960808351588], [76.98038557968147, 8.382137330267756], [76.98056774634298, 8.382385804558485], [76.98067607508142, 8.382480888566787], [76.98081239442577, 8.382480719710248], [76.98091267875083, 8.382394712186523], [76.98107133111147, 8.38208267669152], [76.98116229361882, 8.381788823271538], [76.9812204676183, 8.381630664828961], [76.98128834971106, 8.3815446189022], [76.98139786422568, 8.381512901348549], [76.98161168482288, 8.381626194564916], [76.98185234708073, 8.381738769662327], [76.98217860531047, 8.381738668348188], [76.98273672859648, 8.381503676427025], [76.98329029562738, 8.3811461278983], [76.98384927770282, 8.380762065784351], [76.98441200844795, 8.380241834853557], [76.98475250677156, 8.37981218916253], [76.98493356760696, 8.379341842027529], [76.98511032012226, 8.378835734622307], [76.98522377195276, 8.378193867996545], [76.98517353187384, 8.377755371854326], [76.98512386761506, 8.3774882463854], [76.98512340498269, 8.377438715684734], [76.98520086581132, 8.377334649824247], [76.98539181979294, 8.377181203397958], [76.98570477307499, 8.376959206416865], [76.98591830351634, 8.376643001075125], [76.98619469087475, 8.376068669227825], [76.9864758923048, 8.375797145146047], [76.98661220086936, 8.37576581727795], [76.98676638590811, 8.375765721294687], [76.98688928801536, 8.375765628866356], [76.98701664037658, 8.375828559218817], [76.98706193792479, 8.375874113930148], [76.98714840526247, 8.375955620572055], [76.98743017173278, 8.376574778455137], [76.98778829859553, 8.377058122182047], [76.9886239581852, 8.377560063757178], [76.99015444039267, 8.378034327896499], [76.99107966650773, 8.37815612281353], [76.99155163776474, 8.378173956926378], [76.99209222054654, 8.377834834913807], [76.99274148061308, 8.377142962204935], [76.99330381609948, 8.376695012327408], [76.9941077355152, 8.376396365458213], [76.995119428968, 8.376161259218119], [76.99653128415058, 8.375482460373508], [76.99773469245801, 8.374946479318016], [77.00062526083653, 8.372432401278509], [77.00193344504545, 8.37114964479477], [77.0029845772341, 8.369962938997961], [77.00373014568227, 8.368948454156735], [77.00394783981497, 8.368513893651478], [77.00385657188039, 8.368378824891563], [77.00350148311996, 8.36824834115148], [77.00337002006802, 8.36808125591946], [77.00354501008873, 8.367371491275016], [77.00354429143651, 8.36710945035057], [77.00328036101614, 8.366897631859969], [77.00322925226637, 8.366544806977547], [77.00353717767777, 8.365929306374484], [77.00410836426467, 8.365575666513525], [77.00542220336828, 8.364821590900045], [77.00621024506138, 8.364119028164604], [77.00678113520425, 8.36367914481262], [77.00690673046073, 8.36319516412292], [77.00708246967639, 8.362620614248254], [77.00721420851114, 8.362403311418936], [77.00769869599502, 8.362099446315439], [77.00839647407003, 8.361609529372402], [77.0084858321863, 8.361170443078693], [77.00852614318634, 8.360822524342906], [77.0083032909273, 8.360429712694577], [77.00826213281591, 8.360299203184724], [77.00834327404229, 8.360122393182868], [77.00869729021429, 8.360031425828598], [77.0089603474722, 8.359985086258112], [77.0091370532751, 8.359853923353361], [77.00913130854886, 8.359324706563212], [77.00879270926374, 8.35844886225384], [77.00892766496553, 8.358141002583862], [77.00919027216747, 8.357918866767802], [77.00944949631406, 8.357791733762191], [77.00997379263974, 8.357216147610597], [77.01032336125279, 8.356998746670033], [77.01089968710141, 8.357032994789742], [77.011027202956, 8.356996886460442], [77.01147065988926, 8.356683783635129], [77.01177857721584, 8.35650663070336], [77.01212826620309, 8.35650561927421], [77.01238754963852, 8.356722253474793], [77.01234836512583, 8.357070205198593], [77.01235356277803, 8.357332391521268], [77.01248518393348, 8.357557872133244], [77.01288033216572, 8.357597957680246], [77.01296596856176, 8.357294475449239], [77.01296062178918, 8.35694217069664], [77.01327272795992, 8.356584375646362], [77.01358079081358, 8.356497339419946], [77.01410855643287, 8.356577700926216], [77.0142391130847, 8.35658174753085], [77.01459378772181, 8.356409020667398], [77.01502796326155, 8.356136742531307], [77.01546877285968, 8.356180656193631], [77.01568722427214, 8.35635189978743], [77.01573341384743, 8.356749587820469], [77.01586568089152, 8.356925581676842], [77.01608848464156, 8.3568800354151], [77.01635433386338, 8.356440500295509], [77.0166124432007, 8.356218751907168], [77.0170523796364, 8.355909956369938], [77.01783720895402, 8.355514858274816], [77.01928686344715, 8.354674811771785], [77.0208190273008, 8.35374420881266], [77.02213729869203, 8.352859463223218], [77.02441628683859, 8.351185832698635], [77.02537715451089, 8.350518774838832], [77.02595302760864, 8.350124077463194], [77.02730208875622, 8.348936116683387], [77.02835867641363, 8.34818341497569], [77.02886589396914, 8.347960401580997], [77.02918688896959, 8.347570638892725], [77.02984894463907, 8.346949791548052], [77.03107167660656, 8.345983762088263], [77.03271556842367, 8.34470045642074], [77.03368083784086, 8.343906698800613], [77.03450931809479, 8.343158749634165], [77.0352522104617, 8.342714274173122], [77.03630857084535, 8.341965424136049], [77.03762139036114, 8.34081841551342], [77.0387584751528, 8.339933888618333], [77.03999174885017, 8.339140058209392], [77.04183018611343, 8.33759375383609], [77.0440180563441, 8.335924528693038], [77.04576991218364, 8.334075925468778], [77.0474318987655, 8.332398814697282], [77.04814708888571, 8.33181872651341], [77.04884569520745, 8.331550082570113], [77.0506028717684, 8.330053714218689], [77.05327463120494, 8.32767330460484], [77.05506678816307, 8.325910613061115], [77.05817860530787, 8.323271362007285], [77.06018956402143, 8.321634756381794], [77.06158943028825, 8.32044674994197], [77.06321122354937, 8.31929874670988], [77.06550687544446, 8.317439011917314], [77.06660831778063, 8.316604847030208], [77.0680924648857, 8.315240110592644], [77.0690981656772, 8.31439647718981], [77.07015395742727, 8.313652468896217], [77.07111435887393, 8.313080316391154], [77.07202908009006, 8.312282439577626], [77.07321643191011, 8.311352802417021], [77.07488314632536, 8.310032769204813], [77.07592846102423, 8.30910818091532], [77.07689319324889, 8.308092914122385], [77.0779027505079, 8.307168187927859], [77.07860066333025, 8.306723115164335], [77.07880868889553, 8.30665027499132], [77.07906628619314, 8.306373947989794], [77.08144317363768, 8.304541933457873], [77.08164401896889, 8.304387089546683], [77.08383238506963, 8.302929992177452], [77.08545324947272, 8.301606071907539], [77.08716589385013, 8.300498322710098], [77.09009637258008, 8.298252808004856], [77.09228912066273, 8.296665093142975], [77.094476365666, 8.294945929423106], [77.09596597901957, 8.293793669215285], [77.09779810741458, 8.29248867977566], [77.09773261034887, 8.293584288455284], [77.09801609080478, 8.294345225133844], [77.09949689348205, 8.298319998935332], [77.10063529789889, 8.298255301397644], [77.10085486232403, 8.298588534981455], [77.10149493352353, 8.298648444799316], [77.10172627037042, 8.299496892602058], [77.10190868317032, 8.300530853965473], [77.10150963714807, 8.300569099987507], [77.10157573788163, 8.30104781229271], [77.10214999940175, 8.304104480006716], [77.10257682672248, 8.30587379764002], [77.10273737183341, 8.306207430092906], [77.10297102453711, 8.306402047633503], [77.10354820558189, 8.306247891569665], [77.10383465047822, 8.306061542429964], [77.10426925990426, 8.306124336451907], [77.10476095277505, 8.30605302861832], [77.10483409360546, 8.30620653764524], [77.10558004653257, 8.306321234930143], [77.1059135164374, 8.306191723369423], [77.10594954606682, 8.306172456632206], [77.10598414018841, 8.306164294824253], [77.10602382955427, 8.306148880544606], [77.10698000442754, 8.305783501228113], [77.10796913040375, 8.30552377548307], [77.10944921083552, 8.305309080944856], [77.11096656686001, 8.30499014560483], [77.11107898023803, 8.304937004800854], [77.11124610820339, 8.304811251921363], [77.11133730067948, 8.304814887502939], [77.11210191880153, 8.304453419865078], [77.11228687652864, 8.30400225952254], [77.11298710700439, 8.304121548603637], [77.11302020273608, 8.30417765932183], [77.11337957466381, 8.304144616364072], [77.1142928271345, 8.307786962372761], [77.11486928773041, 8.307824523243763], [77.11581032239786, 8.30817665090112], [77.11589153099786, 8.30893087843718], [77.11592022767961, 8.309022294120819], [77.11614681603196, 8.309365410076738], [77.11615852018177, 8.309400726362368], [77.1172104383963, 8.309520453800323], [77.11866494558862, 8.309173777994161], [77.12043711862492, 8.308825465442235], [77.12149734895081, 8.308694165379588], [77.12157194235705, 8.308671075664433], [77.12160276714769, 8.308681109415183], [77.12211477721523, 8.308617698915054], [77.12218888014137, 8.30887190351885], [77.12237469755617, 8.308932391321026], [77.12305415988088, 8.31006609699834], [77.12322688075722, 8.31042129462178], [77.12325889042572, 8.310460024121], [77.12328308205632, 8.310536869779163], [77.12393073773177, 8.311868747388875], [77.12044431413032, 8.313967562589237], [77.12040709692812, 8.314324159321723], [77.12053377645117, 8.314993870855886], [77.1203351382806, 8.315013618039615], [77.12031309991173, 8.315224777556958], [77.11951316632089, 8.315340875732717], [77.11958072142689, 8.315794292320762], [77.11940518882375, 8.31586001805622], [77.1193826815343, 8.316045750998144], [77.11875771011643, 8.31653414286618], [77.11873163921025, 8.317371576266932], [77.11944817231179, 8.317309059594523], [77.11937586421963, 8.317856436797227], [77.11941557873836, 8.317866280984527], [77.11931660236031, 8.319264167293978], [77.11871231914341, 8.31960182823101], [77.11859329865648, 8.32026435942262], [77.11902156058673, 8.320868754573953], [77.12017059387001, 8.320875464569326], [77.12084325684634, 8.321088859962362], [77.12107545427929, 8.32124578342829], [77.1211439094972, 8.321313180190984], [77.12132453464969, 8.321403120150178], [77.12134581484047, 8.32140537340427], [77.12273444857294, 8.321493856504894], [77.1231402544177, 8.321302585894239], [77.12375365283982, 8.320625878262398], [77.12425189263237, 8.320465051564932], [77.12513227395017, 8.320487495273376], [77.12647298256223, 8.32090062194009], [77.12788223352884, 8.321399278507423], [77.12809700993346, 8.321696467059574], [77.12907300074357, 8.321539859318557], [77.12911704514197, 8.321532792013883], [77.12909714296684, 8.321662455834957], [77.1290629692568, 8.321885102907128], [77.1291386361498, 8.32187315578617], [77.12915351225094, 8.322924565923538], [77.12895754656832, 8.323609247036481], [77.12868901857033, 8.324564705561729], [77.13004520874804, 8.324528666229245], [77.13125926748145, 8.325010255823596], [77.13253180384497, 8.325410208539807], [77.13328527746762, 8.32545591135149], [77.13534414692855, 8.325259523795191], [77.13754559699137, 8.326264626601334], [77.13856429550671, 8.32669300954232], [77.13896844575639, 8.32758564952505], [77.13904897073849, 8.328222405898071], [77.13938568984968, 8.328401433777817], [77.14128500234648, 8.328888270767308], [77.14254530904569, 8.328810147888749], [77.14343944536711, 8.328754715326964], [77.14509004849768, 8.328569590157068], [77.14517587982816, 8.329341929436351], [77.14531889970621, 8.329779445381654], [77.14597643954473, 8.329717200008078], [77.1459954631675, 8.329875300393269], [77.1463025818918, 8.330447604356726], [77.1469984950643, 8.330764718196761], [77.14758235598153, 8.331317431822479], [77.14822419416721, 8.331711641557535], [77.14893973732528, 8.331450136662085], [77.14941512846858, 8.331266870433044], [77.14963469558863, 8.330768527749502], [77.149958134905, 8.328502632842213], [77.1510705636371, 8.327818766467358], [77.15236529826957, 8.32727848994304], [77.15332077066029, 8.326934361277125], [77.15428023067254, 8.327326836848085], [77.15523855880753, 8.327497877987163], [77.15661461343107, 8.327729977256142], [77.15731411177991, 8.32786626623833], [77.15789356017244, 8.327641747996184], [77.15848857097902, 8.327742394396497], [77.16060889418848, 8.32884265279627], [77.16165060574478, 8.329334136090557], [77.16266963663679, 8.329825691652324], [77.163646533847, 8.330077999049681], [77.16460629209993, 8.33051115442677], [77.16522548555393, 8.330905452968905], [77.1659664887638, 8.331159063591699], [77.16617509194582, 8.331397506082043], [77.16661579913601, 8.331470397651408], [77.16716013328241, 8.331730109754734], [77.1680735106189, 8.332270896544992], [77.16834342202243, 8.332458027836447], [77.16842840444492, 8.332478846960381], [77.16846995512009, 8.332545752042552], [77.16848117956958, 8.332553534658402], [77.16884099975663, 8.331608861197672], [77.16909328621426, 8.33044603467041], [77.1692582025274, 8.329084876046633], [77.16987603683036, 8.327576593097495], [77.16989439929309, 8.326799159028376], [77.16950407770885, 8.326769728467617], [77.16898641005167, 8.326686688960983], [77.16949543861078, 8.325197059046012], [77.17010351810808, 8.325216350624812], [77.17007700523077, 8.324525020164305], [77.17055409598662, 8.324653499046198], [77.17147635137304, 8.32322489452667], [77.17131984868087, 8.322819082027872], [77.17128317495938, 8.320274903971253], [77.17157671744478, 8.319961921949284], [77.17225460232787, 8.31953755463452], [77.17253352742694, 8.319106659940307], [77.17283108358504, 8.318757080693052], [77.17378682277538, 8.319294144180292], [77.17422451432115, 8.319897504416359], [77.17497022739805, 8.320078266713779], [77.17556474952109, 8.32000302643087], [77.17547922361783, 8.320339452104559], [77.1755813782353, 8.320429106963259], [77.17570281608867, 8.320817771404752], [77.17753572332303, 8.321171790437598], [77.17735778233663, 8.321889824513057], [77.17749992815389, 8.321910412207545], [77.17819556195037, 8.322098453307326], [77.17802807555721, 8.322899238911567], [77.17858440939919, 8.322928503547546], [77.17974970039249, 8.322791111555865], [77.17991824500105, 8.323549845899551], [77.1802919477525, 8.323434005256969], [77.18036135877786, 8.323709061618693], [77.18060523969942, 8.324066477895618], [77.18008161980512, 8.324389306883164], [77.17955921622976, 8.324651563130308], [77.17876192458417, 8.324968927877407], [77.17814402919576, 8.325441357346875], [77.17749694125558, 8.325852607763965], [77.17684314559516, 8.326596999092164], [77.17643382464269, 8.327285676249174], [77.17593205806435, 8.328033104693949], [77.17542784627176, 8.32890167803937], [77.17486768919996, 8.32952674848025], [77.17437017524614, 8.330062174178657], [77.17390489553968, 8.330507349315726], [77.17328390904838, 8.331131202153522], [77.17269271428519, 8.331785948092207], [77.1721915217303, 8.33250309253225], [77.17178460287289, 8.333070628516948], [77.1712566557939, 8.333605444072246], [77.1706697172485, 8.334048181563762], [77.17023543480924, 8.33446367508874], [77.16990520602594, 8.334244971792954], [77.16950621749588, 8.33441877771851], [77.16928724056895, 8.334717382953304], [77.1694227891588, 8.335538173311127], [77.16960571759168, 8.337026499950333], [77.16962390757787, 8.337632851286266], [77.1695575876554, 8.337904219729152], [77.16912695507112, 8.338137992692937], [77.16894204854799, 8.33825548751925], [77.16881001686247, 8.338767936873424], [77.16858614142231, 8.339308845476038], [77.16808306689688, 8.340116862809479], [77.16751732949054, 8.341014524170415], [77.16698016210346, 8.342003659891203], [77.16654339492412, 8.342540308394897], [77.16656524285014, 8.342964948511765], [77.16691978094332, 8.343487157906996], [77.16731103408047, 8.344037158686524], [77.16788739765835, 8.343820444563766], [77.1686451095325, 8.343816318723018], [77.16934452523633, 8.343934584214932], [77.16928822063095, 8.344431986647404], [77.16952878497243, 8.34444872373983], [77.1695532434027, 8.34558291761299], [77.17048834918928, 8.345654657315624], [77.17044792140821, 8.346326826981116], [77.17057377627786, 8.346347978666698], [77.1705367288572, 8.346864445447784], [77.17115394871253, 8.347042948398556], [77.17295238758943, 8.34734037966119], [77.17298255930487, 8.34814402794474], [77.17309299279601, 8.348155820501326], [77.17339589662497, 8.348222478480707], [77.17342686784103, 8.348675757415897], [77.17433525862936, 8.348806081500594], [77.1743206376498, 8.34943883839866], [77.17429666341151, 8.349669107058148], [77.17476498211859, 8.349734594238457], [77.17491704623492, 8.349737633022547], [77.17507657984284, 8.35001897508674], [77.17485916328957, 8.351254613479405], [77.17467203613107, 8.352260761320538], [77.17423858732839, 8.352750652677859], [77.17422774645955, 8.353057670477927], [77.17395099618174, 8.353525445208023], [77.17388001759619, 8.358523387673078], [77.17188468687364, 8.358779309838068], [77.17196422550553, 8.359254219875107], [77.17166253350388, 8.359484844471424], [77.17139172558169, 8.359656922058758], [77.17135308993964, 8.360099886870243], [77.17110958720883, 8.360390841497079], [77.17090770342514, 8.360090974288324], [77.17067433818234, 8.359879225751007], [77.17025506659144, 8.360048330229512], [77.17021523349511, 8.360550436818539], [77.16996695621859, 8.361077956176691], [77.16992891256632, 8.36149135278105], [77.16959572832573, 8.361810094519656], [77.16940683328274, 8.362338803117648], [77.16933551423571, 8.362929032968006], [77.16914900152484, 8.363339461809579], [77.16858363961425, 8.363387305655614], [77.16760376718379, 8.3633676782322], [77.16701229304454, 8.363237494104338], [77.1669325271389, 8.362890204680403], [77.16659461955655, 8.362835427530202], [77.16633464352006, 8.362597301970986], [77.1661292527135, 8.361545422662147], [77.16582004899946, 8.360172093174395], [77.16561648267124, 8.36028081810519], [77.16445309790299, 8.360523732876267], [77.16379448367937, 8.360776765231995], [77.16342860705068, 8.361242748726466], [77.16285786872312, 8.361556707328093], [77.16239953299379, 8.360719191720014], [77.1621067953989, 8.360506235687248], [77.16172677659267, 8.360202781493975], [77.16107952785407, 8.359893959781951], [77.1603111188415, 8.359701031742981], [77.15960568891686, 8.35933186917182], [77.1591081066911, 8.358966881702997], [77.15845188557941, 8.359101606215194], [77.15737997176497, 8.359227970006316], [77.15746305694559, 8.359525466637962], [77.15704257173077, 8.359753670951996], [77.15683652425572, 8.359660780212065], [77.15663326065976, 8.35913370687746], [77.15637873200718, 8.359216941239199], [77.15619781849547, 8.35850389065444], [77.15627506462673, 8.357685451380219], [77.15597575226226, 8.35772773840986], [77.15597411643016, 8.357429494723945], [77.15609005479735, 8.357035868204543], [77.15594991671472, 8.356507215519162], [77.15568269217218, 8.356501840190893], [77.155300300017, 8.35631665262121], [77.15507176142219, 8.355868322395958], [77.15445483801093, 8.355530504358951], [77.15386520990958, 8.355311560444685], [77.15330467554533, 8.355122782523612], [77.15271264894218, 8.355022113845296], [77.1523848465085, 8.35507467547309], [77.15243642507714, 8.355460280952823], [77.15236083723586, 8.356257475094514], [77.15225735580673, 8.356965362438402], [77.15233082542056, 8.357735982686988], [77.15264303040597, 8.358452248480452], [77.15277588674493, 8.359224069187698], [77.15282026801152, 8.359964527232483], [77.15295792674398, 8.360499787670246], [77.15297157844137, 8.360919569795362], [77.15303533547032, 8.36102470300812], [77.15341371664778, 8.361338989740336], [77.1539734739693, 8.361634240626657], [77.15451492811692, 8.361911506231142], [77.15489379977451, 8.36232517657976], [77.15517767998072, 8.362780084229957], [77.15520636318774, 8.363062965112], [77.15545511567308, 8.363330846148319], [77.15553160272793, 8.363953630696026], [77.15552142391745, 8.364455598051677], [77.1556474566535, 8.364874490712603], [77.15597317948733, 8.366345996003943], [77.1565948001892, 8.367156104581461], [77.15737786791057, 8.367630841769488], [77.15803622970756, 8.367704042969605], [77.15891200895616, 8.367699313918672], [77.15945291782637, 8.36787717898634], [77.1597306230133, 8.36803382680806], [77.15987298262966, 8.36834932458694], [77.1597859224039, 8.368550933212966], [77.15986369135469, 8.368596577650925], [77.15994020176574, 8.369219374222363], [77.16016039501154, 8.37008173069884], [77.16035269287285, 8.370854777947448], [77.16045171865817, 8.371833043329724], [77.16044034508836, 8.372394915937983], [77.16066653279209, 8.372961560270653], [77.16080124235546, 8.373644706778098], [77.1607025794895, 8.374116075738298], [77.1605736227372, 8.374616423160036], [77.16032588265321, 8.375114385461554], [77.16004724770994, 8.375670897821495], [77.16000557845716, 8.376261755352997], [77.15996390740777, 8.376852615542221], [77.15940902075171, 8.3778473562187], [77.15918617567918, 8.378582505149133], [77.15919072744273, 8.378899355907578], [77.15926921953732, 8.37902258584699], [77.1592977302678, 8.379917047991137], [77.15941511761754, 8.380480559285594], [77.15937104806633, 8.381189724133518], [77.15820328670603, 8.381639624908786], [77.15697492499662, 8.382147469666382], [77.15589923556301, 8.382451276463899], [77.15527559724502, 8.382438729534371], [77.15499542079273, 8.38160469641557], [77.15477164147228, 8.380919726895781], [77.15426679636745, 8.380909566135776], [77.15367226166802, 8.380927183274212], [77.15330689797734, 8.381363609564229], [77.15285484326851, 8.381679947042825], [77.15244088790747, 8.381582854330189], [77.15194084429784, 8.38133609831306], [77.15164927990271, 8.381063954913865], [77.15128751396475, 8.381322935463775], [77.15128712589254, 8.381342066075579], [77.15144365643246, 8.381889726763719], [77.15125018806638, 8.382398539009369], [77.15123079164276, 8.38265314439976], [77.15110179266964, 8.3831535021704], [77.15105646188377, 8.383275852709685], [77.15105961586873, 8.383857685337306], [77.15078353034426, 8.384015984179682], [77.1506929020102, 8.384269524719665], [77.15067447307214, 8.384458134764637], [77.15166274025891, 8.385431633550144], [77.15210121962718, 8.385939891048308], [77.15290401525053, 8.386221695755605], [77.1540789909809, 8.386634138732777], [77.15372334077338, 8.387151319951544], [77.15594169353659, 8.387844248409156], [77.15771897349532, 8.388385823860187], [77.15942526947858, 8.389203564052917], [77.16056963870889, 8.389355478942917], [77.16060175707355, 8.389337630235039], [77.1618589960261, 8.3886389376374], [77.16315695471212, 8.387845505039849], [77.1649716261462, 8.386931719287876], [77.16571879000232, 8.38665191913425], [77.16645774505334, 8.384876350915846], [77.16700609017751, 8.383928803002743], [77.16751932105551, 8.384007420521545], [77.167539603218, 8.384021299584278], [77.16766810003286, 8.383723029823733], [77.16792582309462, 8.384201565608276], [77.16796582417591, 8.384312979299098], [77.16831426809823, 8.384552459304484], [77.16961339369578, 8.386020530865364], [77.1702119762039, 8.386762918873107], [77.17144393925928, 8.387976302141269], [77.1726678525114, 8.388561606122373], [77.17413493072775, 8.389615512412744], [77.17508851126647, 8.390554777994438], [77.17608521363374, 8.391887030439937], [77.1770773813055, 8.393219193000885], [77.17870147964364, 8.393960419061496], [77.18024291051778, 8.394498798249977], [77.18091861698628, 8.395245198483266], [77.181713313399, 8.396144702134563], [77.1820353145126, 8.396929254916628], [77.1820410673237, 8.396958843698863], [77.18211175305842, 8.397058485761518], [77.18240092523997, 8.398065581617622], [77.1824674185373, 8.398606087948554], [77.18233520000221, 8.39941222623147], [77.18208467873407, 8.400331551068435], [77.18206991222745, 8.401066567697692], [77.18208813634959, 8.401197506088142], [77.18236070856302, 8.401993127752199], [77.1823042620238, 8.402877816709587], [77.18216057200256, 8.403753879108244], [77.18241303273336, 8.404437972117593], [77.18257455521133, 8.404911647134016], [77.18340667903205, 8.405218847712115], [77.18356251786923, 8.40533441699588], [77.18378100790926, 8.40541706116963], [77.18474704897928, 8.4061038803335], [77.18581207900372, 8.406998073044312], [77.18672041319822, 8.407991848738517], [77.18737306620159, 8.408877832114168], [77.18817523480084, 8.410023554220254], [77.18903250336469, 8.41090059398619], [77.18973093810821, 8.411739749442043], [77.19029899047307, 8.412329930923606], [77.19117174150082, 8.413387082861663], [77.19212722197638, 8.414642628157967], [77.19320052638288, 8.415856819980736], [77.19455220342458, 8.41734509981103], [77.19621614204559, 8.41867351551114], [77.19661489252212, 8.419380788857598], [77.19661611153596, 8.419393689157374], [77.19685899532755, 8.419615802270112], [77.19682124093276, 8.421504931128517], [77.1966296850799, 8.425503280401811], [77.19601372735754, 8.426528671828764], [77.19589463500542, 8.426623555738729], [77.19582338602696, 8.427908243750823], [77.1960286708323, 8.428892305671754], [77.1963617562582, 8.429167994833305], [77.19663005249085, 8.429209043352422], [77.20011178508985, 8.43190915265543], [77.20037983518411, 8.433396796695083], [77.20096291636368, 8.434212713574501], [77.20146871997092, 8.434284823452773], [77.20169992835875, 8.434928389525082], [77.20227599818752, 8.435361378349777], [77.2027298351539, 8.434999767953533], [77.2032492141017, 8.435084160774403], [77.20334605428597, 8.435827252748297], [77.20274930793431, 8.435889567330793], [77.20240634283692, 8.436290430587356], [77.20312974625374, 8.437342396089559], [77.20434523330852, 8.439849411971673], [77.20545283629087, 8.442169013310682], [77.20597543749562, 8.44399788947335], [77.20648151958062, 8.444320761942285], [77.20766671095238, 8.444431568326953], [77.2092882266341, 8.444657508365486], [77.21086845844029, 8.44480669934248], [77.21248690637528, 8.444494808305905], [77.21426587606504, 8.444484832259882], [77.21557101588344, 8.444947435468483], [77.21695402077239, 8.445531620818763], [77.21762574231428, 8.44552783993684], [77.22051047433843, 8.445235871325547], [77.2210239612363, 8.44535044944541], [77.22224697617311, 8.445736707172829], [77.22405173020647, 8.446078215109816], [77.2242642859757, 8.446118435459374], [77.22483343069199, 8.446246120646618], [77.22699535039071, 8.446731115514014], [77.22706592473436, 8.447025027186072], [77.22731611991406, 8.448066981263338], [77.22750470952985, 8.448612917977293], [77.22756072218276, 8.448775060057777], [77.22665754431802, 8.450352783818289], [77.22584464174942, 8.452639496925167], [77.22545994811047, 8.454413162054772], [77.225146235752, 8.455101855212009], [77.22547380372541, 8.456830770629296], [77.22544340383787, 8.458638565872105], [77.22517214945302, 8.459625204407711], [77.22454720139132, 8.460650031603679], [77.22380011479034, 8.461756929309178], [77.22219344287038, 8.46333870850185], [77.2196761011362, 8.46520573894634], [77.21522726476022, 8.468217998832326], [77.21412993760634, 8.469195867125645], [77.21411536244088, 8.469211010160173], [77.21355645223068, 8.469791647304143], [77.21298840884894, 8.470381766709512], [77.21276072365369, 8.471838199904589], [77.21237977688776, 8.474280623480823], [77.21195039296175, 8.475385691644822], [77.2116773428446, 8.476056085872951], [77.21042613158765, 8.477911438364087], [77.21011431108117, 8.478939083149022], [77.21004477788492, 8.48027709660344], [77.21009354113349, 8.481655104356529], [77.21049868671652, 8.483460478228443], [77.21101494132378, 8.484049525574319], [77.21169053909613, 8.48471452758674], [77.21236490976979, 8.485180733232232], [77.21252268627305, 8.485771792126343], [77.21124310442279, 8.489814537143712], [77.210424206498, 8.491866360994857], [77.20967772266657, 8.492304382037522], [77.20805498527606, 8.493492617147615], [77.20666010016751, 8.494513982353435], [77.2059396063939, 8.495041534007054], [77.20391466540292, 8.496188267927632], [77.2036971805777, 8.496311427579966], [77.20236082430317, 8.497068185745274], [77.20109780469177, 8.497662777479821], [77.2010995393386, 8.497979103215517], [77.20130983404829, 8.499826182258968], [77.20127547528531, 8.500969788757327], [77.20198711795845, 8.501396383775846], [77.20240195187182, 8.501645053183998], [77.20370629937614, 8.502500334413117], [77.20422751358211, 8.502842096679839], [77.20559796990483, 8.50357094849961], [77.2062797876122, 8.503738785400285], [77.20862843921074, 8.50565518615041], [77.21027899113737, 8.50615192402747], [77.21288175816348, 8.510985744582081], [77.21349949814334, 8.512002136879428], [77.21351972281364, 8.512028502525766], [77.22050165737392, 8.511765297298455], [77.2224871982565, 8.511302020228634], [77.22419180361041, 8.510158032342432], [77.22560929212813, 8.509580563081798], [77.22731233800671, 8.508947252631982], [77.2293596964556, 8.508198883370302], [77.23100016479314, 8.506942294358554], [77.23230071961036, 8.50500976515239], [77.23455837456554, 8.502158911226946], [77.23501682348258, 8.5016381943943], [77.23677289152248, 8.498937691891735], [77.238725936748, 8.496029892456802], [77.24338775649136, 8.496870738151866], [77.24371963637812, 8.496954742481327], [77.2441205347265, 8.497652970730169], [77.24413507395937, 8.497654364713712], [77.24417612517122, 8.497749790827058], [77.24426528206484, 8.497905071994595], [77.2489666519352, 8.50322108341626], [77.25120577105287, 8.505539598079848], [77.25537014780932, 8.505219960275188], [77.25605586240839, 8.505306087024868], [77.25647359159194, 8.50546446132865], [77.25728593451011, 8.5071690825439], [77.2576952518693, 8.506918905497741], [77.25803994352867, 8.506708227111428], [77.25950236308198, 8.506243025795783], [77.26021530921058, 8.506125707233407], [77.26106448215708, 8.506144024962444], [77.26161393400568, 8.50627529103725], [77.26209978333551, 8.506664204389384], [77.26290314310084, 8.507934811957002], [77.26385182602462, 8.509503884815718], [77.26454623092576, 8.510855806537105], [77.26524526394725, 8.512081139640436], [77.26578068141616, 8.513401419287236], [77.26610736454901, 8.514658289161618], [77.26627491202758, 8.516068865997628], [77.26630634228276, 8.517447709046294], [77.26642414375584, 8.51845137287968], [77.26664182171886, 8.519382721628014], [77.26682337033945, 8.519997590247788], [77.26726810377875, 8.520861219637922], [77.26784456527298, 8.521978011897298], [77.26870244648784, 8.5235515366583], [77.26923803014509, 8.524577893524217], [77.26984161447271, 8.526241781443291], [77.27063571799735, 8.528470703678803], [77.27089436362887, 8.529280012584481], [77.27140270587513, 8.530301855320412], [77.27172499894117, 8.530984634285604], [77.27239690014616, 8.53189353526609], [77.27345928822534, 8.533001388472897], [77.2740087158194, 8.533503357095034], [77.27417206277572, 8.533842519835408], [77.27410830754339, 8.534665216606742], [77.27402176923881, 8.535564846728368], [77.27411689543752, 8.536224917696812], [77.27418945954952, 8.53681715394143], [77.27432554712854, 8.53720601224554], [77.27456159743573, 8.537748603615583], [77.2750927344323, 8.538567017187537], [77.27601438615089, 8.539611537008279], [77.2771449779197, 8.540610930044707], [77.2782938171669, 8.541569711253421], [77.27958342421573, 8.542428979819917], [77.28080033330359, 8.54331088243258], [77.28165395740231, 8.54405704736], [77.28276182987926, 8.545309558556879], [77.28375606367617, 8.54685140048988], [77.28318813527882, 8.547687614576283], [77.28280198097923, 8.548347550861314], [77.28250660682895, 8.548989464368058], [77.28235201844667, 8.54960879537541], [77.28226547744713, 8.550612402211843], [77.28164621033132, 8.551181459152827], [77.28119318005206, 8.551597797455571], [77.28034039138653, 8.552387594076956], [77.28007565338073, 8.552632779160685], [77.27886726481336, 8.553731019993078], [77.27782824550798, 8.554554056727426], [77.27766361845237, 8.554684464927796], [77.27681856607808, 8.555714988659151], [77.27595536234513, 8.556813276568295], [77.2751148258018, 8.558051801097916], [77.27459228298751, 8.558991923876349], [77.27420600561872, 8.559764954319883], [77.2739876566142, 8.560845311626545], [77.27396473969297, 8.561577712574184], [77.27413256295435, 8.562603990215335], [77.27443654566, 8.563878931284494], [77.27494905069926, 8.565768914310782], [77.27404058804571, 8.566695331207505], [77.27308194370372, 8.56783883515935], [77.27229134810027, 8.56886928329821], [77.27160530920936, 8.569854640162488], [77.27099639607549, 8.570889751654374], [77.27056465497016, 8.571775743731743], [77.27026914337766, 8.572584844309171], [77.26987350915685, 8.57450612417021], [77.26940051022716, 8.576535814780874], [77.26909126429227, 8.5781134499207], [77.26902742102504, 8.578805131535296], [77.26901819263213, 8.578833268203738], [77.26898629076145, 8.578931843347632], [77.26897136165974, 8.578976064695139], [77.26895922003035, 8.579013088433456], [77.26861399656836, 8.579148638401257], [77.26795091322623, 8.579085163065063], [77.26762836863186, 8.579360784161064], [77.26699676135898, 8.580138212724096], [77.26640155561803, 8.580897552951846], [77.26656936450637, 8.581670661435213], [77.26670989155951, 8.582764728887106], [77.26690022121201, 8.584039652955527], [77.26648693509588, 8.584007889938288], [77.26642313764272, 8.58460002696914], [77.26633663257583, 8.58526457406955], [77.26590050948852, 8.585788871849667], [77.26533258827769, 8.586317657217661], [77.26485099786063, 8.586502843352926], [77.26401035441772, 8.587696139479547], [77.26351494701328, 8.588744809313813], [77.26312426161138, 8.588952589335909], [77.2627336714309, 8.588862120217694], [77.26195264468187, 8.588228955698964], [77.2616075002716, 8.58809323221337], [77.26087610813693, 8.588373224914392], [77.25936332992713, 8.589087098289244], [77.25854566538922, 8.589344479221541], [77.25829558878715, 8.590144615570733], [77.2579957248571, 8.590411229013789], [77.25708722177937, 8.590641550687945], [77.25690083034105, 8.590984991770393], [77.25688687770806, 8.592192073389368], [77.25695926844523, 8.592992326306666], [77.25664556147666, 8.593815018653046], [77.25669543144964, 8.594339381890315], [77.25680882668628, 8.594841289134653], [77.25669971731188, 8.595089873607618], [77.25603642196735, 8.595595955405432], [77.25562281515265, 8.596287492346175], [77.25546816298996, 8.596979155929123], [77.25508189460432, 8.597507978987021], [77.25476383978975, 8.597761060546452], [77.25437318942215, 8.59789650966436], [77.25338745458616, 8.597900708279798], [77.25272432632825, 8.598022578246725], [77.25228814125721, 8.598230345190444], [77.25202002738258, 8.598573897530859], [77.25169747919497, 8.598759111432784], [77.25066638572534, 8.59885369685465], [77.25018924376556, 8.59924688662536], [77.24982568748521, 8.599816309511235], [77.24960175724782, 8.600364548523398], [77.24896561707602, 8.601470549347997], [77.24869989451666, 8.601739968676545], [77.2480096739681, 8.602413779957628], [77.2463520882328, 8.603589690871823], [77.2489655820417, 8.605557470957441], [77.25101440474452, 8.606717455579174], [77.25198069015629, 8.608350636354823], [77.25185448404538, 8.611163374583764], [77.25144280681191, 8.620337841286961], [77.24896541944666, 8.623942922415894], [77.24835490461663, 8.624261305880536], [77.24755330465095, 8.624399147978425], [77.2469167045417, 8.624169836252422], [77.24668218047218, 8.624001646580208], [77.24601519754336, 8.624374839101815], [77.24574793078003, 8.624409686857362], [77.24544683705636, 8.62437815459462], [77.24511152830019, 8.624213662417459], [77.2450436803434, 8.624047608785997], [77.24504250175374, 8.623847876094505], [77.24507416736749, 8.623548083240442], [77.2452512854971, 8.623180376958084], [77.24399388844111, 8.621942651262913], [77.24028616217448, 8.624082103084683], [77.23456320929841, 8.62697158137469], [77.23412575939943, 8.627489324575254], [77.23350350179204, 8.628972515098138], [77.23384781975221, 8.629453771415674], [77.23365082010875, 8.62977364054182], [77.23403097815381, 8.630680511035981], [77.23277908417725, 8.632477432135127], [77.23228203644905, 8.633673417330087], [77.23210362654208, 8.635771420222625], [77.23208078867262, 8.63574895495007], [77.2297846894165, 8.637190276877671], [77.23010656746088, 8.637998261632664], [77.229673893006, 8.63932477892425], [77.22933222058431, 8.639914279584179], [77.22905096974696, 8.639763818505354], [77.22876115796494, 8.640396012187908], [77.22674872242105, 8.639512853928222], [77.22475782218945, 8.639203514649967], [77.22474258945716, 8.639203602574126], [77.22292534075655, 8.641907651634403], [77.2200554596807, 8.645056160607734], [77.2200009642823, 8.645056475886438], [77.21769972217122, 8.646823286565448], [77.21417618557211, 8.649261488072668], [77.21385206084119, 8.649751451165617], [77.21352179882027, 8.651524949373236], [77.21160690504486, 8.654916486206313], [77.21180211075271, 8.6560355730167], [77.21184544009215, 8.656193493708908], [77.21229052656933, 8.656972749144765], [77.21200024047684, 8.65717141102642], [77.21202508877593, 8.657313862662184], [77.21068601958922, 8.658989235461735], [77.2077705301481, 8.660897717028234], [77.20853862834356, 8.66302275646563], [77.20812624772924, 8.663176972764452], [77.20824329821077, 8.663775783856389], [77.205900464102, 8.665447896219122], [77.20353132372847, 8.666505512267458], [77.20085477716975, 8.668967151607596], [77.20094680507904, 8.669147705985184], [77.20159288061791, 8.670415260723065], [77.20329021770283, 8.674129131653997], [77.20415223386298, 8.675905623027734], [77.20434881848479, 8.67622461438617], [77.20582019783475, 8.678122934604541], [77.20676568365442, 8.679830264420918], [77.20711079482705, 8.679828256591987], [77.20735263297959, 8.679239404571428], [77.20789330379631, 8.679285978991057], [77.20794661072357, 8.679873172992457], [77.20740971911928, 8.680463689954374], [77.20715362021157, 8.680879639066966], [77.20683421522916, 8.682750945261592], [77.20688476432849, 8.683114916080157], [77.20674320690772, 8.684534695318167], [77.20596671754916, 8.68610730941401], [77.20464503166153, 8.687633343537994], [77.20405865096993, 8.688323569689572], [77.20343296898466, 8.690826233676374], [77.20251228744658, 8.692593997786], [77.20197363873761, 8.693677119567715], [77.20020110188362, 8.695775176598865], [77.19883077132504, 8.69754546676442], [77.19707679096985, 8.700497479524225], [77.19704009658712, 8.700561355327292], [77.196731277352, 8.701470601791751], [77.1963880526415, 8.701696379307755], [77.1956650453817, 8.702954914130517], [77.19562165855012, 8.704080488185914], [77.1951957546975, 8.706581908519068], [77.19484332225535, 8.706914181668632], [77.19494266245104, 8.707880387798715], [77.18989575650495, 8.712483068830092], [77.18893321886455, 8.712556390368327], [77.18613636273646, 8.712762260484526], [77.1847991647405, 8.713497589762447], [77.18480886385062, 8.71516011434304], [77.1843240314137, 8.716143480822105], [77.18415576168962, 8.716154144991528], [77.18353858225849, 8.716193256118824], [77.18255339269989, 8.716248583701493], [77.18194361897996, 8.716740171266917], [77.181328240671, 8.717236273351682], [77.1806442310743, 8.71832019487204], [77.18059978872226, 8.718847976360456], [77.1804614823045, 8.72049045696876], [77.18045214880867, 8.720498219257276], [77.1804641745554, 8.720803231249976], [77.18053448209942, 8.721177943641441], [77.17772084723845, 8.724032180124219], [77.17719002824552, 8.72496950680398], [77.17724450657593, 8.72575103085401], [77.17773961124811, 8.726534484485525], [77.17813787573606, 8.727070058248712], [77.17828971437528, 8.72819438586226], [77.17831096761658, 8.729371620613096], [77.17901800911886, 8.730704601976525], [77.1785024668756, 8.731405464766897], [77.17851807240869, 8.731550840463255], [77.1787115084355, 8.732019693545976], [77.17775454933299, 8.732422221531728], [77.1769447693083, 8.733523061394314], [77.1769266008817, 8.73352316527857], [77.17546875195656, 8.735931344311185], [77.17447376447313, 8.737473656122349], [77.16999157904053, 8.741850180160423], [77.17017028539158, 8.742607166073292], [77.17017676583804, 8.743736871758047], [77.17009171065199, 8.745522453727403], [77.1703871225315, 8.747120484788084], [77.17171811496546, 8.748712666850423], [77.17246905084744, 8.749632328748504], [77.17249075055142, 8.749607409149393], [77.17294190245343, 8.747480967542113], [77.17519309492847, 8.744837983633767], [77.1769811564672, 8.74379282919942], [77.17868217664484, 8.743403526862023], [77.18113451089513, 8.742544369129476], [77.1832086337496, 8.741497538157377], [77.18471765520489, 8.741678709245626], [77.18651953193438, 8.742228663542427], [77.18822041377143, 8.74259844267307], [77.18963473213452, 8.742120346755167], [77.19104904151447, 8.741642236905557], [77.19143274610833, 8.742015056716879], [77.19248001554126, 8.743229216345563], [77.19296278724295, 8.745015906149137], [77.19302735814557, 8.745490481493887], [77.1946900543965, 8.747865075156808], [77.19528641177767, 8.748445301808914], [77.19534498103586, 8.748481852502685], [77.19686404655437, 8.74960287217871], [77.19702790465207, 8.750300856502466], [77.19742978306243, 8.751048959090754], [77.19750919772679, 8.751647879922832], [77.1975763890151, 8.752124509301819], [77.19778420347629, 8.752372178198545], [77.19806805583474, 8.75276369612009], [77.19812689548581, 8.753217067660348], [77.19824447777, 8.753551663631981], [77.19824916428082, 8.754306633420192], [77.19825393074173, 8.755472993003888], [77.1986403823837, 8.756512703231264], [77.19885023512228, 8.757428460653777], [77.19902574167429, 8.758063542748948], [77.1993123024533, 8.759354092884415], [77.19975001555862, 8.760911224175828], [77.20005484537556, 8.762787291259109], [77.1991873324242, 8.765084004677492], [77.19877389808605, 8.765590405963755], [77.19726994762054, 8.766729909987514], [77.19686111355496, 8.767561803790226], [77.19686125369213, 8.768312686031987], [77.19747241171594, 8.768913754204084], [77.19817886392335, 8.76931634084186], [77.19884280515657, 8.769439022529316], [77.19941870430542, 8.769471511187408], [77.19941342760144, 8.769374976521462], [77.20015919098404, 8.769291268970015], [77.20117998077737, 8.769082043955708], [77.20197951012629, 8.769090900794945], [77.20309668555636, 8.769052820646229], [77.20380025866328, 8.768971890995186], [77.20521425902277, 8.768430381187102], [77.20615059190806, 8.767756165814525], [77.2069638987185, 8.76703290606756], [77.20766639115215, 8.765993908884056], [77.2081029059049, 8.765304478006538], [77.20847826874302, 8.76502213131294], [77.20937222540135, 8.764876837935025], [77.21037752374761, 8.765119473254325], [77.21204923369415, 8.765923183195598], [77.21291510722008, 8.766401647160661], [77.21333819934587, 8.766507572192646], [77.21387401476842, 8.766490937093138], [77.2143606357511, 8.766582959716178], [77.21481274346057, 8.767000594760097], [77.21522461832339, 8.76751333867264], [77.21553955957715, 8.767764546815009], [77.2158985030085, 8.7677896125752], [77.21657402262743, 8.767568760734562], [77.21705957910648, 8.767489092350264], [77.21753311882196, 8.76768967091441], [77.21794456069682, 8.768125572436745], [77.21840321802301, 8.76887301147946], [77.21843410300079, 8.769201188667969], [77.21862435270324, 8.76948323565575], [77.21862902933263, 8.770025727625047], [77.21834299945795, 8.771110780211119], [77.21780235199748, 8.771657918368437], [77.21713916355243, 8.772865117608472], [77.21651675143478, 8.773579539450743], [77.2149673417243, 8.774551854834483], [77.21442666372113, 8.77501309323136], [77.21389077194175, 8.776518630270164], [77.21330939396798, 8.777856907119496], [77.21302732925695, 8.7786031085198], [77.21304194754158, 8.77862477685658], [77.21367178243842, 8.779122679499189], [77.21441311173675, 8.779276585083377], [77.21714531970709, 8.778885475071432], [77.2195461373725, 8.778541461131544], [77.21971899119946, 8.778572130795073], [77.21979757582051, 8.778806664946545], [77.22002755441473, 8.779420012018944], [77.2200394741602, 8.77944900723805], [77.22068702742773, 8.780193292252811], [77.22261473567065, 8.782012094864985], [77.22402111562158, 8.783228456942737], [77.22452653205494, 8.783442395197898], [77.22564077448557, 8.78365730456074], [77.22672696971644, 8.783759347735097], [77.22848498350726, 8.783762587242773], [77.22922698923699, 8.784042911526251], [77.22971675791639, 8.78466360073648], [77.22969928298919, 8.784888304233926], [77.22987140828243, 8.785289601358782], [77.22987607952194, 8.785750717208568], [77.22988085137273, 8.786578017651015], [77.23022194707598, 8.787495645144226], [77.23047669671416, 8.788413294335372], [77.23069515890641, 8.789579592952274], [77.23120453152029, 8.79093569065813], [77.23112741294976, 8.791437517539853], [77.23059151667883, 8.792771284883342], [77.23067797144009, 8.793151005414174], [77.23101448304045, 8.793901365347129], [77.23101920997547, 8.794561394831865], [77.23085594117258, 8.795777524853486], [77.23044729215997, 8.797115781886244], [77.23045159958176, 8.797866289140686], [77.23076587159063, 8.798304665735294], [77.23140133802598, 8.798987783783353], [77.23190406580171, 8.799486369260748], [77.23214311199037, 8.800064882679111], [77.2324388122291, 8.800478700908066], [77.23265731933711, 8.801753497088889], [77.23266220527393, 8.802960541497766], [77.23225829936602, 8.805008555787179], [77.23201780239812, 8.806342246712166], [77.23195413070911, 8.807153885202998], [77.23300319946756, 8.807040121644448], [77.23435190218738, 8.806968868489482], [77.23515749696115, 8.807217091110308], [77.23714904667469, 8.808285313695702], [77.23878842625412, 8.808948884380937], [77.2402166038254, 8.80923864113526], [77.24174242557315, 8.809148306890895], [77.24230703020396, 8.809366299470366], [77.24295779045703, 8.810315966733041], [77.24410079784138, 8.812288436020015], [77.24467238687352, 8.812908601171268], [77.24574302597857, 8.813417418252035], [77.24670699553356, 8.81431995832226], [77.24740529103819, 8.815612691651998], [77.24755640653362, 8.81624351163329], [77.24788715274649, 8.817038293156473], [77.2468469575464, 8.81887856561234], [77.2464839240856, 8.820632731747128], [77.24649353695743, 8.822260201515826], [77.24689462215538, 8.823400286606278], [77.24707721910994, 8.823721590957268], [77.24818320242986, 8.824808519858179], [77.24909437440233, 8.825241400828993], [77.2531315012055, 8.827776811335818], [77.26399115562349, 8.84206893499998], [77.25979898948371, 8.851429679461678], [77.2628581267253, 8.853265377671155], [77.26251184145464, 8.85527372686652], [77.26144928988205, 8.856567503300917], [77.26143850740372, 8.856647942453918], [77.26137254321411, 8.856660949407857], [77.25727493104617, 8.861650015163885], [77.2600483438403, 8.86526587431989], [77.25982517806919, 8.869456811287549], [77.25833876990457, 8.874972032966614], [77.25667652370954, 8.87824356657936], [77.25629870936903, 8.878284310546398], [77.2561221949073, 8.878847605678171], [77.2553310809759, 8.879340102790419], [77.25447636722075, 8.879710515175693], [77.25331262582131, 8.879841219997964], [77.25190345660141, 8.879849777738487], [77.24896313772584, 8.879820589824943], [77.24718481751803, 8.879782039160718], [77.24593476778274, 8.879836675750694], [77.24490300686483, 8.880189610050467], [77.24317596698504, 8.881229905600435], [77.24198070729554, 8.882075641750447], [77.24056273817911, 8.883043500660543], [77.23891305761832, 8.884440893298928], [77.23757246488891, 8.885792980883378], [77.2377956549145, 8.887284762545319], [77.23814619191141, 8.8889844624943], [77.23830138396157, 8.891091084070757], [77.23830851568663, 8.891958891359241], [77.23973640130545, 8.893659309805845], [77.23979276430134, 8.893961737456774], [77.23972706691134, 8.894093819054719], [77.24015261053954, 8.894589601660705], [77.2390577187184, 8.896777961482224], [77.23846253004545, 8.897858591391177], [77.23819890954385, 8.898003330056984], [77.23606721725612, 8.899165768904947], [77.2347718232602, 8.899844242737961], [77.23397641538178, 8.900301060800336], [77.23254017543081, 8.901282455565603], [77.23155385758817, 8.90183425422169], [77.23023573082571, 8.902562447580056], [77.22886758496989, 8.903263524848551], [77.2278630421068, 8.903702299510265], [77.22632662742521, 8.904190937234132], [77.22569929433647, 8.9042408256656], [77.22502647325665, 8.904195789137997], [77.22434905819247, 8.903960881303258], [77.22297142433061, 8.903206260340575], [77.22201231016973, 8.903545551798175], [77.2211487048899, 8.904065647688624], [77.22088971700022, 8.904594636359786], [77.22038998510597, 8.905892210288412], [77.22001298643575, 8.907162629761855], [77.21987230577068, 8.90814366443425], [77.21976829792877, 8.910336249193035], [77.2196823013083, 8.911846197613908], [77.21954157123588, 8.912637360906535], [77.21901910118517, 8.913962063616957], [77.21880551594661, 8.914296647739802], [77.21856463270316, 8.914540823819683], [77.21821036679951, 8.91588356880728], [77.21816840289932, 8.91665910407752], [77.21940900864604, 8.917830193984981], [77.22107353207029, 8.919768283039028], [77.22171939740336, 8.920835658378138], [77.22379541480474, 8.924266442295595], [77.2213048859852, 8.927519190106208], [77.21462755486644, 8.929417072473495], [77.21036716617242, 8.932000017402112], [77.20626561489196, 8.929646991678023], [77.20326924204097, 8.925743761515617], [77.20294134977573, 8.923143711185617], [77.20249135490384, 8.92344108708104], [77.20096406710553, 8.924675540602967], [77.20004573376363, 8.92472544043582], [77.19913190098131, 8.924540258411332], [77.19729969622949, 8.924192493645574], [77.19522659655614, 8.924129568770853], [77.19464924303485, 8.924233644267888], [77.19367198739681, 8.925264540830721], [77.1927129127618, 8.926313512430124], [77.19238118019877, 8.927131822023691], [77.19231313012105, 8.92794556660837], [77.1923726488985, 8.928498196442654], [77.1930108740601, 8.929270873122366], [77.19375897126578, 8.930504678617663], [77.19479203204591, 8.931519904203967], [77.1956098546873, 8.932251690993581], [77.19604510730706, 8.932841130681922], [77.1962817298411, 8.933335657365335], [77.1967332985614, 8.934138222630157], [77.19692892378248, 8.934829861069574], [77.1970563578904, 8.935544113918873], [77.19696562175848, 8.93655225546847], [77.19603859991115, 8.938916765774891], [77.19547052868168, 8.940164588847578], [77.19492063126869, 8.941367199999679], [77.19406613400753, 8.942664797579278], [77.19380257818463, 8.943433368419644], [77.19380722067798, 8.943957773431105], [77.19427578642178, 8.945476660653409], [77.19473688267396, 8.946803257547192], [77.19534059995222, 8.948006614355211], [77.19620070988732, 8.949723237920503], [77.19621738351731, 8.949799671372446], [77.19629982909746, 8.94996539899643], [77.19669102923402, 8.950996056810633], [77.19688668679446, 8.95180523401392], [77.19672778649881, 8.953021339988918], [77.19644156707962, 8.95416965677594], [77.19620524368457, 8.954698625123994], [77.1956097567709, 8.955349715412911], [77.1953734163079, 8.955801829259473], [77.19477350069988, 8.957103905335575], [77.1946098914355, 8.957483674131757], [77.1939870831608, 8.957944896720997], [77.19259592067078, 8.95859611696136], [77.19141845121717, 8.959274421665912], [77.19101393804813, 8.960079177398374], [77.1907322596127, 8.96132694563401], [77.1906187449001, 8.962213027599784], [77.19060530071359, 8.963338692480653], [77.19066013118359, 8.964898336867767], [77.1906193557545, 8.965734678300285], [77.18999198134325, 8.966191372088606], [77.1888690872381, 8.967122821441981], [77.18750074105796, 8.968538022033632], [77.18640510004192, 8.969388086522295], [77.1854686045616, 8.970301412868384], [77.1848184551629, 8.970595357092707], [77.18377711461085, 8.96983150304221], [77.18247662986221, 8.969194263323091], [77.18090794230577, 8.96891419405673], [77.17919834321718, 8.968900859236507], [77.17812079606757, 8.969217450167667], [77.17773900219035, 8.97021657984077], [77.17717550158905, 8.97244085081416], [77.17679829900123, 8.973810679765108], [77.17642109012523, 8.975153383607267], [77.17585292367433, 8.976595566236794], [77.17559385942786, 8.97742289136878], [77.1754530610835, 8.978598297708153], [77.17536224589983, 8.97953410027891], [77.17544425489875, 8.980777291476585], [77.17552169237122, 8.981830611334107], [77.17552632498311, 8.982477075392401], [77.17536270673557, 8.983028623250098], [77.17464901231033, 8.984412051686702], [77.17405811488948, 8.986066707863886], [77.17372631225783, 8.987074868952215], [77.17353544002289, 8.987893142039592], [77.17349464483091, 8.988896748946482], [77.17362211127815, 8.990072123397589], [77.17348586110406, 8.991342464601434], [77.173294911614, 8.991568523128288], [77.17093964033012, 8.992540743187114], [77.16957101926553, 8.993006522602872], [77.16788407479012, 8.993277940100725], [77.1654150776896, 8.994033140887014], [77.1633189137713, 8.99459390229337], [77.16159106001788, 8.995159140869584], [77.16109094633964, 8.995905102183809], [77.16030439674822, 8.997057951125175], [77.15953600929522, 8.997971197983833], [77.15850844530632, 8.999078854967962], [77.15856770536902, 9.000778643480889], [77.15804876929062, 9.001642500968295], [77.15607356172875, 9.003943903379403], [77.15643656015526, 9.005342725393945], [77.15667290061832, 9.006846226422438], [77.1567730097719, 9.007618419634326], [77.15489224299414, 9.007082571660952], [77.15345628870742, 9.007185843505672], [77.1526705152604, 9.007303400733946], [77.15139691978318, 9.007948018210154], [77.15019345937347, 9.008917602638833], [77.14926840303997, 9.009693892210198], [77.14929673859898, 9.009755866229433], [77.14997921027991, 9.011097084639317], [77.15030206119974, 9.01186798317673], [77.1504462857186, 9.012292424054568], [77.15044997779444, 9.01230329079063], [77.15053807826928, 9.012562560121394], [77.15062840746435, 9.013221832238695], [77.15068342388562, 9.014057557262554], [77.150695548447, 9.014563632217952], [77.15064367792587, 9.015011331028395], [77.15047030846596, 9.015667618513719], [77.15029225608842, 9.016301336705965], [77.14994689248923, 9.017085159709834], [77.14949848314382, 9.018122655143136], [77.14911103706683, 9.018712398921714], [77.14880918067347, 9.01917058915142], [77.1483042637034, 9.019883031927101], [77.14729715884512, 9.021005116887563], [77.14700999349995, 9.021366285015706], [77.15017670938667, 9.021413120462555], [77.1523558839254, 9.02172579548871], [77.15366253021857, 9.02207069251071], [77.15458940384387, 9.02276566237554], [77.15800981115336, 9.026180224724325], [77.16093707301631, 9.029217952922114], [77.16102987976495, 9.029569800955853], [77.1611750978205, 9.029750143899745], [77.1613648678226, 9.030309409971869], [77.16143289903569, 9.031036596960876], [77.16148891618019, 9.03131009293675], [77.16152690593354, 9.03145412014452], [77.1616282781184, 9.031772076705241], [77.16183637195566, 9.032353830440984], [77.16201719024595, 9.03293574470347], [77.16203787934523, 9.033351384879206], [77.16195770650278, 9.033627522873928], [77.16188145480652, 9.033799697365131], [77.16101114989127, 9.03498880550158], [77.16060995779378, 9.035560564531483], [77.1605168483129, 9.035680435122362], [77.16274715405929, 9.036993732134901], [77.16348787340155, 9.037721453902309], [77.16384518010243, 9.038180308416113], [77.16395290966457, 9.038435565149102], [77.16403767918635, 9.038523153663064], [77.16417543314022, 9.038748303482645], [77.16439115547087, 9.039085976936446], [77.1647097331049, 9.039893040962676], [77.16496371019194, 9.040542311896848], [77.16534749473584, 9.041606583318982], [77.16554889163262, 9.042056963241212], [77.16687515264002, 9.044678973543332], [77.16701279699942, 9.044890538208623], [77.16840240540401, 9.045424653313534], [77.17069361333338, 9.046197448807382], [77.17265130644215, 9.04669655717645], [77.17491219263744, 9.046954322026403], [77.17869061002871, 9.04709459924848], [77.18138069419875, 9.046915962974797], [77.18284811826649, 9.046771682017907], [77.18425871221442, 9.046252621047369], [77.18477528752024, 9.045978404525078], [77.185176731146, 9.045460870071937], [77.18574365253193, 9.044485900428652], [77.1861194330866, 9.043480453703063], [77.18644460435485, 9.043126046520896], [77.18692886276833, 9.0427751547668], [77.18804352291558, 9.042926680018407], [77.18891869220809, 9.043328209206685], [77.18983918689658, 9.042943133101906], [77.1907944140472, 9.043045873923875], [77.19245217854724, 9.0435511550065], [77.1930836474796, 9.044252390177526], [77.19439382774507, 9.045161871453036], [77.19717519062944, 9.046550661534809], [77.19685997089792, 9.046814860031624], [77.19737515112011, 9.047089083013647], [77.19702226952032, 9.047375888079795], [77.19618047174228, 9.048009053731006], [77.19552224559088, 9.048921313778237], [77.19520267891173, 9.049451953319462], [77.1951944018347, 9.050328718229649], [77.1955645230031, 9.052116104177928], [77.19580937590179, 9.053492989711101], [77.196431362218, 9.055572622230939], [77.19666444449147, 9.056511220211318], [77.19671144255052, 9.056634893988091], [77.19729513817775, 9.057332329868016], [77.19833207339167, 9.058162079011078], [77.199065422057, 9.059147346411699], [77.1991188538501, 9.059267100030771], [77.19915958077016, 9.059311811243708], [77.1995863218526, 9.059946471945079], [77.19995808963294, 9.060953623782673], [77.20071265111541, 9.061654582841006], [77.20265596848469, 9.06350923887209], [77.20495014714274, 9.065492800557477], [77.20533416075702, 9.065842984418191], [77.20541021302729, 9.066266139279366], [77.20543151118434, 9.066283631854189], [77.20559231231518, 9.066553822345623], [77.20609771976535, 9.068887203914276], [77.20648509397715, 9.070254645163388], [77.20699993194118, 9.071377692580967], [77.20724719501978, 9.071721795984413], [77.20831587040762, 9.073208994917689], [77.20864718076253, 9.073862295084535], [77.20864805302666, 9.073878820378916], [77.20879007307983, 9.07415400203438], [77.20890724842714, 9.074722714673756], [77.20896353506622, 9.075002565222686], [77.20897856657588, 9.075228432896843], [77.20857790628105, 9.075881584793825], [77.2081935944261, 9.076236374818253], [77.20736223417339, 9.077095459001224], [77.20658895359702, 9.080005888264283], [77.20630129867, 9.081291042035023], [77.20568342124788, 9.083594976159336], [77.20560332745718, 9.083880159817408], [77.20568811674188, 9.084358682436097], [77.20567553763297, 9.084505235099373], [77.2059348866454, 9.084561435750992], [77.20615453012226, 9.084804157497501], [77.20632099153764, 9.085259587316191], [77.20631507343657, 9.085312316841229], [77.20632608588365, 9.08532197055517], [77.20651894698862, 9.085628120797859], [77.20652142364385, 9.086030860961632], [77.20723123016053, 9.086903520015131], [77.20835612122056, 9.088708773267827], [77.20871111835287, 9.089495818951885], [77.20874386913147, 9.089546481949279], [77.20906998812235, 9.090077792350055], [77.20987533316443, 9.092373219250927], [77.21003862622186, 9.093045594576262], [77.2102172319616, 9.093989027252764], [77.2102527917721, 9.09459437880436], [77.2101101159488, 9.095792805149614], [77.21011195300355, 9.09609105640974], [77.21016393491577, 9.09635987350624], [77.21127227002512, 9.098678004001082], [77.21206627114182, 9.099888866730586], [77.21396928739253, 9.099579008563067], [77.2144323752097, 9.09946779701124], [77.21571654565442, 9.099812492570177], [77.21805847965126, 9.10063878697711], [77.21865584584049, 9.10092890921705], [77.21898691544686, 9.101761920104405], [77.21908278185738, 9.101830826158814], [77.21942612334884, 9.102867008088348], [77.21984730296137, 9.103926719104289], [77.22042206753804, 9.104976163542329], [77.22072431380022, 9.105326810855049], [77.22173119318136, 9.105673158559895], [77.22318788777137, 9.105962534301106], [77.2240297690927, 9.106092929509572], [77.22457632567115, 9.106247791497674], [77.22531143593277, 9.10675847315748], [77.2260796149766, 9.10745876075623], [77.22654898381425, 9.108373222751773], [77.22659662776198, 9.108691574184947], [77.22663799607912, 9.108767439979045], [77.22686038570578, 9.109430412597435], [77.22696718910485, 9.10978678013916], [77.22700418172828, 9.11061807802311], [77.22704535600933, 9.111390601752758], [77.2269457912348, 9.112200127675749], [77.22671214122605, 9.11291959346758], [77.22709872761529, 9.114190141204041], [77.22806620149821, 9.116240331564782], [77.22866247264106, 9.11634518720426], [77.23032391843716, 9.1166603757022], [77.23095199263602, 9.116764951823617], [77.23362639042458, 9.118397964880398], [77.235512116801, 9.119683308904005], [77.2367138758016, 9.120647511232264], [77.2381049727146, 9.121343943496544], [77.23922776261519, 9.122037458096289], [77.24062128947102, 9.12314052053326], [77.24144225801255, 9.124269739224458], [77.24212591726625, 9.124536653904538], [77.24329434607485, 9.12452949091252], [77.24522752415955, 9.124241806549438], [77.24576542996178, 9.124161753209592], [77.24693209178419, 9.12388342675543], [77.24796993968646, 9.126590829290379], [77.24896090541236, 9.12901145760556], [77.24956444751913, 9.12981212831477], [77.25035472062739, 9.131554786990959], [77.25051401977505, 9.132260697851466], [77.25119844169845, 9.133629708814667], [77.25169404134238, 9.134822752705567], [77.25187530789199, 9.135829868519957], [77.25196243459308, 9.136230620387897], [77.25339670274201, 9.139641657767928], [77.25607479260637, 9.14067750996296], [77.25625345943153, 9.140936620876133], [77.25685398140236, 9.142222791830484], [77.25741905405542, 9.143020291443104], [77.25762400378918, 9.143168904256681], [77.25831204502484, 9.14353717045087], [77.25965265482226, 9.144155882484], [77.26083565610136, 9.144556966438044], [77.26038591365605, 9.14517155351616], [77.26139526430259, 9.145903404783253], [77.26205964032039, 9.149598820814644], [77.264422937153, 9.151172667654171], [77.26528324920905, 9.151491799462987], [77.2665611260569, 9.152100309194124], [77.26697947148472, 9.152875132272333], [77.26779965130542, 9.153421294028597], [77.26583570771886, 9.16492337071547], [77.2660122617065, 9.16545207146739], [77.2661401728198, 9.16613730037663], [77.26611063711158, 9.166656852422328], [77.26631211485677, 9.167445714380559], [77.26655479832405, 9.168057818644003], [77.26697569406895, 9.168793970955752], [77.26714407608242, 9.169094664675148], [77.26719823820585, 9.16962431433748], [77.26719992973354, 9.170102201348753], [77.26711825939948, 9.170663489937366], [77.26719488120165, 9.171629398765509], [77.26723328597664, 9.171949065580504], [77.2682456855052, 9.17533717823435], [77.26481993950797, 9.184695387641758], [77.26428277571418, 9.186162688434855], [77.25919246407189, 9.186495110199601], [77.25247415809805, 9.189546390942395], [77.25326860118585, 9.191539871792536], [77.25330429125209, 9.191593320727174], [77.25449161073279, 9.193178736448795], [77.2557624241276, 9.19471191238009], [77.25639330107012, 9.19567590586669], [77.25673062654417, 9.19643313428964], [77.2567105509942, 9.196672151139204], [77.25627373081424, 9.197359339755137], [77.2557220529404, 9.19809887096701], [77.2563019271344, 9.19942665356135], [77.25670905979082, 9.199217463911884], [77.25739859492482, 9.199017680910735], [77.2588408535882, 9.198742560215395], [77.26004290364293, 9.198561771414312], [77.2609946956359, 9.19858962907913], [77.26217671056486, 9.198658237935794], [77.26368196897745, 9.198455602787563], [77.26421569671528, 9.198557632003677], [77.26476168825339, 9.199168676947979], [77.26551743102044, 9.199945211523831], [77.26642945998569, 9.200554976252942], [77.26717261286406, 9.200728990092886], [77.26868955476523, 9.20086912882884], [77.27025808421818, 9.20081168911259], [77.27067666769958, 9.200882944509123], [77.2708767036487, 9.201256244340343], [77.27098391398462, 9.2019934848997], [77.27093754923787, 9.203655878948448], [77.27089827219868, 9.204372854959926], [77.27070234244871, 9.205152713163617], [77.27150046593422, 9.206074528580578], [77.27193144167492, 9.206685963118492], [77.27247831356203, 9.207535935247115], [77.27305574703338, 9.208157241984312], [77.2740525554019, 9.209067962695253], [77.27484980572497, 9.20974043756905], [77.2753116098496, 9.210195923867595], [77.27553354133549, 9.2108392550222], [77.27577732164573, 9.211742232987213], [77.27727622807093, 9.212671949695856], [77.2779478427133, 9.213303302877804], [77.27878881134632, 9.214495058250892], [77.27936611905355, 9.215074796536918], [77.28025830513249, 9.215965086245497], [77.2809505504837, 9.216513247859318], [77.28172534472132, 9.216749449104645], [77.28221741937607, 9.216893150524893], [77.282345580221, 9.217630307033476], [77.2824114006802, 9.218481964186294], [77.28238535672348, 9.2189896718694], [77.28266540292006, 9.219274435748565], [77.28232002135455, 9.219789316662071], [77.28209594109852, 9.220914084255424], [77.28182487535986, 9.221153988989423], [77.28122212916038, 9.221425985218959], [77.2787577952145, 9.225099532462634], [77.27817276109754, 9.226423705820848], [77.27746592530946, 9.227641706372617], [77.27703276756094, 9.228075039588091], [77.27528876209865, 9.234843703930592], [77.27654551057105, 9.237101799573901], [77.27722946357386, 9.237512005794112], [77.27811046472918, 9.238184167552008], [77.278520168364, 9.238681383366808], [77.27886831494394, 9.239511262070044], [77.27932326492294, 9.240953706531165], [77.27970635327247, 9.242770404695605], [77.27980322130449, 9.243528449781884], [77.27976254558844, 9.243850649459894], [77.27908818299959, 9.244969752631896], [77.27854187345787, 9.249072970446562], [77.27860010225459, 9.249256997960156], [77.27849659297767, 9.249558642854225], [77.27844054079887, 9.249834044887425], [77.27842867495228, 9.249923163153522], [77.27873101014768, 9.250752534799958], [77.27898215933818, 9.251597429380837], [77.27898643981052, 9.251998815371676], [77.28102000193324, 9.253685590859035], [77.28131810426706, 9.25406376886596], [77.28140847747957, 9.25414307025202], [77.28140921769135, 9.254179357089189], [77.28184334382378, 9.254730090753894], [77.28246183210025, 9.256109061882125], [77.28262083121061, 9.257103650512327], [77.28253395963104, 9.25864969087613], [77.28215600156008, 9.25965769292689], [77.28156856085646, 9.261244282489429], [77.28155581286426, 9.26135600984532], [77.28156574643467, 9.261842299208267], [77.28158910173373, 9.262985586579184], [77.28159982492328, 9.263427767996335], [77.28238654249965, 9.265380907912867], [77.28344173956499, 9.267388366324303], [77.2832420315009, 9.267925461284214], [77.28354679484252, 9.268338692055789], [77.28352924535513, 9.26869235346788], [77.28332167972727, 9.272876800847467], [77.2827296064117, 9.273336509808876], [77.28307606236228, 9.273518274488891], [77.28464595006798, 9.273857748162595], [77.28752191363661, 9.274070977942712], [77.28845019671861, 9.274283688061708], [77.2882036253428, 9.274972718343744], [77.28845925083836, 9.275048170838705], [77.287894724361, 9.275857175431126], [77.2876440351079, 9.277443854031295], [77.28779084857143, 9.279315987226537], [77.28796629673293, 9.280341239085], [77.28791696395247, 9.280676890416343], [77.28793893315104, 9.280911264842393], [77.28796169017215, 9.281105713978269], [77.28778391447572, 9.281978147236213], [77.2870646531907, 9.283243704952216], [77.28642726525892, 9.284084389157861], [77.28538476767679, 9.285648275606029], [77.28516728824144, 9.286161288047971], [77.2851113788948, 9.28648405324069], [77.28555710676908, 9.287460632631653], [77.28557262516563, 9.287628106962096], [77.28559807982752, 9.287682591865517], [77.28580728577909, 9.28831555514643], [77.28517456369691, 9.28901609610973], [77.28461009920332, 9.28936858151575], [77.28453706437406, 9.290444484332253], [77.28378148330376, 9.29076070209378], [77.28313586410908, 9.291922041556427], [77.28312560534853, 9.292541187753809], [77.28378509183625, 9.294033181132145], [77.28356693866448, 9.294547798308319], [77.2836575661002, 9.294879013178805], [77.28333879802331, 9.295688045574046], [77.28311107150556, 9.296388769481872], [77.2821362116744, 9.298682951990395], [77.28253665098363, 9.299579675243637], [77.28279947557789, 9.300893233903398], [77.28296704371773, 9.301419846029333], [77.28423381649036, 9.30092728988973], [77.28473444580158, 9.300855094669862], [77.28548533047955, 9.300977352609143], [77.28654098838065, 9.301669292202039], [77.28707796262994, 9.301845739123479], [77.28802462075109, 9.301669680490503], [77.28841598617765, 9.301760194243059], [77.28877545871669, 9.301990840114449], [77.2891301153875, 9.303283835349633], [77.28936209542813, 9.303781165508619], [77.28968513050262, 9.304138379691636], [77.29159656845913, 9.304156944713098], [77.29272062678089, 9.304369693299668], [77.29360341288867, 9.304871701722846], [77.2942267278132, 9.305635842929835], [77.29520945868288, 9.306933504469207], [77.29597826834404, 9.308335088445945], [77.29721159773698, 9.308425791067789], [77.29742542282575, 9.308769410685597], [77.29763821395359, 9.309529560403444], [77.29773024904942, 9.30970118266411], [77.29777247435936, 9.309793402589957], [77.2982261047132, 9.310170997052435], [77.29945927330768, 9.311021161307833], [77.29939089264995, 9.311766490425926], [77.29942278913072, 9.311821764081692], [77.2993012479711, 9.312785741544161], [77.29936850842968, 9.313770741706193], [77.29942733460607, 9.314330089548138], [77.29970420076653, 9.314809517685413], [77.30055953615589, 9.316138779611407], [77.30197000523798, 9.318037764186343], [77.3021595344916, 9.31843840303849], [77.30262524718603, 9.319096251190915], [77.3024338772844, 9.320018346543176], [77.30231541734622, 9.320596979852331], [77.30200570338907, 9.322007396575135], [77.30195824898585, 9.322918193531425], [77.30197348800637, 9.323037597363337], [77.30194398643411, 9.323191925463554], [77.30193716372952, 9.323322884943424], [77.3017592829302, 9.324697051897965], [77.30056201909933, 9.326080139019476], [77.29953780492812, 9.327029278903387], [77.29837242320498, 9.327937665826646], [77.29766678127795, 9.328728569444145], [77.29721153665153, 9.329334214770611], [77.29722677297707, 9.329896166829393], [77.29736143672636, 9.330029983420209], [77.29853371661257, 9.33037560195137], [77.29858170461505, 9.330374632196419], [77.29950513679451, 9.330048560361806], [77.3004518793573, 9.329800139669647], [77.30091602808481, 9.330225183529828], [77.30091594364316, 9.330613773331475], [77.30107527153692, 9.3308269658575], [77.30045609964249, 9.331807787903646], [77.30028581859048, 9.33310373267793], [77.30032364395217, 9.333443746857398], [77.30028502178482, 9.33360071632402], [77.30033267561403, 9.334176556153233], [77.3000139686226, 9.334922416427405], [77.29992718328131, 9.336151946448574], [77.29997996289751, 9.336804627972164], [77.30137414821846, 9.337508037655704], [77.30219794016493, 9.337634798144155], [77.30306284351038, 9.33706086715847], [77.3043825953252, 9.337915553084926], [77.30572528831574, 9.337897754831738], [77.30904801731285, 9.337170615767711], [77.30994018812041, 9.336745854277785], [77.31003130334133, 9.336298329122714], [77.31074602723592, 9.335539002681447], [77.31255756714293, 9.33521838803519], [77.31553881326286, 9.33497031052506], [77.31712722872129, 9.33521923279171], [77.3183241475991, 9.335893020752113], [77.32002156104085, 9.337633759269274], [77.32067241112546, 9.337701678811547], [77.32403149314545, 9.337150711358593], [77.32521031456356, 9.337223226160404], [77.3251337646266, 9.339187309892736], [77.3252781670119, 9.340722659257075], [77.3251004335363, 9.342020116761587], [77.32520155059964, 9.344594198527094], [77.32529564373576, 9.34500778277805], [77.32595538265011, 9.346657917816561], [77.32668348874742, 9.347706817641022], [77.32773802734766, 9.348640889479565], [77.32894991844633, 9.34971431747632], [77.3301922714163, 9.351549876190154], [77.33169398507674, 9.354144931675], [77.33178098691202, 9.35427281090898], [77.33325038098519, 9.356432584821391], [77.33426517721892, 9.358390154442937], [77.3357077583775, 9.361147927740584], [77.33572907899244, 9.36180676684118], [77.33577603213574, 9.36191690739053], [77.33580786483614, 9.362002839915798], [77.33574202102076, 9.362206679073664], [77.3357440404335, 9.3622690505916], [77.33570548833477, 9.362319780788797], [77.33538441338426, 9.363313768528826], [77.33566929611031, 9.364032128671036], [77.33661775355694, 9.364294404197024], [77.33724581607774, 9.3650901133938], [77.33727670195381, 9.365758529018324], [77.33734137526439, 9.365877174520799], [77.33747896752152, 9.367255458963315], [77.33774166275838, 9.367788992388997], [77.33772146593583, 9.368118443910987], [77.33797834547954, 9.368707194551952], [77.33730458476192, 9.369918656111125], [77.33706405365807, 9.370337098342635], [77.3369766269197, 9.37057813002858], [77.33663630017432, 9.371198136349596], [77.33663977665447, 9.371609253332023], [77.3360609283365, 9.372601581880271], [77.33608569399058, 9.372734155376838], [77.33641191628769, 9.374167887306326], [77.33644197661204, 9.374641316888301], [77.33655276044615, 9.375234329397617], [77.33655853930837, 9.376005509595819], [77.33679383682737, 9.377336902555164], [77.33520962458616, 9.378485004642519], [77.33457228426512, 9.378905265883123], [77.3343610355446, 9.380097022105952], [77.3344763172433, 9.381323356799921], [77.33506346329955, 9.381893032266134], [77.33519194304641, 9.382592564454969], [77.3352410126205, 9.382666588004788], [77.33575056040583, 9.384719012255959], [77.33592790221599, 9.38626056921047], [77.33603793326186, 9.386547879734083], [77.33651948055982, 9.387430988543422], [77.33889570414935, 9.387340863094725], [77.3394100767861, 9.387517228496181], [77.34132172764333, 9.38991337801236], [77.34110391493302, 9.390313443085342], [77.3411851352111, 9.390795349128638], [77.34035653009136, 9.39212432426128], [77.33974087959284, 9.392844127864443], [77.33969953822516, 9.393779275625883], [77.34044272703613, 9.394823128507158], [77.34067483643418, 9.395347601779061], [77.3414046214828, 9.396874818711867], [77.34201740276227, 9.397942090495208], [77.34342912050263, 9.400763586301697], [77.34361047508712, 9.401025811890037], [77.34381980770114, 9.402201197481862], [77.34260413200022, 9.404375507792968], [77.34109712905936, 9.405794803150307], [77.34072835985542, 9.406147341360455], [77.33859305095037, 9.408203947706054], [77.33716342080324, 9.410201940969626], [77.33644384510784, 9.412367180132899], [77.33698541962968, 9.414148399432671], [77.33702630105995, 9.414275007857071], [77.3371856235638, 9.414803882711665], [77.3375087305035, 9.415821143385692], [77.33811853566446, 9.417679187944733], [77.33835711652581, 9.418328819111023], [77.33877383510466, 9.419333315167723], [77.33929727982746, 9.420242022398956], [77.3396341067365, 9.420825221897775], [77.3406629193836, 9.421485350362556], [77.34284842884175, 9.422759668503224], [77.34382678491598, 9.423330108773454], [77.34452322180628, 9.424523622629769], [77.34461234276732, 9.424774515326442], [77.34463254138649, 9.424795300010313], [77.34467301498162, 9.424945320301497], [77.34531972562937, 9.426765931199078], [77.3454424112427, 9.429360778710901], [77.34636643900517, 9.431245967421173], [77.34709928910551, 9.43282825351911], [77.3484922769722, 9.43461854879498], [77.34849216737774, 9.435956227658036], [77.34866972747851, 9.436639738604784], [77.34866952535756, 9.439248131097148], [77.34892242985613, 9.440576468823236], [77.34928227250104, 9.441200231004384], [77.3494797743028, 9.441436948289478], [77.34964986940354, 9.44161226435689], [77.3507725892355, 9.442769421182593], [77.35233938943155, 9.444596900356665], [77.35244525768441, 9.444707742958526], [77.35407320350693, 9.445902471260194], [77.35630857125993, 9.447674712822288], [77.35666365463048, 9.448420638029672], [77.35727776631494, 9.45004965567295], [77.35734194016219, 9.450219888093699], [77.3579655847684, 9.45224516264323], [77.35859279029641, 9.453584689722145], [77.3586645593994, 9.453705296189197], [77.36021915059241, 9.455545349699737], [77.36192190362023, 9.457349167603372], [77.36592394492337, 9.460188301875416], [77.3663325229691, 9.459990081642557], [77.3709551483183, 9.457747343333581], [77.37281280683368, 9.456734770705824], [77.3736187187127, 9.454447358166295], [77.37415142865937, 9.453592972241282], [77.37711998248263, 9.452883276506926], [77.37810343200454, 9.453457401901431], [77.3790500748543, 9.454103127894175], [77.37981992117132, 9.454628249232147], [77.38085801521197, 9.4551616823778], [77.38151820418227, 9.45530181994746], [77.38285166788161, 9.454680209982705], [77.38323468077266, 9.454501660940544], [77.38444579033701, 9.45495371201924], [77.38624880343535, 9.455541366634382], [77.38689078535145, 9.455753823897078], [77.38709195227956, 9.455916341687441], [77.38855268569507, 9.457096412104294], [77.38971138035926, 9.457845857762468], [77.39055152344051, 9.458389255462114], [77.3925367067936, 9.459456056981326], [77.39242507405157, 9.459610603441494], [77.39253679393019, 9.45969612977643], [77.3920815915246, 9.460622884050911], [77.39169003385857, 9.461120120633323], [77.39172650186583, 9.462259288869628], [77.39238414590892, 9.463910455224763], [77.39244585028747, 9.464039959713928], [77.39239581682111, 9.465188197104535], [77.392097365941, 9.46623152469046], [77.39202261712619, 9.466716606755677], [77.39197253874406, 9.466987890218709], [77.39170162302405, 9.467660415071807], [77.39150754829512, 9.468374413223355], [77.39152665096964, 9.468850659858653], [77.39282094722427, 9.469432438197565], [77.39303345897605, 9.469527959663264], [77.39465726356511, 9.470229787274123], [77.39479569754366, 9.470066331697163], [77.39641660237098, 9.470066242203808], [77.39719520816033, 9.470432394745155], [77.39814692020325, 9.471449480530033], [77.39852034447698, 9.47276491065023], [77.39862056951321, 9.473112981046505], [77.39897125652877, 9.474387772668932], [77.3999839246536, 9.475763642849422], [77.40054904222245, 9.476244134082075], [77.40159871464878, 9.476946305931913], [77.40162346233656, 9.476994062521758], [77.40163955924811, 9.477004631384347], [77.40164403465485, 9.477033763980996], [77.40200397431785, 9.477728363778697], [77.40194942412221, 9.478813285224469], [77.40135291492578, 9.479184087284102], [77.39997787180522, 9.479830536680167], [77.39907635133217, 9.480666961020825], [77.39888516289024, 9.4814716248728], [77.39914934933046, 9.482823277765856], [77.39950005970225, 9.484093559719302], [77.39944816312996, 9.48443677466846], [77.39953187713128, 9.484676222180775], [77.39940589110762, 9.485019452495434], [77.39932795057861, 9.48523178963138], [77.39911317237735, 9.486652182750513], [77.39861692235316, 9.487827564140153], [77.39842917895034, 9.48946089060626], [77.39836965118975, 9.490527227884254], [77.39844418890044, 9.492325644271071], [77.39878117930286, 9.49314835011495], [77.39905291787967, 9.496191678372629], [77.39915625378175, 9.49646975013189], [77.40033433408975, 9.498468971953153], [77.40102650667741, 9.499400215409771], [77.4018417134247, 9.500467018792417], [77.40232756095791, 9.501042193354156], [77.40304129580736, 9.501608822449882], [77.40321069381541, 9.50174604474977], [77.40365834677937, 9.502108662918033], [77.40522515865354, 9.503377826139856], [77.40715604603425, 9.504973454321767], [77.40765698436591, 9.505348625201922], [77.40876787877549, 9.50553431448819], [77.4089274815537, 9.505560991378214], [77.40963786478882, 9.505664907192168], [77.41087201883518, 9.506713580772248], [77.41096441056214, 9.506838034972485], [77.41164367076591, 9.507751598170538], [77.41184477930352, 9.508023897274233], [77.41189218429939, 9.508087752119836], [77.41232049024705, 9.509082635352339], [77.41219752256278, 9.50950759151791], [77.41156931720982, 9.51167299922208], [77.41139176070237, 9.511903568045247], [77.40946106645943, 9.512599964755035], [77.40927436689897, 9.512929968906949], [77.40823623692575, 9.514864822819677], [77.40795396021231, 9.515059230952465], [77.40582278804911, 9.515222158301276], [77.40483916335573, 9.515434668959175], [77.404106132694, 9.51639307562469], [77.40333652173558, 9.517084811059307], [77.40268078122257, 9.517464611917681], [77.40060884756248, 9.517839920591436], [77.40034025398745, 9.517961914005753], [77.40123274369697, 9.519607026798454], [77.40148324340551, 9.520122358258995], [77.4018120321894, 9.52045108293441], [77.40210717008274, 9.520746162773706], [77.40312745502287, 9.521863095983], [77.40323686712955, 9.523106266951942], [77.40310931983393, 9.523703013137299], [77.40239447107355, 9.525158663413842], [77.40173430995102, 9.526365668588479], [77.40043192706221, 9.52746881084054], [77.39993096447601, 9.527165983194084], [77.39787698544353, 9.524806265873853], [77.3972303017452, 9.524164377140513], [77.39587774165959, 9.523409562428602], [77.39182465448872, 9.521284982337614], [77.38921063426706, 9.520132352585268], [77.38689275266192, 9.519513036032594], [77.38581802262905, 9.519228297657662], [77.3851030741557, 9.519336810032256], [77.38479789848738, 9.519621599701557], [77.3838051765551, 9.520851245187], [77.38044902034798, 9.525200064703393], [77.38005741866448, 9.52546671362294], [77.37685144280654, 9.524933281800065], [77.37642331203035, 9.525163836360491], [77.37534863230312, 9.526266844291], [77.37506624060535, 9.526420511015887], [77.3736727954962, 9.526614948895807], [77.37326288435058, 9.526953936085619], [77.37306247290564, 9.52846378825484], [77.37288486788911, 9.529991777340573], [77.37192398045391, 9.531329824057883], [77.36959677523444, 9.53335503302767], [77.36918689822483, 9.533834230596486], [77.36866775194068, 9.534882971862066], [77.36853111818596, 9.53498237481801], [77.36554367458888, 9.535104327556963], [77.36548900312067, 9.53519478813165], [77.36540246481611, 9.535886365878259], [77.36506074837696, 9.538765986537003], [77.36506071154605, 9.539728876760275], [77.36529294491162, 9.541632068663374], [77.36520187011486, 9.542215200044737], [77.36452320459578, 9.543761233180309], [77.36445493622745, 9.544195189254761], [77.36454136314094, 9.54680806163082], [77.36497387769572, 9.548797211497249], [77.36529723885867, 9.549814351288035], [77.3657253193292, 9.551021321458823], [77.36559778820327, 9.551554793085282], [77.3650102397018, 9.552834035162052], [77.36405832463963, 9.554520199430296], [77.36321113427496, 9.555754291842591], [77.36145760756898, 9.557883431853352], [77.36118892506077, 9.55804164022462], [77.35958574399402, 9.558131909567527], [77.35698971882411, 9.558077480616742], [77.35595592501873, 9.558235641062192], [77.35386083458725, 9.559162225826325], [77.35283144791667, 9.559686570280562], [77.35227571684422, 9.560947707169992], [77.35224381856679, 9.561851875583683], [77.35236667845328, 9.562900592596986], [77.35213895103716, 9.563492844382989], [77.35036703941061, 9.56662088824578], [77.3501893697154, 9.567185998199164], [77.35027584244295, 9.567434625907154], [77.35108188727267, 9.568786338072618], [77.35163290668143, 9.570002361273428], [77.35226133481653, 9.571670579857932], [77.3528988655804, 9.57296353118935], [77.35365036829931, 9.57369132979953], [77.35432892871549, 9.57401235742084], [77.35577271631149, 9.574098394585896], [77.35806370056036, 9.57401265327909], [77.3580819579202, 9.574152778453323], [77.3582048492477, 9.575007203274446], [77.35847352726434, 9.575762118888624], [77.35899269600638, 9.576331740948048], [77.35967131032145, 9.577109316686158], [77.35981705119654, 9.577484528650148], [77.3599217794873, 9.578619186494763], [77.35961657956446, 9.579568508804984], [77.35881019068002, 9.582520398248006], [77.35822260175435, 9.584030261704177], [77.35754384460714, 9.584970497662482], [77.35649170271208, 9.585793140316767], [77.35493386500762, 9.586660998660394], [77.35489740598348, 9.586787590251262], [77.35522079499418, 9.587194488752747], [77.35589937696992, 9.588261364557157], [77.35636386346397, 9.589866171198501], [77.35691945170429, 9.591891448861363], [77.35715161140797, 9.59364999160221], [77.35740206979406, 9.594536020478381], [77.35850886698762, 9.596204164524817], [77.3599937075921, 9.59756951590759], [77.36077708343562, 9.597940256164506], [77.3610458108596, 9.597922179082165], [77.36115518793196, 9.597637369026716], [77.36144218798712, 9.596412326991134], [77.3617610432006, 9.596077836858882], [77.36231674462861, 9.595666448539303], [77.363050141803, 9.595490196427118], [77.36453497162769, 9.595399814781077], [77.36564179038082, 9.595684674547414], [77.36607000559869, 9.59605996694169], [77.36576927838763, 9.597714446242147], [77.36573276995615, 9.599848164593677], [77.36401558998492, 9.599970110892414], [77.36269914486864, 9.600304584781828], [77.36212523369151, 9.600643642012557], [77.36164242156565, 9.601050401650589], [77.36119592922506, 9.602225721550859], [77.36105476167307, 9.602365849241547], [77.36046264074682, 9.602456264458407], [77.35903232069356, 9.60286300686216], [77.35753827595069, 9.603360231068153], [77.35455914446494, 9.604161485790101], [77.35451365018567, 9.60417371941568], [77.35245965857676, 9.600385323016086], [77.35052860141447, 9.596949509461425], [77.34931264993068, 9.595172818920894], [77.34886635162619, 9.594318354532055], [77.34843824779944, 9.59279940917803], [77.3478645019123, 9.590792174542903], [77.34720416112673, 9.589996504820983], [77.34595623770373, 9.588983772380619], [77.34540520212528, 9.588066091189276], [77.34484968485192, 9.586592281489928], [77.34442160168643, 9.585597753920675], [77.34356096533857, 9.583626689047657], [77.34283685315097, 9.58241054101664], [77.3421537706157, 9.581113061205984], [77.34186695202018, 9.58004615672563], [77.34188527226209, 9.578708078282695], [77.34204945195668, 9.57714396278781], [77.34183084872892, 9.57656085938216], [77.34101117735464, 9.575335613678641], [77.33986352747692, 9.573812035632542], [77.33942423962488, 9.573424915282233], [77.33791162580675, 9.575396570866555], [77.33731041662475, 9.575997741235978], [77.33729467814096, 9.576008502795613], [77.3372763480176, 9.576026830840778], [77.33639723601934, 9.576627969977462], [77.3359006670932, 9.57685842222013], [77.33507631280136, 9.576718264501901], [77.33452065718741, 9.576772397269574], [77.33426401120569, 9.576978568876504], [77.33393524487971, 9.577394209527197], [77.33318360831183, 9.578406719676584], [77.33315879325039, 9.578423343329135], [77.33314953970466, 9.578435809074993], [77.33243438282214, 9.578914890912317], [77.33154165505906, 9.579127237830873], [77.33002037429507, 9.579307805153356], [77.32700504609328, 9.579818229370886], [77.32638103048285, 9.57993561663692], [77.32531294798308, 9.58013422612942], [77.32502125872212, 9.58091888829828], [77.32484354860271, 9.58169641809926], [77.32496642286225, 9.58187278101641], [77.32527152846197, 9.582302291443202], [77.32560849281325, 9.583012076308417], [77.32557655770489, 9.583527355221284], [77.32527127603535, 9.58400653527976], [77.32524393940295, 9.584025052449409], [77.32523720383494, 9.584035623312502], [77.32402995972124, 9.584853339782008], [77.3237862656493, 9.585231389177288], [77.32389094273609, 9.585525204680275], [77.32544849657295, 9.587211625720691], [77.32587651056815, 9.58783557923841], [77.3261451301943, 9.588703562564044], [77.32605392154855, 9.589245998311593], [77.32568030593367, 9.590154562715082], [77.32480105020494, 9.591537739532649], [77.32451397109801, 9.592152513975206], [77.32439086237824, 9.592934507914112], [77.3244955134139, 9.593413745542447], [77.32496458850243, 9.594087327781672], [77.32542915404824, 9.594638913564188], [77.32574783768348, 9.595330679537232], [77.32618045554455, 9.596040425621474], [77.32721890172475, 9.596777419240622], [77.32948248556086, 9.598161077448053], [77.32986042746211, 9.598766931118687], [77.32986041129243, 9.599069788017328], [77.3298263363971, 9.59909887918649], [77.32936165227368, 9.599415262761655], [77.32839590046115, 9.600197160225763], [77.3280770874685, 9.600255913666803], [77.32592741001045, 9.598216775439301], [77.32492994317687, 9.597787154079265], [77.32437427229156, 9.597823275484945], [77.32296513002112, 9.598216316625981], [77.3223336152747, 9.598392455717091], [77.3215741373127, 9.598845438544549], [77.31958417582058, 9.600650313358159], [77.31867757627289, 9.601676379275458], [77.31802160309624, 9.602340724648283], [77.31777758922405, 9.602578084044673], [77.31774607812049, 9.602609345833057], [77.3169080065543, 9.601899489507991], [77.31529576418127, 9.600814249323632], [77.3144577177679, 9.60060160774919], [77.31209369150326, 9.60065540455491], [77.31115995744412, 9.60060103733667], [77.31054500673321, 9.600429096002477], [77.30776219127304, 9.599452077525623], [77.30373576969309, 9.598845471316883], [77.30316643363567, 9.59838876926921], [77.30310268469154, 9.59833898893289], [77.30193689333663, 9.597280969494205], [77.30034298108696, 9.595838509208885], [77.29991497337996, 9.595372771142323], [77.29977394416856, 9.594522881268658], [77.29945074829565, 9.593758790263122], [77.29902716568972, 9.593442328775259], [77.29750612208097, 9.59241124758045], [77.2965770700411, 9.591796252167876], [77.29570285026784, 9.590625164571764], [77.2944869463948, 9.58934550850186], [77.29393596112202, 9.589029021636541], [77.29033766852163, 9.588883417065027], [77.2899960742534, 9.588792906993355], [77.29026508734161, 9.587676369651607], [77.2904112576114, 9.586053585655804], [77.29026579251914, 9.584878164507971], [77.28953721480624, 9.584385207433359], [77.28542487475926, 9.582200645338704], [77.28498309947221, 9.581947397568156], [77.28159941169825, 9.580224145033506], [77.28040624957495, 9.579685845667447], [77.28013765689826, 9.579369273614354], [77.27815245827377, 9.577149109256723], [77.27685473314972, 9.575851343598867], [77.27228172983851, 9.576577802011828], [77.27194011670564, 9.576559605980087], [77.27154855544634, 9.576044075554123], [77.27005088959454, 9.573494062075918], [77.26964118955304, 9.572874617524327], [77.26935421285405, 9.572910681347617], [77.26784201046434, 9.573317024252558], [77.26591064517987, 9.573795587143405], [77.26377907236805, 9.573849110058228], [77.2636532210917, 9.573944590814252], [77.26236876767766, 9.575731770541271], [77.26140734754144, 9.576902272649924], [77.26139603326045, 9.576903624374049], [77.26137326366293, 9.57693134446129], [77.26005230541068, 9.577089092212033], [77.25908230366859, 9.57691240792337], [77.25828467874804, 9.576604245693062], [77.25776319145425, 9.5782435497186], [77.25726190547455, 9.578812965655228], [77.2561548342948, 9.579807123360435], [77.25507046983053, 9.580841963163794], [77.25356675113034, 9.582667727507877], [77.25354291343595, 9.582684355380682], [77.2535326645569, 9.582696798825532], [77.25299506418183, 9.583071783168927], [77.25106829916999, 9.583265480067363], [77.24895911057841, 9.58376200048098], [77.24860853136067, 9.583938318921598], [77.2456756235862, 9.584721422188819], [77.24508095054621, 9.584879210608056], [77.24393584918892, 9.585183040977286], [77.24336202245341, 9.585355064449226], [77.24279282204162, 9.585327970406084], [77.24270154961549, 9.585323624800546], [77.24241458549294, 9.585165462791334], [77.24204098874266, 9.584862689135774], [77.24161268369329, 9.584519319223846], [77.23860580504505, 9.582241913910577], [77.23772652146853, 9.581536919523682], [77.23705690647597, 9.581166481987994], [77.23665147343206, 9.581103312260026], [77.23619604554933, 9.581148639630207], [77.23548101622755, 9.581316088300749], [77.23476599858392, 9.581574047138712], [77.23424929302239, 9.581648071167141], [77.23413067947226, 9.581879668862305], [77.23398504280176, 9.582399601617919], [77.23389856827758, 9.582639223087341], [77.23387467039606, 9.582640043320257], [77.23386447811086, 9.582668288206985], [77.23362237405696, 9.582676603029272], [77.2334204920699, 9.583150169333916], [77.23315641791908, 9.58352093332824], [77.23265102304528, 9.58397312110883], [77.23263742884008, 9.583983847870321], [77.23261693198025, 9.584002187], [77.2312872268321, 9.58505139987385], [77.2301760862841, 9.585770454798295], [77.22909682065738, 9.586353907320316], [77.22864451082697, 9.586628668933663], [77.22809267664623, 9.587229288834388], [77.22693613344717, 9.588454660784034], [77.22574777371739, 9.589847291185373], [77.22549737282353, 9.590322072486993], [77.22515135345418, 9.590805896726875], [77.22482352586765, 9.591149471971125], [77.22481179027676, 9.59115510362321], [77.22478943120935, 9.591178536361582], [77.2239787349031, 9.59156758158478], [77.22335114130291, 9.591919803697346], [77.22287439011025, 9.5923298980467], [77.22245544999772, 9.592854419819606], [77.22229163771406, 9.593283939370762], [77.22210963364765, 9.59388966535476], [77.2219458447202, 9.594735100612633], [77.2218230477158, 9.595368017335963], [77.22190068281758, 9.59597373428109], [77.22198732263182, 9.596448413999331], [77.2221012622475, 9.59676477524858], [77.22217879404305, 9.597135432240417], [77.22214711225962, 9.597790980480765], [77.22211301580468, 9.597820045187495], [77.22185729059613, 9.598001962170166], [77.22134108090462, 9.598518932210023], [77.220926707827, 9.598925931777105], [77.22025545071409, 9.599514534360564], [77.22022318682234, 9.599542867301063], [77.21966756983596, 9.59976453784655], [77.21922401229138, 9.599958273038737], [77.21891840633006, 9.600287118982493], [77.21843111161093, 9.600802614332371], [77.21839701335936, 9.60083167878074], [77.21752722228044, 9.601541641860107], [77.21706721658303, 9.601722603797915], [77.21678934790269, 9.601532803147563], [77.21651139028917, 9.601297740607198], [77.21605588065972, 9.60106733331387], [77.21436590437025, 9.600814569073316], [77.21412366736567, 9.601010300992147], [77.21301105807223, 9.602128458695875], [77.21217322635619, 9.603073462813391], [77.21159946160444, 9.603932510005317], [77.21106670314877, 9.604511228956746], [77.21105467111384, 9.604516320095458], [77.21103260220225, 9.60454029220111], [77.20980157788635, 9.6050611308383], [77.20965948686629, 9.6057185662662], [77.20965079836085, 9.607318898846907], [77.20970107437238, 9.60815972410206], [77.21010222604566, 9.609588070372457], [77.21027094223243, 9.610266107443955], [77.21043515246974, 9.610939675652315], [77.21020772329432, 9.612282326388359], [77.20998003899732, 9.612562660184228], [77.20931050485316, 9.613159546932735], [77.20891489488685, 9.613522501643885], [77.20888475551077, 9.61355033919148], [77.20860695689902, 9.613636292808723], [77.20825615579743, 9.613464531692914], [77.20769128885857, 9.613197942063639], [77.20741790726309, 9.613193545444968], [77.20636123965566, 9.613559886150078], [77.2054093021356, 9.613899211756125], [77.20422967403036, 9.614337898157599], [77.20355093844269, 9.614527934308407], [77.20277657539644, 9.614595947882597], [77.20223910078553, 9.614528190274944], [77.20154667756789, 9.614528308958374], [77.19949230148002, 9.614492602070058], [77.19852667453337, 9.614510838578784], [77.19813035040642, 9.614461238638398], [77.19807566276856, 9.61423518731171], [77.1975878560097, 9.612476780693196], [77.19728700483117, 9.611486878974324], [77.19719132077866, 9.611138816114526], [77.19699079434939, 9.610948976458157], [77.19658539005155, 9.610804375956993], [77.19611166438477, 9.610664326158762], [77.19520061727816, 9.6104836975983], [77.19479061719932, 9.61035268631989], [77.19459018509312, 9.610162845336745], [77.19413000691917, 9.609851046494045], [77.1938247647755, 9.609566283671562], [77.19366081684628, 9.60953468418426], [77.19338750801433, 9.609733581903077], [77.19274527277332, 9.61000944055107], [77.19246748224641, 9.610009489265067], [77.19182061978337, 9.609851420263453], [77.19136962867984, 9.609629959149402], [77.19075001211935, 9.609327248095463], [77.19031723974807, 9.609042545946336], [77.18979326412092, 9.608165579557044], [77.18940139204454, 9.607492136027508], [77.18901869895373, 9.60693157937436], [77.18878174583963, 9.606389206481975], [77.18860863599281, 9.606208400267521], [77.1878479291355, 9.60623563258501], [77.18709180638108, 9.60633066402041], [77.1860123449216, 9.60661570856635], [77.18517430389808, 9.607090515970656], [77.18268744379814, 9.608578161692378], [77.18213684480095, 9.608824547437715], [77.18191088706594, 9.60903284917496], [77.18182430474394, 9.609281499352397], [77.18179853207845, 9.609286618762118], [77.1817901975092, 9.609310555101503], [77.18001377813657, 9.609663469104339], [77.17895257134197, 9.609961977167169], [77.17796412089888, 9.610161024319629], [77.17759063464142, 9.610414252778828], [77.17694386739979, 9.61065390315378], [77.17668419050226, 9.610662957740823], [77.17636535056016, 9.610455080375345], [77.17593256201921, 9.610333043082273], [77.17557275351027, 9.61031952983082], [77.17520375074439, 9.610306011264546], [77.17486834676674, 9.610556817204746], [77.17479157853917, 9.61105908040726], [77.17476059564505, 9.611067679730368], [77.17475746860953, 9.611088135118031], [77.17402408221494, 9.611291698707474], [77.17340918270804, 9.611309861875192], [77.17305390889463, 9.611187839947418], [77.1725391194396, 9.610993491186541], [77.17230222830929, 9.610744926409248], [77.17190130211313, 9.610478244294786], [77.17147769076112, 9.610116648538012], [77.17119067812952, 9.60990867960887], [77.1705802450462, 9.60977771682191], [77.17023413494701, 9.609777700879125], [77.17004282613084, 9.609926934078887], [77.16968598385897, 9.609984544152361], [77.16931173672843, 9.610377185894263], [77.16894610264487, 9.610760255343394], [77.16891778415388, 9.610790495155909], [77.16863081643803, 9.610731724057475], [77.1682925091054, 9.610988777456237], [77.1680637944408, 9.611367277743717], [77.16804255467422, 9.611375030324469], [77.16802968361284, 9.611396331542291], [77.16771994540117, 9.611509386515559], [77.16713279126013, 9.611812116874255], [77.16630561535999, 9.612520260719993], [77.16582739901511, 9.61294070168897], [77.16569544548304, 9.614003076769393], [77.16603246912311, 9.61426063253037], [77.16712124611209, 9.614739745207547], [77.16757682131856, 9.614938569896314], [77.16774081955343, 9.615092302811407], [77.16776816966059, 9.615255026350683], [77.16786385640802, 9.615652852144345], [77.16793221370955, 9.616113913309201], [77.16810536577721, 9.616683516260322], [77.1682375726342, 9.617619238451642], [77.16832422232986, 9.618102942205178], [77.16835160387805, 9.618735835609789], [77.16839262095392, 9.619011545206149], [77.16870698279433, 9.61943646321093], [77.16883912048104, 9.61974834178557], [77.1688483030599, 9.620073780761592], [77.16867072499284, 9.620656966048928], [77.16846126481802, 9.6214345295151], [77.16828825468421, 9.621814298801697], [77.16821081092358, 9.62214427311365], [77.1684022005881, 9.622361264878817], [77.16877578925353, 9.622799714453416], [77.16893525369119, 9.623075465904298], [77.16894430511597, 9.623247222137586], [77.16902180367387, 9.623608916334117], [77.16907196559933, 9.624051916645783], [77.16935447946797, 9.624318585397845], [77.16981462260766, 9.624729868031904], [77.1703111573978, 9.625231600921033], [77.17074853632987, 9.625516385091782], [77.17113117282679, 9.625896062995432], [77.17133167949316, 9.626104020319636], [77.17168247700151, 9.626248598335282], [77.17248421081615, 9.626266546368168], [77.172989802421, 9.626352391357777], [77.17331328755145, 9.626497047205731], [77.1740694938492, 9.626533133662269], [77.17439292867398, 9.62654207977278], [77.17456597384209, 9.626655111082275], [77.17478015017214, 9.62701219263199], [77.17509454884349, 9.62743710943312], [77.17523124278532, 9.627645044552688], [77.17537247950756, 9.628060879867018], [77.17554564774487, 9.628404442973673], [77.17577344073798, 9.628766000570876], [77.17609693395329, 9.629258730058407], [77.17622459443662, 9.629552544544696], [77.17604234243514, 9.629805749621273], [77.17567348789127, 9.6304069881431], [77.17509051450956, 9.63141064178085], [77.17447111893462, 9.632391654324103], [77.17427071647283, 9.632735299818014], [77.17411587566394, 9.632943249388012], [77.17407036970657, 9.633200967842654], [77.17406137218072, 9.633797659607131], [77.17416618760805, 9.63423156602918], [77.1742117699222, 9.634679145358703], [77.17422093722969, 9.635117589569616], [77.17421191724591, 9.63546567644189], [77.17409805668196, 9.635800225038995], [77.17409808812302, 9.636008219659654], [77.17403895292617, 9.636329187313258], [77.1740617665411, 9.636641052946324], [77.17397529381354, 9.637038860640823], [77.17401170971856, 9.637382487232788], [77.17422133518336, 9.637626505925656], [77.1746951533766, 9.638019727522268], [77.17476240125876, 9.63807414983199], [77.17533752246658, 9.638539581110582], [77.17560637745134, 9.638797212927537], [77.17592981766602, 9.639240132202435], [77.17617590395159, 9.639696719729606], [77.17654506302434, 9.640460642285637], [77.17687778283592, 9.641663098006664], [77.17694617157848, 9.642173855927215], [77.1770600662784, 9.642408902438108], [77.17738811754543, 9.642490219554997], [77.17766143895376, 9.642589682196887], [77.17786189441618, 9.642788517944746], [77.17803502312762, 9.643019106688795], [77.17826286462977, 9.643303835113274], [77.1784451489706, 9.64371066828208], [77.17881419755057, 9.64428019102975], [77.17923344578523, 9.644935613300147], [77.17934288394302, 9.645365065800895], [77.17935652216569, 9.645636322029679], [77.17938393156163, 9.646016012722354], [77.17938400612178, 9.646472547680146], [77.17929303822454, 9.64723655053171], [77.17914736921472, 9.648267323693437], [77.17906095128437, 9.648845962268966], [77.17912935170503, 9.649356734104293], [77.1792068906871, 9.650107187762265], [77.17931633603143, 9.650527523477185], [77.17938474363864, 9.651011191585152], [77.1794029956086, 9.651607931541646], [77.17931658127151, 9.652168506141253], [77.17929845237076, 9.652964125157421], [77.17949903180066, 9.653859197182625], [77.1795675184596, 9.654790385686432], [77.17954947310218, 9.655617686673391], [77.1796998780302, 9.656340888367843], [77.17995057177485, 9.656946645659923], [77.18015109101762, 9.65735350397936], [77.18055208548574, 9.657999825362042], [77.18067058854308, 9.658275594973421], [77.18081880697169, 9.65857434520464], [77.180957633514, 9.658854163221596], [77.18111262254492, 9.65928355901443], [77.18153179532112, 9.659708451977405], [77.18196922006723, 9.65997507836748], [77.1824293569187, 9.660286977912001], [77.18320395981516, 9.660766075715264], [77.18395111648474, 9.661014509780792], [77.18468459810074, 9.661109318570686], [77.18585096347913, 9.661231230348726], [77.18693979796026, 9.66128986070244], [77.18747282231728, 9.661515779549877], [77.18765507521707, 9.661872884400971], [77.18742286161442, 9.662587170011038], [77.18704945890026, 9.663211065810074], [77.18665776738526, 9.66373546866063], [77.18636166919289, 9.664151448084569], [77.18625699120774, 9.664607997423431], [77.18631171747319, 9.665123358254867], [77.18643034000644, 9.665833066576129], [77.18678125070251, 9.666488509776864], [77.18699085370946, 9.666723501240828], [77.18778357742183, 9.666999128212892], [77.18828938282567, 9.667283828394389], [77.1886356106042, 9.667428475533246], [77.18958332873734, 9.667803524357668], [77.19028039624499, 9.668065523498225], [77.19151511443334, 9.668589755839191], [77.19198902425474, 9.668788547012989], [77.19280463254896, 9.669353506597803], [77.1933928422105, 9.669913437955659], [77.19348353881651, 9.669999773050945], [77.19407597684808, 9.670632517685567], [77.19429468428041, 9.671034816590495], [77.19432299827987, 9.671097799478673], [77.1944633492632, 9.671409999538234], [77.19455447975552, 9.671676730889782], [77.19458198437289, 9.672381964889386], [77.19450011551115, 9.673046474804186], [77.19448652759418, 9.673548242027723], [77.19450938971815, 9.673887262861086], [77.1945367640798, 9.67419917252935], [77.19466901405592, 9.674483987933222], [77.19510194902226, 9.67519357554634], [77.19561699359883, 9.676264922432644], [77.19619586886627, 9.67754860496806], [77.1966151862712, 9.678411914944208], [77.19680658671554, 9.678836857238439], [77.19703902040538, 9.679239167575261], [77.19739452418752, 9.679903568293387], [77.19797790540439, 9.680622218421462], [77.19836985114263, 9.681259513234608], [77.19862050805634, 9.681675426697964], [77.19899882006355, 9.682543303313127], [77.19932701506102, 9.683225779747813], [77.19965061337916, 9.68389930932307], [77.19988766261298, 9.68432417294768], [77.20018859733486, 9.685409033717312], [77.20051680401042, 9.686073530260437], [77.20074466886877, 9.686403458449549], [77.20097254181195, 9.686633974798562], [77.2012231412335, 9.686859930627353], [77.20154669463591, 9.687153716101502], [77.20182469986014, 9.687533398010183], [77.20198420472197, 9.687967293606466], [77.20217571835403, 9.688482620383791], [77.20241276040133, 9.689233014182593], [77.2026224900707, 9.689820642704005], [77.20286406591521, 9.690304210904147], [77.20320593147468, 9.690701975525947], [77.20370264592788, 9.691131336828223], [77.20386667740044, 9.691393524095064], [77.20500610589674, 9.692776519552746], [77.20596763023748, 9.693829584318257], [77.20657835168005, 9.694512089159725], [77.20668323358272, 9.694728998866912], [77.20676988866828, 9.69511780067197], [77.20682010179773, 9.69578229481174], [77.2067062717765, 9.696116863123605], [77.20636922478019, 9.69644238501885], [77.20635904147814, 9.696448337228063], [77.20633510137583, 9.696471458044437], [77.20584761980712, 9.696756345757581], [77.20559384753598, 9.696956281122771], [77.20543545658509, 9.697464229560852], [77.20517586592585, 9.698024825081703], [77.20501663325355, 9.698992308141898], [77.20485288205535, 9.70015862742116], [77.2047300814577, 9.701193860443388], [77.20454336033768, 9.70165952490282], [77.20424732772233, 9.702098069520076], [77.20346919534511, 9.702774357501873], [77.20343877210138, 9.702800822283596], [77.20290579894836, 9.703176176038646], [77.20214529331366, 9.703313967506265], [77.2020013508658, 9.70350443512906], [77.20191031289998, 9.703970107888695], [77.2019560110968, 9.704417628054811], [77.20213835292981, 9.704869632476209], [77.20232988991802, 9.705412020330266], [77.20243474666788, 9.706017756418452], [77.2026855437188, 9.70658726478938], [77.20287698728227, 9.707224688245567], [77.20302298327887, 9.707735488213242], [77.20318251958176, 9.708106062972602], [77.2033376155122, 9.708806755974344], [77.20334678731123, 9.709308509564394], [77.20350181317309, 9.709683739148376], [77.20355668766052, 9.710691729494418], [77.20362521115041, 9.711161903593503], [77.20384392576925, 9.711469217692404], [77.20424493461039, 9.711722313273844], [77.20464151296056, 9.712233047056147], [77.20505170977044, 9.71283872653433], [77.20526591843982, 9.71316868150707], [77.20526599749157, 9.713426319866327], [77.20523422857154, 9.713842262492852], [77.20513867387646, 9.71459262164834], [77.20501120293763, 9.714985918765887], [77.204810991817, 9.716143274928225], [77.20467440477469, 9.716635997661516], [77.2048384739765, 9.716758071667627], [77.20515290768213, 9.716975012127701], [77.20561319904382, 9.717209947865701], [77.20587748340041, 9.717458473847795], [77.20606897547289, 9.717648293261714], [77.20605994111608, 9.718000973235723], [77.20611016772025, 9.718448428605406], [77.2058825490003, 9.719370707692814], [77.20567765945367, 9.720288426986691], [77.20534055227027, 9.720645569339757], [77.20532341510958, 9.720656642375769], [77.20530642257768, 9.720674644691334], [77.20405362130265, 9.721484114817027], [77.20368267637913, 9.721747056606882], [77.20342715149486, 9.721984072373345], [77.20352284722546, 9.722183017835748], [77.20398329848726, 9.723100520455636], [77.20427500032464, 9.723584154831048], [77.20457122607777, 9.723810139749254], [77.20492672177507, 9.723963819358355], [77.20574237139178, 9.723940951896493], [77.20656253144956, 9.723845858938047], [77.20696349717157, 9.72387746628212], [77.20710935662424, 9.724017528270654], [77.20722328366354, 9.724180230097566], [77.20728262816783, 9.724550911488482], [77.2075013733294, 9.72483112072706], [77.20784316432871, 9.724912482520056], [77.20836258190408, 9.724663709735761], [77.20891384295967, 9.724338060329863], [77.20987066641655, 9.724197757644509], [77.21099617461918, 9.72427429234563], [77.21159767305869, 9.724341955240142], [77.21217643873163, 9.72450009263255], [77.21311062554169, 9.724766512585669], [77.21373035169661, 9.725051185861822], [77.21424986000183, 9.725277060883494], [77.21520707961575, 9.726420591290646], [77.21560815493224, 9.726750456721728], [77.21643743738171, 9.726696024875189], [77.21834648671788, 9.72615756906282], [77.21886149626017, 9.726392467361151], [77.2191122007846, 9.726726982950245], [77.21936291878376, 9.727196991077708], [77.22021561132956, 9.729298894376864], [77.22063493502272, 9.729714662319006], [77.22148707330797, 9.729904250770613], [77.22227993266593, 9.729917623751831], [77.22341461087096, 9.730075499971539], [77.22387498667432, 9.730446063265012], [77.2238841198458, 9.730690203805107], [77.2238842321352, 9.730929782634144], [77.22389336710333, 9.731201039659503], [77.22377954696358, 9.731476783617113], [77.22346068007201, 9.731829509210137], [77.22297782842028, 9.732417261302155], [77.22300540400455, 9.733140563914652], [77.22283242531176, 9.733719257114581], [77.2226639462802, 9.734180352889878], [77.22260493325426, 9.735129733422468], [77.22258681872654, 9.73535124025454], [77.22247311985936, 9.73610167685918], [77.22217708544737, 9.736716542250983], [77.22180365488546, 9.737467000577768], [77.22175362141905, 9.737955302203428], [77.22190413594157, 9.738411820074633], [77.22209570616748, 9.738940649876746], [77.22230540349749, 9.739379086295857], [77.22252880283057, 9.739672893851656], [77.22267920506364, 9.739812947447355], [77.22264286910871, 9.740061577030648], [77.22249709499599, 9.740269581417214], [77.22247427149956, 9.740282528122416], [77.22246296350677, 9.740298663914798], [77.22192078352042, 9.740606217723824], [77.22062234693061, 9.741451881887107], [77.22004569050199, 9.741777125935291], [77.21980911018876, 9.742159870319139], [77.21976817306295, 9.742521538271793], [77.2200280359117, 9.743036773079538], [77.22047947078299, 9.744099020153971], [77.22060264777477, 9.74449675092958], [77.22060266304612, 9.744731866520683], [77.2205685306586, 9.744760948629413], [77.2203493839501, 9.744922084785205], [77.22020175301967, 9.745111638041148], [77.22030670139766, 9.74546426423465], [77.22054835000574, 9.746024702274726], [77.22099529419893, 9.747163752602118], [77.22135540993172, 9.747746829627495], [77.22175668647083, 9.748542382049617], [77.22196641075031, 9.749148024926905], [77.22240426039957, 9.75024645229977], [77.22272782548006, 9.750531133953098], [77.22336140545335, 9.750874508834539], [77.22387647697937, 9.751520047802716], [77.22452833227875, 9.752306453690885], [77.22492952527456, 9.752848807054663], [77.22527143844474, 9.753336926806499], [77.22525811732737, 9.754539405390307], [77.22510811214967, 9.755818699261518], [77.2250763989252, 9.756288869159537], [77.22667165954608, 9.757472771042044], [77.22681298430321, 9.757721400739229], [77.2265994808113, 9.759904812067866], [77.22637223848548, 9.761952733036546], [77.22725214100119, 9.763240822273449], [77.22759899490543, 9.764777713329218], [77.22829656996123, 9.766111030330272], [77.22914901906358, 9.76688830890724], [77.2302337733967, 9.76725417553528], [77.23129584077732, 9.76793644984316], [77.2323215003378, 9.768871942323155], [77.23252664680263, 9.7691431251048], [77.23186606886182, 9.769965985343147], [77.23184983989789, 9.769972767526793], [77.23183193288102, 9.769995074102264], [77.23013234461796, 9.770705289469957], [77.22912076884452, 9.771211948334662], [77.22835477001185, 9.77179841019484], [77.22785658501654, 9.772706649990727], [77.22719161700894, 9.77418051350674], [77.22671797398716, 9.775152564379], [77.2261798427078, 9.775614041929316], [77.2261462412246, 9.775642870809902], [77.22510937607927, 9.776144316762824], [77.22467239510087, 9.777526431046521], [77.22420797777708, 9.779000204150472], [77.22437705149335, 9.780442243035553], [77.22466910996188, 9.78166720834398], [77.22410443795742, 9.783339914547176], [77.22330760265602, 9.785614013148184], [77.22377738382038, 9.787105658819033], [77.22278883815588, 9.788367107662763], [77.22324921665414, 9.788620134259244], [77.22395569940429, 9.78884144971407], [77.22557371704625, 9.78927948580866], [77.22653532223539, 9.789342498641023], [77.22792527379643, 9.788899153865808], [77.22855411066499, 9.78879497389684], [77.2296207091479, 9.789115583517171], [77.23038175556839, 9.78899786127116], [77.23157149870374, 9.789589675748438], [77.2322551840086, 9.789924012808354], [77.23368624427364, 9.789828644781366], [77.23467523190929, 9.790063380455797], [77.23563248116763, 9.790447341403526], [77.23613845096318, 9.790632555883066], [77.23770658695408, 9.791839058463845], [77.23823549073884, 9.792489843476062], [77.23888334314533, 9.794428859417023], [77.23924403559653, 9.796413327869658], [77.24016951593485, 9.797380399865744], [77.24028804324671, 9.797493350492964], [77.24185549831459, 9.796367235526116], [77.24586224139995, 9.7980022966175], [77.24679666985682, 9.798458529415488], [77.24657863077105, 9.799494558497194], [77.24633711511365, 9.80064212553631], [77.24591390261362, 9.802405251447116], [77.24522601948144, 9.803350312344888], [77.2459736926823, 9.804209910222731], [77.2462519188921, 9.80452978351552], [77.24639406291277, 9.806934676682895], [77.24691881109102, 9.808570940863525], [77.24688110340865, 9.80858891895198], [77.24688466882205, 9.80860003774859], [77.24575399171327, 9.809139108179576], [77.24486420054288, 9.811112122927213], [77.24426298956426, 9.812341971829852], [77.24388860588982, 9.812849717880383], [77.24371626320425, 9.813083451180221], [77.2436997521693, 9.81308863120695], [77.24368211824027, 9.81311254678384], [77.24222482447401, 9.813569782044457], [77.24181637039577, 9.814991744706946], [77.24128353648163, 9.816212454052827], [77.24033066651027, 9.81703548175632], [77.24029699316189, 9.817064581438531], [77.2358166151396, 9.817025307710159], [77.23485491293243, 9.817012128540265], [77.23271496512722, 9.818013996226217], [77.23267932087505, 9.819664356644063], [77.23310809215005, 9.82075366574625], [77.23314493655144, 9.821947070920976], [77.23311032087028, 9.821961028824877], [77.23311078799422, 9.821976164860555], [77.23281914634397, 9.822093760327213], [77.2318802496669, 9.822071427158539], [77.22837965963342, 9.821896139481423], [77.22726303397232, 9.821968786264536], [77.2269256950236, 9.821973477550427], [77.22566292514387, 9.821264095951213], [77.22512051249383, 9.820914426928832], [77.22459436474037, 9.822270505737576], [77.22443949338873, 9.822582436872525], [77.22441568713539, 9.822590694405452], [77.22440534303492, 9.822611529871116], [77.22373998336182, 9.822842304318007], [77.22271903636334, 9.822937468115486], [77.2219338854488, 9.823050702129239], [77.22187122885606, 9.823059737693281], [77.22289243277275, 9.823778220028993], [77.22394550801738, 9.824456048022265], [77.22404650290983, 9.826978451297043], [77.22387855388428, 9.829311100101366], [77.22534648729682, 9.829961589350203], [77.22624462022296, 9.830653040024021], [77.22664588418563, 9.831331021217093], [77.22664628573257, 9.832424924623178], [77.22646859357947, 9.832949334089172], [77.22569401224258, 9.833704532604175], [77.22552990980311, 9.833903490001203], [77.22660163856463, 9.835801751975017], [77.22697567279441, 9.83663347935948], [77.22762359796444, 9.838703617219252], [77.2257081840645, 9.841655481695938], [77.2256872362504, 9.841687763785426], [77.22499377368196, 9.841520464763276], [77.22497606339616, 9.841516192405138], [77.22343633123624, 9.844640251245538], [77.22303085417485, 9.845490259054234], [77.22537412306822, 9.84644335027785], [77.2264226681089, 9.846944831584622], [77.22717504668522, 9.84790754826626], [77.22823317674992, 9.849751555269549], [77.23093634578042, 9.850098885512049], [77.23440089899792, 9.850784947319733], [77.23563180743113, 9.851322511631885], [77.23728223269532, 9.851990989022642], [77.2367718270189, 9.853099437306053], [77.23614343212142, 9.85446410453575], [77.2360023418246, 9.855124131208113], [77.2363625752367, 9.85544945943394], [77.23640501344734, 9.860203289022804], [77.23640510866876, 9.860214044099514], [77.23278173780061, 9.862154496874512], [77.22973666188815, 9.86187510802845], [77.2262355894594, 9.861464790218285], [77.2241526891663, 9.86261813302551], [77.22142250599859, 9.863744458719104], [77.21970436303339, 9.865299953282499], [77.21888459913262, 9.868262723111213], [77.21888005186068, 9.86827915977987], [77.21745855146686, 9.868886769884424], [77.21706133171959, 9.869056555212628], [77.21703861152943, 9.869066267444413], [77.21621387725023, 9.870463306255974], [77.21478766519276, 9.872922752210824], [77.2139813167325, 9.874631698200313], [77.21326135925308, 9.876015228599814], [77.2125414844187, 9.877498074020313], [77.21234110980467, 9.87824858624502], [77.21536346462864, 9.878003697656705], [77.21672710184005, 9.880096328934307], [77.21659972881761, 9.881090876538638], [77.21651798212673, 9.882510342065027], [77.21665501922503, 9.883269728977021], [77.21717950509522, 9.884331871573249], [77.21761736462595, 9.884960145510316], [77.21949564486701, 9.885027475611675], [77.2208404632715, 9.885094908356772], [77.22084059262892, 9.885574100194203], [77.22073147606798, 9.88641491193341], [77.22058116636138, 9.887165367526611], [77.22023960892405, 9.888340769314572], [77.21957909656027, 9.89004518736226], [77.2192511494978, 9.89105331294639], [77.21885495921983, 9.892667279486034], [77.21877322600372, 9.894055109218566], [77.21865046672856, 9.895090285216515], [77.21838635934009, 9.896166218709876], [77.2181813898434, 9.896984500916718], [77.21818160993065, 9.89760834894503], [77.21844193720841, 9.899411912772358], [77.21849680720426, 9.900121649209392], [77.21855166103045, 9.900582775260718], [77.21840141959582, 9.901360321749877], [77.2179778064472, 9.902680425450974], [77.21792318528465, 9.903046541777405], [77.21808752218439, 9.90368839897678], [77.21834772998623, 9.904908890535514], [77.2189678100774, 9.90506244808686], [77.21991623518471, 9.905441940923321], [77.22142541204853, 9.90601563847975], [77.22267473774174, 9.906571252556853], [77.22301709288303, 9.907741947915131], [77.22335926836129, 9.908871985225305], [77.22382912139084, 9.909540958922868], [77.22448587610181, 9.910282100183162], [77.22508227839873, 9.910594420534608], [77.22568503807288, 9.910910066962831], [77.22805617989289, 9.911980767463836], [77.22923719409862, 9.912459592648755], [77.22989834785949, 9.912744218729395], [77.23015827359035, 9.913083174101168], [77.23043658424176, 9.913724935559166], [77.23032289166278, 9.914529667755103], [77.23007713416062, 9.91592204099707], [77.2306702800646, 9.917327739222328], [77.23094410003796, 9.918064449047144], [77.2310814461567, 9.92005346341422], [77.23108164198942, 9.920722508974814], [77.23104066264278, 9.920925916046743], [77.2304978709037, 9.921256703464994], [77.23046176940909, 9.921278705155482], [77.23065808633298, 9.922001913455398], [77.23131468743199, 9.922327208231051], [77.23148292032515, 9.923322571161325], [77.23154770323016, 9.923705854014706], [77.23179871947, 9.924659601641872], [77.23261960985812, 9.925242551395305], [77.23312585543648, 9.925757655423375], [77.23448449082838, 9.925608123990559], [77.23498195447651, 9.926959598540078], [77.2357342001022, 9.926986425021322], [77.2359216380778, 9.928324435125713], [77.23577418321717, 9.929759406985731], [77.23577159606914, 9.929784590055554], [77.23522451487462, 9.929852579910083], [77.2349399294909, 9.930082493413403], [77.23490548448967, 9.930110323067089], [77.23500132844225, 9.930562355736276], [77.23442706422722, 9.931199910858803], [77.23498836305778, 9.932741289311286], [77.23657136077671, 9.935213477555447], [77.23632542091654, 9.935991079022985], [77.23703691536765, 9.93664176343773], [77.23706442717153, 9.937319805749308], [77.23732450471766, 9.93764973511945], [77.23816342159854, 9.937554539023019], [77.23986926572925, 9.939420939683954], [77.24200828377813, 9.940934594890932], [77.2423686160049, 9.941440773740457], [77.2427246255385, 9.942367406434713], [77.24318981810839, 9.94270623999807], [77.24345445550289, 9.943113017836728], [77.24390590025564, 9.94337499945707], [77.24385140665389, 9.944039552884048], [77.24518329650485, 9.945322904489847], [77.24589489965209, 9.946045943729047], [77.24756865236756, 9.947107679415641], [77.24799737513355, 9.94746460774829], [77.24825744998472, 9.947952806893985], [77.24807986832441, 9.948445604541412], [77.2472958304225, 9.949205313841656], [77.24709085104435, 9.949634790331396], [77.24684508096578, 9.950914166665866], [77.24664028035235, 9.952017253500593], [77.24895502324385, 9.95287079684064], [77.24938364989012, 9.95284380702635], [77.24952968092101, 9.952608812217942], [77.2495384026641, 9.952589937736766], [77.25014576081423, 9.951275504222412], [77.25016098635996, 9.951287405669577], [77.2515633580281, 9.952383578323145], [77.25289895522626, 9.953550432614515], [77.25518804762312, 9.953266487046205], [77.2551876119402, 9.953241665896865], [77.25517469506474, 9.952506988042163], [77.25520930984759, 9.952502778178705], [77.25754580364705, 9.952218590149602], [77.25760026580781, 9.952937409575638], [77.26064635052829, 9.952508996531034], [77.26094725201249, 9.952586013663714], [77.26173565303172, 9.95396948141434], [77.26293475751062, 9.95426831034397], [77.26349071226355, 9.955213301426262], [77.26456632534033, 9.956660168863298], [77.26647610231188, 9.958916568724312], [77.2673557676724, 9.96009675182], [77.26743784135002, 9.960164529215156], [77.26847261431905, 9.961010255507585], [77.26964882523293, 9.961679627787401], [77.27098009165307, 9.962529965110697], [77.27100528580354, 9.962495107837695], [77.271773848428, 9.961431754396962], [77.271778743348, 9.96144314672953], [77.27237980251132, 9.962842341744857], [77.2727897980986, 9.964293512469489], [77.27281218501379, 9.965423629562514], [77.27261576568199, 9.966458716094754], [77.27225942826328, 9.968741459817064], [77.27211300287196, 9.970246746490593], [77.27179828440038, 9.970486244348026], [77.27084558061739, 9.970990683082231], [77.27080858080744, 9.97101027402831], [77.2712048878664, 9.972348450618176], [77.2714917289198, 9.973795074820115], [77.27157342979653, 9.974816724818744], [77.27178306424452, 9.975183026688697], [77.2726035432042, 9.976435396349874], [77.2712247774651, 9.977624469479778], [77.27119408023522, 9.97765094144636], [77.268854122532, 9.979431248587069], [77.2679338667954, 9.979982600914022], [77.26789635674237, 9.98000507462913], [77.26830644755105, 9.980823350546348], [77.26807833296104, 9.981203015533893], [77.2675126260974, 9.981880957291585], [77.26703821681271, 9.982405134082017], [77.26727518789309, 9.982870793250378], [77.26689190101587, 9.983476456699492], [77.26703776226518, 9.98390596325027], [77.26587897417623, 9.985365605897316], [77.2649710666815, 9.98644574900782], [77.2643369719736, 9.987272703589333], [77.26535353160023, 9.988217901542384], [77.26632911098193, 9.989244370345443], [77.26671202595662, 9.989651305111561], [77.26686694491897, 9.99011701141555], [77.2667669776992, 9.990379520589997], [77.2667619525235, 9.990392716686001], [77.26649738968918, 9.9905372384964], [77.26545306583202, 9.990717725673829], [77.26399817865237, 9.990952294006798], [77.26279881725529, 9.991042246871475], [77.26170431799797, 9.991200059118523], [77.26134311350705, 9.991370464870444], [77.26132118473268, 9.991380809566138], [77.26102916309506, 9.991828232158129], [77.26084641702016, 9.99277740416016], [77.26071363344477, 9.994413804766523], [77.26074047869874, 9.99586031497293], [77.2616110153793, 9.997017865119792], [77.26255914853412, 9.998265874236036], [77.26341611256909, 9.999540975091021], [77.26402229751945, 10.00040906699256], [77.26519460794839, 10.002202714131183], [77.26492640783546, 10.004276030240817], [77.26311667893205, 10.005769100907857], [77.26309713967632, 10.005785219269539], [77.26105077476417, 10.007601943704879], [77.26101900584413, 10.007630147139489], [77.25869282829736, 10.008515272486841], [77.25791872037264, 10.00916373053182], [77.25782946376602, 10.00923849965615], [77.25547383944424, 10.011211717493346], [77.25544021190989, 10.011239884344237], [77.25472824853821, 10.01244661221902], [77.2553387561817, 10.014060677692234], [77.25787888817462, 10.014364463760257], [77.25825436509878, 10.019140301103883], [77.25829087442854, 10.019140658488615], [77.25949820837376, 10.019152468107936], [77.26059445126106, 10.01916318168804], [77.26109354265651, 10.019168056804762], [77.26127822460082, 10.019454554485515], [77.26217515288614, 10.020845940950634], [77.26271226727262, 10.02167914529145], [77.26380492498363, 10.025502736230663], [77.26389717657342, 10.029307110386844], [77.26164522412364, 10.033562375965825], [77.25960530552194, 10.035507059880857], [77.25657779526658, 10.03677131373123], [77.25313868413453, 10.041995688582174], [77.25176904977029, 10.044291626937714], [77.25089596187429, 10.045755161489783], [77.24938531985822, 10.046221949533104], [77.24649491407479, 10.048976804972062], [77.2435782882648, 10.053053906937047], [77.23866670632974, 10.056761554141314], [77.23579550652708, 10.05852457987415], [77.23301894334126, 10.063927194819296], [77.23162566531873, 10.066876466631822], [77.22808700648018, 10.068626406969308], [77.22304055059006, 10.070677527262854], [77.22213422592685, 10.074297758548669], [77.21852938999794, 10.079353521555952], [77.21515046060004, 10.081437097326274], [77.21442609598586, 10.081576130320105], [77.21318128253036, 10.081815048860557], [77.21280528368503, 10.081887212424338], [77.21054251192595, 10.083169322022734], [77.2108062689715, 10.083486096611233], [77.21052965972922, 10.083812513923878], [77.20891515270334, 10.084897782976771], [77.2079255649931, 10.086073385208149], [77.20717753156781, 10.08637640049092], [77.20528937884178, 10.087723971740369], [77.20404877309507, 10.088492743930303], [77.20363429850782, 10.091254825046931], [77.20318715399031, 10.092786960226805], [77.20308280748354, 10.09314449680148], [77.20336142895205, 10.09467686885249], [77.20349807348653, 10.096066621553016], [77.20354051529047, 10.096565789113848], [77.20357576069063, 10.097065528108644], [77.20360380429719, 10.097565761591767], [77.20362464700841, 10.098066578000873], [77.20364979983636, 10.098597833730281], [77.20366811917994, 10.09898478243332], [77.20316171459979, 10.101193700625542], [77.2031465941569, 10.101254417597586], [77.2031293968091, 10.101314669368648], [77.20264726650454, 10.103374377617095], [77.20174958902426, 10.105651272619259], [77.20170249484549, 10.105776358235463], [77.2016574137913, 10.105902200830602], [77.20161434765824, 10.10602879156], [77.20157328566663, 10.106156169335337], [77.20133039109527, 10.106809260099423], [77.20118377975268, 10.107203462288817], [77.20139978954421, 10.10780742755834], [77.20150263316951, 10.108100635028912], [77.20160306661494, 10.108394665581503], [77.2017010826939, 10.108689504179647], [77.20179670745756, 10.10898523041428], [77.20215163452126, 10.11007829957629], [77.20270375795953, 10.110760790149216], [77.20361207688262, 10.112830917521645], [77.20397254385668, 10.11326932932988], [77.20479842169124, 10.113680506779001], [77.20537772006514, 10.113513082109892], [77.20587044510016, 10.113698363707227], [77.20614887522753, 10.114163841794843], [77.20647777899578, 10.115831865065516], [77.20647813922021, 10.117228656800483], [77.2070304953221, 10.118620800542962], [77.20750044626803, 10.119140602793522], [77.20787647745271, 10.119160718026407], [77.20809607331887, 10.119167460246103], [77.20831572757552, 10.119172332967743], [77.20853543034116, 10.119175332654075], [77.20875524539625, 10.11917646195813], [77.20987281518671, 10.119194287628831], [77.21100422711737, 10.119279872412287], [77.21144439262345, 10.118896564220762], [77.2116730740504, 10.118695153441521], [77.21190015917105, 10.11849189779571], [77.21251841747883, 10.117936902876092], [77.2139552557078, 10.11700535649178], [77.21572066263339, 10.116625129308105], [77.2163547762059, 10.116430585843096], [77.21673358498143, 10.117162795946893], [77.21703488352101, 10.118039684076145], [77.21772397039567, 10.118586511025281], [77.21998680863004, 10.11891136103494], [77.2221404476585, 10.119869112830646], [77.2242619566442, 10.120469722100212], [77.22630626171942, 10.12194732266508], [77.22746529954001, 10.122661223359968], [77.2293492014381, 10.122018790096774], [77.22988218716755, 10.12194240223152], [77.2304533593814, 10.122294167054912], [77.22985417051046, 10.12260498338495], [77.22976453661141, 10.122651478906862], [77.22973741557468, 10.123306914977912], [77.2296827450048, 10.123686717728106], [77.23059084114574, 10.124265011809756], [77.23158565166105, 10.12508288986013], [77.23216086539534, 10.126248992558923], [77.23287747934526, 10.127369895251968], [77.23359351657676, 10.128138607104898], [77.23394528785886, 10.128508001044631], [77.23430231787866, 10.12887255470432], [77.2348946903332, 10.129475792101092], [77.23555515957787, 10.129644464167514], [77.23595718621021, 10.129754671609845], [77.23635785369154, 10.129869690556], [77.23675711620778, 10.129989510389017], [77.23715506269211, 10.130114159401447], [77.23792884093517, 10.130351777305803], [77.23853582179285, 10.130844223014716], [77.2397768165101, 10.130952328042211], [77.24010490191309, 10.13094962559384], [77.24059307967617, 10.130950826485464], [77.24108121701501, 10.130957593218064], [77.24156925104764, 10.130969923138332], [77.2420572877752, 10.130987821551436], [77.24250964162303, 10.131005654524678], [77.24433015659802, 10.13166047308151], [77.24453557704899, 10.131863816774489], [77.2445899960906, 10.131841384570544], [77.2445482774305, 10.131220498178035], [77.24530551140093, 10.130908353120164], [77.24577521171692, 10.13052393928385], [77.24657364152795, 10.130663832705874], [77.24722030007342, 10.130527548153793], [77.24723972614144, 10.13052345468187], [77.2481972583691, 10.129026826913757], [77.24825062278853, 10.128881414653732], [77.24851795153565, 10.128253417931914], [77.24877976642352, 10.127623066809786], [77.24883079612154, 10.127494168562828], [77.2488540031986, 10.127492855349777], [77.24895233817949, 10.127487289448712], [77.2503147069697, 10.126906985809564], [77.2518982302031, 10.12556508196432], [77.25252789442001, 10.125384538351256], [77.25365900092349, 10.126280013688525], [77.25420191213848, 10.126103879709241], [77.25529025703784, 10.124901278594576], [77.2554205459917, 10.124757311221957], [77.25543309994781, 10.124755711476029], [77.25786142312887, 10.124446244943476], [77.26066284539353, 10.123592972644637], [77.26342323890422, 10.122924943398194], [77.26568164844427, 10.122297400175945], [77.26662146679284, 10.122306698051744], [77.26771637837689, 10.122207643029055], [77.26689919264103, 10.12400196230926], [77.26694431950934, 10.125434965175975], [77.26812058611875, 10.127808609979578], [77.26870897454502, 10.128211103386327], [77.26961227817391, 10.128211431467808], [77.270784896725, 10.127809520826801], [77.27236770579772, 10.128619229377524], [77.27349882847089, 10.129605003482691], [77.27485322740789, 10.131305088444217], [77.2747160366977, 10.13233573543802], [77.27426408170184, 10.133325567677712], [77.27381113676255, 10.137339521474324], [77.27471411609963, 10.138592018755487], [77.27453091637554, 10.140834052251012], [77.27290667700188, 10.140743188750543], [77.2718206731122, 10.14123554951937], [77.2712317528833, 10.142356348519643], [77.27127723638277, 10.142894367291063], [77.27186037235955, 10.145430481350298], [77.27240266912688, 10.147491972068558], [77.2726259417975, 10.148387065530127], [77.27303624011701, 10.149286827141646], [77.27231063762434, 10.149955556594403], [77.27172171020892, 10.150940850334838], [77.2720408816294, 10.15161448746686], [77.27280744280739, 10.151433949688956], [77.27285252565825, 10.153002563762419], [77.27271936389211, 10.155723780758532], [77.27131857415718, 10.155899585430905], [77.27212995048811, 10.158408746687277], [77.2723986500643, 10.15984632625464], [77.2723982485174, 10.161098460469594], [77.2726303489323, 10.163001626078806], [77.27204151314501, 10.16371569169053], [77.27204111159807, 10.16497232820273], [77.27208636962041, 10.165957754286477], [77.27244651050603, 10.167078954758562], [77.27348626553164, 10.168602740695192], [77.2734400957193, 10.170437955946422], [77.27353053181389, 10.172946866891232], [77.27384469602495, 10.175098691776542], [77.2741637156301, 10.176265044604396], [77.27515832312615, 10.176532016711631], [77.27520369792947, 10.177517488471326], [77.27477908675253, 10.178082429675522], [77.27464145137628, 10.18050079261688], [77.27491000722206, 10.18260742635275], [77.2745943967234, 10.1849353629334], [77.27590337863627, 10.186820796202385], [77.27694329805358, 10.188475579937979], [77.27748141855317, 10.189488290739428], [77.27741285913069, 10.191222582166693], [77.27738938974558, 10.191816275222157], [77.27779525577746, 10.192580343368155], [77.27784067639487, 10.193430219531887], [77.27851570463532, 10.194506269813521], [77.27910416223189, 10.195134771197564], [77.28023600984548, 10.194506832122244], [77.2808697407357, 10.196165967418073], [77.28186441919866, 10.196613851621828], [77.28281352073734, 10.196794917316609], [77.28348859209694, 10.1976901952891], [77.2838940808364, 10.199796791457391], [77.28443641353638, 10.2021701713752], [77.28475104307475, 10.203137659780205], [77.28569984008458, 10.204439791778386], [77.28398345332575, 10.206319758158145], [77.28393744880339, 10.207571879691887], [77.28285137933668, 10.207661949705805], [77.2829423265727, 10.20860223287302], [77.28456689293309, 10.208828753605216], [77.28624140382666, 10.20963384696787], [77.28705359133629, 10.20972449370948], [77.2870987191029, 10.211519160554097], [77.28728097020607, 10.212504596598807], [77.28836232711079, 10.21326436885201], [77.28913319121901, 10.21460258811314], [77.29067105847642, 10.214734133496409], [77.29238687031348, 10.214825026325892], [77.2932903338425, 10.21505125264928], [77.29428482815082, 10.216217777480272], [77.2952790897955, 10.218546066864459], [77.29473578960996, 10.219440953880625], [77.29346190757016, 10.222152844660744], [77.29156253578459, 10.225782298852819], [77.28993247173463, 10.22878336720497], [77.2881699358247, 10.232322311327675], [77.28636723803503, 10.232489050471326], [77.28415347656124, 10.233876204337962], [77.2829299729409, 10.23530880932464], [77.28093978148009, 10.236741185955493], [77.280355963682, 10.235488886750051], [77.27804661068217, 10.235890467270867], [77.27750344524392, 10.236161471755008], [77.2768739382322, 10.23508548640708], [77.27492987256628, 10.23508481720363], [77.27388925425969, 10.23526080704823], [77.27280307879175, 10.235215221675283], [77.2720364520367, 10.235083841245133], [77.27131073366138, 10.235305133570456], [77.26945725590535, 10.237008740286404], [77.26919719093564, 10.236913707773445], [77.2683398163706, 10.23512333043321], [77.2677969060539, 10.234585238328759], [77.26463410861841, 10.235122015895074], [77.26440622938705, 10.234046083599996], [77.26431999650964, 10.232658299280452], [77.26169621429578, 10.23171263282344], [77.25911824975468, 10.23045950223318], [77.25902536844589, 10.234717680675049], [77.25861793395552, 10.238211815262941], [77.25821895710352, 10.243527643162953], [77.25798918152859, 10.247650135670026], [77.2577190194951, 10.25011368631369], [77.25752780590032, 10.251499270051212], [77.25708712116803, 10.255634952767785], [77.25729564350168, 10.259481886309125], [77.26355594702116, 10.263896088071743], [77.26292563152565, 10.265066659367855], [77.2579850564648, 10.271067945042313], [77.25443642812321, 10.276721546445613], [77.25088350583457, 10.281475569717584], [77.24895091255313, 10.28228372776735], [77.24788105857562, 10.282370294920144], [77.24680895162336, 10.283690643690434], [77.24513472729238, 10.286285909284224], [77.24440498536289, 10.287818566631433], [77.2441088620177, 10.289265186922957], [77.24320527272454, 10.289771764569489], [77.24187744505532, 10.291006339617013], [77.24114764204039, 10.292539009395611], [77.23909020179909, 10.29566774647486], [77.23900373895299, 10.296558302105735], [77.23964772411217, 10.297579743966411], [77.23952030797061, 10.298773144711793], [77.2391324558551, 10.299152936868222], [77.23776340898905, 10.300134395191098], [77.23647669900701, 10.301581287790162], [77.23566019599079, 10.303154648980108], [77.23540513643384, 10.304876986129198], [77.23523246496487, 10.30725935471306], [77.2348496631779, 10.308959140127403], [77.23394586098401, 10.30921703866822], [77.23218829994413, 10.308620931787166], [77.23141682138821, 10.30879294330985], [77.23077356476271, 10.309683642154983], [77.23072840106352, 10.311342647117216], [77.23056023015411, 10.313553194829328], [77.22974335703195, 10.314321843529875], [77.22781282718071, 10.315425451750766], [77.22734294720168, 10.316573766283017], [77.22747111882644, 10.317595331501213], [77.22781395456641, 10.31891514565409], [77.22725737907763, 10.320149429774064], [77.22717091263829, 10.320999249061922], [77.22785578192266, 10.321464641983862], [77.22833076702747, 10.32202049324265], [77.22897470277931, 10.323037419522025], [77.22906175581858, 10.324022860805401], [77.22880194956366, 10.325171098005443], [77.22897585441953, 10.326490974054853], [77.22829135434269, 10.3273003626441], [77.22807724179305, 10.328701680475167], [77.2283329741881, 10.32908587210882], [77.22931921028405, 10.329510496001895], [77.22927837376952, 10.330147903574607], [77.22876276594927, 10.331128984237404], [77.22958040084278, 10.332489337435657], [77.23052577616971, 10.33372308310084], [77.2319824420136, 10.334997375250015], [77.23253975951083, 10.336018839966183], [77.2325400047509, 10.336782752612915], [77.23241259310088, 10.338016885284125], [77.23284203272244, 10.338780634000285], [77.23348569538648, 10.3388256352986], [77.23541689448258, 10.339078150417615], [77.23567741130486, 10.340013822071002], [77.23546358082623, 10.34202089127585], [77.23533649077307, 10.344190704102527], [77.23537858403066, 10.347255519955098], [77.23533785441566, 10.348272659715668], [77.23495893335074, 10.348322442255007], [77.23473558342504, 10.349167813678232], [77.23448018879647, 10.350189578700489], [77.23469520145804, 10.351378310111787], [77.23525271029641, 10.352869869019992], [77.23228970357002, 10.352699003904146], [77.23027185657484, 10.352826233269802], [77.22810801717635, 10.353423587154545], [77.2259212770263, 10.353722595495064], [77.22270270139822, 10.354021877493537], [77.22029670764013, 10.354022595047487], [77.21776745514363, 10.353765609887995], [77.21463092354875, 10.353639876987579], [77.21154005870964, 10.353387569763624], [77.20862283551999, 10.353555530704126], [77.20643604955588, 10.353895062178673], [77.2041169543268, 10.354279868961816], [77.20360126386154, 10.355129785022502], [77.2027023413163, 10.357046659447102], [77.20175746724931, 10.358063899123003], [77.20042892901269, 10.358023573461704], [77.1988262959183, 10.357463376374486], [77.19775333197325, 10.356826211602213], [77.19702256596435, 10.355718920691887], [77.19539245699863, 10.354656969536682], [77.19337460730854, 10.355122910844493], [77.19101440517207, 10.35550759240528], [77.18861297844892, 10.355720504250662], [77.18595137356833, 10.356019383150864], [77.18406145655108, 10.356869489789444], [77.18088858720463, 10.357552565925031], [77.17599452062097, 10.358574913364139], [77.17426398270146, 10.357350199366909], [77.17155637419685, 10.355311830061403], [77.16820979313236, 10.35411887362919], [77.16700890819254, 10.352970850954268], [77.16464837817102, 10.350846525238776], [77.16125606207876, 10.348636448351616], [77.15962600162204, 10.347104166675319], [77.15376360236611, 10.340839364774054], [77.15118857801092, 10.33819968965468], [77.1472395283264, 10.335437963863207], [77.144920366622, 10.334163324422395], [77.14204887396852, 10.333440233547934], [77.13946948290275, 10.332585880675845], [77.13771189491338, 10.331483017568676], [77.1338680783728, 10.329164126158108], [77.13124769718061, 10.32759102840646], [77.12837172822209, 10.32631631118783], [77.12605718475658, 10.323680859590795], [77.12305348794106, 10.320742590395936], [77.12015477363953, 10.31803481324859], [77.1188218839637, 10.317908233518276], [77.11663526867947, 10.317483185651358], [77.1141885381199, 10.316841206189212], [77.11221654922166, 10.316162988113682], [77.1094273943505, 10.31543960573847], [77.10684826289784, 10.315353508121818], [77.10474838175094, 10.315737591442407], [77.10371680229274, 10.315398478305072], [77.10200032480405, 10.315610826958837], [77.1013566899878, 10.315353075061806], [77.10079987464887, 10.314078284397375], [77.09972725835183, 10.31352669052158], [77.09860886750118, 10.31314235438771], [77.09817987164739, 10.312504934455754], [77.09817995249576, 10.310972574749838], [77.09745426376483, 10.310375750886216], [77.0964226834083, 10.309060236925006], [77.09568781928509, 10.308748303613644], [77.09570683751798, 10.309489370537772], [77.0955749262067, 10.309512377940107], [77.09499419142668, 10.310214670310272], [77.09370675470754, 10.311489275108723], [77.0919901730143, 10.313102892621407], [77.09142847623006, 10.315060116029677], [77.09085796517627, 10.314585373659115], [77.09068691426809, 10.314414021078827], [77.09005916795427, 10.313785165978722], [77.0887264121274, 10.312591693936536], [77.08875712283199, 10.311963398180875], [77.08873984822908, 10.311947928934412], [77.08878684718643, 10.310986397509643], [77.08807391543088, 10.310408247689493], [77.08700125152318, 10.309684776969362], [77.0847281356636, 10.308450397025878], [77.0829252716856, 10.307130189015856], [77.08146472511967, 10.30564278534521], [77.07846607144616, 10.302893942849593], [77.07666322184122, 10.301700251896012], [77.07451798655225, 10.300723487202815], [77.07207153536872, 10.299529689040407], [77.0687669074246, 10.298593369347387], [77.065978024743, 10.298167886199414], [77.06477776143737, 10.296721072508346], [77.06338137434564, 10.294695672268752], [77.06316746661186, 10.291716708404792], [77.06230938507271, 10.291246447414212], [77.06016416236014, 10.29111940084965], [77.058963891868, 10.290142688239767], [77.05596100353624, 10.287334864057232], [77.05535861127302, 10.287077064290921], [77.05177121074544, 10.285855748847446], [77.04928359246742, 10.285597476765608], [77.04555013934939, 10.284660727703724], [77.04361949900537, 10.28406357385063], [77.04417913864759, 10.283588767128961], [77.0436331417196, 10.28341988495652], [77.0466371556404, 10.280871169878177], [77.04710754496418, 10.279849708415883], [77.04946776057538, 10.278363039699453], [77.04993352177883, 10.277486250778217], [77.05087874259553, 10.275615015836667], [77.05134929002281, 10.273748204404702], [77.05284560929998, 10.272306260564594], [77.05202581126328, 10.270649125808692], [77.05099490733816, 10.268225976676323], [77.05102940174676, 10.26763142411004], [77.05100851322146, 10.267582328006256], [77.05104968660419, 10.266872650104112], [77.05174761379955, 10.26575661543313], [77.051672073569, 10.265096026396627], [77.05175461347227, 10.265055232717495], [77.05160732569827, 10.263767206057102], [77.05052149518343, 10.261850351705009], [77.04980515521966, 10.260833034621212], [77.04843174343966, 10.259426909772941], [77.0463736222754, 10.258237499966173], [77.0435853351768, 10.256876108743723], [77.04305734857192, 10.256352889083121], [77.04282912798074, 10.256126727562707], [77.04195184944393, 10.255257355340255], [77.04139538354963, 10.253815182261578], [77.03963854206025, 10.252879054184396], [77.03706456424237, 10.252579957230848], [77.03392910793087, 10.252493134412362], [77.03122739776444, 10.252108128198135], [77.03063705280746, 10.25150198738916], [77.02979908993741, 10.251392104906468], [77.02658244658548, 10.250642083126563], [77.02558231445043, 10.250222329018406], [77.02530008085617, 10.250103602770974], [77.02501889290085, 10.24998298741627], [77.0247385763114, 10.24986040958185], [77.02445914456248, 10.249735876337283], [77.02418061112886, 10.249609392984137], [77.02390298858694, 10.249480964823963], [77.02362629130974, 10.24935059892628], [77.0233505300771, 10.249218301476468], [77.02248386783033, 10.248794249328936], [77.02218180751942, 10.248594471949149], [77.02183985212841, 10.248369423128514], [77.02149604261467, 10.248147671408223], [77.02115018314544, 10.247929086849565], [77.02080229887359, 10.247713682718786], [77.0204524221384, 10.247501482006067], [77.02010057719443, 10.247292497977606], [77.01974679907597, 10.247086751855484], [77.0193911156308, 10.246884257789777], [77.01884265192903, 10.246578062055018], [77.01743716939505, 10.246125539258728], [77.01636005433512, 10.246247147033538], [77.0150960789163, 10.245613900689543], [77.01410148579325, 10.244587390076083], [77.01248605260434, 10.244012746671507], [77.01137297259368, 10.242656210246171], [77.01104037585131, 10.241182459797706], [77.01058403528025, 10.241055737886649], [77.00926056444015, 10.240933194612275], [77.00847470475487, 10.24055479113466], [77.0081541687935, 10.240397895211927], [77.00783486621903, 10.240238802456641], [77.0075167071999, 10.240077472201175], [77.00719970880412, 10.239913908862187], [77.00536843201199, 10.238960757020061], [77.00489239048844, 10.23799355801107], [77.00469898859767, 10.237610869749904], [77.00451103409077, 10.237225772971813], [77.00432848474694, 10.236838192526726], [77.00415136392238, 10.23644817614254], [77.00326170300768, 10.234407927380264], [77.00210265800058, 10.234077500017547], [77.00073356711708, 10.233873562874997], [77.00015421574255, 10.233380564544493], [76.99898340100857, 10.231657592240909], [76.99854197247123, 10.229619111695591], [76.99821295731189, 10.229535220241853], [76.9976608230939, 10.229520510769218], [76.99724185872684, 10.229645101457235], [76.99649234667459, 10.230164915692125], [76.99603711911615, 10.2303168068559], [76.99567234112703, 10.230350708660975], [76.9952739957907, 10.23012714975379], [76.99472047996377, 10.229886498759708], [76.99434525546621, 10.229703512331504], [76.99377513068802, 10.229729568388883], [76.99330547349116, 10.22978214196359], [76.99288952476854, 10.229644654135258], [76.99222202441015, 10.228686039918145], [76.9919221362256, 10.228150145232586], [76.99164739278416, 10.227989098796767], [76.99110469626649, 10.22802406523456], [76.99070686835978, 10.227886327345537], [76.99031768763597, 10.227658287267204], [76.99015615797148, 10.22736099384308], [76.99018199082411, 10.227107752870255], [76.99041068213249, 10.226478126501172], [76.99052934149668, 10.22574080260155], [76.99048547496473, 10.22529812489857], [76.99035597922327, 10.22501424646835], [76.99013631778011, 10.224898037397894], [76.98956951227686, 10.224720759053394], [76.988676924651, 10.224256159012592], [76.98847999956769, 10.224135318122313], [76.98806686347021, 10.223717549885071], [76.98715010128171, 10.223027163729991], [76.98634881482806, 10.222553008111234], [76.98590609990322, 10.22252855514149], [76.98518931707001, 10.22244260019727], [76.98409330415144, 10.222268424403394], [76.98353874448215, 10.221860558688284], [76.98318018013987, 10.221415331258177], [76.98321889573198, 10.221039964244335], [76.98342589003133, 10.220573202596768], [76.98359357405383, 10.219659293726579], [76.98254824767685, 10.219566263729535], [76.98201881029277, 10.219537805721611], [76.98176439123462, 10.219706553096088], [76.98131378101677, 10.22060413765009], [76.98093864814739, 10.221180316612562], [76.98061915962165, 10.221891832210156], [76.9804358458115, 10.222489485197377], [76.98022004981901, 10.223015066335481], [76.97983384162046, 10.223265935120134], [76.97936896974915, 10.223336585998865], [76.97862892953326, 10.223187418801707], [76.97795331648953, 10.22311916102313], [76.97764842468887, 10.22325203603404], [76.97733080555722, 10.223525162423797], [76.97705037308506, 10.223924536455934], [76.9767880281912, 10.224283133161277], [76.97600535393192, 10.224622321923423], [76.97538500793942, 10.224639613931437], [76.97466008367479, 10.224711800098277], [76.97302294629031, 10.22482563026114], [76.9727410872935, 10.22498552992213], [76.97258443907427, 10.225479094701637], [76.97250270945139, 10.2262749447556], [76.9722819466737, 10.227478469727968], [76.97179319488717, 10.228118673417953], [76.97132589576795, 10.228546257535035], [76.97066750252993, 10.229047429225037], [76.969824853149, 10.22927393273425], [76.96939226583068, 10.229407568093396], [76.96894584445697, 10.229527814673574], [76.96843744382024, 10.229942139024818], [76.96792322749036, 10.230153126213322], [76.96717580402115, 10.230284166563413], [76.9665824317417, 10.230238054475548], [76.96587851727494, 10.230025287782055], [76.96566388010918, 10.229994968934331], [76.96527642055746, 10.230051535648522], [76.96486686065312, 10.230216677651539], [76.96361694746174, 10.230997004610733], [76.96241253932936, 10.231740902326287], [76.96181772076233, 10.232210037974117], [76.96098538943077, 10.232626296612361], [76.96012463630193, 10.232879981384775], [76.9593099380011, 10.233201276241617], [76.95857701064563, 10.233467821348775], [76.95820286232977, 10.233465465422436], [76.95741738981842, 10.233334670376644], [76.95719849912973, 10.233354019920862], [76.95656491825817, 10.233457219238158], [76.9559224808962, 10.233601209183595], [76.95566241862146, 10.233602726169645], [76.95510915252619, 10.233402726169682], [76.95416393530274, 10.23252710608967], [76.95351054747748, 10.231613524230005], [76.95298492703508, 10.231454018648074], [76.95206311541638, 10.231418829812297], [76.95072347310452, 10.231702543391469], [76.94950831303653, 10.232193385530943], [76.94888463339603, 10.232427606126247], [76.9483636132262, 10.23301826431941], [76.94809216750016, 10.233399496826094], [76.94780599928494, 10.23435024403812], [76.94778211397986, 10.234928889230464], [76.94754541688565, 10.235761877082716], [76.94720600642185, 10.236215819370903], [76.94699164324221, 10.236230676164109], [76.94608718168492, 10.23605080778788], [76.9451192191185, 10.235934497559132], [76.94407045039735, 10.236031141045723], [76.94338360571764, 10.236374203394334], [76.94285145901466, 10.236648573798313], [76.94215043712313, 10.23691939994781], [76.94160441863558, 10.237153112282602], [76.94043557570366, 10.237770171566254], [76.93962575435647, 10.238154604674655], [76.93911028397845, 10.238175791785421], [76.93835723076737, 10.238135090996984], [76.9376076297819, 10.23789993932918], [76.93668618198089, 10.237182359020862], [76.93571939890244, 10.236501104862944], [76.93479391137761, 10.235869342772792], [76.93362768883136, 10.235406276023943], [76.93325772396982, 10.235345203531928], [76.93302117060604, 10.235455071243704], [76.93230584124699, 10.23562653117027], [76.93163953474962, 10.235594303376669], [76.93081497743852, 10.235038772998776], [76.92982134371624, 10.234448109725834], [76.9292305001943, 10.234081016661785], [76.92810005215594, 10.233495638074588], [76.92756971825321, 10.233304366873469], [76.92672323216772, 10.232907166967218], [76.92596349908416, 10.23250941758282], [76.92536002255443, 10.23230965116134], [76.92356450949038, 10.23190894306637], [76.92290214480047, 10.231772730929844], [76.9219064781907, 10.231588762547368], [76.92125413600442, 10.231601627837417], [76.9205886505672, 10.231709536951154], [76.9195996638299, 10.231891592224278], [76.91812353868029, 10.232239211793644], [76.91732662522543, 10.232496981966955], [76.91661630038084, 10.23274075248109], [76.91504996730872, 10.233265118798002], [76.91437199349245, 10.233580967673642], [76.91388044525043, 10.233773692927622], [76.91333764183328, 10.233794908619693], [76.91279496058696, 10.233843300088342], [76.91187581337142, 10.234259902237332], [76.91042533512321, 10.23509102833078], [76.90973542090015, 10.235691605560788], [76.9094689707054, 10.236140589495712], [76.9095312059883, 10.23664191980962], [76.9096957503989, 10.237449946572221], [76.90966253878452, 10.237997004774947], [76.90954211243415, 10.23846315736082], [76.90923569170086, 10.239097728086971], [76.90836007864058, 10.239929868722786], [76.90774630562105, 10.24030861417228], [76.9072321090541, 10.240533116211916], [76.90694481794478, 10.240557356517547], [76.90634228105276, 10.240506667659306], [76.90570089921125, 10.240076486533972], [76.905343494594, 10.239816426751634], [76.90497706550141, 10.239583613647014], [76.90449776399169, 10.239541159167402], [76.90401417751804, 10.239553048190288], [76.9033026758804, 10.239602391741112], [76.90256797525055, 10.239575083855183], [76.90280294129123, 10.239962344481885], [76.90436694143855, 10.242850241840799], [76.90460716891181, 10.244878133767031], [76.90479006859861, 10.247249811157813], [76.90411515354587, 10.248835564000585], [76.90333503948517, 10.251154110482808], [76.90304559870734, 10.250821343889193], [76.90139193321994, 10.250492030645939], [76.90099379988601, 10.251500268058562], [76.90085707360483, 10.251846512769491], [76.90067690928808, 10.251771836434958], [76.90031131562868, 10.252916313549973], [76.89976881314716, 10.25529216938154], [76.89915951463601, 10.257184865077067], [76.89826918717141, 10.25940015606584], [76.89765229160793, 10.26077761634537], [76.89738239996734, 10.261434542481824], [76.89696525558705, 10.261879902008994], [76.89665622434951, 10.262089581799938], [76.89585834251079, 10.262198177966537], [76.89398721645269, 10.262141342966046], [76.8912820190263, 10.26225648207278], [76.88804437485966, 10.265678434041703], [76.88450288722628, 10.269450237438049], [76.88394995260933, 10.270072614242093], [76.88007720762165, 10.27184857268933], [76.87727800778899, 10.273066974983372], [76.87526784767772, 10.274217553621462], [76.87416306630365, 10.274910835317229], [76.87354082037432, 10.27539801653296], [76.87326407997803, 10.27567536990166], [76.87302564913529, 10.276259701768998], [76.87299643951553, 10.277498221462965], [76.87307478248977, 10.27917908123692], [76.87308388152526, 10.280724777793486], [76.87360215644361, 10.285819787360984], [76.87389675444945, 10.28856598916591], [76.87418407789815, 10.290869380414973], [76.87437009743391, 10.292996992548012], [76.87427273982004, 10.293521855627247], [76.87417287051667, 10.294381075829923], [76.8736597195887, 10.295586260695128], [76.87332137901842, 10.297029958727489], [76.87315101711805, 10.297546227649867], [76.87266894789892, 10.29782465134212], [76.8720095171067, 10.298208162972623], [76.87069112084966, 10.298283567229765], [76.87013772719362, 10.29807879028203], [76.8698575309784, 10.297773098422946], [76.86926479560448, 10.297089508817033], [76.8688746051743, 10.295925708038139], [76.86828189225824, 10.295237634180687], [76.86762294206476, 10.29493409263409], [76.86661419598444, 10.294903791494562], [76.86533214197048, 10.294947292980854], [76.86439027905634, 10.294645393355575], [76.86393587525303, 10.294200578503814], [76.86358665249138, 10.293791274607958], [76.86337744923476, 10.293137120342045], [76.86309503687573, 10.292451751201158], [76.86288129622861, 10.291802162840325], [76.86260529245081, 10.291424077411104], [76.8620469391961, 10.291151618569291], [76.86100595797012, 10.291053647559227], [76.86020732244485, 10.291058167639907], [76.85955101509492, 10.29120208718608], [76.85896599535099, 10.291824615584382], [76.85865510819409, 10.292513388948361], [76.8582099103258, 10.292859401367023], [76.85769029512106, 10.292966326188763], [76.85685457983584, 10.292867210260983], [76.85588521320264, 10.29252921446032], [76.85494275380715, 10.292118791195762], [76.854351223074, 10.291643108308717], [76.85370405338715, 10.290995938303285], [76.85314821361855, 10.290379940923305], [76.85279940587859, 10.290038439693943], [76.85248378549845, 10.2899001268711], [76.85161610456215, 10.289805656471804], [76.85119946952663, 10.289564012299296], [76.85098690387589, 10.289117792886497], [76.85098135947398, 10.28815965749441], [76.85122314821919, 10.2873673022479], [76.85149313777616, 10.286705907210255], [76.85200811857234, 10.285808106019983], [76.85225053973156, 10.28511973344728], [76.85217457280125, 10.284604877850809], [76.85207254394788, 10.284329841023848], [76.85179334037109, 10.284195836398396], [76.85151506385562, 10.284197387613462], [76.85106386703785, 10.284303914970648], [76.85058115462498, 10.284478452634144], [76.85023513615397, 10.284616011229474], [76.84967867115795, 10.284655260010007], [76.84898459504018, 10.284591439307176], [76.84856899127064, 10.28452150124193], [76.8483644538636, 10.284662818968373], [76.84826121767452, 10.284970712901885], [76.84833365422577, 10.285657268543963], [76.84844167753697, 10.286171853725527], [76.84813001064244, 10.286725035174795], [76.84751114956511, 10.287035941995835], [76.84644023737219, 10.287286048551424], [76.8452642501388, 10.287532288844448], [76.84433095625413, 10.287912721198976], [76.84294806904451, 10.288679913930595], [76.84232730264047, 10.28943819009926], [76.8418124341337, 10.290367638393274], [76.84177993847659, 10.291054842543415], [76.84181926492313, 10.291538224761297], [76.84248015547765, 10.292185218650053], [76.8434924373269, 10.292834899911313], [76.84429484218307, 10.293481172565162], [76.8444334684011, 10.293787715318347], [76.84443693769472, 10.294375169912653], [76.8437476648688, 10.295133922932989], [76.84267700510247, 10.296238268314816], [76.84202356876816, 10.296865679756165], [76.84137113585204, 10.297696473453192], [76.84085495221171, 10.298386406855867], [76.84057892597602, 10.298799286117601], [76.84030216491847, 10.299076513749661], [76.83985100223668, 10.299183013987657], [76.8394049231211, 10.299388929488943], [76.83902242586304, 10.299531220735632], [76.83864221212241, 10.300080286587944], [76.83819920524506, 10.300805933269382], [76.83781706821142, 10.301015958432508], [76.83733437196823, 10.301190463871388], [76.83623190375602, 10.301540189481624], [76.83498466125599, 10.302094175669241], [76.8338095148457, 10.302480482085965], [76.83307956810033, 10.302520738863919], [76.83169225039973, 10.30252858463963], [76.83096701980959, 10.30260042337031], [76.83034298174128, 10.302807369837927], [76.83013360421151, 10.302912503296948], [76.82992965969254, 10.30315321540764], [76.8298000768145, 10.305223908577236], [76.82966677311454, 10.305843865652275], [76.82953284328882, 10.306359839084559], [76.82911596391156, 10.306877487394013], [76.8286695623008, 10.307020125252386], [76.82839177536717, 10.30712561525263], [76.82856751907441, 10.30753591469191], [76.82968160160493, 10.308419988476285], [76.82996262157526, 10.30886582704827], [76.82999748159816, 10.30938090641568], [76.83007625217049, 10.310379333851367], [76.8300446853714, 10.311238225284825], [76.83001165881, 10.311830472051492], [76.83005311695867, 10.312689024565717], [76.83019460341254, 10.31347911816034], [76.83051360055983, 10.314195930458606], [76.83117597692782, 10.31508708066638], [76.83204865609038, 10.316044907077135], [76.8324355272456, 10.316661860052516], [76.8326814159018, 10.317347441677738], [76.83275388389409, 10.318034096496204], [76.83296833331194, 10.318823765714605], [76.83324817559094, 10.319861693062716], [76.83349824141322, 10.320479462240092], [76.83367636835091, 10.321301073941127], [76.8339244372183, 10.322366292965075], [76.83410247162954, 10.323156239420978], [76.83417803072469, 10.324389696484372], [76.83439520742776, 10.325626851694379], [76.83464381708099, 10.326800563715162], [76.83482123165464, 10.327486528892251], [76.83531080539964, 10.328482593157618], [76.83579858161579, 10.329166765056785], [76.83590532842098, 10.329473547040033], [76.83570452351397, 10.330265578976556], [76.8354626647001, 10.331057956231856], [76.83539778028545, 10.331677440867697], [76.83582249746358, 10.333288614671865], [76.83631543360269, 10.334085777728735], [76.83656191514699, 10.334875305891979], [76.83694794997068, 10.335320551985035], [76.83725985941035, 10.33559449087237], [76.83739841555976, 10.335869420191418], [76.83743829716514, 10.33645222027496], [76.83732028638458, 10.337124797015319], [76.83733267684728, 10.337126260480014], [76.837243369935, 10.338247645350824], [76.83647754986707, 10.339210165394414], [76.83580003329327, 10.339638843403918], [76.83603448459927, 10.345440737438347], [76.83935101611922, 10.349060140902328], [76.83952579054426, 10.349285103729581], [76.84015254601633, 10.349534644738274], [76.84149290518376, 10.350060322828922], [76.8416518162592, 10.353046900430794], [76.8442513439604, 10.355007134076379], [76.84542638975938, 10.35612579075724], [76.84590973368788, 10.356828115930957], [76.8459726759449, 10.357446915230863], [76.84575189879415, 10.358718192282225], [76.8454173230632, 10.360044376329617], [76.84491675304079, 10.361877701115466], [76.84489179065568, 10.362280113938905], [76.8450639060675, 10.362844012914442], [76.8462404592395, 10.364215850505058], [76.84775483555222, 10.365590150135587], [76.84835718739127, 10.366346007855686], [76.84861912624666, 10.367415641613002], [76.84830896133522, 10.368235445354939], [76.84746606401932, 10.369284276979505], [76.84560197356647, 10.372110727979592], [76.8441370926293, 10.374514527091447], [76.84391433649, 10.37544683505496], [76.8437784393538, 10.3764057505785], [76.84369494813467, 10.376971187243322], [76.84264559101699, 10.37706311046726], [76.84125690338557, 10.377663093737905], [76.83919204216171, 10.379735820957547], [76.83766263164439, 10.381267680607316], [76.83689967360898, 10.38195001518939], [76.83582079515611, 10.382462359153697], [76.83400047781048, 10.382639902233766], [76.83290171784375, 10.384454023042107], [76.8312801168221, 10.387401087058734], [76.8304892948432, 10.388784078339494], [76.82986786458413, 10.389465512046097], [76.82765865577221, 10.391082589746215], [76.82417816015334, 10.39389547703549], [76.82332847696378, 10.394582747961252], [76.82630136605661, 10.397128538247221], [76.82958517284908, 10.399731294627115], [76.83175859278008, 10.401382149552973], [76.83370268180222, 10.402830890102052], [76.83212279764405, 10.405122281905793], [76.83212591210312, 10.40565560377833], [76.83287187221674, 10.406754161722723], [76.833272493884, 10.40734390256771], [76.83256101290763, 10.407460969363955], [76.83208024355072, 10.40799707037268], [76.83024759233622, 10.410796109698037], [76.82987834433024, 10.410884086858134], [76.82811571858879, 10.410808262607754], [76.82728955958153, 10.410844579969787], [76.82683599031313, 10.410562444184102], [76.82620224684649, 10.409919731251263], [76.82554516694537, 10.409191328609994], [76.82432399624983, 10.409591430183188], [76.82416143711605, 10.41069067401986], [76.82354176126674, 10.411679468173896], [76.82266530558674, 10.41326633723209], [76.82221825179906, 10.414118539425203], [76.82288563627479, 10.416623200184524], [76.82169551045713, 10.417646831653899], [76.81603791900115, 10.423003113104613], [76.8161028339585, 10.42314106329892], [76.81750791494554, 10.426126910846753], [76.81823054042133, 10.427926156386798], [76.82111274997612, 10.434445222082225], [76.8224692383945, 10.437678129524569], [76.82350606491228, 10.440099268194635], [76.82610186999494, 10.446000706270521], [76.82713694210298, 10.448109947751089], [76.82802766482631, 10.449745552019586], [76.82812843334332, 10.452140326745953], [76.82831859501084, 10.454986635652167], [76.82829615509505, 10.456622833568447], [76.82864773054443, 10.462866985389434], [76.82883437620596, 10.465885053005978], [76.82906514531763, 10.470990922692748], [76.82913102147235, 10.472879728376876], [76.8294260138386, 10.479589721533294], [76.82958374632442, 10.481563853527707], [76.83003829834975, 10.486663888522688], [76.83013333831016, 10.488068960178037], [76.83046812963678, 10.49220255308626], [76.83034332310109, 10.495050634311204], [76.83032883597052, 10.497251770739558], [76.83056380740108, 10.498375786748056], [76.83082497460362, 10.49930530778231], [76.83134333935347, 10.500477480243145], [76.83176957917601, 10.50148052973438], [76.83259701019769, 10.503990987297959], [76.83317783480925, 10.506464372828788], [76.83393496637176, 10.508629449744381], [76.83431506692463, 10.51037181804501], [76.83480305334653, 10.511806227386694], [76.83526656157527, 10.512960610862123], [76.8355884530944, 10.514111219501634], [76.8367758426437, 10.517973187149112], [76.83718115980494, 10.519326693773198], [76.83779165127878, 10.521406713767531], [76.83889736600244, 10.525354945914717], [76.83947453896236, 10.527182057757596], [76.84014433541462, 10.529234626477399], [76.8415646302693, 10.533845391960943], [76.8417982533286, 10.534743429676878], [76.84228758812176, 10.535612845620646], [76.84285803629348, 10.536314631918403], [76.84308859699598, 10.536679351345192], [76.8429306237617, 10.537764987143623], [76.8422569447908, 10.539685181950546], [76.84200416425973, 10.540192900105538], [76.84160919479224, 10.540588369107724], [76.83987992259894, 10.541642453709303], [76.83831941869471, 10.542663815734226], [76.83526184721667, 10.544611390169043], [76.83521530640012, 10.546781078587918], [76.83522226924188, 10.547965150162332], [76.83518687202641, 10.551246582671366], [76.83522144458844, 10.55245768799086], [76.83616871446229, 10.553523334362163], [76.83614101760546, 10.554255715171724], [76.83586622745162, 10.55566289256611], [76.83564528321422, 10.556920597215871], [76.8356209011408, 10.557426954320539], [76.83656528742254, 10.558013489625475], [76.83727517029605, 10.558348405894028], [76.83836379816468, 10.55938604279124], [76.83899409030401, 10.560141678453078], [76.83928022707822, 10.560646228729338], [76.83934476564148, 10.561518158076648], [76.83926193109083, 10.562169416427015], [76.83943571108082, 10.562986485522643], [76.83969989033454, 10.563631265057857], [76.83961598229712, 10.564101742673829], [76.839504434895, 10.564554363532332], [76.8389381773641, 10.565344047099476], [76.83823492944731, 10.566139129574415], [76.83764163801622, 10.566987660234284], [76.8372768249928, 10.567862103369615], [76.83684990245067, 10.568257791116752], [76.8361718244298, 10.568686598122225], [76.83566164602713, 10.568915469266049], [76.83506631092877, 10.569425136674893], [76.83472626625439, 10.569847447933759], [76.83470167846673, 10.57032661516334], [76.83470651499624, 10.57114471870999], [76.83462337232342, 10.571764382583764], [76.83462508810564, 10.572044509908073], [76.83429209520621, 10.572887164236917], [76.83392512802274, 10.573395449241103], [76.83401100247235, 10.574014117777324], [76.8345921603589, 10.575728170902673], [76.83508544504434, 10.57727557918368], [76.83554416165931, 10.57837114279202], [76.8362072935105, 10.579266680365354], [76.83675047601669, 10.579968629276769], [76.83769756443085, 10.581007160044688], [76.83798363023814, 10.581484540239], [76.83792589192157, 10.581765064887321], [76.83753240197935, 10.582413691223323], [76.83756174634644, 10.582752459169205], [76.83782493835163, 10.583230052107169], [76.83765543254572, 10.583899915802961], [76.83731555046639, 10.584353872631603], [76.83717545101132, 10.584607782774913], [76.837351156091, 10.58497279457358], [76.83743523391, 10.585279644402998], [76.83743705389678, 10.58559148921119], [76.8373565226265, 10.585872229975951], [76.83715755387591, 10.586212303627656], [76.83733094309878, 10.58694349739102], [76.8375630021912, 10.587561315625985], [76.83779506397852, 10.588179133498697], [76.8377207768978, 10.589512824459396], [76.83769683230392, 10.59009604013009], [76.83790047229397, 10.591310635506877], [76.83835500814965, 10.59246946944498], [76.83858462202785, 10.593439832287613], [76.83850789152955, 10.594353279042696], [76.83859537665843, 10.595238586293757], [76.83868178919886, 10.595943173229589], [76.83860189752906, 10.596327759920065], [76.83829932428014, 10.596912525518004], [76.83804695517746, 10.597497060421166], [76.83777098104406, 10.597941595010298], [76.83746688335411, 10.598273242129642], [76.83671384631269, 10.598390684302062], [76.83607029683638, 10.598475708327404], [76.83506181665742, 10.598648800855882], [76.83444920695617, 10.598566560946052], [76.83400233283152, 10.598709207944296], [76.83321896686948, 10.599102483299317], [76.83241129878404, 10.599242754810097], [76.83190804279894, 10.599110039914239], [76.83114541354692, 10.59839137038567], [76.83055716076628, 10.59778911465322], [76.83007993256822, 10.597430381192588], [76.8292933245863, 10.597267724078396], [76.82853928322838, 10.597217782832166], [76.82775570167067, 10.596806590853443], [76.8271908742577, 10.596312708362438], [76.82691124128614, 10.59614706170997], [76.82632151347183, 10.596069158410483], [76.82568330897145, 10.596294267863406], [76.82504217955653, 10.596795115449492], [76.82462854758903, 10.597132015859527], [76.82407320548712, 10.597465122560351], [76.82326663334634, 10.597804206755923], [76.82284848285296, 10.598163723874771], [76.82240409885831, 10.59872221438039], [76.82201566732948, 10.599470196548717], [76.82159909248107, 10.60008274546994], [76.8210712576915, 10.600442774693372], [76.82028903887804, 10.601030359743817], [76.81903773509461, 10.601869169368863], [76.81814522382552, 10.602344351113373], [76.81747601127823, 10.602736865086452], [76.81692601145734, 10.603982927218121], [76.81687110103725, 10.604733521608171], [76.81687518837181, 10.605424994010319], [76.81651935490798, 10.606285796912982], [76.81621538388045, 10.606644626834557], [76.8160223763501, 10.607228769658974], [76.81619139437079, 10.608000639904912], [76.8167829529517, 10.608385882497123], [76.81768109126769, 10.6088508161974], [76.81821396650435, 10.609349345777892], [76.81846880597405, 10.609953566298175], [76.81853219289714, 10.610644671953972], [76.81833908295879, 10.611201698701993], [76.81772715777377, 10.612009737849533], [76.8171136533505, 10.612564640383287], [76.8166688013336, 10.613037270571517], [76.81656309477749, 10.613702237580712], [76.81668201195815, 10.614779470788992], [76.81674159810926, 10.615319241740389], [76.81671322122774, 10.615929539217854], [76.81649692217869, 10.616427945124654], [76.8162434203005, 10.616818098592681], [76.8154914666273, 10.617125245838462], [76.81476623154559, 10.617323769612735], [76.81412405469507, 10.617661929439132], [76.81362612482127, 10.618437674145705], [76.81287484039296, 10.618857815581022], [76.81234216009075, 10.619163661986134], [76.81166426712282, 10.61963762578962], [76.81138786269642, 10.620027892589638], [76.81124966138152, 10.620611758211984], [76.81125304084364, 10.6211901759564], [76.81133985672763, 10.621967078046568], [76.81118021532187, 10.622781573783087], [76.81053968508326, 10.623395417166975], [76.81012200440875, 10.623840723749995], [76.81073985577969, 10.62403151411048], [76.81138622416934, 10.624416502527215], [76.8117763957349, 10.624717067953684], [76.81222794648889, 10.625378825765395], [76.81296146763077, 10.626590401896559], [76.81386706016701, 10.628302632354272], [76.81488056552166, 10.628961161568528], [76.81447085020879, 10.63075785521154], [76.8141965307722, 10.631505142742018], [76.81434130955157, 10.632805956629182], [76.81418469636662, 10.634135604484978], [76.81427234229395, 10.635048105047817], [76.815471224889, 10.634598241462726], [76.81734177243207, 10.634171651003086], [76.81887893361365, 10.633746930787549], [76.82080581271154, 10.633568569627915], [76.8221781635812, 10.633867967695261], [76.8231897474395, 10.634192085425168], [76.82419840009501, 10.634796378652497], [76.82464680854213, 10.634906716343618], [76.8264878805641, 10.634896038732142], [76.82712890667275, 10.635140906799796], [76.82791765893325, 10.635633473751097], [76.82853721261168, 10.636099900434031], [76.82909655670818, 10.636431146819744], [76.82982523143909, 10.636811074825218], [76.83044276660303, 10.636947527352723], [76.83086294998395, 10.636917989748017], [76.83194704854691, 10.636382881499374], [76.83367928248569, 10.635740026221828], [76.83496554780167, 10.635398112969355], [76.83605142862218, 10.635143174929622], [76.83719394642469, 10.634445042179683], [76.83865661031975, 10.633799196008486], [76.83940902482868, 10.633573385786722], [76.84036516736259, 10.633789259984374], [76.84199010023563, 10.634303986927229], [76.84316783828551, 10.634907224885369], [76.84411947486994, 10.635150282148363], [76.84490106396436, 10.635199856980915], [76.84655446894034, 10.635135986485368], [76.84728005346666, 10.634996126978287], [76.84911514091225, 10.634763881407608], [76.85023379496923, 10.634644297202332], [76.85174469300517, 10.634441040055833], [76.85294583486315, 10.634379758907661], [76.85369760348338, 10.634040860074702], [76.85456192112726, 10.633430220026016], [76.85573204954838, 10.632758964747426], [76.8572669918912, 10.631999648215457], [76.85810595278953, 10.631718974502476], [76.8595584594337, 10.631683304690524], [76.86135053913671, 10.631894123892778], [76.86316201705995, 10.632272058678309], [76.86473046386794, 10.632511410776925], [76.86573592121597, 10.632586730278977], [76.86652183300355, 10.632609244017052], [76.86761451137578, 10.6327428784689], [76.86848115385963, 10.63326198719287], [76.86946765765352, 10.633979182429577], [76.87053362641743, 10.634967136573243], [76.87185598244827, 10.636066623743467], [76.87315102699952, 10.637166130789169], [76.87399385155189, 10.637522648384886], [76.87637372409812, 10.63822261488762], [76.87740739124108, 10.638410750282949], [76.8789477549166, 10.638541635571316], [76.88057106183899, 10.638780492756693], [76.88212093597846, 10.638965535985793], [76.882482506982, 10.642809500452772], [76.88252033863189, 10.644499496069564], [76.88246873580869, 10.645024116759007], [76.88250165097904, 10.645923277499158], [76.88289856619743, 10.64658527712708], [76.88393526066287, 10.647270537512016], [76.88410873342906, 10.64798809885171], [76.88328142637486, 10.650153327613003], [76.88298361779022, 10.651510934312533], [76.88273675536026, 10.65223098144017], [76.88234796270865, 10.652897707294082], [76.88173495056212, 10.653511553639868], [76.88093392821318, 10.65475915567805], [76.8806300263559, 10.655868268403266], [76.88063466345943, 10.656618449192482], [76.88075306051553, 10.657309231118715], [76.88078590741392, 10.658194869678729], [76.88101402829209, 10.658884917057016], [76.88149240633375, 10.659406356912893], [76.88110780791618, 10.66076902235623], [76.8807519475029, 10.661598183828001], [76.88041917019918, 10.662458846828253], [76.8796169773454, 10.66351673516212], [76.8788652123184, 10.664601420713288], [76.87853458468317, 10.665073427355109], [76.87790173593854, 10.666930147203203], [76.87779781613153, 10.667875344294094], [76.87788510273273, 10.66870184510095], [76.87800432803557, 10.669505602245], [76.87811851019637, 10.670250679595576], [76.87820397321757, 10.670671115982124], [76.87829284175199, 10.67110829282936], [76.87840690803013, 10.671826241134507], [76.87850000942618, 10.672851598411617], [76.87836400718712, 10.673765300084481], [76.8782262756911, 10.674403438788131], [76.87789983959499, 10.675566846887715], [76.8773150004124, 10.676320595790905], [76.87622750082775, 10.676309043928557], [76.87409956080293, 10.676516121101985], [76.87301219955889, 10.676522604123523], [76.87158177080947, 10.676476891050365], [76.87077225758442, 10.67634168151373], [76.86982167472382, 10.67632024356768], [76.86948697143211, 10.676878138145032], [76.86927814636621, 10.677100833651199], [76.8684207322753, 10.677359031915657], [76.86769022318458, 10.678185903299331], [76.86704736541105, 10.679165901625032], [76.86692402402761, 10.67991692889646], [76.86684700337345, 10.680785137893517], [76.8667960715918, 10.681418188690941], [76.8667198594214, 10.682403839413896], [76.8666134647558, 10.682942328897676], [76.86642901457681, 10.683413428731335], [76.86612229470452, 10.684070590575072], [76.86604445388853, 10.684785170613921], [76.8662769639352, 10.685452589557961], [76.86689512163164, 10.686420658983947], [76.86721930834632, 10.687123697930508], [76.86794965753693, 10.68775661546348], [76.86857003586879, 10.688335902301496], [76.86913174343279, 10.689024042543105], [76.86978492823881, 10.69048449666308], [76.87026507416492, 10.691286112076124], [76.87060232328213, 10.691894210328813], [76.87061359444401, 10.69223756602226], [76.86847082233557, 10.693036763458059], [76.8677176721064, 10.693913591712631], [76.86750057086181, 10.694280944315857], [76.86866839869744, 10.69545357737181], [76.86948261190804, 10.696334522647426], [76.86973639316233, 10.696744220121785], [76.869962814428, 10.697158708362075], [76.87052878359971, 10.697792514148476], [76.87106183400783, 10.698286515562735], [76.87148509950846, 10.698758516648267], [76.87227538788808, 10.700209086267744], [76.87298214013283, 10.701452169647796], [76.87349370733094, 10.702167706193418], [76.87397844095318, 10.70371498681869], [76.87440398907296, 10.704544000166775], [76.87485311886725, 10.705508481481713], [76.87559083873477, 10.706584239709857], [76.87629969213893, 10.708161792869205], [76.87719338828586, 10.708594790117168], [76.87775407805866, 10.709856874709685], [76.87826247600044, 10.710789331046442], [76.8791008835366, 10.711882574584907], [76.87971897026613, 10.712814382110214], [76.88066773852987, 10.71401534643377], [76.88156585348969, 10.715162368905451], [76.88201594268469, 10.716262381578153], [76.8821928245574, 10.716794665950458], [76.88312180922364, 10.717005939833117], [76.8841613854845, 10.71737480024984], [76.88509900026567, 10.717509248309332], [76.88635172518386, 10.717610149630515], [76.88716114049252, 10.717700178502929], [76.88815746107583, 10.716980061517805], [76.88884843171765, 10.716397386200146], [76.88948746356637, 10.716285109781793], [76.89017795810108, 10.716362280626292], [76.89115685585946, 10.716523556338641], [76.89160440012726, 10.717207746307889], [76.89217887544639, 10.718474247936467], [76.89254096118462, 10.719389469796255], [76.89296757021471, 10.720385710534837], [76.89290272802087, 10.720987202130997], [76.89287497277355, 10.72092405930336], [76.89237503067352, 10.721370044794428], [76.89177050760647, 10.721893446199557], [76.89121631355148, 10.722420999477091], [76.89085849391257, 10.722942956848145], [76.89052766415635, 10.723383288779468], [76.89047640089635, 10.723962080331358], [76.8905072544331, 10.724513284343626], [76.89045478563399, 10.724897788938682], [76.89001514564235, 10.725474389573456], [76.88954816901834, 10.726082831395287], [76.88913153038956, 10.726690934833032], [76.88886177080131, 10.727406658875111], [76.8884769918224, 10.727987515107431], [76.88842143012377, 10.728616002186522], [76.88859483102473, 10.729301878841802], [76.88879115244019, 10.730019347799907], [76.8886307393816, 10.730680143770002], [76.88835521440586, 10.731206065672021], [76.88816689967452, 10.7317856533655], [76.88839188992394, 10.732688229646454], [76.88873123031918, 10.733621613849978], [76.88901532791765, 10.734469598764068], [76.88918267866521, 10.734938622937337], [76.8893824541029, 10.735457149246658], [76.88960978895523, 10.736007099324135], [76.8898873899376, 10.73655230712993], [76.89030700288829, 10.737155340224307], [76.89137082467865, 10.738473062925213], [76.89232202019029, 10.739316928456109], [76.89302059866426, 10.739945368147861], [76.89313162414516, 10.740166146236346], [76.89313626484193, 10.740907312185213], [76.89333585253173, 10.741398703181149], [76.89350331646702, 10.741867737779488], [76.89381251119791, 10.742358465283425], [76.89428629795013, 10.742848199980056], [76.89512230069626, 10.743525552252953], [76.89571268158579, 10.74439874371254], [76.89599385965961, 10.744781208112489], [76.89605164109531, 10.745250819066875], [76.89608189186252, 10.745716146213915], [76.89608533510498, 10.746263023068716], [76.8961166791219, 10.746895516903905], [76.89609242011767, 10.747392818352914], [76.89606909176804, 10.748048205969843], [76.8960740747229, 10.74884817124271], [76.89604952107123, 10.749313837039754], [76.89591635750847, 10.74994733588483], [76.89605664740641, 10.750544409738373], [76.89632655611497, 10.751433819741695], [76.8963342340157, 10.751459120569788], [76.89627986348314, 10.752516607326603], [76.89664106887236, 10.753158461523572], [76.89839198687072, 10.754559657977342], [76.9000971536717, 10.755784518705811], [76.90115783944341, 10.757086280736337], [76.90257509619582, 10.75910222814207], [76.90324731809933, 10.7607836691514], [76.90365879051693, 10.761832364246876], [76.9038920344872, 10.76271380981821], [76.90378698010795, 10.76360884082465], [76.90370950849955, 10.76675043610452], [76.90358164769188, 10.768282777260447], [76.90345376262972, 10.769354101635217], [76.9028596169008, 10.771320451478255], [76.90265390180242, 10.771505780035998], [76.90290994231967, 10.772016594994886], [76.90314316383204, 10.77227420041955], [76.90345401325968, 10.772400756684634], [76.90402089422143, 10.772274143940507], [76.90508149734815, 10.772016357606224], [76.9053877923173, 10.772147483488949], [76.90533756750976, 10.772861663935096], [76.90536506404231, 10.77382899025205], [76.9053880097096, 10.774240374997895], [76.90590641129039, 10.774981859616624], [76.90642133998432, 10.7757183678982], [76.90709343971692, 10.776739879406879], [76.9074547178697, 10.777964851179071], [76.90761022972013, 10.7787061624851], [76.90750519690046, 10.779293799649404], [76.90724933424964, 10.780979906466055], [76.90715792617793, 10.781743813605441], [76.90710775616763, 10.782435373370811], [76.90710772742153, 10.782665896175052], [76.90723579753664, 10.783099889650028], [76.90728614721, 10.783407270025698], [76.90689759171363, 10.784171202769873], [76.90656397628173, 10.784785972489612], [76.90628051918205, 10.785450452690563], [76.90560861079055, 10.786648435666356], [76.90550805068271, 10.787005478891835], [76.90543041737756, 10.78769708480105], [76.90565907185501, 10.788411255699273], [76.90568653784484, 10.788922072846994], [76.90529806858672, 10.78976286304045], [76.90480893681286, 10.791218464809743], [76.90449819518302, 10.792267125360123], [76.90426965658823, 10.792655906279622], [76.90383077118143, 10.793342997949537], [76.90359763500899, 10.793754416896892], [76.9033644961416, 10.794210956099656], [76.90303088070974, 10.795105977269863], [76.90303094628675, 10.796100473092752], [76.90303106576266, 10.797198873170379], [76.90284825411078, 10.797967309983543], [76.90277048066844, 10.798374115544753], [76.90215343867958, 10.799549428325758], [76.90163680947481, 10.800313395932907], [76.90129853178658, 10.800571089186018], [76.90091446157845, 10.800901126755411], [76.90070425041208, 10.801592758042144], [76.90065397979046, 10.802483181111748], [76.90060379181382, 10.80299404492911], [76.90057629797627, 10.80322452814112], [76.90075925964679, 10.803965797454438], [76.90083703758073, 10.804833758441102], [76.90109314636992, 10.805678997219777], [76.90132637776378, 10.806212393487842], [76.90124869505125, 10.806700556045008], [76.90109336825378, 10.807360500871305], [76.9009653583258, 10.807871298151856], [76.90075956417569, 10.808025012328178], [76.90000982125642, 10.80843644116413], [76.89946576109615, 10.808662426245474], [76.89874336019916, 10.80899696563228], [76.89824327616536, 10.809081679126558], [76.89822611205523, 10.809084586558626], [76.89724826622404, 10.809250226314022], [76.89600927924145, 10.809458270317284], [76.89440897008869, 10.809761158911094], [76.89270359667523, 10.809838110821579], [76.89127705673269, 10.809915017711221], [76.8906323906505, 10.809991815166729], [76.89022086702894, 10.809969257267353], [76.88944364554345, 10.81024952570094], [76.88905959689485, 10.810299291563624], [76.88828231073065, 10.810118453497072], [76.88784336064516, 10.809838225530305], [76.88709809762423, 10.80960774827882], [76.88611502719135, 10.809327485422463], [76.88559836924053, 10.809200957937785], [76.88482572646801, 10.809101547607902], [76.88433651384574, 10.809101542313615], [76.88358668109497, 10.809327548071185], [76.88304260027344, 10.809228096311498], [76.88259907237327, 10.809047341425229], [76.8817486184292, 10.809024678451978], [76.88112679380974, 10.808970434313215], [76.88053239295928, 10.808970448431264], [76.88012095288104, 10.809151267777352], [76.87893217633297, 10.809535533784027], [76.87826005683739, 10.80960780916274], [76.87738220787037, 10.809634943970162], [76.87660953635178, 10.809431492856136], [76.87573167840164, 10.809228067193075], [76.87529269418016, 10.809404403031467], [76.87441490719692, 10.809327526894123], [76.87323069588709, 10.809151248365053], [76.87278720841111, 10.808920669112556], [76.87229799668718, 10.808920623228932], [76.87162586461517, 10.808997449174985], [76.87115949794722, 10.809024595508532], [76.87064746452347, 10.809024581390496], [76.87013074189395, 10.80904720112731], [76.86940833381045, 10.80973869893802], [76.86853043184286, 10.810629193141024], [76.86809148535063, 10.8110902597237], [76.8678308607305, 10.8116507033508], [76.8677531259157, 10.81172755065714], [76.86666951154467, 10.81244174824359], [76.86581905580395, 10.813133297349458], [76.86563618665988, 10.813336725658917], [76.86532984946989, 10.81361698300546], [76.86527490671048, 10.81499559005286], [76.86525195834824, 10.816148306785731], [76.86494109634417, 10.816645448783394], [76.86460267582383, 10.817409395813513], [76.8642963494136, 10.817870415797719], [76.8640357373699, 10.81799698903727], [76.86341841420834, 10.817947260628124], [76.8631075602891, 10.817870392856594], [76.86249025419554, 10.818227483666327], [76.86117334285365, 10.819095257808458], [76.86055609604887, 10.81919922479662], [76.86024524572292, 10.819045497816923], [76.85996176526702, 10.818331216250384], [76.85941767636069, 10.817666738210784], [76.85882328449335, 10.817386489942677], [76.85828381741916, 10.8175130139748], [76.85753391549807, 10.817842889088979], [76.85681142746454, 10.818484729185453], [76.85639989755477, 10.81871519343969], [76.85606157854404, 10.818715185498545], [76.85482243705124, 10.818484593303658], [76.85469448731038, 10.818457408120514], [76.85459383647266, 10.818457432826275], [76.85423262389693, 10.81856136297696], [76.85386688830374, 10.818764785839834], [76.85343247560873, 10.819017836216839], [76.85314441823648, 10.81917146879958], [76.85265518225802, 10.819275442820127], [76.85185498007093, 10.819275373997046], [76.85136571804131, 10.81917134703567], [76.850821660576, 10.818764447900366], [76.85025475895303, 10.818149675381255], [76.8499713458708, 10.81797334203666], [76.84973809022243, 10.818280716722851], [76.84932655941437, 10.818687515926884], [76.84896535312683, 10.818967699449928], [76.84824284263537, 10.819528153062825], [76.84826569667452, 10.819912384599284], [76.84803700267118, 10.820499945564992], [76.84803693080595, 10.820961063148536], [76.84767570385713, 10.821137336501305], [76.847675595161, 10.822082048342246], [76.84767558168627, 10.82233966466499], [76.84782640792417, 10.82285050790471], [76.84749258498141, 10.823768064055253], [76.84706729198322, 10.823962426234752], [76.84667851909455, 10.824961284840516], [76.84644996522839, 10.824983908669216], [76.84601092620967, 10.825291224108899], [76.84531130658831, 10.825878791293901], [76.84505526517279, 10.826055054695502], [76.84515578755139, 10.826823492599292], [76.84575010485851, 10.827460937142442], [76.84618903877434, 10.827845134685477], [76.84647248778919, 10.82804862889112], [76.84688856227598, 10.827944670266863], [76.8470669685897, 10.827438408791691], [76.84742819194526, 10.827054219550298], [76.8477391006617, 10.827438544669414], [76.84810029527115, 10.827895086444345], [76.84822829621596, 10.828229609666732], [76.84864426739648, 10.829251240781122], [76.84864427997292, 10.829608283619708], [76.84869450657709, 10.829992505760249], [76.84861667115095, 10.830860379944486], [76.84861670349031, 10.831244663122837], [76.84887269460022, 10.83134408287403], [76.84931170127953, 10.831344176399043], [76.84965004903637, 10.831091068493425], [76.85001141702067, 10.830250318213768], [76.85026747011429, 10.830069548650128], [76.85091212451837, 10.830300168105385], [76.85127330205985, 10.830734143005564], [76.85142872497703, 10.831344338744337], [76.8516345343985, 10.831475454606151], [76.85181737120324, 10.831959151248363], [76.85200020261806, 10.832189717192223], [76.85217853616828, 10.832546839464436], [76.85230658741877, 10.832903929547694], [76.85287354383897, 10.833414724774192], [76.85305635549085, 10.83361814284644], [76.85326215413257, 10.833645341653197], [76.85362329933466, 10.834282739913629], [76.85393419367807, 10.834870396217557], [76.85396160487066, 10.835331426390999], [76.85370091826677, 10.835765329591146], [76.8535225676486, 10.836145047644033], [76.85340266860932, 10.836429430452366], [76.85333962663931, 10.836578961134649], [76.85316124458008, 10.837446795933964], [76.85328924103331, 10.837975673922243], [76.8537007484852, 10.838843601723356], [76.85377845724884, 10.839300177280727], [76.85385616421586, 10.839684388747225], [76.85354516746452, 10.840014347966592], [76.8530558461461, 10.84045282519899], [76.85256652213275, 10.840782709459171], [76.85225557389039, 10.841090106617125], [76.85215042428977, 10.84132060729678], [76.85202228949595, 10.841980563229994], [76.85184391552157, 10.842875563568139], [76.85171120740463, 10.843946779687185], [76.85142765418523, 10.844679086736502], [76.8509382978325, 10.845596615690976], [76.85073250637731, 10.845777428812374], [76.84969900272776, 10.846387528590771], [76.84928746922478, 10.846617996955672], [76.84884843649427, 10.847079068139148], [76.8486654326029, 10.847562705151239], [76.84889858045344, 10.84815039095396], [76.84889855979218, 10.848521031586614], [76.8488985382326, 10.8488916744066], [76.84889848253707, 10.849095108423972], [76.84874300841591, 10.849732452594772], [76.84848686099915, 10.850116577432768], [76.84828108212037, 10.850216035026063], [76.84760887189495, 10.850347062332839], [76.84688639374289, 10.850577478239273], [76.84624158482856, 10.850803496813995], [76.84556933597561, 10.850984226501456], [76.84471421258866, 10.851160363070603], [76.8442249083382, 10.851494818818692], [76.84352979466634, 10.851937712528228], [76.8430130028665, 10.852421325799538], [76.84249627035553, 10.8525252115158], [76.84174626782313, 10.85280542600807], [76.8407401780611, 10.853469754590556], [76.84055722896699, 10.853953394496735], [76.8401730213166, 10.854540988332927], [76.83981167668851, 10.855255127029562], [76.83973387180511, 10.855485608848909], [76.83965608039647, 10.855815610623793], [76.83955087060869, 10.856303764672848], [76.83939536324985, 10.856864251593265], [76.83916210580487, 10.857067642247541], [76.83846703884534, 10.857194078045008], [76.83812861024018, 10.857270890723528], [76.83768959547596, 10.857627935407828], [76.8374060099172, 10.858088937554795], [76.8370995370816, 10.858396332798145], [76.8367611605787, 10.858626783080423], [76.8362215300111, 10.858676469441237], [76.83554927936152, 10.858802949551464], [76.83479925616786, 10.858933899867813], [76.83436030338741, 10.858879555374406], [76.83397161314377, 10.858906606315715], [76.83355997633448, 10.859290768765234], [76.83343188645645, 10.85982417716957], [76.83343181099796, 10.860235469542372], [76.83312079628028, 10.860569998060816], [76.83270925469245, 10.86067385271236], [76.83232053749933, 10.860673838596778], [76.83211470112839, 10.860750621266982], [76.83200956320586, 10.860854545551426], [76.83198666425095, 10.861157451842047], [76.83198654297837, 10.861618460892192], [76.83195906441216, 10.862002716015402], [76.83195903386942, 10.86235980356503], [76.83178065001357, 10.862716879218759], [76.83167538992014, 10.863073964149873], [76.83167532883469, 10.863304470813295], [76.83151977206856, 10.863661516224134], [76.83113100367144, 10.864298812557953], [76.8307970962871, 10.864963221443237], [76.83076948926177, 10.865704571690438], [76.83084713514336, 10.866748719260269], [76.83100238109243, 10.867924058332056], [76.83082392537136, 10.86851165202717], [76.83076898351027, 10.869099296615104], [76.8307689089501, 10.86961003793073], [76.83076887391582, 10.870071153905462], [76.83079622042969, 10.870324212927379], [76.83082362443574, 10.87065872572868], [76.83004611279439, 10.871115130930898], [76.82937386483972, 10.871318456298308], [76.82903537604741, 10.871539908825119], [76.82872436043145, 10.87189691879996], [76.8286466471762, 10.872150067138902], [76.82849111466454, 10.872457405557661], [76.82838585187616, 10.872638198008037], [76.82820746263043, 10.872715050822142], [76.82766334048644, 10.872687829105251], [76.82707332161792, 10.872714875266452], [76.82663437422737, 10.872506857600383], [76.82634628810904, 10.872176782527252], [76.82619545468462, 10.87205025162335], [76.82565119869163, 10.872176666960257], [76.82394536893402, 10.872560567082804], [76.82332797121227, 10.87279098084664], [76.8228111470731, 10.873197781776963], [76.82247729089272, 10.873247426013888], [76.821132731203, 10.873527418155602], [76.82051532000655, 10.873658387595558], [76.82002132655036, 10.873961129155365], [76.81958230100636, 10.874218706074904], [76.81940388840442, 10.874268396897696], [76.81885975009072, 10.874245636531064], [76.81808692945182, 10.873861292191183], [76.81763427287173, 10.873580924551298], [76.81729590535197, 10.873449835099882], [76.81675627298773, 10.87347679473768], [76.81628971138538, 10.873657507173418], [76.81569520004214, 10.873960236383514], [76.81539779749598, 10.874611067239826], [76.81532451832499, 10.87519417510175], [76.81524664696626, 10.875429247394816], [76.81522838421654, 10.875587433043426], [76.81509110906471, 10.876089187075841], [76.8148623279248, 10.876360353000152], [76.81467936625424, 10.876541109561913], [76.81440499022375, 10.876721798968564], [76.81412143071611, 10.87673532715963], [76.81393848341861, 10.876613277888435], [76.81359559288138, 10.876373649194663], [76.81352700561114, 10.87634199751091], [76.81306966970673, 10.876405128850294], [76.81270373109427, 10.876572349247427], [76.81256657541839, 10.876667188650032], [76.81245221718778, 10.876707873797024], [76.81236529799752, 10.876694241507778], [76.81230585827177, 10.876644541385236], [76.81222814321991, 10.876558650788636], [76.81214587011631, 10.876477241632527], [76.81206357635145, 10.876468207245619], [76.81201322577976, 10.876486231028096], [76.8119263407255, 10.876558549338165], [76.81182567281981, 10.876680635683215], [76.81181195644376, 10.876739397526249], [76.81188054551065, 10.876933782608425], [76.81205878922931, 10.877340643168816], [76.81205414224434, 10.877770023321986], [76.81198546244762, 10.878099973111263], [76.81182985896905, 10.878416379424328], [76.81152796754138, 10.878610654906065], [76.8113725158781, 10.87861059138969], [76.811084450421, 10.878542736485853], [76.81075518912327, 10.878307630478233], [76.81063171928075, 10.878190056232718], [76.81028424643728, 10.877995627860878], [76.81002215756324, 10.87796919528936], [76.8097903787452, 10.877945818565683], [76.80941531953766, 10.877891476652216], [76.80906775686267, 10.877859775727826], [76.80854651121571, 10.87761550867847], [76.8081989197946, 10.877529591896327], [76.8078696773615, 10.877615357826569], [76.80759521239779, 10.877823274890254], [76.807293329055, 10.878044692593248], [76.80704630852155, 10.878261586349177], [76.80684966640752, 10.878483025780932], [76.80670780625448, 10.87869544307917], [76.80660716619659, 10.878935037266633], [76.80645158966747, 10.879237774351502], [76.80630062598735, 10.879355314661362], [76.80617261246607, 10.879463750055198], [76.80600788210424, 10.879495389939335], [76.80560552040028, 10.879477197844436], [76.80550027647654, 10.879445527082403], [76.80495616421398, 10.879309792056484], [76.80459028578868, 10.879192166158164], [76.80425195509986, 10.879015821174852], [76.80395922738641, 10.878956927454876], [76.80356136175043, 10.87892525310888], [76.80340127208532, 10.878956815419151], [76.80329154826329, 10.879029156066434], [76.80314975907716, 10.879151124953369], [76.80272429809396, 10.879643709019197], [76.80214339532898, 10.880163372161226], [76.80197873234076, 10.880330590450479], [76.80164024265012, 10.880561067019391], [76.80128804376994, 10.880782424465998], [76.80093125270204, 10.88085919578619], [76.80042818087155, 10.880940411433793], [76.7995272236422, 10.880994436094308], [76.79917060055922, 10.880980759892799], [76.79894187960645, 10.880931026080424], [76.79834285333058, 10.880849503436778], [76.79798154104182, 10.880885526652476], [76.79748298773724, 10.881039120385479], [76.79681527088486, 10.881088661867945], [76.79618871933042, 10.881151801905993], [76.79578628845617, 10.881219442732228], [76.79545241520779, 10.881327823635909], [76.79511847368741, 10.881490507834483], [76.79476168621277, 10.881752564928307], [76.79422652656035, 10.882168306687678], [76.79398873352149, 10.882236050496035], [76.79342159204835, 10.882199730155246], [76.79293229228949, 10.882109145413462], [76.79229214024161, 10.881905564519421], [76.79186226583546, 10.881837623031588], [76.79172499787015, 10.881932532214254], [76.79144601168561, 10.882244344574987], [76.79122636102223, 10.882515506664923], [76.79115765966593, 10.882773076194026], [76.79116224826038, 10.882976553282864], [76.79121703471296, 10.883247784397058], [76.79123521391935, 10.883564133198378], [76.79115740364607, 10.883731410448398], [76.7910567734696, 10.883925774210082], [76.79098803887567, 10.884287368910822], [76.7909605872589, 10.884404891350481], [76.79101995422107, 10.88457211255283], [76.79105653811101, 10.884752935589416], [76.79109305911891, 10.884893117717526], [76.79107926369107, 10.88506938865114], [76.79098777477095, 10.885186818156326], [76.79081852049333, 10.885299797158076], [76.79064014472232, 10.885390184210118], [76.79007762328467, 10.885512015524629], [76.78945102142453, 10.885584208143682], [76.78881078583333, 10.885715070839337], [76.78857743945512, 10.885814464522628], [76.78835787233507, 10.886022332641268], [76.78804225554819, 10.886442648559512], [76.78788666195109, 10.886673085997462], [76.7877035736181, 10.88700306474466], [76.78748858431273, 10.887323871453685], [76.7874473947603, 10.887409795998062], [76.78738789484746, 10.887536306268293], [76.787296407724, 10.88771253594146], [76.78684803700614, 10.888295564361577], [76.78658729380838, 10.888521472328566], [76.78568164288167, 10.888882802101698], [76.78511907293499, 10.889013695105366], [76.78438732327083, 10.889076750542772], [76.78387967811726, 10.88912184469943], [76.78329880589499, 10.88916681182103], [76.78288258857606, 10.88927069973965], [76.7827453457636, 10.889383676310413], [76.7825760636382, 10.88953279233307], [76.78241595870175, 10.889776791147165], [76.78228773138146, 10.890251414972768], [76.78207267649907, 10.890771101074153], [76.78199485005611, 10.89084792539503], [76.78184388547768, 10.891015166798086], [76.78149170366548, 10.89115062038335], [76.7810160079933, 10.891186626475093], [76.7806089660667, 10.89123173354428], [76.78029797560355, 10.891281350077545], [76.78003724767717, 10.891344599986457], [76.77978121254982, 10.891330900442473], [76.77956622414277, 10.891249435336894], [76.77928733677291, 10.891149981717804], [76.77883003680112, 10.890846978863497], [76.77858312945541, 10.890702212429717], [76.77823107520398, 10.890552909979611], [76.77811216970139, 10.890525763991395], [76.77796580629385, 10.890494042357677], [76.77763657014894, 10.89043975125011], [76.77745360578345, 10.890358287665014], [76.77713357018372, 10.890150275255232], [76.77693234306847, 10.890001054567277], [76.77679522691847, 10.88991963937979], [76.77667174809278, 10.889901471739043], [76.77651164315633, 10.889901445274907], [76.77631041604107, 10.889933034650971], [76.77599019179512, 10.890118198962135], [76.77566996844749, 10.890362254635516], [76.7754367235789, 10.890452551937674], [76.77524000690474, 10.890556442054221], [76.77506622601639, 10.890655816479294], [76.77463166330277, 10.890836501738258], [76.77444417771645, 10.890836391471264], [76.77438015478614, 10.890800235374117], [76.77429328769816, 10.890736949181985], [76.77424300090686, 10.890641943122755], [76.7741653137028, 10.890402367170136], [76.77415621736222, 10.89025317748334], [76.77407398558111, 10.890072390424576], [76.77395516541846, 10.889927730353012], [76.77384541015539, 10.88982373504266], [76.7735299451838, 10.889611143074376], [76.77326925947823, 10.889511640390484], [76.77315952128313, 10.889461861248678], [76.77300865102778, 10.889357833136451], [76.77270231204116, 10.889136184779186], [76.77222672326849, 10.888900990975968], [76.77165978571293, 10.888552776036853], [76.77134887340318, 10.888340192864991], [76.77080011505402, 10.88808688272827], [76.77031085032945, 10.887982733282055], [76.77006387471175, 10.887982617721192], [76.76978947532506, 10.887996086297441], [76.76918573289399, 10.888023034916019], [76.76891599306866, 10.887941571552036], [76.76852270614572, 10.887864587695475], [76.76796020087774, 10.887764883299102], [76.76734729203746, 10.887931965883132], [76.76717805842111, 10.888031343830324], [76.7670087825839, 10.88820300811814], [76.7665787006669, 10.888727229356924], [76.76635445781578, 10.88905256223861], [76.76611200521553, 10.889264913781298], [76.76579636417418, 10.889581249136098], [76.76571848742556, 10.889730352709899], [76.76566816470167, 10.889969902738999], [76.76567268322752, 10.890096511603424], [76.76571831225407, 10.890372228077162], [76.76573183369574, 10.89085140542013], [76.76569969826306, 10.8911225702614], [76.76569508361744, 10.891289882080931], [76.76564926235145, 10.891457066779214], [76.76546629349437, 10.891701070191578], [76.7653518274659, 10.891913540697823], [76.76518257498492, 10.892076125609709], [76.76509109055642, 10.89215299105409], [76.76489895708679, 10.892184502563726], [76.7643684830469, 10.892134602134496], [76.76401629764145, 10.89208928790105], [76.76344919030426, 10.892089083246452], [76.76326626995623, 10.892170344349879], [76.76295975939139, 10.892296809373477], [76.76265791467614, 10.892473010647814], [76.76220038293901, 10.89289320454993], [76.76206315809284, 10.893051388866853], [76.76198065951209, 10.893309002213451], [76.76178384312493, 10.893788079560533], [76.76167398635219, 10.893950752543567], [76.76131262555441, 10.894190158919328], [76.76086433299, 10.894388834740731], [76.76060367692884, 10.894424896896862], [76.7604710397788, 10.894424848379995], [76.76011433944073, 10.894424737232228], [76.75980786660514, 10.894392951618764], [76.75953351303255, 10.894329615909175], [76.7591813752378, 10.894239065730593], [76.75859147225198, 10.89416648178137], [76.7580380785959, 10.894084924828434], [76.75767681661281, 10.89408929047022], [76.75748470829606, 10.8940530888975], [76.75707773643808, 10.893985111366794], [76.75626364539835, 10.893953090178627], [76.75533062549985, 10.89393013460133], [76.75511568290686, 10.893979815080156], [76.75485948338783, 10.894101746089635], [76.75459423424064, 10.89423722738085], [76.75441122765433, 10.894399847190902], [76.75247142898601, 10.895795784865197], [76.75175840739892, 10.894909523652114], [76.75090792111546, 10.894339678312587], [76.74995704809899, 10.893362840266105], [76.7495410481724, 10.892992078909952], [76.74900970815658, 10.8925624886928], [76.74791530501896, 10.892438694874514], [76.74662557040938, 10.892502486165853], [76.74550065329818, 10.892769635812286], [76.74419251849663, 10.89244914636158], [76.74338279596414, 10.8918030474086], [76.74221637668686, 10.891464470528419], [76.74074814593199, 10.891062695353854], [76.7400169990374, 10.89255919481727], [76.73950976980377, 10.893599029995688], [76.73947776013527, 10.893788824075688], [76.73939558674464, 10.894155048548548], [76.73920829968601, 10.89461615389482], [76.73894308287815, 10.894901043797738], [76.73853620803823, 10.895271793955198], [76.73813387058877, 10.895479903348756], [76.73780924459791, 10.895764780957393], [76.73751199476534, 10.895968282691117], [76.7369952829156, 10.896153810210722], [76.73654710264057, 10.896330295008852], [76.73619511935604, 10.896633245530122], [76.73550006587126, 10.896963489342443], [76.7350656190403, 10.897112771817357], [76.73455340325856, 10.897230418866785], [76.73376229920866, 10.89738896431082], [76.73297108915754, 10.897497691294829], [76.73288878640955, 10.897515764967704], [76.73246807122598, 10.89758371170017], [76.73195124079864, 10.897638123236897], [76.73164486408277, 10.897737733469144], [76.7315396821428, 10.897850771221224], [76.73141627338568, 10.897972832080029], [76.7313065423771, 10.898085853864782], [76.73117397439736, 10.898253201465796], [76.73109171836174, 10.898501817168793], [76.73101864939653, 10.898723309476212], [76.73086779441256, 10.898917751663797], [76.73065292278648, 10.899103170609239], [76.73036020495454, 10.899306674470678], [76.73016818287601, 10.899379055163052], [76.72985262897123, 10.899446981181509], [76.72946853900014, 10.899605317266703], [76.72903868705185, 10.899790743722644], [76.72874599796597, 10.899876725534485], [76.72849445980495, 10.899926517048433], [76.72812857868469, 10.899971883015267], [76.7279228033992, 10.900021645403744], [76.72764380373994, 10.900148312622607], [76.72731461340912, 10.900320132231206], [76.72701277677872, 10.900501032150528], [76.72677045173923, 10.90067745438721], [76.72661962100977, 10.90083565750167], [76.7264733393489, 10.901021030264518], [76.72634989106594, 10.90117932317096], [76.726263004215, 10.90131489650744], [76.72613038413299, 10.901414444643633], [76.72599324732172, 10.90147774003281], [76.72574168939776, 10.901559177639948], [76.72550847866515, 10.901649668254464], [76.72527528050897, 10.901789882121646], [76.72509242124639, 10.901948156976939], [76.72489582494643, 10.902160606054288], [76.72467638538717, 10.902454532918583], [76.72447973967988, 10.9026534925514], [76.72424195921744, 10.902829836768898], [76.72400883202816, 10.903028766159311], [76.72379394063917, 10.90324133354823], [76.72357445885906, 10.903440305886232], [76.72340981204053, 10.903539744813104], [76.7232405999837, 10.903616687567483], [76.72301197964222, 10.903693613542108], [76.72276507229648, 10.903770477749992], [76.72253175286775, 10.90381123770107], [76.72225735527769, 10.903865528133636], [76.72205619553613, 10.903919885595664], [76.72187782335835, 10.9040148688922], [76.72159887041148, 10.904150519442892], [76.72126505285866, 10.90431340904908], [76.72095866805795, 10.904462634028251], [76.72068429112915, 10.90461637084768], [76.72046480845073, 10.90473396641469], [76.72025442390951, 10.904824434893094], [76.72003037689112, 10.90491944436357], [76.71981083402558, 10.905000889849326], [76.7196005294344, 10.905041636400371], [76.71939009009594, 10.905068800470612], [76.71903794601299, 10.905109606112626], [76.71879552575211, 10.905150330596424], [76.7184937654785, 10.905249842165258], [76.7182376917236, 10.905344831211677], [76.71798153801865, 10.905462476769909], [76.71779407938179, 10.905552930913245], [76.71765233690806, 10.905656937486908], [76.71754719898551, 10.905751895530093], [76.71742367793902, 10.905901100381495], [76.7173459718703, 10.905982483852044], [76.71723625613306, 10.906059352760927], [76.71706703329647, 10.90619051077597], [76.71692534561998, 10.906330664284557], [76.71665558782836, 10.906620008104271], [76.71648180244846, 10.906859680379302], [76.71625320546318, 10.907189716133628], [76.71605668821498, 10.90745188291813], [76.71586011976281, 10.907754783301582], [76.71574575165073, 10.907913100850784], [76.71560409900853, 10.908121053210994], [76.71543946117316, 10.90831993407562], [76.71532973824938, 10.908423958205182], [76.71517426861979, 10.908523419281755], [76.71486331229262, 10.908699864104143], [76.71445622994185, 10.908550742690942], [76.71259899273633, 10.907665271013588], [76.71257155549263, 10.907705999557823], [76.71183548493197, 10.908546926799179], [76.71123185568858, 10.909003627656281], [76.71053677525433, 10.909306701992831], [76.70861147808967, 10.910057568896253], [76.70803061485053, 10.910193326067853], [76.70723482608639, 10.910179970520222], [76.70604558510932, 10.910126042010697], [76.70505764760425, 10.909981624557709], [76.70457286457467, 10.910013393510155], [76.70341118840206, 10.910217069850173], [76.70171896901928, 10.910398295410419], [76.69987584165196, 10.91054336363398], [76.69853574479257, 10.910566265886732], [76.69689367386053, 10.91033604541808], [76.69559476385861, 10.910291176760078], [76.69517395614861, 10.910318372105527], [76.69397127008665, 10.91093789006226], [76.69234317155058, 10.911670532727141], [76.68787501151448, 10.913750712390321], [76.68558834367053, 10.914813363061125], [76.68230919015127, 10.916011764444903], [76.67986699069397, 10.916938884981999], [76.67671126569473, 10.918146250933734], [76.6734367358042, 10.920248662271224], [76.67199607614201, 10.92126136592954], [76.6686986104657, 10.923327551030011], [76.66749122172322, 10.924308537627153], [76.66603237117654, 10.92560601470495], [76.66491188635298, 10.926718155073129], [76.66274412041838, 10.92905987694096], [76.6620260224516, 10.929733420120467], [76.6611981907813, 10.930190094573254], [76.66026055713553, 10.930542754623161], [76.65905766535936, 10.930588113269302], [76.65898923439596, 10.932210864415316], [76.65879256802745, 10.933038083741113], [76.65849079158414, 10.933960232143894], [76.65695427808791, 10.937305328841262], [76.65667989936246, 10.937892963658037], [76.65576055272093, 10.93909542162447], [76.6586333757793, 10.941413958916025], [76.65933789660886, 10.941870510424609], [76.66047230172609, 10.942358540075976], [76.66219689369673, 10.942986649561675], [76.66332673177904, 10.943293970329716], [76.66468993061257, 10.943574007639468], [76.66518413786781, 10.945513169888118], [76.66575162070077, 10.947262413252236], [76.66579279049026, 10.947515548572099], [76.66575618144748, 10.947664699796219], [76.66494668978203, 10.948727016440017], [76.6635929780562, 10.950824588661355], [76.66355644806518, 10.951023476182513], [76.66363877866095, 10.951317240004538], [76.66496116253956, 10.954625861019444], [76.66627440875509, 10.957292692819486], [76.6673542169643, 10.959394401462207], [76.66744578583446, 10.959679214195175], [76.66744131671592, 10.960208027552243], [76.66705308551138, 10.964710220620043], [76.66673331401633, 10.968177265625968], [76.66674702230758, 10.968425819197236], [76.66692096579098, 10.968593038925754], [76.66948299960882, 10.97079405982934], [76.67179809643658, 10.972723864976993], [76.67330787427332, 10.973971259178548], [76.67385236472659, 10.97448647385281], [76.67395766883747, 10.97470794027358], [76.67399886198315, 10.974961097968276], [76.6742460181622, 10.975706908497008], [76.67458465607486, 10.976574750056681], [76.67505141440827, 10.977311387620885], [76.67673056599861, 10.97900172782481], [76.67884000432183, 10.981220794434641], [76.68180049217216, 10.984443211742047], [76.68294435295603, 10.985591187414974], [76.6839556700147, 10.986892759277005], [76.68472444823486, 10.987981992678415], [76.68592336586418, 10.98917513317397], [76.68600113391663, 10.989292612284412], [76.68598738609951, 10.98944178387922], [76.6859417409033, 10.989649757487635], [76.68569476079406, 10.990269053947307], [76.68546172523294, 10.99130422888192], [76.68539316760706, 10.991851133800052], [76.68534760056428, 10.992804956817356], [76.68537067019909, 10.993586959302425], [76.68542562104334, 10.993894330647723], [76.6861121081936, 10.995317986280652], [76.68635020216806, 10.996353074713006], [76.68735268878748, 10.998802852270108], [76.68845763724818, 11.001439964288092], [76.68909067553734, 11.008571459862853], [76.68915252723959, 11.008676857847437], [76.6997058516541, 11.026658177893516], [76.70815423740666, 11.031841825249595], [76.71584879560037, 11.040534221929056], [76.71815228260134, 11.041000446474293], [76.71981275731859, 11.040914373451711], [76.72153107365868, 11.04086070597522], [76.72318226608411, 11.040847312248859], [76.72438426762979, 11.041151657659688], [76.72714171556471, 11.040687019512633], [76.7278673692613, 11.039961349972078], [76.72853858954329, 11.039612312127593], [76.7302434832564, 11.039155892453929], [76.73184098337728, 11.038672622701899], [76.73253905070987, 11.038578660471174], [76.73381436107094, 11.038753209596257], [76.73486145802737, 11.038860629070712], [76.73562367405437, 11.039257435296935], [76.74179377593951, 11.0382171696703], [76.7492292141912, 11.033963458275739], [76.74928409496685, 11.033972536350898], [76.74945795311032, 11.033995213021576], [76.74954951569228, 11.03398164793067], [76.74954952467542, 11.033950072170294], [76.74962726038854, 11.033931964512377], [76.74980113200671, 11.033950142707033], [76.74999336069773, 11.033923128906014], [76.75012147213536, 11.033927669707627], [76.75012148381344, 11.03389600488883], [76.75018549865892, 11.033896115102467], [76.7503045038745, 11.033900626808121], [76.75143017197725, 11.033688703533686], [76.75205713136684, 11.033548800848335], [76.75407990921461, 11.032573295358569], [76.75471596224983, 11.032406329707454], [76.75499054129962, 11.0323973785507], [76.75555799808143, 11.032180630333313], [76.75564952293414, 11.03214906848682], [76.75575929526522, 11.0321355535684], [76.75592861781482, 11.032094878315682], [76.75610250380605, 11.03204980859136], [76.75621693659684, 11.032031721977495], [76.75750737009575, 11.031742987592132], [76.75818008966591, 11.031553453063001], [76.75848200714469, 11.03156706764213], [76.75870622214804, 11.031531054826209], [76.75881145619032, 11.031512937320354], [76.75892134530238, 11.031490427984231], [76.75904944865516, 11.031467882495988], [76.75915465395134, 11.031458850192765], [76.75926448107968, 11.031427252118391], [76.7593926751623, 11.03140470838873], [76.7594429691401, 11.031395685782442], [76.76076548057951, 11.031007530052122], [76.76120020229494, 11.030863038510402], [76.76211529810857, 11.03091306808103], [76.76345133997275, 11.03085489407885], [76.76384492693302, 11.030760108468], [76.76420641079997, 11.030592984840807], [76.76465497016406, 11.030154722531288], [76.76471451050108, 11.030100479089205], [76.76472365175741, 11.0300597559419], [76.76476945505712, 11.030059805318283], [76.76482432056142, 11.030014633002255], [76.76538737470003, 11.029535696868697], [76.76656342212057, 11.029179068227158], [76.7678897657729, 11.030666668329511], [76.76831050251604, 11.031127894207533], [76.7687176899697, 11.031376688314941], [76.76916604361959, 11.031535016377276], [76.77196581388246, 11.03275650558752], [76.77303633081664, 11.033267610991519], [76.77336110592783, 11.033462081993607], [76.77361276176813, 11.033624938276473], [76.77777629141329, 11.034209412645586], [76.77866849725518, 11.034399606742346], [76.77947380007646, 11.034449560765768], [76.78061772553903, 11.034391202305093], [76.78138640943607, 11.034414050876432], [76.78188053943622, 11.034436813920403], [76.78240674198693, 11.034545491405986], [76.78282762605372, 11.034640544716504], [76.78349101033149, 11.034889324387807], [76.78370608587512, 11.035079226199912], [76.78433273534596, 11.035648962641124], [76.78476732860234, 11.035789301651366], [76.7850648030137, 11.035861681561363], [76.78518371929607, 11.035866254074376], [76.78684927937614, 11.035803505893782], [76.78744862904553, 11.035907606834717], [76.78830419709853, 11.03614747318549], [76.78876181866721, 11.036170199945337], [76.78917359112206, 11.036301373415228], [76.78937024760914, 11.036346645278801], [76.78951667659369, 11.036378372434294], [76.790262453451, 11.036672338685815], [76.79153884179043, 11.03728744338792], [76.79180419783714, 11.037445810586725], [76.7920191548032, 11.03777576842755], [76.7925496881319, 11.038689031923502], [76.79253143616194, 11.03870256505603], [76.7925588051337, 11.038747802163442], [76.79258172834312, 11.03878844034565], [76.79260461023003, 11.038811086666966], [76.79261374070659, 11.038865358478578], [76.79264574318859, 11.038915108071263], [76.79265942992023, 11.038937636235813], [76.79266862507549, 11.038969329607072], [76.79270058892995, 11.039032572623263], [76.792764656776, 11.039172735441651], [76.7936195771437, 11.04172233454227], [76.79381163425649, 11.042007158545433], [76.79318443860994, 11.043204847309866], [76.79311114865918, 11.043480554181572], [76.79370123669796, 11.044091005230657], [76.79374243882678, 11.044140692220484], [76.79629053168975, 11.046365305605736], [76.79694919711733, 11.04711133734379], [76.79729683255584, 11.047549898804883], [76.7977313314891, 11.048408837172426], [76.79852709510041, 11.050009197760614], [76.79948763039603, 11.051672908935693], [76.80057076327009, 11.053615977454445], [76.80077283210672, 11.053978576918693], [76.7991113180387, 11.055849429764383], [76.79883670305634, 11.056143123482926], [76.79855741503788, 11.056445888997551], [76.7980906351449, 11.05667183773438], [76.79667220698934, 11.056129042773076], [76.79665391369693, 11.056124493498467], [76.79641598141917, 11.056043033258133], [76.7963107348005, 11.055997842898792], [76.79619185445074, 11.055943529291689], [76.79617739965953, 11.055933003356667], [76.79593101064168, 11.055753593369204], [76.79581664342793, 11.05568129859398], [76.79573883854452, 11.055627007851006], [76.7956519912195, 11.055550112625628], [76.79555590472177, 11.055486865234126], [76.79545064642497, 11.055414504269802], [76.79534998121422, 11.055328571248356], [76.7952035962471, 11.055211022409317], [76.7951075636483, 11.055129602470922], [76.7950069370651, 11.055030174897713], [76.7948788193393, 11.054926171548203], [76.79478277326574, 11.054817670884031], [76.79465460523426, 11.054700080402803], [76.79456774533281, 11.054596105148939], [76.7944717010559, 11.054487604362645], [76.79441680860214, 11.054446874899613], [76.7944076484812, 11.054433353072811], [76.79437557862555, 11.054406181578443], [76.79433900551538, 11.054392583046447], [76.7942337355405, 11.054293141998652], [76.79402795935667, 11.054053520586086], [76.79396388162915, 11.053976687545246], [76.79392274417904, 11.053872660017593], [76.79388152677885, 11.053795800479882], [76.79386324696114, 11.053786753875485], [76.79385871855378, 11.05377774430011], [76.79384494109226, 11.053755122938107], [76.79381297274625, 11.053691877804418], [76.79378091546704, 11.053660208064183], [76.79376261049647, 11.053628577113143], [76.79373977711859, 11.053619517278833], [76.79368483435918, 11.053565201467974], [76.79362998143132, 11.053510977338677], [76.79358884128625, 11.053470286532614], [76.7935384511887, 11.053416072083882], [76.79348356053158, 11.053375341590414], [76.79343778867292, 11.053330139358534], [76.79338296359279, 11.053266828009372], [76.79334176056565, 11.053217049991549], [76.79327777356797, 11.053140218494882], [76.79321369763707, 11.053063385214761], [76.7931496342826, 11.052950385673421], [76.7931176434787, 11.052864467799687], [76.79307190126443, 11.052778510226469], [76.79301704923486, 11.05269261787031], [76.79299870384014, 11.052611325954102], [76.79297585968246, 11.052575095306036], [76.79294385540382, 11.05252534273873], [76.79290266405478, 11.052439488219559], [76.7928661196907, 11.052353557853035], [76.79282493013832, 11.052267704165258], [76.7927746846695, 11.052163742155555], [76.79275180098597, 11.052077848737753], [76.79271981018208, 11.051991931490102], [76.79269691392213, 11.05191053622607], [76.79267412186672, 11.051824646260734], [76.79265579264165, 11.05173876596847], [76.79263290805979, 11.051652873307892], [76.79256897945262, 11.051431378359583], [76.79252333695133, 11.050965769029126], [76.79262873269035, 11.050455066492185], [76.79265168823912, 11.0502652160632], [76.79245961136341, 11.049858388767491], [76.79217147314274, 11.04928872310087], [76.79211203251873, 11.049121489229902], [76.79206631635562, 11.049058205185702], [76.79201140144394, 11.049026470583806], [76.79180554531008, 11.048818516898844], [76.79172781319025, 11.048709978708999], [76.79165456366366, 11.04865578983054], [76.79156761932055, 11.048583390151169], [76.791471607383, 11.048497471880182], [76.79138925432933, 11.04841159061398], [76.79127942270941, 11.048348302008343], [76.79122450959441, 11.048316567329667], [76.79120171574239, 11.048294013434838], [76.79118334429653, 11.048284963134089], [76.7901541148311, 11.047389671445302], [76.78986130626929, 11.047113813071638], [76.78905622353525, 11.046092037504813], [76.78868577897333, 11.045522405965468], [76.78813228021441, 11.045079277922015], [76.78775711590397, 11.044785368578683], [76.78732709597074, 11.044626965662822], [76.78707082638311, 11.044626947147616], [76.78672302745117, 11.044690088434047], [76.78607342961809, 11.044319275242115], [76.78530474302609, 11.043939298292141], [76.7848335083876, 11.043830698343683], [76.78458188398834, 11.043676942246837], [76.78413819618804, 11.043247343458942], [76.78339235285539, 11.043152155391605], [76.782889178617, 11.042668402000881], [76.7821159537362, 11.042442142707506], [76.78181398954501, 11.042405818227124], [76.78140667812384, 11.042545869225023], [76.78093983355213, 11.04295248447338], [76.78021678496984, 11.043214409142317], [76.77970883888067, 11.043141937586164], [76.77942068628695, 11.043024322147097], [76.77889460321218, 11.042653481282267], [76.7785331894138, 11.042368586489767], [76.77812140348419, 11.042178632962937], [76.77750822425104, 11.042214610969493], [76.77717423332336, 11.042259686187728], [76.77666616236833, 11.042652760947405], [76.7763686628041, 11.042797260797027], [76.77412663673822, 11.042710639012878], [76.7739344790141, 11.042651862512562], [76.77355010248046, 11.042674288115242], [76.7724198376984, 11.04276879920532], [76.77204919999869, 11.042854596599428], [76.77153195724463, 11.04323404153629], [76.77035141375612, 11.043269821035306], [76.76962849093795, 11.043305706331683], [76.76907472537938, 11.043445642281794], [76.76890538845673, 11.043517912739885], [76.76831956112737, 11.04401490490116], [76.76812268275644, 11.04433574851065], [76.76735373475468, 11.04476489164237], [76.76617765140156, 11.04523904278181], [76.76488696817103, 11.045984433761463], [76.76457565970426, 11.04640469869497], [76.76432387630315, 11.046689298618958], [76.76396239333451, 11.046725354541394], [76.7632988698179, 11.04680646029265], [76.76268541839521, 11.047389355807946], [76.76225059966168, 11.047841178892982], [76.76198970195375, 11.048067091056305], [76.76215419336373, 11.04858695913122], [76.76196187124793, 11.048871647750266], [76.76178334096669, 11.049142796389154], [76.76174638697083, 11.050010665725756], [76.76166385155918, 11.050367753983666], [76.7613616906369, 11.050914539411655], [76.76114633661554, 11.051601575922902], [76.760999756714, 11.05208064534595], [76.76083954667465, 11.052229676663718], [76.7606609562063, 11.052401413131015], [76.75964057873966, 11.052306066690312], [76.75887166756885, 11.05281659849084], [76.75845064246657, 11.052956548420253], [76.75805248487812, 11.052920233176227], [76.75782370822976, 11.052861318538113], [76.75763156218378, 11.052825099382398], [76.75731575136078, 11.053014852054629], [76.7570776510981, 11.053313073243945], [76.75682596112182, 11.053444006297605], [76.75640503213924, 11.053407708746967], [76.75608014473862, 11.053299102604583], [76.75566830670674, 11.053326074066769], [76.75503218090796, 11.053515639505077], [76.75436857205139, 11.053669038668296], [76.75359967794856, 11.054080042338157], [76.75296346231828, 11.054581512127898], [76.75277118960979, 11.054698947486846], [76.75258812103974, 11.054757665148694], [76.75219003082493, 11.054784581814667], [76.75196117512483, 11.05480707525854], [76.75175987165282, 11.05484315486939], [76.7516637617989, 11.05487929090113], [76.7514347659616, 11.05517303320014], [76.75116932996482, 11.055412505581684], [76.75102280216558, 11.055493735006406], [76.75073457680836, 11.055425897761609], [76.75007577573517, 11.055041379732284], [76.74932642358304, 11.055463372939334], [76.74784318108145, 11.055634496533948], [76.7477702504568, 11.05561037563887], [76.74648747779064, 11.056751507188222], [76.7459089717308, 11.060316545191526], [76.74592633347031, 11.06041530005195], [76.74582323741842, 11.0608448754611], [76.74535944352542, 11.063702884089084], [76.74380952986009, 11.067560960870269], [76.74381106238596, 11.067880411345131], [76.74404369011192, 11.068025814753483], [76.74410073133583, 11.068733243225568], [76.74381749971329, 11.069221589086853], [76.74383627090944, 11.07313317541177], [76.74400582881765, 11.073199849264894], [76.74444298047594, 11.073023454313871], [76.74501345829206, 11.073103336192966], [76.74513896102208, 11.073263080490717], [76.74509229623804, 11.073627065305631], [76.7490079276957, 11.075166668646185], [76.74936234361799, 11.075354610181437], [76.74966885687778, 11.075639531103084], [76.7498379719165, 11.075992218127123], [76.74981934984068, 11.076828379503784], [76.7496861377689, 11.078003566573567], [76.74968588264736, 11.078537024794867], [76.7498871007794, 11.0789077241699], [76.7500929569133, 11.07902533667073], [76.75043157057144, 11.079075164961038], [76.75075194393774, 11.078989433708154], [76.75120972450821, 11.078691340036332], [76.75171794817682, 11.078171707853453], [76.75223075594836, 11.07758433696291], [76.75265175769445, 11.077534725286863], [76.75343428732499, 11.077602936490555], [76.75411143379289, 11.07786983755463], [76.75447285477777, 11.078281337100751], [76.75461893341938, 11.07909507176706], [76.75453625966713, 11.079714291682219], [76.75439859734144, 11.080753889931488], [76.75417860352162, 11.081558307504652], [76.75412800052337, 11.082060034391683], [76.75415987185131, 11.082493997323002], [76.75444796785115, 11.082964207661812], [76.75456677992892, 11.083502187174538], [76.75447945020859, 11.084238912076025], [76.75425962527204, 11.084672726317763], [76.75380170276777, 11.085440965595009], [76.75336212296325, 11.085996825488163], [76.75285384898898, 11.086783084578581], [76.75271635195327, 11.087135636514528], [76.7526842326903, 11.087438401719481], [76.75274814243285, 11.08782271588459], [76.75285308542098, 11.088595685188054], [76.75283439866645, 11.089400211659456], [76.75261424853976, 11.09050311140581], [76.75227506175646, 11.091795680757471], [76.75193610314527, 11.092500689249414], [76.75162918923687, 11.093268967018192], [76.7514093391475, 11.093503934473409], [76.75113471158872, 11.093689154404203], [76.7506449968082, 11.093702467258524], [76.75020109970045, 11.093688749782293], [76.74961075025192, 11.093521244192074], [76.74782182543218, 11.093372622646323], [76.74340625367117, 11.102598114502706], [76.7442558865551, 11.108338315895491], [76.7450739697079, 11.109182795833869], [76.7452825109062, 11.109197520116668], [76.74560789507515, 11.1093658373741], [76.74616889656332, 11.1101737399946], [76.74640494058232, 11.11055668616062], [76.74863301401521, 11.11285653688664], [76.74985498960126, 11.119149822851824], [76.7496609175673, 11.11970862343818], [76.7481355512654, 11.124100558394119], [76.74793970056716, 11.130530489340263], [76.74708507754181, 11.131383616900365], [76.74718778192825, 11.131567969266527], [76.74731622035264, 11.13192996256503], [76.74677909428804, 11.132688963644089], [76.74681411780435, 11.133261141858846], [76.74723446737357, 11.133821651752296], [76.7480751674103, 11.13484925262429], [76.74806348661669, 11.135479816017911], [76.74722276502037, 11.136740927248967], [76.74625360769461, 11.137476566700458], [76.74570481071787, 11.137406493876611], [76.74526110764621, 11.136974432697418], [76.74376652660912, 11.135292902125943], [76.74308017330787, 11.134390312692963], [76.73847635508747, 11.134602518217543], [76.73812606872052, 11.134460068055317], [76.73706420885073, 11.134814016700707], [76.73601331920716, 11.135094246930183], [76.73506751268891, 11.136040075728483], [76.73451871301724, 11.136296960887366], [76.73425015357819, 11.136226893067956], [76.73412171335718, 11.136110119795026], [76.73402830473734, 11.135713095957717], [76.73396992771859, 11.135035823934846], [76.73367802376026, 11.13405494095356], [76.73318761637869, 11.13331927434526], [76.73148644169085, 11.131759746549264], [76.7313655877424, 11.131710591838175], [76.72532492769979, 11.136880522326031], [76.72424335430107, 11.138480387003458], [76.72368218303129, 11.138907484588202], [76.72176552137142, 11.14204214384686], [76.71890432161449, 11.149461950441504], [76.71204553529992, 11.150928473443248], [76.71177924231033, 11.148205131076697], [76.71150418356025, 11.14816046881462], [76.70911050121313, 11.147588245864954], [76.70838656150205, 11.147074440616045], [76.70826979937976, 11.146724125786438], [76.70858507301018, 11.145824995062327], [76.70935572781094, 11.145357925031028], [76.71139912648606, 11.14450553384129], [76.7119829577589, 11.143980074865098], [76.7123099085897, 11.143162683632752], [76.71209973784751, 11.142321928187556], [76.71128238592333, 11.14181979813923], [76.70982282301263, 11.141457780122755], [76.70765098860807, 11.141586188168693], [76.70630922447555, 11.14162505810126], [76.7057170056329, 11.141834254594809], [76.70407364741509, 11.149362901361005], [76.70019005527033, 11.153631351836916], [76.6949643944642, 11.166808360807101], [76.69797454298008, 11.174204692786512], [76.70246146792412, 11.175847668643298], [76.70509584936, 11.179991919541823], [76.70556055414471, 11.17964183213759], [76.70630785364641, 11.179408303703042], [76.70670485420476, 11.179478374326568], [76.70720694237998, 11.17988708213261], [76.70759226304303, 11.180330818840837], [76.70802428801596, 11.181089838889907], [76.7088182792512, 11.182456074199791], [76.7090218024603, 11.182931001781242], [76.71028907379792, 11.183674795718577], [76.7143447562016, 11.18768896615629], [76.71504182281095, 11.187127032137576], [76.71651307100684, 11.186426432638926], [76.71790257790182, 11.186426458195141], [76.71893010955137, 11.18673008245097], [76.7196190194579, 11.187208856715907], [76.71991748201609, 11.187789246473244], [76.72275286419179, 11.187172948585388], [76.72767935277066, 11.191496538560477], [76.72811949042894, 11.191424449294555], [76.72862158129914, 11.191436136207859], [76.72871498722407, 11.192031670266537], [76.72869679454293, 11.19238941997793], [76.73017544306015, 11.193687017932682], [76.72689474354026, 11.201571371163983], [76.72692429272321, 11.207481749109126], [76.73551976143386, 11.215652279481978], [76.73454195512859, 11.21807401762112], [76.73157207090034, 11.217279033330946], [76.72949469255133, 11.220796318376138], [76.7255466840142, 11.223371646498027], [76.72552139464231, 11.225305058952852], [76.72519106884101, 11.225717977257638], [76.72471210060623, 11.225717967565227], [76.72393584391133, 11.225519749688244], [76.72293741408375, 11.225073602786965], [76.71928889847244, 11.227453298429161], [76.70580407484184, 11.240444064160286], [76.70700608537068, 11.238310447068368], [76.7065925378448, 11.238313925612234], [76.70654423992355, 11.238501753702572], [76.70573495037901, 11.23841915330665], [76.7040503037941, 11.238435638496563], [76.70274552959, 11.238402580006783], [76.70189363654482, 11.238563563890773], [76.70126437656975, 11.238863242495281], [76.69861123202253, 11.23944140775471], [76.6981870673083, 11.239575199856272], [76.69729519743635, 11.239376980045561], [76.69485081866618, 11.23845198447337], [76.69428927279893, 11.238055566960837], [76.69266623626945, 11.236641324451565], [76.69190009999454, 11.23657532864802], [76.68994554380274, 11.236502892020107], [76.6894996093159, 11.236304680670651], [76.68839303580285, 11.235544879515238], [76.6874351038249, 11.235148455363296], [76.6866918772847, 11.235148441265691], [76.68651020110332, 11.234950234272043], [76.68563485124943, 11.234388640588888], [76.68518685243409, 11.234176170662826], [76.68424724518962, 11.233866182680115], [76.68430241522279, 11.233756707284122], [76.68403279307681, 11.233628831742957], [76.685288039566, 11.231316481041938], [76.68423101263244, 11.230804434969782], [76.68264546998628, 11.229929007273077], [76.68267850463255, 11.229796872482263], [76.684346650064, 11.227947003729875], [76.68193531761823, 11.225452898407637], [76.67983778736239, 11.223289138695762], [76.67826876832758, 11.221769549556885], [76.6763529106599, 11.220249954184222], [76.67430767133678, 11.219197600451404], [76.67349774309011, 11.2190334530136], [76.67276892103547, 11.218978081605266], [76.67146414593307, 11.218961540672645], [76.66854080521634, 11.217293273666055], [76.66490727350397, 11.215311170175486], [76.66061309827383, 11.2130317500379], [76.65864768953506, 11.211875525814209], [76.6562720184094, 11.210482782623798], [76.65529493165467, 11.209909946884956], [76.65372590094175, 11.209761265001207], [76.65360923853244, 11.209782203534756], [76.65308177115378, 11.209876871030046], [76.65237157746321, 11.2098107898031], [76.65147971208282, 11.209216163822147], [76.64966294847244, 11.20796084064054], [76.64632670791516, 11.20573098938283], [76.64421265494634, 11.204459143676253], [76.64175176603956, 11.20275785112801], [76.63815126987178, 11.20029675868757], [76.63374148865107, 11.19742272507016], [76.63128059974431, 11.19582053455664], [76.62891880669147, 11.194251381096308], [76.62789480272608, 11.194598217637715], [76.62465763017497, 11.1958038936027], [76.61825102253674, 11.193394121979196], [76.615478767671, 11.192351260065024], [76.61221905099953, 11.193399013670911], [76.60791038145226, 11.194050961492735], [76.60402479594589, 11.196049813741267], [76.60084907894, 11.197600322414283], [76.59931727081921, 11.197338753213055], [76.59752393527144, 11.197002451369453], [76.59350775448571, 11.196240007183405], [76.59348892939062, 11.196236432961319], [76.58964072907148, 11.195563825440734], [76.58618482213855, 11.194928589003828], [76.58295308259825, 11.194330719490615], [76.57863786792582, 11.193583376897369], [76.57553689164988, 11.193060237168025], [76.57152056533708, 11.192331582191892], [76.56729875479294, 11.191602922738506], [76.56445930594398, 11.191098467763535], [76.56239120719181, 11.190726383166522], [76.56092867624744, 11.190463229461233], [76.55584755976037, 11.18951037732649], [76.55244769422647, 11.188893822253156], [76.54901046596326, 11.188351993475449], [76.54555455903035, 11.187698074699064], [76.5423975404571, 11.187156251615988], [76.53879218799689, 11.186558374869863], [76.53488794807535, 11.185829722924405], [76.53384183477418, 11.185680250525456], [76.53212321031197, 11.1865582506139], [76.52989860257944, 11.187689441147057], [76.5277145672567, 11.188799953347628], [76.52296967041758, 11.191153740523873], [76.51850498506498, 11.193339396888634], [76.51570288187733, 11.194647053275036], [76.51523908978099, 11.195386239184216], [76.50937006994138, 11.208279143944479], [76.49903985200915, 11.211410398538582], [76.49580969799536, 11.211453654399605], [76.48873428294999, 11.210664505539212], [76.48537694905154, 11.210932514644368], [76.48501534570862, 11.21092174493918], [76.48465399479234, 11.210907652327313], [76.4842928010812, 11.210890232402415], [76.48393179332135, 11.210869487807413], [76.48277728211146, 11.210792712878336], [76.4723380706875, 11.208833542459193], [76.47344132672221, 11.195016119935286], [76.46659657568561, 11.19340450107203], [76.46619818992511, 11.193205680310486], [76.45841393225535, 11.187765637059615], [76.45232806988597, 11.19873297932575], [76.45187495426677, 11.199307197787473], [76.45171210946869, 11.199304025434628], [76.45161286808766, 11.19947487685367], [76.44835118230908, 11.199825752759699], [76.43859358826819, 11.19904787721422], [76.43912954023467, 11.201950061403258], [76.43933147881559, 11.203043489753883], [76.44893268245373, 11.205554602497617], [76.4499970261653, 11.214043210252523], [76.4505116314657, 11.218133106781982], [76.45054299524551, 11.218382370404361], [76.45054750388995, 11.218420700469613], [76.45159374385358, 11.22731393200365], [76.45167173019667, 11.227960215269801], [76.45182316998388, 11.229230347724748], [76.4520204939192, 11.231011290287219], [76.45229133507902, 11.233714197534676], [76.45245657209072, 11.235101830201161], [76.45306208869451, 11.2394545086324], [76.46196899163607, 11.243357534826673], [76.46627370679947, 11.245205038624906], [76.46629130749083, 11.245216426442438], [76.47593372583422, 11.251402743094003], [76.48330668715616, 11.255998200400557], [76.48708527971893, 11.258369930001809], [76.4888989333618, 11.25914219740085], [76.49408338036102, 11.261278243346721], [76.49903849914632, 11.263145386273205], [76.50048008227662, 11.263613768268668], [76.50416577107266, 11.265116087536892], [76.51257194139679, 11.268355903604906], [76.52166340321345, 11.270664462945895], [76.52156537904965, 11.271249444874934], [76.52214607610046, 11.271424115937458], [76.52212305317803, 11.271790210606664], [76.52301009640198, 11.27553317081466], [76.52389284567887, 11.278530312052323], [76.52456944956432, 11.281699220203551], [76.52533785139038, 11.284510927063556], [76.52542419565886, 11.284919868439115], [76.5255384155489, 11.285230969571042], [76.52679273318014, 11.288647323998859], [76.52737077391264, 11.288945083734626], [76.52786410081892, 11.289199205203253], [76.52952935996335, 11.290078633521787], [76.54219764284849, 11.29670326400567], [76.54572606807936, 11.300396525879169], [76.5426886503047, 11.302402793967632], [76.53932677721912, 11.30470678698461], [76.53923506821177, 11.30515429204004], [76.53865263202258, 11.307735081426534], [76.53780870523732, 11.311793849285921], [76.53727212175518, 11.314126046727093], [76.53965268510588, 11.317562046804012], [76.54282534424655, 11.322078565456714], [76.54655683005412, 11.326825722218828], [76.54994046572578, 11.331075533056229], [76.54921574717535, 11.334949049108523], [76.54839889201953, 11.340644161519567], [76.54750910174747, 11.344978641598063], [76.54741733255298, 11.345552719495437], [76.54757669997258, 11.349015091193632], [76.54783047134538, 11.35896837110648], [76.5382662333812, 11.357840085276576], [76.53177565662011, 11.357096733845118], [76.52576167833804, 11.356354350157638], [76.52281378576632, 11.35599036371176], [76.50815900619108, 11.354208716200233], [76.51509193585596, 11.359771595855715], [76.51537084478537, 11.360783700858464], [76.51640583155346, 11.36572998590717], [76.51702101402972, 11.368519641509026], [76.5177257774044, 11.371646340713179], [76.5168965524471, 11.371826885409414], [76.51285574973772, 11.373045659072858], [76.50860864353352, 11.37426439405604], [76.50179137196145, 11.376291001262242], [76.49903751459277, 11.377335752769001], [76.49823535048507, 11.377537663125828], [76.4954001084466, 11.37830722956132], [76.49430877664898, 11.378571757608178], [76.49398430516834, 11.378669086254362], [76.48986736934035, 11.379760028213019], [76.48923012064749, 11.379941290782861], [76.48812204784618, 11.380222479282052], [76.48035974410367, 11.382278939419525], [76.47961999134868, 11.382489531209169], [76.47872394071737, 11.382712251982209], [76.47752600404834, 11.383029563570839], [76.47521069252326, 11.383648869540345], [76.47653798210163, 11.38492714671481], [76.46035580872693, 11.388889462120371], [76.45658880982126, 11.391730969687982], [76.45364371460332, 11.393982704139157], [76.44783576493165, 11.39838666222242], [76.44736375325047, 11.398737743050964], [76.44693197621253, 11.399175847392536], [76.44471284191499, 11.400709432259882], [76.44192677545179, 11.40278154721089], [76.43489991434757, 11.407863475050751], [76.42992969488233, 11.411539134895817], [76.42101681275422, 11.418230161478263], [76.41559944517824, 11.423255076386527], [76.41744818252452, 11.433637794828254], [76.41753008013238, 11.435708296609308], [76.41787478885972, 11.437590149281128], [76.41868184609073, 11.441866009961204], [76.41776365108937, 11.441613127782109], [76.41777995910506, 11.442025383332313], [76.40978519202825, 11.439747076332097], [76.39790351802334, 11.43636016756541], [76.38190879789559, 11.446622070493637], [76.38054108143449, 11.447676870532469], [76.37852954690082, 11.449272398795728], [76.3779430233771, 11.449602434013178], [76.37703876933064, 11.449845574052727], [76.37155401193866, 11.454063330832046], [76.37147291562808, 11.454144991966992], [76.37137159464716, 11.454203602693068], [76.36865137289766, 11.456295285661321], [76.36022766386594, 11.459144332021639], [76.35733062941404, 11.459829574507229], [76.35674520902144, 11.460042878478694], [76.35427980338545, 11.461100333055535], [76.35199309421901, 11.462148798318736], [76.34942230452205, 11.462962172680081], [76.34757555784245, 11.46366706864471], [76.34628323698314, 11.464231959273446], [76.34528425379331, 11.464914374812277], [76.34327689103584, 11.466735715358338], [76.34220449482609, 11.467675752100961], [76.34203042917179, 11.467517474296606], [76.34151719470053, 11.467011146365232], [76.34119043251593, 11.466608628209125], [76.34075371743886, 11.4669724834052], [76.33623374976371, 11.462022000518461], [76.3361152664693, 11.462011275487178], [76.33555626013937, 11.461690285026162], [76.33488272939044, 11.461039259511594], [76.33423664307182, 11.460501302001678], [76.33367769872564, 11.460053704831342], [76.33305918799127, 11.459475001936585], [76.33217951724087, 11.458733610442692], [76.33200533929715, 11.458611544196955], [76.33129981055785, 11.458191081848366], [76.33069952125072, 11.457888118782389], [76.3299527095342, 11.457291330379965], [76.32913255306968, 11.45681204547509], [76.32840867264744, 11.456436782836288], [76.32779924208398, 11.455975615499923], [76.32693330926924, 11.455207071447793], [76.3264064608298, 11.454614848541913], [76.32601222528592, 11.454063100160791], [76.31997734230886, 11.45751800975412], [76.3187166439442, 11.458572920586505], [76.31698890248015, 11.459743277030537], [76.3154169540392, 11.46064235951034], [76.3149907214032, 11.46094511449013], [76.31375794986407, 11.461753997870671], [76.3126167229406, 11.462617051590968], [76.31039845641563, 11.464212068554362], [76.30999977870268, 11.464329538492022], [76.30902370973915, 11.464410632329392], [76.3083453927664, 11.465074953654817], [76.30591149014907, 11.467393066504973], [76.30513237411665, 11.467872026209776], [76.30463285961473, 11.467826745537936], [76.30222269767373, 11.467333418781575], [76.30028440368349, 11.466867331149611], [76.29844697073672, 11.466374096038438], [76.29644925139382, 11.465663928018708], [76.29590397132141, 11.465591478197842], [76.2949919666107, 11.465821650456485], [76.29483743392393, 11.4658322001459], [76.29151937347139, 11.469893884047815], [76.29226419092798, 11.470060667582137], [76.29286437423389, 11.470304960919973], [76.2930705178287, 11.470580741475489], [76.29321706179759, 11.471059889455578], [76.29349630040873, 11.471927805191498], [76.29384903019324, 11.472592353576468], [76.29415591445722, 11.472972126878847], [76.29395792217537, 11.473198434481858], [76.29378955183995, 11.473390881329138], [76.29456754228335, 11.474150162926582], [76.29265062011206, 11.476742967800492], [76.28487438529612, 11.482686659001219], [76.28482013423947, 11.48266019259599], [76.284414711077, 11.483003598940762], [76.28377652813624, 11.48215107034783], [76.27346353360292, 11.477119326792229], [76.27223146274973, 11.477170117861526], [76.26879063224223, 11.479063162826165], [76.26854154558363, 11.479693856600656], [76.26821140483524, 11.480195461631514], [76.26766591096379, 11.480615648243747], [76.26674000123081, 11.480976861969925], [76.26566761220754, 11.481107596943218], [76.26515595607621, 11.481062722470883], [76.2646734403944, 11.481328161728834], [76.26328051630811, 11.480143666635042], [76.2618831770022, 11.479135306350734], [76.25828229096558, 11.476580011593693], [76.25465400810943, 11.473852889155435], [76.2490687445085, 11.469695919261637], [76.2479939345256, 11.468470796889685], [76.24722594592458, 11.467987698647654], [76.24741712807828, 11.471906596221569], [76.24763039621156, 11.476634093524423], [76.2477889138249, 11.47935028336274], [76.24814462960946, 11.484163118485174], [76.24845211843963, 11.487403008638701], [76.24847099114541, 11.487785519164872], [76.25026650061618, 11.496692648307876], [76.2514166055896, 11.502397608592112], [76.249507663153, 11.50676580161352], [76.24876291037509, 11.510082528502762], [76.24876766425957, 11.51015785587016], [76.24886325937887, 11.512083118827954], [76.24843428328795, 11.512509951242476], [76.24812533469546, 11.514170261848804], [76.24801734102864, 11.515671559293368], [76.24649610068886, 11.515576380636656], [76.23974677948152, 11.52673150309296], [76.24051994776843, 11.527003056270694], [76.24066469510682, 11.525955403554725], [76.24169768581831, 11.526348803440676], [76.24221128859888, 11.526400808226612], [76.24251172295911, 11.525906864915056], [76.24299578014997, 11.525506984366723], [76.24356616813456, 11.525956605027893], [76.24396935898355, 11.52592773534284], [76.24413688310592, 11.525447869146063], [76.24444755556547, 11.525220529676854], [76.24485125306425, 11.525304695499832], [76.24533910743381, 11.525754660643178], [76.24591305454356, 11.525978226262657], [76.24660096552353, 11.52605661070642], [76.24702956252536, 11.526592710846916], [76.24743464702294, 11.526984344165548], [76.24843404613272, 11.527011689241117], [76.24897871265581, 11.526837536087205], [76.24940409279061, 11.526636813170304], [76.24997804978182, 11.526860364004683], [76.25007830805575, 11.526926849698519], [76.25023547100963, 11.527031072934557], [76.25009925676817, 11.528356123274822], [76.24992904937801, 11.52926099325338], [76.24993418235157, 11.530418245002384], [76.25011861366592, 11.532754552948127], [76.25052438627303, 11.534330465558632], [76.25113230587017, 11.536023009285891], [76.25148013085325, 11.536925642701922], [76.25131192490953, 11.537238229867786], [76.25068307276962, 11.537042078922617], [76.25010851929706, 11.535786110936575], [76.24906806897542, 11.5370430145384], [76.24789480723062, 11.538830567494411], [76.2474525477516, 11.539370390960444], [76.24731617361002, 11.539624143057084], [76.24718040044135, 11.540017981474136], [76.24707566226913, 11.540163051395018], [76.2469292422677, 11.540240505075507], [76.2467322417259, 11.540254975709084], [76.24612211856132, 11.5401535774002], [76.2460152828229, 11.5401540632461], [76.2452140879974, 11.541028632025311], [76.2450181681289, 11.541369774668176], [76.24479388665021, 11.541644356369874], [76.24442411312981, 11.542884047103033], [76.24447975657516, 11.542976894679683], [76.24576527359449, 11.54447217905704], [76.24599126546546, 11.544778637314835], [76.24613483062092, 11.545107987681941], [76.2461402726149, 11.545302376230147], [76.24609531193494, 11.545501479547385], [76.24591321893526, 11.545796038096467], [76.2456850225986, 11.546014028808749], [76.24508647332813, 11.546464120062728], [76.24331784594224, 11.547683131917582], [76.24288019032909, 11.548059962814845], [76.24225337377163, 11.550161241711768], [76.24227986329271, 11.55035014798765], [76.24262712952368, 11.551144307924194], [76.2426097399364, 11.55136135627026], [76.2424470226991, 11.551881866056403], [76.24245240091273, 11.552058139715943], [76.24250355188332, 11.55222516322748], [76.2427940562664, 11.552617252760841], [76.24317135946552, 11.552936630133503], [76.24339625718846, 11.552989870074912], [76.24391386915013, 11.552910824265885], [76.2441156693905, 11.55293253759642], [76.24419846261866, 11.553004483509426], [76.24424017229562, 11.553108339733727], [76.24420901243336, 11.553307360057865], [76.24404485968822, 11.553516043008914], [76.24384383738888, 11.55366156008604], [76.242700176031, 11.554208816591045], [76.24230717836555, 11.554486292726546], [76.24208380418531, 11.554758496729836], [76.2417151230163, 11.555370311411753], [76.24153270931808, 11.555588066731705], [76.24140912988106, 11.555624746075642], [76.24126696609747, 11.555611809381771], [76.241023512774, 11.555490832474957], [76.24066230648647, 11.555025932918687], [76.24013997567462, 11.555934158980595], [76.24013179471733, 11.555996390394526], [76.2398958890389, 11.556548871038862], [76.23989725537646, 11.55686980875435], [76.23978816127338, 11.557087240791553], [76.23962385222141, 11.557237145962992], [76.23932683505251, 11.55734802206963], [76.23841399760347, 11.558935205192805], [76.23839502608301, 11.559276592716675], [76.23827289473022, 11.559647824707838], [76.23827366638307, 11.559828579320605], [76.23815539509108, 11.560037026830498], [76.23770805114755, 11.560162634582817], [76.23611369513019, 11.562934671152638], [76.23610127681967, 11.564127842611809], [76.23607007204167, 11.564331375197105], [76.23597925595969, 11.564521618440354], [76.23556852016067, 11.56495276533898], [76.23549572338497, 11.565075155083907], [76.23542012656054, 11.565604379423103], [76.23534771156885, 11.56581719308653], [76.23520161496094, 11.565962439751294], [76.2348349720693, 11.56597756207223], [76.23473424128157, 11.566014118605372], [76.2346525350149, 11.566195317946704], [76.23459513626149, 11.56668373737927], [76.23439957122753, 11.567041681917688], [76.23401613612828, 11.567423067543386], [76.23373100726383, 11.567642614114597], [76.23365230137023, 11.567712639458984], [76.2334053536003, 11.567909180814693], [76.23381472036684, 11.570656020262719], [76.2341379422909, 11.571160994607832], [76.2343359588273, 11.571363636741436], [76.23459335759723, 11.571520697054877], [76.23504809647217, 11.571726681382403], [76.2353147874154, 11.571901926087644], [76.23586743546977, 11.572482702531934], [76.2365483171326, 11.57303125025578], [76.23667698822065, 11.573094048143776], [76.23701167354605, 11.57311521867739], [76.23709937696555, 11.573232375585887], [76.23741206075303, 11.573461563838812], [76.23792687176763, 11.573762245418578], [76.23863380547205, 11.573980723036938], [76.23869828833976, 11.574057333963093], [76.23893019471855, 11.574653092258115], [76.23909610187346, 11.57484667970304], [76.23926111430629, 11.57485057478942], [76.23962273292057, 11.574717937651533], [76.24004916318592, 11.574747736042651], [76.24038358620327, 11.574687579547279], [76.24050293906686, 11.57472317481142], [76.24059542421863, 11.574903649515985], [76.24055131244658, 11.575297060805624], [76.24057025611933, 11.575428093347224], [76.24069943924705, 11.57561737683969], [76.2409890641795, 11.575797002605295], [76.24155370833616, 11.575979899375634], [76.2423218280912, 11.576546226757213], [76.24298347682382, 11.576891502822109], [76.24317688500284, 11.577089507396645], [76.24339420004647, 11.57750900170712], [76.2435693508656, 11.57770264965818], [76.24372543224793, 11.577756245705825], [76.24384421917289, 11.577674361726627], [76.24389379449846, 11.577484282311458], [76.24391967136856, 11.577095434463127], [76.24397465724708, 11.577090661128517], [76.24419086646459, 11.577256990318377], [76.24466166272524, 11.577982801582401], [76.24485925615512, 11.578090405417097], [76.24565357437712, 11.578358207413844], [76.24624891486538, 11.57822457309844], [76.24640539060807, 11.57835498384347], [76.24668104314459, 11.578493935269012], [76.24682406841255, 11.578614014280317], [76.24707217321254, 11.57882225683258], [76.24735718170274, 11.57899733252644], [76.24905653999707, 11.580029570400631], [76.24918941160739, 11.580147188188764], [76.2495376812565, 11.580522518952222], [76.2498447703364, 11.581006598600263], [76.24998200236908, 11.581309195806144], [76.24999047707547, 11.581338146909747], [76.25038644726618, 11.582236703263174], [76.25114456787382, 11.58248873128454], [76.25148511560474, 11.582539258656631], [76.25176010518459, 11.582693059253483], [76.25198002354591, 11.582892021583158], [76.25217711212262, 11.583113643423056], [76.25237414410546, 11.583330664343045], [76.25268573823648, 11.58360198843713], [76.25312564053617, 11.58400451063416], [76.253198845147, 11.584239558012808], [76.2532493681952, 11.584511102988744], [76.2534924765656, 11.585482868887212], [76.25444999711515, 11.585243564166877], [76.25461497181877, 11.585225534441266], [76.25476626248566, 11.585297926140917], [76.25490371640223, 11.58546975053077], [76.25510529745367, 11.58574548757033], [76.25549035041873, 11.586274868166397], [76.25681908358979, 11.587545198512187], [76.25719497014569, 11.587653856433784], [76.2575708270572, 11.587767019063676], [76.25782754580244, 11.587880124447388], [76.25808472718009, 11.588011867415926], [76.25930338438947, 11.588766661810833], [76.25964257746095, 11.588744173337991], [76.25980758899553, 11.588816559726066], [76.25994965037117, 11.58891611088914], [76.25999740211671, 11.588955146030429], [76.26088116648988, 11.589194771412862], [76.26093517769634, 11.5891967760562], [76.26112311064368, 11.589260114154195], [76.26126526634242, 11.589373189893458], [76.26132022706814, 11.589508774240104], [76.26123755062098, 11.589743797629101], [76.26120723787002, 11.58981348391968], [76.26130452721193, 11.590435915686024], [76.26273177412858, 11.590539911138091], [76.26299766736786, 11.590526495579983], [76.26319023472372, 11.590553621494598], [76.26337813712836, 11.590580806366404], [76.26382737472046, 11.59079801596663], [76.26384613873013, 11.590805780174879], [76.26444165259323, 11.590947419958425], [76.2645836906127, 11.591024247994026], [76.26461802691777, 11.591356495454821], [76.26535733051514, 11.593071138663822], [76.2649083740957, 11.59397143662103], [76.26812629305535, 11.594108298235346], [76.27061575737132, 11.593865191440456], [76.27428340889476, 11.593758082072144], [76.27439760542865, 11.59536756062526], [76.27482351916271, 11.596199089597178], [76.2755977950724, 11.597523711525303], [76.2770155099656, 11.59898134972053], [76.2789878321388, 11.600891232321787], [76.27982400286989, 11.599780701576673], [76.2807321574013, 11.598587727140627], [76.2824660262739, 11.596020948270677], [76.28336505302373, 11.594538617211962], [76.28443379219195, 11.5928982515211], [76.2854245207626, 11.591298500280816], [76.28607589097176, 11.590277170241382], [76.28808839568592, 11.590445069420461], [76.28950958077107, 11.590459104500711], [76.2910316403744, 11.590427875148196], [76.29207684997039, 11.590468901512535], [76.29306250934792, 11.590414977903317], [76.29375941246386, 11.590347332477759], [76.29391979318312, 11.59036096100395], [76.29447453341378, 11.590474162137255], [76.29501701253913, 11.590560030514055], [76.29598747242204, 11.59022601154958], [76.29662974179904, 11.588617072732116], [76.29774445315026, 11.586095183131322], [76.2982719384952, 11.584969820745606], [76.29885914563688, 11.583641100882373], [76.29910692255179, 11.582886398246911], [76.29927228981917, 11.581652406731239], [76.29937350839215, 11.580169933442049], [76.29952093540501, 11.577670367235294], [76.29967724855264, 11.576092976966564], [76.3001085153475, 11.574538135183545], [76.30038403493334, 11.573859820950153], [76.30046605830532, 11.573186274953311], [76.30127346767593, 11.572509031988304], [76.30236480486347, 11.571306998869511], [76.30402856741465, 11.572559456436997], [76.3068288883448, 11.574869949895144], [76.30881803416665, 11.576452421380745], [76.31051857554219, 11.57747436691935], [76.31359465231507, 11.57695073128133], [76.31590535099117, 11.576675866488957], [76.31690405390663, 11.579776812376803], [76.3177791028249, 11.581657001342835], [76.31876900494548, 11.58317141061041], [76.3204006131994, 11.585413628563412], [76.32119352645628, 11.58627262413921], [76.32229816589656, 11.58723105707706], [76.3247001154392, 11.588858707450248], [76.32655194029513, 11.590047836493271], [76.32859267097383, 11.591407797378679], [76.33063630949913, 11.592769648021997], [76.33414767123114, 11.594962431569025], [76.33586040454172, 11.595815545912588], [76.33993812711095, 11.593209480860539], [76.34018604056979, 11.590592448727811], [76.34015409917322, 11.589358467477924], [76.34037905079512, 11.587279254212012], [76.34123165979754, 11.587324630035093], [76.34221276651323, 11.587469391207929], [76.34351927356751, 11.587736247893421], [76.34479826163137, 11.588513805207265], [76.34621471079831, 11.589047319208026], [76.34738376752927, 11.58924634565412], [76.34842899958319, 11.58935944075898], [76.35053325103395, 11.589422968020248], [76.35197732968408, 11.589459234608784], [76.35455837903989, 11.589391723591929], [76.35525514830684, 11.589780475135786], [76.35731373300186, 11.591837493960933], [76.3589958310663, 11.593428451912823], [76.3601556728791, 11.594061309619587], [76.36097628299281, 11.594328064089607], [76.36185195713853, 11.594730363157558], [76.36282382917305, 11.595408446346896], [76.36508853051333, 11.597076397760913], [76.36708277607103, 11.598409918207851], [76.36780707420988, 11.59867211379038], [76.36973259146184, 11.599219077204856], [76.37189651620028, 11.599594290829934], [76.37347363803897, 11.59992887848742], [76.37429425084763, 11.600127766063295], [76.37577962954299, 11.600936818004685], [76.37796207664428, 11.601990364911536], [76.37765949890377, 11.603866166496411], [76.37825549695877, 11.608589287963257], [76.3792502661516, 11.609190400073214], [76.38051410592482, 11.61000245799383], [76.3838942273871, 11.612116837324018], [76.38391319711094, 11.61212870228909], [76.38316596857615, 11.61613795453603], [76.38320275728198, 11.620734793158714], [76.3832028039944, 11.622737153409561], [76.38327159967378, 11.624124514010356], [76.3853760954663, 11.626104194615053], [76.38646738594143, 11.627713327229936], [76.38807684174046, 11.629747244125733], [76.38847572876091, 11.629900869999691], [76.39031435556865, 11.63026697524937], [76.39183123189281, 11.630638682154382], [76.3932672257054, 11.630958373311408], [76.39417967687885, 11.631143705481866], [76.39626131054737, 11.631708546559022], [76.3983751335475, 11.632196630529695], [76.40142425008206, 11.632896962332659], [76.40310244945819, 11.633421157273611], [76.40531717123105, 11.634044761339691], [76.40659822182677, 11.634338572812139], [76.40774731350056, 11.634229786143736], [76.40876734601412, 11.634154469293453], [76.41256632045234, 11.633872233071333], [76.41592259613539, 11.633618743392173], [76.41754574315766, 11.633528097428744], [76.42054895757784, 11.633505117203395], [76.42288742946761, 11.63351375304525], [76.42310225617791, 11.633527659257668], [76.42708872608392, 11.633525846742835], [76.42835272216399, 11.632324147687713], [76.42926499097942, 11.631501327169813], [76.43003975018273, 11.630868373185967], [76.43058075247777, 11.630732676965755], [76.43115394859595, 11.630813990177252], [76.43189672058861, 11.630994659135087], [76.43246081856958, 11.63136966897424], [76.43284148506112, 11.631988851908822], [76.4332039112608, 11.63283406791839], [76.43328881373326, 11.633070499528685], [76.43378655765578, 11.634456576837254], [76.43414892546498, 11.635365090101203], [76.43433440331665, 11.635598440948373], [76.43434276214037, 11.635608957855238], [76.43452964405881, 11.635844074365368], [76.43590995310355, 11.6368833967305], [76.43710685491341, 11.637710395571329], [76.43833134039234, 11.63863220675253], [76.43953281193204, 11.639364179994171], [76.44020695982351, 11.639915478583085], [76.44127569000862, 11.641248687573341], [76.44213341222166, 11.642414611886004], [76.44266558407746, 11.643517335769989], [76.4430140082368, 11.643598686596915], [76.44340840727409, 11.643702824102222], [76.44339929835714, 11.644104823136427], [76.44346358179885, 11.644380527696722], [76.44349589150465, 11.644466150710903], [76.44365630546157, 11.644891248464171], [76.44367506767462, 11.646030852585342], [76.44388145830608, 11.64670369741837], [76.4439594769885, 11.646943229159447], [76.44403746602653, 11.64727319720974], [76.44399895704693, 11.647494456413174], [76.44386334018513, 11.647811125384814], [76.44378749452736, 11.647924502019983], [76.44372124197852, 11.648023537613211], [76.44357916353486, 11.648231532127946], [76.44355624481705, 11.648394253874088], [76.4435196438591, 11.6487196583688], [76.4434962580173, 11.649055424033858], [76.44341890498652, 11.649234980498344], [76.44334559976437, 11.649411326415377], [76.4432539410627, 11.649565033808951], [76.4432217930536, 11.649623743579447], [76.44318975913058, 11.649678039328435], [76.44296434757126, 11.649823132354788], [76.44274041733387, 11.649971885313121], [76.44254790208028, 11.650066906487034], [76.44241029634843, 11.65008953781921], [76.44227735556782, 11.650112104923506], [76.44209391419696, 11.650152889351068], [76.44197473111494, 11.650202579197554], [76.4419288909843, 11.650238766611436], [76.4417959609835, 11.650360878752908], [76.4416629420495, 11.650482898460883], [76.44153001384534, 11.650672726633553], [76.44139710809903, 11.650858137166976], [76.44131924662177, 11.651047984439044], [76.44123671929496, 11.651237806067025], [76.44109460402039, 11.651400624591032], [76.44093872745394, 11.65148645835537], [76.44078287334543, 11.65156787459488], [76.44049858171083, 11.651667369027281], [76.44007212180107, 11.651821118283314], [76.43979702262678, 11.65204725589256], [76.43970993814648, 11.652115056140598], [76.4395389815614, 11.652347488494122], [76.4393707522615, 11.65257160037233], [76.43932030557009, 11.652630395728053], [76.43926985887869, 11.652689189311763], [76.43921949303567, 11.652784053831693], [76.43907734452343, 11.652901607489222], [76.43897502461594, 11.652960906900589], [76.4387105435283, 11.653050888438944], [76.4383895961385, 11.65312782516056], [76.43804112436845, 11.65318658256723], [76.43785768928575, 11.653191205033055], [76.43750458849702, 11.653141551792794], [76.4374560866582, 11.65313303973244], [76.43716983400135, 11.653082797895802], [76.43698643664789, 11.653114471562686], [76.4367388214297, 11.653213971599834], [76.43654627114181, 11.65338130145357], [76.43635372265055, 11.653548539707518], [76.43607868725665, 11.654014162845666], [76.43587248347475, 11.654488808383453], [76.43579914232, 11.654737378580588], [76.43574429118875, 11.655493002214317], [76.43575352137829, 11.655826749371426], [76.43575817465147, 11.65616572383935], [76.43571692042036, 11.656468566722522], [76.4355740316963, 11.65674967763105], [76.4353914536064, 11.656920672309322], [76.43506133801084, 11.657151204701194], [76.43480913868979, 11.657250769276324], [76.43464414871482, 11.657277850862709], [76.43456986432902, 11.65730923724094], [76.43445151039202, 11.657359245169753], [76.43434150090572, 11.657436118233228], [76.4342268264681, 11.657512966641427], [76.43404814526988, 11.657870089006614], [76.43402078438295, 11.658661102149045], [76.43401118857908, 11.659327160564793], [76.4338925992835, 11.659723360367403], [76.43360377295335, 11.660198023420874], [76.43334713146318, 11.660708837401385], [76.43328294773447, 11.661088478759725], [76.43331355064126, 11.661523916564555], [76.43331979303416, 11.66161275514312], [76.43329611344326, 11.661926528527447], [76.43319147498403, 11.662177812318419], [76.43311499781063, 11.66224459659751], [76.4327513642752, 11.662562135561592], [76.43263213178585, 11.6627022608388], [76.43240295538719, 11.66314072427315], [76.43229302764757, 11.663687668353655], [76.43210504259794, 11.664121571290643], [76.43183003505182, 11.66465952401997], [76.43170170712021, 11.665057315618828], [76.43148176270772, 11.665780598483211], [76.43133537055408, 11.666481118384091], [76.43108755680824, 11.666517381975055], [76.43083989397935, 11.666553575180702], [76.43063811979012, 11.666512915448111], [76.43043176868453, 11.666472320811577], [76.43025286380578, 11.666381915180782], [76.4299456085376, 11.666223827982261], [76.42971177617082, 11.66622384469768], [76.42959714575068, 11.666223864932102], [76.42944583532083, 11.66632333123948], [76.42922576065264, 11.666834162099514], [76.42900118811983, 11.6673810408371], [76.4288730236816, 11.66839806055383], [76.42879968162855, 11.668759718101885], [76.42857043066972, 11.66910773995048], [76.42838253096008, 11.669505578836946], [76.42832752352194, 11.669727023547836], [76.42816247425817, 11.670061591988931], [76.428015809915, 11.670197153758524], [76.42790576629268, 11.670210813565864], [76.42780030138339, 11.670224317657588], [76.42756638367666, 11.670188258652113], [76.42724990001555, 11.669993953598151], [76.4270711164094, 11.669930688409766], [76.42692894633758, 11.669930738555294], [76.42680508303293, 11.669962357515251], [76.42666759857366, 11.670125109634467], [76.426630884428, 11.670346560888737], [76.42659883613192, 11.670568040118035], [76.4265484828653, 11.670857322759003], [76.42650264902286, 11.670956812038002], [76.4263880518404, 11.67108334457153], [76.4262916904582, 11.671137653718796], [76.42611290954694, 11.671223536804746], [76.42594319892518, 11.671223618620786], [76.42574601961861, 11.671178376994797], [76.42559013227243, 11.671160318523143], [76.42541588246353, 11.67123720623871], [76.42526451364317, 11.671345686342912], [76.42510866133128, 11.67145423326506], [76.42486099580745, 11.671522068361785], [76.42449417954096, 11.671463381696428], [76.42428776555332, 11.671400142355687], [76.42415938282446, 11.671404683581978], [76.42394385632655, 11.671517688130072], [76.42365040367268, 11.67157652961838], [76.42347615296545, 11.671553951062661], [76.42331564288881, 11.671495195784203], [76.42315513191383, 11.671436441373057], [76.42308628323381, 11.671395762122025], [76.42283403450543, 11.67128285869463], [76.42252679361026, 11.671287428074569], [76.42226543955812, 11.671332643290516], [76.42200863277795, 11.67138238916886], [76.42181144358996, 11.671504416353022], [76.4216372458833, 11.671703397930127], [76.42152269181997, 11.671920375326236], [76.42140802007732, 11.672141857697552], [76.42134839350202, 11.672236761316269], [76.42124755491643, 11.672372382724747], [76.4212062926005, 11.672422117859737], [76.4210091824642, 11.672562271587553], [76.42066975223749, 11.672580368676398], [76.4203350327761, 11.672358986945452], [76.4200873340146, 11.672019943400525], [76.41994506961966, 11.671739720660785], [76.41980286900517, 11.671464099565432], [76.41977080992928, 11.67135562654547], [76.41973408500384, 11.671247127090798], [76.41967900390388, 11.67116576148933], [76.41962401443209, 11.671084398503195], [76.41948637725919, 11.670975985157257], [76.41911036404082, 11.670976028264677], [76.41880770365532, 11.67106195186883], [76.418500536422, 11.671152361253036], [76.4181198834052, 11.671328666857315], [76.41787229783144, 11.671545731640984], [76.41767515266086, 11.671708423888562], [76.41723037610245, 11.671816931080429], [76.41670758625146, 11.671821582267414], [76.41648296790457, 11.672300729769693], [76.41619860799803, 11.672599019119112], [76.41591436038085, 11.67289289362799], [76.41579972996074, 11.673105356166973], [76.41568973933904, 11.67332235445967], [76.41562097330402, 11.673611626310263], [76.41555218750608, 11.673805942025838], [76.4153275637693, 11.67410428781864], [76.41511200403372, 11.674253529213827], [76.41496078163881, 11.674497627627616], [76.41496080858825, 11.674624145349682], [76.41501585645055, 11.674940603032141], [76.41513965238151, 11.675053543678576], [76.41535983305093, 11.675256916077792], [76.41558456278894, 11.675464819810655], [76.41563045771679, 11.675618459994629], [76.41566261291237, 11.67588970647533], [76.41557093175281, 11.67616992942009], [76.41539668014727, 11.676359796328418], [76.41515826637254, 11.676603873533976], [76.41491520830778, 11.676843505277454], [76.4146906034356, 11.677268371355073], [76.41455759977295, 11.677657123324796], [76.41448891278972, 11.678439128911872], [76.41446151147859, 11.67874197827555], [76.41437437040446, 11.678995083684434], [76.41420933551373, 11.679221073351806], [76.41395256107293, 11.67939290838583], [76.41380122998183, 11.679524015111031], [76.413645258194, 11.679650586841042], [76.41349862888512, 11.679890114783543], [76.41346190306136, 11.680174875646752], [76.41348950829004, 11.680310475577976], [76.4135674587005, 11.680572594848718], [76.41369589802319, 11.68082119446176], [76.41392983010297, 11.681200854918478], [76.41402621304475, 11.681472095056924], [76.41401244276975, 11.681693498541108], [76.41392993520587, 11.681869800081262], [76.4135355613214, 11.682055225839033], [76.41326045046901, 11.682118477704341], [76.41304943890371, 11.682204440081213], [76.41285692185348, 11.682353631370704], [76.41267808794169, 11.682624815838984], [76.41258180830613, 11.682841803161159], [76.41256802725137, 11.683162672855701], [76.41261398685793, 11.683745751696451], [76.41271032937554, 11.684007887071143], [76.41281127126739, 11.684265539242517], [76.41286177365434, 11.68452769523826], [76.41303153188683, 11.68497969791376], [76.41308658424073, 11.685246388075358], [76.41314621440928, 11.685513013762314], [76.41314622518905, 11.685788782752786], [76.41302704390367, 11.686059935708501], [76.41284820999186, 11.686362778502705], [76.412696902257, 11.68652103191644], [76.41241720730167, 11.686665690461568], [76.41225663344464, 11.686697369091162], [76.4120961521141, 11.686729050356263], [76.41183939384295, 11.686715477572827], [76.41158711906341, 11.686701925901357], [76.41133943826823, 11.686733669624104], [76.41118814400807, 11.686824017596441], [76.41111934204045, 11.686937087993059], [76.41112857402662, 11.687167548813289], [76.41123411529274, 11.687502063655945], [76.41124787299132, 11.687822910358957], [76.41116997737808, 11.687958569004987], [76.41091314275013, 11.688121294723388], [76.41066092546276, 11.688162032218173], [76.4103766140652, 11.688085179106952], [76.41019770289829, 11.687976705554222], [76.40986291785988, 11.687795957550636], [76.40965649219413, 11.687764345903092], [76.40955105423429, 11.687818599880293], [76.409294304048, 11.688031104638492], [76.40892288301737, 11.688767922244075], [76.4084780929842, 11.68959957046583], [76.40842310441073, 11.689793970856371], [76.40852405887897, 11.689983815234033], [76.40868912880401, 11.690096813086358], [76.40901940070644, 11.690218744062417], [76.40939088012756, 11.690318171851064], [76.40972108465633, 11.690435680572241], [76.40995952088892, 11.690584790896285], [76.4101659061305, 11.690819848527733], [76.41023937394768, 11.691081957854548], [76.4101843683062, 11.691393867278304], [76.40987713908918, 11.692121576569274], [76.40982679750061, 11.69235216854488], [76.40977634182607, 11.69258717717351], [76.40980385901983, 11.692835778319273], [76.40991396821917, 11.6930255827854], [76.41006989419292, 11.693138531893982], [76.41051480909192, 11.693328362542678], [76.41071664346825, 11.693445890218726], [76.41079918516813, 11.693558889297117], [76.41080836954359, 11.693748682711389], [76.41069832412467, 11.693938546369127], [76.41049196134097, 11.694024445259876], [76.41007003073685, 11.69404261132055], [76.40969856209549, 11.694069710425659], [76.40958849871025, 11.69416470153838], [76.40956095726199, 11.694327420090813], [76.40961606261645, 11.6944539780191], [76.40979490640973, 11.694575980088711], [76.4100746642471, 11.694684376284332], [76.41049202422305, 11.694697929324473], [76.41081304437633, 11.694774714625161], [76.41116625206458, 11.69480631403668], [76.41164774636192, 11.694756544214203], [76.41202377395334, 11.69476553793441], [76.41219350433805, 11.694864942978123], [76.4123586335519, 11.69509995739054], [76.41235870182388, 11.695398283771741], [76.41210190312856, 11.695895505421397], [76.41184056973765, 11.696270686203839], [76.4117122310263, 11.69657354422], [76.41166634687822, 11.696939707562802], [76.41173977606783, 11.697323928948038], [76.41181326185135, 11.69764935256623], [76.41175819692104, 11.697906977090138], [76.41138216663471, 11.698223364191621], [76.41102903170997, 11.698291240235509], [76.41069887030037, 11.698309369070563], [76.41029071176787, 11.698431413423396], [76.41003848998892, 11.698567114372434], [76.40981374587786, 11.698829222520763], [76.40979088555052, 11.699005499076744], [76.40995596895029, 11.699199845360365], [76.41040550388476, 11.699466542056513], [76.41062102768771, 11.69962472904313], [76.41078622697017, 11.699864260820858], [76.41085043136015, 11.700130924329509], [76.41078620810553, 11.70027550011303], [76.41061654599277, 11.700537732432796], [76.41045606466223, 11.700664287520937], [76.41017177931582, 11.700903888770503], [76.41004330945042, 11.70101690767445], [76.4097957580126, 11.70134689583338], [76.4095526891681, 11.701676905589826], [76.40940141916246, 11.70202040517929], [76.40925005573203, 11.702363903462576], [76.40909882255731, 11.703041991503419], [76.40905304530875, 11.703534605939128], [76.40901174706019, 11.70402733297076], [76.4090119123502, 11.704958414163507], [76.4090348562209, 11.705369697780549], [76.40905329144712, 11.705785557513408], [76.40886533244868, 11.706468141751508], [76.40856722921659, 11.706802635024635], [76.40826912598449, 11.707137127893118], [76.40772341561906, 11.70746710874976], [76.4074298803202, 11.70752592412784], [76.40715016111041, 11.707471722393707], [76.40698041904756, 11.707290958974976], [76.40691153174001, 11.706897726441467], [76.40685650004738, 11.706481845510782], [76.4067831157735, 11.706350762986803], [76.40660883003197, 11.706197120502589], [76.40625563671678, 11.706093180632319], [76.40557227300879, 11.70590797153181], [76.40537966792367, 11.705903487167665], [76.40521907340538, 11.70593506947473], [76.40495312806384, 11.706228968424684], [76.40418270862165, 11.70713299891871], [76.40373325453554, 11.707544390134348], [76.40344433747556, 11.707838160707611], [76.40338940190266, 11.708150086427155], [76.40345815536124, 11.70837151343392], [76.40375175264387, 11.708593007994356], [76.40419667113612, 11.708886762499812], [76.4042562923215, 11.709040409646772], [76.40415084627685, 11.709270980483927], [76.40380230264154, 11.709605459810627], [76.40366473553726, 11.709835943094161], [76.40358608264422, 11.70989352474195], [76.40350419581618, 11.709953475192172], [76.40342629750802, 11.71021567282602], [76.40339417105852, 11.710604385565661], [76.40335755842248, 11.710993164609473], [76.40342635949179, 11.711368274774657], [76.40364192910883, 11.711698197803917], [76.40419696308858, 11.71169818988739], [76.40467850679326, 11.71155347142107], [76.40501783910365, 11.711327431624364], [76.40558653825549, 11.71127319721017], [76.4060452557688, 11.711702488559073], [76.40650852684229, 11.712249407999833], [76.40676548274281, 11.712836954666708], [76.40698106763121, 11.713636936796565], [76.40727468557509, 11.713971435468709], [76.40802235158944, 11.714852710806106], [76.40851313267018, 11.715132911018424], [76.4089626110108, 11.715141954213381], [76.40941211540253, 11.715146397965889], [76.40982029010472, 11.715291036266086], [76.41046706812614, 11.715530506973348], [76.4111183979111, 11.715774506536757], [76.41182469381165, 11.715878377676054], [76.41217781436332, 11.715787947713661], [76.41255391920986, 11.715548289874443], [76.41275571136538, 11.715254469442284], [76.41290696609965, 11.714734720758715], [76.41283806711401, 11.714242002255702], [76.41276004304167, 11.713695123701875], [76.41268659768235, 11.713148180733876], [76.41259480153842, 11.712773037800034], [76.41264522307699, 11.712266813758617], [76.41283775989017, 11.711728897196663], [76.41317710028535, 11.7111548942507], [76.41360825119756, 11.711100602627667], [76.41398894463855, 11.711331027489564], [76.41428711254933, 11.711606730288418], [76.41458521847639, 11.711877831556468], [76.41497050410511, 11.712121898556834], [76.41535585710747, 11.71237047510971], [76.41569527745274, 11.71270033185144], [76.4160393402914, 11.713034813185477], [76.41630080663295, 11.713739881633535], [76.4162183655444, 11.714115072512813], [76.41606706499601, 11.714612275465056], [76.41608091522107, 11.715132110580008], [76.41625981650652, 11.715611173447423], [76.4165167346778, 11.716049533767757], [76.41685617029441, 11.7164608325477], [76.4170580954006, 11.716930913306092], [76.41705805587473, 11.717102633446599], [76.41664996112263, 11.717450722068557], [76.41653072144676, 11.717613499925626], [76.41657203137342, 11.71777164662296], [76.4168013694688, 11.71792080026293], [76.41739304303408, 11.718182848722527], [76.4185443706146, 11.718688999473825], [76.41888378287503, 11.71866179283242], [76.41948457973032, 11.718666208381407], [76.42009001907898, 11.71867515646483], [76.42064506024526, 11.718810729612372], [76.42088355756331, 11.719009531171876], [76.421168026166, 11.719434417833472], [76.42167262603078, 11.719954106658838], [76.4220624670163, 11.720076066691604], [76.42340637542745, 11.72010304186233], [76.42409441666311, 11.720369550391379], [76.42446138204994, 11.720690432852681], [76.42467694088721, 11.720984167460625], [76.42482386664011, 11.721725424481773], [76.42492035558311, 11.722900594121368], [76.42520024187955, 11.723280268074566], [76.42593422655213, 11.723799915358935], [76.42627365049066, 11.724238348880613], [76.42631509426627, 11.72490725593389], [76.42639313989817, 11.725228126964861], [76.42665004189976, 11.72549484692136], [76.42719590497879, 11.72577492551111], [76.42742528170176, 11.726055115521799], [76.42742536524504, 11.726389641373334], [76.42734277862942, 11.726629201847745], [76.4270171743732, 11.726855289812285], [76.42666406819461, 11.726923122762303], [76.42636593711474, 11.727113007613006], [76.42620543602122, 11.727406809271304], [76.42608634366906, 11.72802606971229], [76.425815860937, 11.728812642064572], [76.42576083912586, 11.729214879979398], [76.42562342204025, 11.730236400934922], [76.42553178310148, 11.730855633917121], [76.4252200739861, 11.731813992751533], [76.42489907000245, 11.732315739241747], [76.42457351335696, 11.732812950758028], [76.42411961530516, 11.733595034345436], [76.42367019715167, 11.734377049749956], [76.42306039109238, 11.735611077819936], [76.42278994698792, 11.736600968149814], [76.42251482715234, 11.737590924409588], [76.42208383793692, 11.738363847350882], [76.42139131320967, 11.738793335806061], [76.42032724168763, 11.739390120802593], [76.41951087611362, 11.740163216364015], [76.41878165610534, 11.741098955026882], [76.41862121879223, 11.741573519820474], [76.4185295771585, 11.742120435485713], [76.41814888192087, 11.742681032678988], [76.4178232552068, 11.742803114593384], [76.41718566784907, 11.742762503888637], [76.41630496852765, 11.742441683156674], [76.41570859767177, 11.74203499570591], [76.41510765798436, 11.741628192438247], [76.41451129072175, 11.74114014294167], [76.4139149036962, 11.740656601887029], [76.41327722650693, 11.740240842165235], [76.41285986563267, 11.740186619588036], [76.41265805191759, 11.740281581651773], [76.41221319630742, 11.740674855472127], [76.41176366855947, 11.741068192056924], [76.41130508489512, 11.741493049151664], [76.41084180034692, 11.741922568792333], [76.41046113924526, 11.742162132487946], [76.41044741298771, 11.742406223722472], [76.41065383685684, 11.742632213442656], [76.41125933729097, 11.742763236524318], [76.4116629862807, 11.74301176701233], [76.41186485658967, 11.743201561631206], [76.41239701766568, 11.74376197632578], [76.4125577011172, 11.744589159975716], [76.41271832168663, 11.74541174396421], [76.41288357935956, 11.746600474887803], [76.41265442541876, 11.747441240926205], [76.41234255101337, 11.748309066520232], [76.41237939721138, 11.749118181381556], [76.41234297411987, 11.751359464173431], [76.41228339156201, 11.751897368555783], [76.41260927249932, 11.753027288692044], [76.41293041662014, 11.75351540156289], [76.41334790505518, 11.75401260737846], [76.41403604690214, 11.754550342116424], [76.41477005493093, 11.755088140885391], [76.41495817562617, 11.755580762682634], [76.41500410109674, 11.756078025452256], [76.41496288189992, 11.756394412720287], [76.41468771535197, 11.75703173302069], [76.41432549037492, 11.757750487841074], [76.41423835828392, 11.758157279612558], [76.4142155752117, 11.758925686859083], [76.41348615757403, 11.7588850503886], [76.41176470252036, 11.75884944620079], [76.41113950921859, 11.758187210458855], [76.41110808525163, 11.75815392357235], [76.40169996550067, 11.753349997655812], [76.4001367630573, 11.751871357772275], [76.39908166031508, 11.751021680208002], [76.39862294190344, 11.750886112337902], [76.3979807470866, 11.750845474680842], [76.39757250680744, 11.750985620307901], [76.39735469679206, 11.751157054524047], [76.39688907123421, 11.751523537733236], [76.3955221884097, 11.752572249686404], [76.39447180272103, 11.753521498999664], [76.39383884078869, 11.754520442535881], [76.39338474870077, 11.755103539617341], [76.39251778641668, 11.755243700666973], [76.39127464472593, 11.754845998372708], [76.39017829314248, 11.754357886101474], [76.3893020862958, 11.753006450248401], [76.38800845389619, 11.751343709919256], [76.38793961779261, 11.7507335201297], [76.38713229466025, 11.749938058845151], [76.38637995021989, 11.749133499533798], [76.38626527488397, 11.749056658987497], [76.38551757293705, 11.748921074319387], [76.38536620232007, 11.748875884105832], [76.38471941082395, 11.748107499826613], [76.38393045823913, 11.747280405013694], [76.38324236310454, 11.747226131051377], [76.38148553239498, 11.747126710552916], [76.38093050111016, 11.7470137149203], [76.38012776567395, 11.746507482448632], [76.37931128242063, 11.745815936553967], [76.37928848767031, 11.745800816105856], [76.37860945653692, 11.745350372017642], [76.37746729446724, 11.744776331694423], [76.37697648643706, 11.744622649029639], [76.37660035014949, 11.744812486514592], [76.37539396482521, 11.745427180176339], [76.37516868262327, 11.7455223251308], [76.37439859555778, 11.74584752572851], [76.37401328567455, 11.74605091640799], [76.37284359293635, 11.746579728305756], [76.37150876110286, 11.747189889477344], [76.36958678321312, 11.747822624265197], [76.3684446013805, 11.748215820483033], [76.36760517066325, 11.748292626083993], [76.36662354741631, 11.748202184757973], [76.36596760118914, 11.748188594766134], [76.36547221354759, 11.747872173445153], [76.36499058270631, 11.74770491128628], [76.36473370406095, 11.747808856595908], [76.36395389363079, 11.74815233396977], [76.36390415391351, 11.748169451627334], [76.36328417533196, 11.748382814085256], [76.36280253191428, 11.748446066599346], [76.36244016769835, 11.74821552673097], [76.36124301256358, 11.74708094309249], [76.36049537170209, 11.746339621399137], [76.36001835550645, 11.745783634097263], [76.35977986178165, 11.74528190155994], [76.35935788805843, 11.744816315892683], [76.35892213597535, 11.74463096742257], [76.35844051052396, 11.744513413150838], [76.35782587063015, 11.744296409165024], [76.35740848280645, 11.743912181004761], [76.3567892929457, 11.743197978494354], [76.35534455044058, 11.741254275562524], [76.35457402589549, 11.74024625826571], [76.35407986086108, 11.739749982771341], [76.3538493549558, 11.739518479585024], [76.35318888571115, 11.738994104544641], [76.35248714696401, 11.738356724048282], [76.35220276909116, 11.738266297932006], [76.35204681526963, 11.738270802879299], [76.35164774678948, 11.738383763396824], [76.35106469525432, 11.738884867314917], [76.35100094541187, 11.738939656563376], [76.35050092336179, 11.73949104104341], [76.35037245978461, 11.739825505747051], [76.35029443930553, 11.740272974644153], [76.35018434986918, 11.740313642884614], [76.34975318638054, 11.740259358755145], [76.34910644339342, 11.740146292583754], [76.34808815540819, 11.740091943336626], [76.34729921000992, 11.740078295775833], [76.34595065551214, 11.740118820682738], [76.34523510786244, 11.74003285608668], [76.34430856302053, 11.739946865078124], [76.34345541413057, 11.739824720332138], [76.34250596314722, 11.73952176197216], [76.34150149843754, 11.739010874478495], [76.34123788063091, 11.738970249142689], [76.34091438831396, 11.73892039668467], [76.3403960594967, 11.738997166176869], [76.3397217759596, 11.739082952551996], [76.3394740601301, 11.739263716266684], [76.3393043135757, 11.739498730730805], [76.33913455713983, 11.739806064748235], [76.33885921811536, 11.740723577428295], [76.33880304017244, 11.74081084701791], [76.33862064893209, 11.741094180992741], [76.33840963107858, 11.741238789863585], [76.338125222663, 11.741374348407788], [76.3379904394378, 11.74142510896511], [76.33734540324971, 11.741668031972717], [76.33686832956188, 11.741902999531861], [76.33667107030527, 11.742047608857943], [76.33632239731257, 11.742499552640933], [76.33610622851923, 11.742849386725986], [76.33587277074993, 11.743227198560598], [76.33527632084231, 11.744203419466357], [76.33482213353297, 11.744718624517775], [76.3345744069237, 11.74491746369842], [76.3339184085942, 11.745301556772128], [76.33302847279508, 11.745681090834571], [76.3319733745444, 11.746236872539475], [76.33124856975572, 11.746593828488372], [76.3307347720408, 11.746905618064133], [76.33031271567253, 11.747212904245043], [76.32969792935333, 11.747954071435649], [76.32912906850471, 11.748360767741243], [76.32853271112357, 11.748600220300501], [76.32795013030561, 11.74874475487308], [76.32697306690706, 11.748871135711733], [76.3265143475971, 11.74895241072291], [76.32549137669429, 11.749273137684476], [76.32317481920589, 11.74976084560612], [76.32243626839676, 11.74992793853385], [76.32182617038501, 11.750022735414449], [76.32047750988603, 11.750329817594695], [76.32000290207364, 11.750450245317383], [76.31958757139192, 11.750555630195372], [76.31887192043598, 11.750876396626234], [76.31863432053493, 11.75111942211728], [76.31839476230654, 11.751364450865628], [76.31726088989028, 11.752874950961102], [76.31657226115642, 11.754910280148149], [76.31571990817382, 11.755930238920742], [76.31496605097054, 11.756832319496716], [76.31477512483669, 11.75917876365492], [76.31473602207069, 11.759659322485529], [76.31450598688264, 11.762486324579474], [76.31335842593808, 11.764860786229262], [76.31299080298447, 11.765313608951617], [76.3124405399572, 11.765991393638938], [76.31106361845937, 11.7680265457963], [76.310948352032, 11.770401241917213], [76.31083316285972, 11.772436691221776], [76.30980037247254, 11.774245754707074], [76.30899656893943, 11.7777511003856], [76.30880840512509, 11.778888853549567], [76.30819240967354, 11.78261342672513], [76.30773300584734, 11.784874950772577], [76.30658560749787, 11.786005479373236], [76.30520897885083, 11.786344370595103], [76.30280021109517, 11.785665241406212], [76.30176771445703, 11.786004207794981], [76.2995877520958, 11.78758675183818], [76.29694884674416, 11.789395311931555], [76.29488344293785, 11.791317097876732], [76.29316232475237, 11.792673564383641], [76.29155618194015, 11.793125401242564], [76.29040889408346, 11.793577372777726], [76.28877068590715, 11.794832575593887], [76.28834352171819, 11.795159865244377], [76.28627757083788, 11.798438569397081], [76.2846706321183, 11.801152001246031], [76.28294840451348, 11.805448530495523], [76.28285849034003, 11.805730208938565], [76.2816851261873, 11.809405959507284], [76.2806520537291, 11.811073527493578], [76.28019269122541, 11.812430347351105], [76.27835712857106, 11.812429701071732], [76.27606275677525, 11.812202713593301], [76.27388349060837, 11.810958014351579], [76.27101569811556, 11.810278445779186], [76.26768903270091, 11.809598668006446], [76.2636739649278, 11.809144735653318], [76.26069125814723, 11.809030423704867], [76.25839692947058, 11.808803292721933], [76.25564436387926, 11.807105883890593], [76.25197412520777, 11.805294956492721], [76.24899219636822, 11.803597379969027], [76.24807100818033, 11.803392738386819], [76.24683672297996, 11.803103975486193], [76.24556581795702, 11.803005058824832], [76.24419412195921, 11.803240651923092], [76.24288676150539, 11.803729330696573], [76.24159317671649, 11.804254155601429], [76.24070300915197, 11.804010429676406], [76.23928056373052, 11.803577069434867], [76.2381794465845, 11.803559412687408], [76.23743168175547, 11.803740496296331], [76.23616550995577, 11.804003130451994], [76.23415621941368, 11.804614069851816], [76.23259184377056, 11.804935557535918], [76.23074752613547, 11.805067299221713], [76.22933454716045, 11.805388715149856], [76.22829783203379, 11.805850111175518], [76.22702709769077, 11.806234745175653], [76.22562806326388, 11.807084970410578], [76.22370610603542, 11.808283397996988], [76.22195406334632, 11.809978950368343], [76.22005998263775, 11.812307328264975], [76.21853727445077, 11.813930466696625], [76.21819792147916, 11.814436806197115], [76.21814275683586, 11.8151126020023], [76.21813851768601, 11.815164534213014], [76.21819336702066, 11.815738136440268], [76.21834318265383, 11.817589781752032], [76.21827495650635, 11.817962134279798], [76.2181326265344, 11.818738910122159], [76.21757250449687, 11.819722251208221], [76.2170636897368, 11.820872605995207], [76.21658859593585, 11.8213402134344], [76.2160700443364, 11.82134245467588], [76.21568352532078, 11.821090957192448], [76.21563878921962, 11.821344300249043], [76.2156423663111, 11.822153453176567], [76.2153428446392, 11.822923183942503], [76.21465423746488, 11.82284025583528], [76.21387433091498, 11.822884290842712], [76.21340328312608, 11.8232298302632], [76.21336513077766, 11.823953251180118], [76.21297810690886, 11.824632962547723], [76.21244910520771, 11.8253765840442], [76.2117158832048, 11.825592193665782], [76.21115681039956, 11.825766311368088], [76.2111590723574, 11.826277150068417], [76.21107510682782, 11.827000716797674], [76.21060300172184, 11.827129317759725], [76.20974188028373, 11.827476509193875], [76.20965781234617, 11.828200165071701], [76.20984919212927, 11.828693354651705], [76.2098426757502, 11.828790086798127], [76.2101182869642, 11.829806992650134], [76.21090807228725, 11.831705137567871], [76.21100357398174, 11.832033206125681], [76.2109690598102, 11.832118386667544], [76.21045282227095, 11.832631371128961], [76.21024014882238, 11.833314907543341], [76.21024329562081, 11.83403809517548], [76.21034086433876, 11.834201019405644], [76.2103446157034, 11.834724613025648], [76.2106017359956, 11.835266930355713], [76.21117555374792, 11.836102953137987], [76.21145563228387, 11.83668594280205], [76.21164858681361, 11.837454274295155], [76.21167535750742, 11.837914161185], [76.21155716526717, 11.838543954253122], [76.2114306681021, 11.839010077278147], [76.21165050292012, 11.83947204438656], [76.21159893423291, 11.840107487138695], [76.21175963295578, 11.840428354623642], [76.2121176457325, 11.8407627253745], [76.21254451257909, 11.84117843309163], [76.21277873391638, 11.841824715015498], [76.2129186716747, 11.842068718506498], [76.21291285418494, 11.842118333314273], [76.21209184342257, 11.842207744921593], [76.2112285372817, 11.84208488516975], [76.21127114347733, 11.842383060937987], [76.21153344794705, 11.842549184859669], [76.21170712193585, 11.843050782658022], [76.21151267081284, 11.843081623876598], [76.21149435416419, 11.843208187219345], [76.21158149703496, 11.843300101530998], [76.21089073210732, 11.843532832466993], [76.2101972731322, 11.843409235668805], [76.2100286566584, 11.843663102271252], [76.21063621872607, 11.844256466948236], [76.21024658255642, 11.844297848630786], [76.21025122235487, 11.844465085320374], [76.21036696129607, 11.844623902801514], [76.21033579784057, 11.844642698086128], [76.20994684349222, 11.844897491964243], [76.21025710811662, 11.84550213918386], [76.21006801903752, 11.845590598405556], [76.21009103207845, 11.845821107449902], [76.21019740518452, 11.845994533540084], [76.21012651373555, 11.846090184323268], [76.20982677287472, 11.846814666594426], [76.20991383938869, 11.847835991838156], [76.20940221290176, 11.848348944161035], [76.20927071751048, 11.84872922453113], [76.20954733843085, 11.849058116660714], [76.20944962777911, 11.849161515407122], [76.20938548627117, 11.84949600822422], [76.20961501660605, 11.849807818007571], [76.20974967766041, 11.850042873201392], [76.20995935432919, 11.85040887086157], [76.20989525234714, 11.85087444086733], [76.20933095044859, 11.851249753944359], [76.20913626935682, 11.851475488735959], [76.2090970057924, 11.8515210154716], [76.20912005476596, 11.851873563445123], [76.20930827697082, 11.852149225447473], [76.2094727863471, 11.852167183250133], [76.2095147789934, 11.852171767210752], [76.20965260930406, 11.852727677802838], [76.20946458293194, 11.853102885470458], [76.2090654785192, 11.853500751204242], [76.20874894724737, 11.853817234416999], [76.20870315921901, 11.854151722409489], [76.20881343370834, 11.854630803935157], [76.20887785908391, 11.855236454696529], [76.20866687267143, 11.855570988424123], [76.20807970775058, 11.856258180979783], [76.2080798254299, 11.856655933978907], [76.20783228297525, 11.85751478867669], [76.20770941590227, 11.861008722070443], [76.2075906352655, 11.861299287604606], [76.20746179439588, 11.861614459776476], [76.20688830183367, 11.862034970094854], [76.20615870902452, 11.862195627047617], [76.20542911352042, 11.862356281268362], [76.20367152373444, 11.862261829166085], [76.20200121515977, 11.862492779522688], [76.20088173555102, 11.863311170686439], [76.20028552998517, 11.864644697365751], [76.19954699444737, 11.865729663100264], [76.19836785861891, 11.866629417419842], [76.19287560388757, 11.869889566687092], [76.19040813032977, 11.87127266103088], [76.19037489086763, 11.87129129272529], [76.1902834836942, 11.871322770738852], [76.18885143258737, 11.871815927275387], [76.1879198949091, 11.87202855876836], [76.1873164282608, 11.872030943766383], [76.18671296251082, 11.872033326127115], [76.18524898258386, 11.871766943786152], [76.18310360356446, 11.871077811443653], [76.18261925981102, 11.870922225997424], [76.17997123206764, 11.870267323892842], [76.17879642611885, 11.870244932193591], [76.17763086473266, 11.870579608390544], [76.17644217532117, 11.87089979039681], [76.1754144487372, 11.87117660765485], [76.17445075137177, 11.871231003884164], [76.17348705220971, 11.871285393069796], [76.17226188580774, 11.87091546217522], [76.17179837398575, 11.87077550534669], [76.170898680686, 11.87050383923564], [76.16968703842068, 11.869694948195548], [76.16728215767525, 11.868257945733294], [76.1662640700143, 11.867866956846184], [76.16598797909994, 11.86776092433019], [76.16479940377447, 11.86764355735579], [76.16372102029334, 11.867919406500297], [76.16270693193204, 11.868559098591039], [76.16169283279095, 11.869198783906182], [76.16140327972373, 11.86931046061978], [76.15879727337268, 11.870315520852238], [76.15826799678707, 11.870412522207054], [76.15811718851549, 11.870440161270466], [76.15748941615054, 11.870555209721022], [76.15668397498871, 11.870369943626551], [76.1560162868824, 11.870216358620976], [76.15482912011534, 11.869531944047154], [76.15368031769906, 11.868869632979177], [76.15072941038123, 11.867165859552152], [76.14939395152366, 11.86650152867767], [76.14790337517609, 11.866813656610534], [76.14734269797971, 11.866931059106818], [76.14607155220828, 11.86708029433973], [76.14594231787655, 11.866984841681095], [76.14519041630565, 11.866429476179238], [76.145093181761, 11.86629954866779], [76.14414862300266, 11.865037395491651], [76.14338220016518, 11.864015931537354], [76.14197791957709, 11.862999014129246], [76.14072045874067, 11.861272456418481], [76.13921063868308, 11.859857775755703], [76.13859112273394, 11.859512023299807], [76.13825245427854, 11.859323010717052], [76.13797160858138, 11.859166267768314], [76.13644807753764, 11.858542560211552], [76.1353008292068, 11.857629561252855], [76.13366254018212, 11.855053231902238], [76.13288903412862, 11.854435640908706], [76.13228128341473, 11.853950387350222], [76.13091840168647, 11.853349247343377], [76.12855413377507, 11.853022551252252], [76.12836703446429, 11.852996696000503], [76.1263342044685, 11.853109679625838], [76.12338822441, 11.851477938092811], [76.1226667514727, 11.851211429299571], [76.12124413626967, 11.850685907604165], [76.12092867039976, 11.850569370253687], [76.11999716056927, 11.850388543581065], [76.11982736730245, 11.850808891846059], [76.11925315608802, 11.851836138273669], [76.11915278911795, 11.852015690078376], [76.1191358756378, 11.852069321739073], [76.11877647676059, 11.853208936870944], [76.11769063277102, 11.85414428561591], [76.11738603561774, 11.854406662147063], [76.11703277942047, 11.854919631137921], [76.1170235420444, 11.854944905965272], [76.11682693406638, 11.855743028052594], [76.11665175360281, 11.85645415767521], [76.1171055258905, 11.856478044182554], [76.11759705257293, 11.85650391756667], [76.11808804206282, 11.857023729422645], [76.11728496706344, 11.857837283228747], [76.11477024661328, 11.8584157156172], [76.11332558046495, 11.858511828873889], [76.11331006027176, 11.858512861867478], [76.11280161382096, 11.858546685152254], [76.11374212656725, 11.86298078626761], [76.1149213270744, 11.866732386653204], [76.11439803596349, 11.870000263793106], [76.11435671885035, 11.870352816018368], [76.11416851281514, 11.8715686651778], [76.11333764933079, 11.876508894155299], [76.11329174452143, 11.876780087486056], [76.11290157385419, 11.878615152772772], [76.11243795782765, 11.880685248545843], [76.11224968441881, 11.882868358775438], [76.11189619376127, 11.88505597777098], [76.11174001536091, 11.887668480365319], [76.112419094105, 11.890516069600425], [76.11297888376586, 11.892916178142196], [76.11336888465152, 11.895049600925212], [76.11332747231694, 11.89727339733039], [76.11333201060573, 11.898340097241132], [76.11333172314482, 11.904297343030027], [76.11334973256967, 11.911569881055138], [76.11328516615862, 11.91795198946897], [76.11290388162615, 11.924496792583478], [76.11260517742114, 11.931484547390024], [76.1125405463314, 11.938716387881792], [76.11262737748679, 11.946228468270919], [76.11252147599622, 11.952560838594732], [76.11242039845878, 11.95425127363748], [76.11227157546398, 11.959595663112696], [76.11225023059451, 11.960362163080156], [76.11225926405302, 11.963196137756398], [76.11225442393025, 11.967946543539952], [76.11233228361088, 11.971472064111547], [76.11246038157375, 11.977682783123539], [76.11248340000462, 11.978798815299925], [76.11138619861488, 11.978410035800913], [76.10828743848276, 11.977103574021191], [76.10563398760999, 11.976199384337427], [76.10460567801942, 11.975688548698063], [76.1030357229401, 11.974386677622068], [76.10093322410246, 11.973355938385499], [76.09810546233535, 11.971714916890726], [76.09617752681866, 11.97001521703347], [76.09464434247883, 11.968952857341883], [76.09340489825378, 11.96853235175416], [76.09128402707195, 11.968206639559419], [76.09047840534873, 11.967833640183686], [76.08967278632046, 11.96746063502054], [76.08785025552595, 11.967614048135301], [76.08666121307652, 11.96795286115607], [76.08511878507248, 11.967622670826263], [76.0836358974054, 11.968196459673873], [76.08132211481293, 11.968571224032512], [76.07962809161309, 11.968846642849066], [76.07727764607891, 11.96881457769038], [76.07538633936795, 11.968430029246912], [76.07392651145423, 11.968325788306647], [76.07280185485448, 11.967977532284856], [76.07008891395037, 11.967154352501955], [76.06896909028687, 11.965707749131427], [76.0676474439251, 11.963546953740689], [76.06656878735612, 11.962900370589884], [76.06488890004556, 11.961657020257327], [76.06348898706636, 11.960698477056274], [76.0616391115546, 11.960146611026484], [76.05960130848541, 11.958460193870977], [76.05815080508432, 11.958021399508766], [76.05704929717118, 11.957148779279905], [76.05523651848739, 11.955317750400773], [76.05187731609315, 11.951511092921166], [76.04938013704552, 11.951456156459196], [76.04809924455323, 11.952016255620558], [76.04680946951946, 11.951541290833044], [76.04560984491602, 11.95098429300961], [76.04459444231945, 11.95051282070277], [76.04457883049811, 11.950505571102592], [76.04421193517986, 11.949384526946947], [76.04338163314254, 11.947549197154059], [76.04222076186043, 11.945957837311273], [76.04067842009464, 11.945921195847944], [76.03961818976875, 11.94548694860492], [76.0388701060378, 11.945052799098304], [76.03765887789582, 11.943158571497065], [76.03619037584973, 11.941973876150156], [76.03351942489694, 11.940250898663045], [76.03232605166951, 11.939988336002662], [76.03015940234081, 11.940150296854505], [76.02811184266932, 11.941012867427146], [76.02693597940345, 11.9430870719142], [76.02593974685504, 11.943466379648802], [76.02411737236739, 11.943538020629372], [76.02221677707637, 11.94408873053793], [76.02051433935725, 11.942632671119945], [76.01885284505214, 11.942152914955718], [76.01742997652417, 11.94186308004317], [76.01648006470505, 11.941180196721396], [76.01511677334506, 11.941143486938302], [76.01474945761525, 11.94137385263178], [76.01438214188549, 11.941604216371635], [76.01325742869189, 11.941838788843626], [76.01077900736571, 11.941073893985719], [76.0098843724793, 11.939988740287497], [76.00752071542229, 11.939260024678122], [76.00609842361271, 11.937722641354789], [76.00442942837498, 11.933617841236419], [76.00319106302659, 11.931470339847428], [75.9990738208731, 11.93155777972379], [75.99390643108447, 11.932350847488832], [75.99041487720444, 11.934788271703715], [75.9888450963983, 11.93439568924762], [75.9834655452008, 11.93279781769599], [75.98163484422878, 11.934072995422616], [75.97926695341181, 11.934842166537933], [75.97851612892093, 11.934566091738326], [75.97639351680407, 11.9337856022421], [75.97257578913596, 11.935829719516928], [75.97152017794727, 11.935780353818503], [75.97070811350684, 11.936580574830053], [75.96777102407471, 11.937227806186781], [75.9642834129005, 11.93860281668305], [75.96257164168557, 11.939046242591594], [75.95636280983524, 11.94197666569509], [75.95373754360453, 11.942009010000529], [75.95173150226881, 11.940716947703418], [75.95070727372457, 11.941011578114956], [75.94841346786738, 11.941671402829272], [75.94740838871006, 11.94185694901807], [75.94457190430157, 11.941518656134747], [75.94279114426945, 11.941586855956379], [75.94051005137015, 11.94140206014227], [75.93959663540613, 11.941076851405317], [75.93794004500414, 11.942202564248046], [75.93740305278855, 11.94218459832767], [75.93734802289255, 11.941545978603036], [75.93723858922634, 11.940922131296608], [75.93720994374857, 11.940702231774535], [75.937199320272, 11.940698267156906], [75.93709044086633, 11.94007757131924], [75.93627657440541, 11.939705013919365], [75.93481112663129, 11.939416022751425], [75.93474178387788, 11.939403506593472], [75.93413081000875, 11.939293229733677], [75.93321247127693, 11.939127470716677], [75.93207384767118, 11.939104108251135], [75.93074712313313, 11.939108511454698], [75.92988360588814, 11.940341011893246], [75.92926729602623, 11.941355691546054], [75.92807666805034, 11.9422411810416], [75.92688934497639, 11.942751417180414], [75.92534302277555, 11.942996042056814], [75.92423271586418, 11.943212188701443], [75.92337067814447, 11.94350888349827], [75.92295385805602, 11.94380409707802], [75.92249578104148, 11.944099397343816], [75.92184354485642, 11.944020134977182], [75.92075950378563, 11.943838372037362], [75.9194329993348, 11.943924011518483], [75.91794583389034, 11.944032854819016], [75.9167537793898, 11.944493318315002], [75.91599781204394, 11.944947904943595], [75.91494381243285, 11.945538948242135], [75.91426529423751, 11.94583505780522], [75.91345400055158, 11.946212856204331], [75.91266860349867, 11.946106906108966], [75.91145107726827, 11.945844164563882], [75.91079951571795, 11.945950196496105], [75.91031307709329, 11.946006063909751], [75.90971715898833, 11.946301807356491], [75.90909358984057, 11.946543406630775], [75.9085288926833, 11.94654521356446], [75.90766021371873, 11.946254145038628], [75.90665324540437, 11.945778210425972], [75.90569740739936, 11.945514516754278], [75.90518820277045, 11.94550750079761], [75.90409966203836, 11.94549249861989], [75.90244692810391, 11.94549777442976], [75.90136306130628, 11.945397292337375], [75.90025175636663, 11.945319484868484], [75.89916946880724, 11.945671017450167], [75.89844055512447, 11.94598980059467], [75.89683882932847, 11.944769694118145], [75.89470558026035, 11.946634574155505], [75.89362548099702, 11.947682303309566], [75.89210967276976, 11.94885797600631], [75.8903810437702, 11.9495325585739], [75.88870233684594, 11.950044170432825], [75.88764735537629, 11.950341341988652], [75.88729433543593, 11.950500630230625], [75.88656441474171, 11.950530097055495], [75.8862403492996, 11.951091658771825], [75.8859146345506, 11.951174095209923], [75.88518214197974, 11.950403303295275], [75.88469443403558, 11.950083875878823], [75.88393629725826, 11.949896404497705], [75.88322952525061, 11.949979960951698], [75.88220091472442, 11.949928948234557], [75.88138673564981, 11.94945224142063], [75.88050892620866, 11.949161103075172], [75.87977846562696, 11.94900519058991], [75.87875215568623, 11.949672967865608], [75.87804660628568, 11.950131707140054], [75.87707519508686, 11.950722430648579], [75.87615359726725, 11.951096035415148], [75.87507074197259, 11.951311879424056], [75.87423562676199, 11.951450096837561], [75.87358437063887, 11.951691741611768], [75.87291161962766, 11.952362917764939], [75.87237094162445, 11.952681052356445], [75.87174624778599, 11.95260605575069], [75.8713368091542, 11.95234065674879], [75.87055043293762, 11.951931668914282], [75.87009146569265, 11.951987291654639], [75.8689017441169, 11.95324780968917], [75.86823084183857, 11.954502102351901], [75.86771940938772, 11.955358109801638], [75.86712457734595, 11.955997395616226], [75.86658457218088, 11.956559635866823], [75.86604341986721, 11.956751173352911], [75.86485156658928, 11.957342588987169], [75.86363635082573, 11.95782553120742], [75.86279655179922, 11.957959127964633], [75.86133300755519, 11.958280135872265], [75.86030516688518, 11.958468578693608], [75.85916706070901, 11.958661948045648], [75.85852052702936, 11.958930661902944], [75.85781678953074, 11.959972554700604], [75.85700846387853, 11.961362956300198], [75.85663383316736, 11.961951809790733], [75.85606641680975, 11.962563874802482], [75.85522712622966, 11.962860215318416], [75.85458100487674, 11.963264524574226], [75.85420133461685, 11.963717813317114], [75.85360869356603, 11.96505325932328], [75.85334205113182, 11.96641486483377], [75.85312991667244, 11.967590908705088], [75.85310676169765, 11.969005990496814], [75.85300042452421, 11.970231516092976], [75.85262656456759, 11.971060003996442], [75.85192069806173, 11.971464476743728], [75.85146262913204, 11.971809419677786], [75.85086840435139, 11.972665638608024], [75.85003220038264, 11.973974725646789], [75.84881621116966, 11.974222553523427], [75.8478151268204, 11.974171280869566], [75.84814229145026, 11.975013425024054], [75.84799364452525, 11.975027725187788], [75.84922448378818, 11.977473534156298], [75.84954944305402, 11.978119248500258], [75.84908114231324, 11.979158687666809], [75.84776826440697, 11.979786755302705], [75.8469050624707, 11.982087092709849], [75.84392138910285, 11.98179748249265], [75.84292081320004, 11.980807579695075], [75.84260859563823, 11.981489986863641], [75.84119022677152, 11.981182469794526], [75.84070823750244, 11.98125019651571], [75.8402216237063, 11.98158909261147], [75.83970277206957, 11.982750536926332], [75.83873425703923, 11.982406914655254], [75.83787134885203, 11.98186444543098], [75.83704061742002, 11.981010133543277], [75.83002155459074, 11.984077739449239], [75.82946603821567, 11.984588345684912], [75.82725293700359, 11.987765163680729], [75.82649059521246, 11.98967225777344], [75.82562718486703, 11.991954449016367], [75.82500202929451, 11.99665462349919], [75.82510450820382, 12.001253645804946], [75.8251065761256, 12.00134643185099], [75.82490901234009, 12.002750632643291], [75.82273182307817, 12.002785178665585], [75.82035940654879, 12.002683159106907], [75.82042077316078, 12.003227978214607], [75.82050355830411, 12.003962941791638], [75.82136618621695, 12.005656210382664], [75.82254883355984, 12.008307344163], [75.8228511552805, 12.009956376930926], [75.82297687001294, 12.010642087869003], [75.82284254403018, 12.012895006179894], [75.8212797395405, 12.015138923349236], [75.81712177945012, 12.018908696879947], [75.81459876485494, 12.021272692651777], [75.81186511059698, 12.021568825461996], [75.8100313840991, 12.022872547501825], [75.81019168307165, 12.025265025248077], [75.81056226327918, 12.02727627941919], [75.81058386057524, 12.02739348936177], [75.81083400365263, 12.028751064532118], [75.80924256536328, 12.03083059378343], [75.80589238474943, 12.032825853109713], [75.80107932644147, 12.03703515399641], [75.80111018177483, 12.040405297453018], [75.80079612536163, 12.044190606914135], [75.79990416565813, 12.0473047570906], [75.79779844186864, 12.05153639840346], [75.79585056734588, 12.053572771922939], [75.79414117576817, 12.05511183958259], [75.79407375630778, 12.055172539870577], [75.79403682297318, 12.055842069417027], [75.79432378709573, 12.056243063336375], [75.79531752053101, 12.056354059301732], [75.79663712951373, 12.056131136991981], [75.79778822083733, 12.055985035117333], [75.79821221487163, 12.056277785214704], [75.79840677109758, 12.056412117657292], [75.79866723851251, 12.057139455450098], [75.79860978406357, 12.059035137267259], [75.79845769928598, 12.062956299079232], [75.79853620665192, 12.063157824764485], [75.79924410065537, 12.064974943532956], [75.80074700278693, 12.06848866847892], [75.80076811678938, 12.068538031836482], [75.80119965397714, 12.069546923826353], [75.8012976296319, 12.069897489666138], [75.80209065607653, 12.072734982049662], [75.80238427222379, 12.07378553599947], [75.80345846057254, 12.074527818130823], [75.80371922083826, 12.074708005697126], [75.803927954276, 12.075499291579412], [75.80386258297446, 12.076560619228397], [75.80272402853898, 12.077933978786437], [75.80272633810753, 12.07950439282958], [75.79954785788384, 12.080179921829966], [75.79714440096815, 12.081058089238091], [75.79562527616085, 12.082371162914129], [75.79406300347381, 12.082914129444308], [75.7925669114704, 12.08291921194616], [75.7907823210219, 12.082572270801869], [75.78958885077645, 12.083011534969371], [75.787793276627, 12.084120101829471], [75.78688334343131, 12.0845267982222], [75.78597340484573, 12.084933488726438], [75.78429312227645, 12.084982134907873], [75.7825883794803, 12.084195772429418], [75.78131194892005, 12.08353652789774], [75.78005033607042, 12.083482961468667], [75.77846373610718, 12.083730598837331], [75.77728316297427, 12.083744830852934], [75.77543067785663, 12.083444768117687], [75.77313047958788, 12.083654912294422], [75.77096627188013, 12.084310712292211], [75.76899683599393, 12.085119466772415], [75.76760548845094, 12.085503626160879], [75.76640929092032, 12.085484591118648], [75.76438861423199, 12.084705014939068], [75.76255674814507, 12.084274527981393], [75.76068979386311, 12.084448232480765], [75.756138037505, 12.084362354839927], [75.75556189760763, 12.084721501775707], [75.7546148972284, 12.085249585095848], [75.75356265651864, 12.08541465423606], [75.75223861524833, 12.085228122120968], [75.75037349622451, 12.084256668163418], [75.74914296777867, 12.082013567621972], [75.7489957878025, 12.081615884371217], [75.7487521018154, 12.081114288776122], [75.74833375908251, 12.080373224827085], [75.74786928157162, 12.079220864343489], [75.74744636282068, 12.0785023997476], [75.74711554833583, 12.078263005112412], [75.74658271621831, 12.078172868618934], [75.74589844970347, 12.078349485555256], [75.74537051609921, 12.078874060711204], [75.7445946537647, 12.079593114611129], [75.74404373945886, 12.080095098684158], [75.74357532463206, 12.080244485013175], [75.74304709638034, 12.080181459948157], [75.74218344079485, 12.079833836233854], [75.74125542091923, 12.07935516069047], [75.74032290497563, 12.07907084409794], [75.73939511956029, 12.079071280675823], [75.7381366777636, 12.079157745045938], [75.73674039487646, 12.079135788785514], [75.73610191728825, 12.079027601800442], [75.73523824553307, 12.078616677085167], [75.73443878625274, 12.078006841916478], [75.73366692860779, 12.077482872057795], [75.73291340647609, 12.076873011467592], [75.73185194725491, 12.07578416801487], [75.73043679256027, 12.074586995197816], [75.72964192187439, 12.07391386429341], [75.72895279547384, 12.073475723664902], [75.72842447918727, 12.073173112469949], [75.72773530876927, 12.07262648941447], [75.72742754774958, 12.072540741505948], [75.72691779335172, 12.072672036912913], [75.72600858509647, 12.073106337411971], [75.72536564467792, 12.073260285892937], [75.72483746134202, 12.073260506382729], [75.7240841610942, 12.073107138554665], [75.72313332311207, 12.072845371207514], [75.72218246896023, 12.072542920056419], [75.72118559052315, 12.07199640639964], [75.7208088424829, 12.071671119845568], [75.72000938679577, 12.070934682052664], [75.71892542657335, 12.070822112664615], [75.71770826056733, 12.07067342999214], [75.71576081184605, 12.070475303427774], [75.71472284446786, 12.07052089872849], [75.7149072928502, 12.072437298111868], [75.7150178709701, 12.07335029227308], [75.71495400524499, 12.074484829847728], [75.71493598324375, 12.075397871493093], [75.71494425942244, 12.075783789408472], [75.71495468976121, 12.07627022089471], [75.71508804286853, 12.076681487408077], [75.7155751821791, 12.077422576508635], [75.71616550198321, 12.078342995723807], [75.71621858792493, 12.078425765658992], [75.71628787947436, 12.079447252160254], [75.71619628185815, 12.080125283053283], [75.71580151001997, 12.080713031651335], [75.71556514620076, 12.081086114342918], [75.71544347119215, 12.081278165816833], [75.71544364726194, 12.08173468159527], [75.71564582389642, 12.081951564572352], [75.7159765593295, 12.082041836826598], [75.71639911965264, 12.082041674319528], [75.71679413134096, 12.082064122254852], [75.7173499576348, 12.082235665528733], [75.71768070923757, 12.082366615356918], [75.71789811950264, 12.083217623854665], [75.71797051832462, 12.083501014588874], [75.71802129918936, 12.084355324932735], [75.7180583717628, 12.084979011292742], [75.71792543906705, 12.08565705979546], [75.71786295495085, 12.085745211209904], [75.7174158849935, 12.086375933847256], [75.71670872221868, 12.086832725531853], [75.7157994420982, 12.087244392178388], [75.71502795276253, 12.087660524846147], [75.71462878277278, 12.088795189749137], [75.71432135682467, 12.089622460348044], [75.71392190656054, 12.090033927699064], [75.71305858424998, 12.090558569547477], [75.71246145252107, 12.090513591653224], [75.71153360332535, 12.0904506559673], [75.71082626807403, 12.090496114350865], [75.70949914198903, 12.091341831067712], [75.70852554788408, 12.09180321788628], [75.70752891199211, 12.092065730009086], [75.70666549446017, 12.092368873225764], [75.70587083667499, 12.092283270426222], [75.70520473499349, 12.09204394257903], [75.70452026905267, 12.091822699576618], [75.70330302040162, 12.091692035459607], [75.70296773230667, 12.091737347820304], [75.70243960017473, 12.091999684330997], [75.70214151221401, 12.092353651731571], [75.70212738530785, 12.092370426206369], [75.70210452318386, 12.092677792336854], [75.7023895226909, 12.09332857223698], [75.70265615973523, 12.094006478359876], [75.70276672258376, 12.094964675622657], [75.70282392550443, 12.095346235820209], [75.70292324773382, 12.096008735475511], [75.7028776842843, 12.09709806317692], [75.70278979671014, 12.098125040185012], [75.7027450022185, 12.09864845841039], [75.70262378265575, 12.099765278514148], [75.7025938930113, 12.100040659540342], [75.70268132783454, 12.100519746908219], [75.70305824924964, 12.102213206482178], [75.70315411386353, 12.10275418367292], [75.70337151424711, 12.103981810006466], [75.703462914234, 12.104584889468827], [75.7035694777829, 12.105288012298915], [75.70361584522459, 12.106553587799004], [75.70350132080567, 12.107466658755635], [75.70325813338353, 12.108253216288364], [75.7027299024369, 12.10831667390228], [75.70210978731141, 12.108339482382116], [75.70144375929179, 12.108425583321964], [75.70089260513575, 12.10862464355051], [75.70005213596603, 12.10905883736776], [75.69896806614913, 12.10905918957722], [75.69768649003893, 12.109100281263817], [75.69693321045239, 12.109276799603059], [75.69637749734629, 12.109602411958484], [75.69606982525977, 12.109905345564789], [75.69587242766262, 12.11029864430503], [75.69553718268679, 12.1105609063826], [75.69496299662518, 12.110583684807773], [75.69401216762617, 12.110692455406296], [75.69281326706484, 12.110738019258832], [75.69122388142591, 12.110670693209578], [75.68934049965237, 12.110562764913853], [75.68768218807831, 12.110409559007051], [75.68717228186517, 12.110323824089532], [75.68673121714549, 12.110016588923639], [75.68626716813098, 12.109646081448036], [75.68571111186843, 12.108773880435274], [75.6855363796642, 12.108123053825944], [75.68553630779896, 12.107858633928007], [75.68553615688202, 12.107313980707811], [75.6854740967706, 12.107082687269], [75.6854957021515, 12.106915797543525], [75.68511098605465, 12.105569463984846], [75.68448433299056, 12.10485668979917], [75.68381204820496, 12.104238913625744], [75.68314372498978, 12.103340889133614], [75.68237508600849, 12.10276409847141], [75.68121176681726, 12.102355497444563], [75.67978206031331, 12.10196567054976], [75.67915118067582, 12.101383992397595], [75.67794817571195, 12.099791023197513], [75.67676169166447, 12.097433880299446], [75.67641687783423, 12.097321667255146], [75.67559912705806, 12.097323687497935], [75.6743998662723, 12.097210886779976], [75.67325573779046, 12.097103263110464], [75.67323596587104, 12.097102137922148], [75.67043468464186, 12.09694277045261], [75.66904231840938, 12.096738137057633], [75.66731913409876, 12.09655237614203], [75.66642439141452, 12.096988539553008], [75.66442415589053, 12.098060222199807], [75.66372196978239, 12.098328696656932], [75.66263291431567, 12.098236342907605], [75.66164594968605, 12.098500870704854], [75.66090287496114, 12.098972763542891], [75.6595332540716, 12.10058549184059], [75.6588516043492, 12.101753563591105], [75.65845445197554, 12.102767234175689], [75.65807380075535, 12.103066489987523], [75.65609714600755, 12.104441025702991], [75.65462057170032, 12.105538528872277], [75.65302524280749, 12.10693021716706], [75.65287421444864, 12.107156681657075], [75.6528931194938, 12.107364553394003], [75.65293070859853, 12.107717154840765], [75.6529817859073, 12.108033463178662], [75.65289962688973, 12.108365146311248], [75.65288802784278, 12.108807131325854], [75.65280052115432, 12.108996915247658], [75.65264945057469, 12.109218773793506], [75.65234647757542, 12.109314435917762], [75.65203885669291, 12.109373917094088], [75.6517722088688, 12.109297707301169], [75.65141361578041, 12.109185462349568], [75.65078357966097, 12.108924687687605], [75.65003825645287, 12.10845626865448], [75.64922022360568, 12.108345133558595], [75.64893148351383, 12.108630636391029], [75.64895523676655, 12.10894704992478], [75.64902955528832, 12.109506594473572], [75.64894021244343, 12.109694610706926], [75.64898622774555, 12.11026412090886], [75.64904070966922, 12.11079385595953], [75.64903376299712, 12.111053689870708], [75.648980165914, 12.11167324029589], [75.64858211253015, 12.112370385962313], [75.64810584912271, 12.113008969928796], [75.64721188617614, 12.113797707794708], [75.6466437403865, 12.11441831899887], [75.64664463780346, 12.114775503808854], [75.64675128759065, 12.115251686533297], [75.64664419134077, 12.115381049774296], [75.6465753516439, 12.11588277517541], [75.64666267597438, 12.116230801703985], [75.64688781264918, 12.116601408072281], [75.64743913119695, 12.117211528478318], [75.64774742042603, 12.11765799047112], [75.64764016786931, 12.118019330566511], [75.64737550532199, 12.118788472899501], [75.64741379511268, 12.119407763840542], [75.6474507086843, 12.119602090662653], [75.64734762790377, 12.12000036029991], [75.64739362613791, 12.120456870537884], [75.64752476130477, 12.121270408558894], [75.64717626707682, 12.12189943129142], [75.64643449940061, 12.122931926022664], [75.6458073396867, 12.123869266651155], [75.64496744633708, 12.124246491650593], [75.64420985214224, 12.124438058035722], [75.6441505166211, 12.12460553315507], [75.64415192607777, 12.12518866607488], [75.64412796261924, 12.125516880663188], [75.64407758869136, 12.125596506699432], [75.64400876246924, 12.12626998961711], [75.64399952060161, 12.126871154156323], [75.64389164730902, 12.127779864392506], [75.64387656998531, 12.129167818267598], [75.643878193241, 12.129188708598402], [75.64378874349659, 12.130319905360803], [75.64396808944814, 12.131847629645653], [75.64443223188744, 12.133153840450769], [75.64443495827433, 12.133182352787362], [75.64420905174329, 12.133710695976847], [75.64382947131494, 12.134439520285826], [75.64352748197093, 12.134969171320668], [75.64333116504706, 12.135457867175075], [75.64327162291339, 12.136146506411654], [75.64323357836281, 12.136223042264772], [75.64316938026101, 12.137226482201319], [75.64320387377128, 12.137952460201927], [75.6430163935749, 12.138347502151888], [75.64261768352253, 12.13876436577658], [75.6418552590864, 12.138879179397753], [75.64143679957255, 12.138744480013374], [75.64128043252599, 12.13865443945807], [75.64057624317476, 12.13814969187268], [75.6396610521397, 12.13779461012223], [75.63882014099886, 12.13776040117955], [75.63836623126896, 12.13813672565433], [75.6380640963979, 12.138603042776138], [75.63804272996883, 12.139299333789962], [75.63806639069512, 12.13937494923255], [75.63796461337006, 12.139559369147232], [75.6379003514879, 12.140124370879166], [75.63805660085515, 12.14064867101129], [75.63838741983157, 12.141127751330625], [75.63900772270495, 12.142153715791677], [75.63915894150661, 12.142535813609252], [75.63856872051717, 12.144094906975077], [75.63846595414698, 12.145082584137443], [75.63841079938516, 12.145245431295857], [75.63834146202163, 12.145630504434463], [75.63737637406413, 12.146986595448166], [75.63640941311927, 12.148037742536463], [75.63593251370459, 12.14845474818857], [75.63509168610709, 12.148456654756579], [75.6338138838194, 12.148269696862643], [75.6323472089466, 12.147861594112625], [75.63124465269948, 12.147940950889343], [75.63056983735973, 12.148204733864107], [75.62994158888766, 12.148712496561163], [75.62832300171382, 12.150162871314647], [75.62750694246532, 12.150933289096653], [75.62588806693225, 12.152266106644989], [75.62514898432042, 12.152534499314582], [75.62411984558484, 12.152572955893712], [75.62369762931645, 12.15281805618944], [75.62297777334669, 12.153457151828091], [75.62231300656171, 12.154096124742736], [75.6209049755073, 12.155224947381418], [75.61949540204552, 12.155675700546002], [75.61794211520628, 12.155606822697514], [75.6172157177046, 12.155400460401166], [75.61578623398287, 12.155200200388466], [75.61462306121705, 12.15491792643428], [75.61397332504336, 12.15411457441408], [75.61317161817817, 12.1531579508128], [75.61185502483987, 12.152075774801714], [75.6106139223248, 12.15183435430357], [75.61019634765152, 12.152097444921411], [75.6097197976815, 12.152677175293963], [75.60890359380424, 12.153393287823114], [75.60714611900259, 12.154468612197938], [75.60623222333818, 12.154674086501485], [75.6057173476449, 12.154562153968838], [75.60524370192819, 12.154377855976408], [75.60497228674485, 12.15424728924068], [75.60449868863887, 12.154099126360034], [75.60354261078369, 12.153929455891493], [75.60285704440663, 12.153519472853093], [75.60172975933635, 12.152848285025875], [75.60043381377486, 12.152738071209178], [75.59816853841113, 12.152742938104486], [75.59685531195852, 12.153139062861973], [75.59575791832934, 12.153498637999725], [75.59520629884595, 12.153404869283996], [75.59457436907789, 12.15231658913294], [75.5940564310278, 12.151509281803005], [75.59385656036864, 12.150516803704551], [75.59376935820904, 12.149210531395576], [75.59352593902159, 12.148121208354608], [75.59341886792456, 12.148015854292721], [75.59328651464216, 12.147572286765794], [75.5931523404747, 12.147143018269686], [75.59307750631996, 12.147110379875762], [75.592812012831, 12.146994587972737], [75.59246747029198, 12.14701333584719], [75.5920498974153, 12.147258392962204], [75.59174271221568, 12.147557439021496], [75.59140394135238, 12.148159504861065], [75.59125375471498, 12.148779125375482], [75.59094840387517, 12.149923631391193], [75.59058812015742, 12.151181272241088], [75.5897722181141, 12.152046527689713], [75.58872176145852, 12.152858024081453], [75.58756188730638, 12.154063104315277], [75.58693836936263, 12.154701835153924], [75.58591008761984, 12.155156158990167], [75.58506971187491, 12.155361328914006], [75.58415589795719, 12.15564354882904], [75.58350910196947, 12.156133208729583], [75.58314730369217, 12.156680990355083], [75.58307523095858, 12.157354799505333], [75.58307263033585, 12.158286154606062], [75.58166134199021, 12.157990709672049], [75.57862723001578, 12.157318892941554], [75.57702727659587, 12.156910788264081], [75.57672631941614, 12.157942146177096], [75.57617435947127, 12.159837652689983], [75.57553000420617, 12.161511769064612], [75.57515002672245, 12.162150048206213], [75.57433505533378, 12.163521573650057], [75.57340096284683, 12.165074263557484], [75.57229757206483, 12.166952744831343], [75.57102472129097, 12.169130001924657], [75.57045844579376, 12.170785879084315], [75.56990925715154, 12.171817811017872], [75.56916559672504, 12.172176506481371], [75.56754389419378, 12.172383325547916], [75.56521526873786, 12.17290792914825], [75.56461490846381, 12.17304646089768], [75.56365365361762, 12.17326826170431], [75.56169305445889, 12.174022771363292], [75.56075684554114, 12.174625900381278], [75.55977100739888, 12.175622580667058], [75.5593724886877, 12.176242749216911], [75.55918150236673, 12.177201570168146], [75.55908710829499, 12.178232601707563], [75.5587647262957, 12.180064290277258], [75.55844515063339, 12.181077680402426], [75.55819711949523, 12.181136932171972], [75.55652091348074, 12.18166476828248], [75.5549775772799, 12.1820068853292], [75.55484509643672, 12.182400495531772], [75.55450275656679, 12.18352693159793], [75.55410611802951, 12.185028722716144], [75.5538422567794, 12.186322226517174], [75.5534456451916, 12.187882850799765], [75.55312193278738, 12.189117766819583], [75.5528040396696, 12.19098100437249], [75.55263118853756, 12.191844926381886], [75.55238814394757, 12.19207148106728], [75.55191101186921, 12.192465775267143], [75.5517593969105, 12.192502174056822], [75.55122578864861, 12.192241000732734], [75.55063247745458, 12.191979955347337], [75.5500808642594, 12.191944914836053], [75.5495475506449, 12.191814847740162], [75.54891756752603, 12.191626202878902], [75.54834331139585, 12.191704208428606], [75.54817396728669, 12.19204364061089], [75.54796335457337, 12.192455430051314], [75.54773966688113, 12.19318829215096], [75.54737815516637, 12.193916959546891], [75.54707129246194, 12.194428398182032], [75.546897575354, 12.194880820703842], [75.54697679508394, 12.195405177002527], [75.54678540991098, 12.196232930419484], [75.5463867672323, 12.196776212794443], [75.54596902367571, 12.19703924835855], [75.54550987946266, 12.197230066899653], [75.5450550040438, 12.197285211117936], [75.54432862361011, 12.197137366390796], [75.54387298731821, 12.196799255153008], [75.54316451479973, 12.196466010456048], [75.54255757346792, 12.196277330270341], [75.54200141300079, 12.19626036917169], [75.54143187841572, 12.196410688703349], [75.54105115173705, 12.196750492416786], [75.54088184535713, 12.197107995169457], [75.54074940224321, 12.197555828893623], [75.54072734231478, 12.197967255924548], [75.54077021531003, 12.198758394443464], [75.54081712443585, 12.199202352387537], [75.54081695734922, 12.199830389141699], [75.54083013922771, 12.200463363304358], [75.54082898579087, 12.200539618104237], [75.54061892913471, 12.201195571087469], [75.54027946297539, 12.20151723662174], [75.53985712453611, 12.20173954658505], [75.53936101554741, 12.201830978498984], [75.53891969121464, 12.20179562759218], [75.53813798533926, 12.201571119107747], [75.53753075834317, 12.201273887275637], [75.5369183489662, 12.200709938381689], [75.5363479618799, 12.20041267660874], [75.53596656056648, 12.20046764455959], [75.5356408943265, 12.20077120610096], [75.53495761595849, 12.20152298679175], [75.5343657232043, 12.201989830113787], [75.53389243591539, 12.202031354359738], [75.53368072366418, 12.201860026963018], [75.53352866942929, 12.201692999129412], [75.53343172773542, 12.201449080985938], [75.53327881920272, 12.200829970557088], [75.53312606428187, 12.200305831326514], [75.53283649684164, 12.200270229100598], [75.53261177698509, 12.200496696685178], [75.53217209387435, 12.201248025972692], [75.53210036339892, 12.202147824685293], [75.53198726011473, 12.203065851497703], [75.53191114586073, 12.204078737547677], [75.53181623974929, 12.204888185430885], [75.53202834636087, 12.204881186801627], [75.53193750782106, 12.205753669743526], [75.53192831086916, 12.205776267049083], [75.53222240941172, 12.205753750520302], [75.53303114739066, 12.205790135192897], [75.53388119260131, 12.206002806313787], [75.53452906207578, 12.206179260349147], [75.53511260858265, 12.206324055982035], [75.53709257991049, 12.208290752908688], [75.53711094955975, 12.208331437676888], [75.53712931741237, 12.208376640626199], [75.537152278351, 12.208430887842836], [75.53717983507067, 12.208480614228808], [75.53720279690765, 12.208534858790127], [75.53722116476027, 12.208580062582731], [75.53724412839387, 12.208625267245635], [75.53725790405875, 12.208661430267984], [75.53727627550462, 12.208697595919404], [75.53729004937288, 12.208733758931892], [75.5373038277327, 12.20876540200278], [75.53731760160096, 12.208806084064047], [75.53733596586032, 12.208864848493763], [75.53736810668288, 12.208955255080607], [75.53741401867873, 12.209104425135124], [75.53748288622334, 12.209321400168616], [75.53757930330111, 12.2096197406591], [75.53768949155219, 12.209967804286137], [75.53780886597534, 12.21033847051788], [75.5379190551247, 12.210686533200114], [75.53801547220247, 12.210984873030418], [75.53808434064543, 12.21120184827894], [75.53813484752396, 12.211351018823747], [75.53816239346382, 12.211445944452715], [75.5381807586215, 12.211504708296534], [75.53819453338807, 12.211540870925614], [75.53876408593943, 12.212499243767647], [75.53878704597977, 12.21255348926162], [75.5388421666056, 12.212639381742315], [75.5392646954877, 12.213511836488152], [75.53966411431081, 12.214885996355642], [75.53978247273939, 12.215668638212136], [75.53952308509942, 12.216126290546395], [75.5386838205705, 12.217027607638029], [75.53683437355512, 12.218383032757215], [75.53552138964764, 12.219099865244395], [75.53403821631632, 12.219780925862189], [75.53222863114337, 12.220421874252985], [75.53034232176033, 12.221754668484357], [75.52805710200064, 12.223599094661104], [75.52710289264122, 12.224514218338223], [75.52675916397584, 12.22498503068797], [75.52680234958484, 12.225920841777029], [75.5268203509248, 12.226034719565748], [75.52679820655472, 12.226100897893678], [75.52686231482498, 12.22681958649747], [75.52710544116168, 12.228189196262989], [75.52750489591737, 12.229323816585975], [75.52810649676485, 12.230914446911854], [75.52780105070363, 12.231240250854121], [75.52694739336722, 12.231879308518819], [75.52597449006673, 12.23263166015818], [75.5252317261589, 12.2335915464903], [75.52451150457482, 12.234302722611428], [75.5238642612261, 12.234719954339157], [75.52308336293612, 12.234942959806993], [75.52226059327243, 12.234926351472948], [75.52129089605923, 12.234987013412324], [75.52106164869365, 12.235285825364471], [75.52098474571883, 12.235905331881078], [75.52089541994191, 12.237252819667033], [75.52087803664286, 12.237759153838438], [75.52057356166044, 12.239577247333516], [75.52004236717168, 12.240595443542778], [75.51901521910281, 12.241854224853643], [75.5185986514409, 12.242714069812827], [75.51852167480423, 12.243315514004435], [75.51862925524603, 12.243552075509143], [75.51860744684586, 12.243594934635663], [75.51863020566358, 12.24422321100611], [75.51885059204719, 12.244833472686508], [75.5192915884949, 12.245421207514667], [75.51960590452124, 12.245764491384154], [75.5180427442987, 12.247593325801569], [75.51467914734609, 12.25131216873621], [75.51295830135015, 12.252301325045961], [75.51157926970974, 12.253114290321093], [75.51161220464299, 12.253730614059736], [75.51159151284874, 12.25374281265232], [75.51170548390546, 12.25587606533389], [75.51177031531951, 12.257601950778152], [75.51176943407224, 12.259640956571797], [75.51149343837928, 12.260336962127822], [75.50940627019028, 12.26185010370789], [75.50708015911886, 12.263512437387863], [75.50581574891542, 12.264637256971124], [75.50553973884944, 12.26517953148773], [75.5056169948622, 12.265681219372267], [75.5055528731172, 12.265807210453307], [75.50563076513716, 12.266313429262253], [75.50602557560285, 12.267167789855737], [75.5064222644458, 12.267952470409005], [75.50640709908718, 12.26801380329662], [75.50538099665725, 12.270802037768199], [75.50498554030287, 12.271113720591048], [75.5041167634219, 12.271420662099608], [75.50348712256118, 12.271461079951742], [75.50293569352067, 12.271266436051013], [75.50241855497116, 12.270819622582364], [75.50131808640876, 12.270181675706619], [75.50012574983721, 12.270103079735653], [75.49915783488152, 12.270049967883631], [75.4986960792659, 12.269963778945213], [75.49810139005622, 12.269958183878742], [75.49759116224622, 12.270396292850412], [75.49712781481594, 12.27232507687956], [75.49661837482843, 12.272228086631216], [75.49558906631127, 12.272332459948469], [75.49387983553196, 12.272870969605426], [75.49325060250634, 12.273635000006218], [75.49242428539563, 12.27561481881688], [75.49187810790625, 12.277196817195454], [75.49136386372858, 12.278240996662953], [75.49050478685608, 12.278878569398245], [75.48979287558667, 12.279796282996845], [75.48923282631267, 12.281229142825529], [75.48855329032614, 12.282671086617459], [75.48792401867297, 12.283435103499238], [75.48693176386465, 12.284366475633071], [75.48672987918262, 12.285148402359148], [75.48666584816748, 12.285903161524795], [75.48677852924347, 12.28719358221582], [75.48639326158107, 12.287242983923518], [75.48596172529162, 12.287564704385458], [75.48572814984301, 12.28805337055416], [75.4854031267968, 12.288818081891746], [75.48494460781114, 12.289988164913174], [75.48474657690174, 12.2900978598747], [75.4835014804769, 12.290916331214511], [75.48323286444399, 12.291109523748727], [75.4829891865417, 12.291109948567465], [75.48244676760349, 12.291110911431414], [75.48160514409865, 12.290940639815622], [75.48093882232992, 12.291090980059257], [75.47937752521328, 12.292052205361987], [75.47760971978587, 12.293262417283172], [75.47648956464404, 12.294114266161989], [75.47603578427152, 12.294901749667833], [75.47599556400131, 12.295539245162082], [75.47570268267597, 12.295983882950928], [75.47547473876588, 12.296044156056489], [75.4753185010767, 12.296137254547007], [75.47487032080168, 12.296138023419106], [75.47429038103066, 12.29573663150503], [75.47368246772173, 12.295181598334485], [75.47316236563009, 12.294847986291652], [75.47236173584491, 12.29442433446985], [75.47171809474048, 12.294425491296353], [75.47098257844033, 12.29448999182683], [75.47022371762093, 12.294301479992018], [75.46938191355471, 12.294004497392446], [75.46894906931821, 12.293625455899456], [75.46849754371706, 12.2930702005978], [75.46804110792455, 12.29237017207486], [75.46756200224756, 12.291778792336302], [75.46722087510325, 12.291291024856939], [75.46655343044043, 12.29080395250929], [75.46600987243842, 12.29018549222691], [75.4655123099756, 12.289594068955388], [75.4652728820029, 12.289400109927087], [75.46471216707731, 12.289446251330403], [75.46430346596236, 12.289745314907591], [75.46322370446556, 12.290086204523885], [75.46162476075202, 12.290554615102737], [75.45961631282968, 12.290919636727983], [75.45698279287812, 12.291285766412082], [75.45579702658455, 12.291522820266158], [75.45134021766042, 12.29299505650633], [75.45065095202101, 12.293168031040338], [75.44995610065718, 12.29282552778305], [75.44926610019587, 12.29255087622104], [75.4481438403013, 12.2922588639326], [75.44716900652128, 12.292129346538754], [75.44555085233537, 12.292217888410637], [75.44457657730746, 12.292431931111537], [75.4433915925482, 12.293093999045599], [75.4421606454874, 12.293733444819441], [75.4413612598689, 12.29405119533678], [75.44080022873628, 12.29398877049472], [75.44028028474814, 12.293736481716431], [75.43971906766429, 12.293542984789175], [75.43898272132083, 12.293037764522966], [75.43831579768087, 12.292844419804602], [75.43786087914289, 12.292976261044647], [75.4374937224149, 12.293379258129162], [75.43704855059777, 12.293845660773032], [75.43644270700723, 12.294420738477223], [75.4358177625388, 12.29459352512041], [75.43445669630574, 12.294469140867147], [75.4332880348335, 12.293914943238736], [75.43266201597997, 12.293409501624838], [75.43235746464076, 12.292749901753831], [75.43233309244881, 12.291922624670383], [75.43211611696836, 12.291366872492095], [75.4317709042861, 12.29107357916615], [75.43127438656397, 12.291115041125876], [75.43064927051732, 12.291156735676065], [75.43002417872518, 12.291225544001406], [75.42926550026375, 12.291158843092578], [75.42846505732817, 12.290884361823942], [75.42803244934859, 12.290568565687508], [75.42755787477385, 12.289909224642292], [75.42689831821755, 12.288630794817015], [75.42629387869378, 12.287225688982053], [75.42569092947508, 12.286797069166395], [75.42464743027138, 12.286853025024717], [75.4231630019936, 12.287126537966648], [75.4212961959337, 12.286966700960015], [75.42023336857835, 12.286425732622932], [75.41542060222285, 12.28818390198311], [75.41408524128164, 12.289636578279735], [75.41403832946088, 12.290737554308965], [75.41393240820742, 12.290757097753065], [75.41356942145896, 12.291285906847921], [75.41363387108905, 12.292131021230905], [75.41370669930573, 12.292355545740893], [75.41373501689844, 12.29244284644024], [75.4143784522887, 12.29273652970178], [75.41512298138605, 12.292944330524081], [75.41641905720327, 12.293581399805912], [75.41804149006485, 12.294598047975613], [75.41928242908656, 12.295217034160828], [75.42036258224881, 12.296211145251572], [75.42122220439867, 12.297571351570982], [75.42201746585171, 12.298759829953177], [75.42296428836457, 12.299297492959989], [75.4245223901737, 12.300015833694392], [75.4251521280525, 12.300652965707473], [75.42529931252024, 12.301326326366105], [75.42526431505509, 12.301411308739157], [75.42522750838295, 12.301480498808525], [75.42486478843416, 12.301761319971245], [75.42459393200296, 12.302010458044993], [75.4243555056518, 12.302449366755994], [75.42438666731071, 12.302478053069489], [75.42410463404073, 12.302732037044912], [75.42412306477542, 12.303007715391711], [75.42488604976029, 12.303414339481655], [75.42776779578442, 12.304136967843036], [75.42824588636516, 12.304774117947977], [75.42836092821368, 12.305542389647519], [75.42811291144858, 12.306419188719978], [75.42829687204572, 12.307078984231268], [75.42917480455607, 12.307648274585336], [75.43122927047544, 12.308041094549035], [75.43197392264203, 12.308578763135214], [75.43215786167961, 12.309080377915134], [75.43219408714172, 12.30947844240781], [75.43191204309197, 12.309807083225827], [75.43138850135117, 12.310133418894434], [75.43074086184538, 12.310509665800536], [75.42902069407748, 12.310128081837142], [75.42802299098695, 12.310147660700956], [75.42717637015417, 12.31080101009392], [75.42715583826005, 12.310816855346907], [75.42698976761177, 12.3109450128131], [75.42688720785412, 12.311148631238334], [75.42675340379255, 12.311313887991323], [75.42643015402071, 12.312058173565049], [75.42622900236398, 12.312460741170439], [75.42562740960136, 12.312886620349516], [75.42512194016739, 12.313090849869326], [75.42439132956703, 12.313309036506473], [75.42356458755317, 12.313857337549871], [75.42339396963295, 12.314309520182428], [75.42310932046885, 12.314627155414367], [75.42277859851049, 12.315802240153939], [75.42232879228477, 12.316926638652166], [75.42161674986137, 12.317752989195242], [75.42077606240105, 12.318238104477228], [75.42041393534035, 12.318894182473803], [75.42040830829339, 12.318957522032145], [75.42029262504775, 12.319065581279041], [75.41987938294905, 12.321713983432115], [75.41986115164035, 12.322708245213214], [75.41986136184613, 12.324064053451204], [75.41931461212994, 12.325388301966267], [75.41901345552418, 12.32614678065478], [75.41900003918542, 12.326170807793224], [75.41899892347783, 12.326183382152747], [75.41866678667289, 12.327019877604439], [75.4185657783057, 12.327752027897192], [75.41863166434192, 12.328881101037316], [75.41688032593198, 12.329058544352582], [75.41648078583631, 12.329321291737875], [75.41645209723941, 12.329642945732482], [75.41636442526095, 12.32968208299399], [75.41619900319631, 12.330007497038892], [75.4160154971467, 12.33247508844382], [75.41593305515983, 12.334558521969154], [75.41540462568554, 12.335706504745518], [75.41527141990194, 12.336370866324451], [75.41543719590277, 12.338562732537666], [75.41540386930404, 12.340004880121283], [75.41397624329831, 12.341993290098914], [75.41116784471717, 12.34566861515658], [75.41114387586875, 12.345713709411706], [75.410878388668, 12.346038269877688], [75.41041427856804, 12.347276621105015], [75.41066260076033, 12.348144311351415], [75.41101673730658, 12.348515722906685], [75.4116923853846, 12.34922432426893], [75.41341617156645, 12.349486251996261], [75.41489170921784, 12.349517711421935], [75.41545252924635, 12.349698416571467], [75.41684568330137, 12.352197441256612], [75.41799060409727, 12.354466004717164], [75.41900208015772, 12.355708688685246], [75.4196458344499, 12.35702825015659], [75.42045986350585, 12.359527333809883], [75.42074064991424, 12.361908990139897], [75.42069028137625, 12.363151817744066], [75.42062145874738, 12.363983388241028], [75.42077332164111, 12.365009257712844], [75.42160105180179, 12.366726488263055], [75.4218816423774, 12.367802051140908], [75.42189761082987, 12.36992517788223], [75.42186690731178, 12.370816960798168], [75.42188617168307, 12.371377494261562], [75.42192249236662, 12.371751627145942], [75.42193761460612, 12.372746205162798], [75.42172933391929, 12.373224184032663], [75.4203876802795, 12.3746983304438], [75.41907423553633, 12.375871288032638], [75.41796290903707, 12.37685857903611], [75.41743927387145, 12.377234670402848], [75.41504245281075, 12.3792355945936], [75.41440477651977, 12.37966064039401], [75.41349328744202, 12.380107015742775], [75.4121916025442, 12.379964241731816], [75.41076089531703, 12.379654485236095], [75.41019049385771, 12.379564869981408], [75.40910946304143, 12.37940825335588], [75.40739411024349, 12.379456058310577], [75.40666229230736, 12.379036665459617], [75.40564576232514, 12.37894321123454], [75.40474009792366, 12.379147966573575], [75.40405562389799, 12.379632774154835], [75.40318220901523, 12.380892485059787], [75.40197663037807, 12.382207326054607], [75.40178787996385, 12.382357774499987], [75.40148844902174, 12.382046265127327], [75.40126233048831, 12.381513060812862], [75.40080149474755, 12.380871779609398], [75.40056202096082, 12.380668702381064], [75.39995949125536, 12.380624306443917], [75.39921503042994, 12.380987096786114], [75.3983422344864, 12.381643949304125], [75.39686833536209, 12.383242051653939], [75.39640701542939, 12.383996420390863], [75.3959648655449, 12.38456688681276], [75.39525237755704, 12.386035709117886], [75.39465482811151, 12.38773500945498], [75.39408939703068, 12.38845361121519], [75.39407949759624, 12.388462271138158], [75.39374464069263, 12.388730616300505], [75.39280763227426, 12.389545788428526], [75.39232526840772, 12.389908126791907], [75.39141909016992, 12.389782856890827], [75.3904493399561, 12.390240900036595], [75.389911990211, 12.390757068643719], [75.3893238443299, 12.391146736006505], [75.38679150162879, 12.392321282309759], [75.3862210606436, 12.392231657367624], [75.38448532417351, 12.390968108230997], [75.38394719738572, 12.390919209525133], [75.38327638404054, 12.39139027638681], [75.38142841655045, 12.392016791642986], [75.38061925187178, 12.392176144285948], [75.37968087801418, 12.392114139412202], [75.37925357189143, 12.392363381893803], [75.3792748538788, 12.392436973456043], [75.37925372819825, 12.39243993989502], [75.3791066120025, 12.392769849637272], [75.37974734975194, 12.394115035477654], [75.37974137595532, 12.39413998288354], [75.3790560413436, 12.395594436035218], [75.37840779278007, 12.397433798610914], [75.37788046823353, 12.398283316954165], [75.37745023360296, 12.398464841163102], [75.37673375080706, 12.399153053979854], [75.37608572772065, 12.399465878264046], [75.3740255979234, 12.399767097326741], [75.37335898240558, 12.39995335298097], [75.37266024313317, 12.400175911867034], [75.37248555404808, 12.400253002762692], [75.37244111528929, 12.40034705648463], [75.3722333187944, 12.400786838186495], [75.37229909343948, 12.401736127942645], [75.37237873717427, 12.40277140774447], [75.3724438030486, 12.403268659592081], [75.37204901324418, 12.403771038583542], [75.37179218580276, 12.404268653498798], [75.37190415541303, 12.405126621177144], [75.37189691499186, 12.405211391737991], [75.37156107173804, 12.406737500137888], [75.37124028784166, 12.407601436083521], [75.37084623016419, 12.408650906206079], [75.36954616403051, 12.409728692212063], [75.36894420834848, 12.410199691734094], [75.36790106308102, 12.41084305901063], [75.36694982624687, 12.411450238715156], [75.36597006700413, 12.41195300549127], [75.3659340239, 12.411971500260323], [75.36661562421509, 12.412576428768896], [75.36692064716982, 12.41362491818023], [75.36703164570127, 12.414063272884595], [75.36698680539554, 12.414886231718445], [75.36698757884503, 12.415451327201312], [75.36685951411977, 12.415948867156656], [75.36667214082286, 12.416794529896082], [75.36724422662336, 12.41802800278537], [75.36786725049372, 12.419573380379589], [75.3679974469211, 12.420540730849993], [75.36820092341777, 12.421322634942555], [75.36834994134702, 12.422665240601983], [75.36868330075906, 12.42416582402337], [75.36925450531224, 12.424775330759422], [75.36960465154202, 12.425213472799854], [75.36986302678066, 12.425760146808786], [75.36979976202848, 12.426565000388049], [75.36924554731223, 12.428225000669539], [75.3687694087706, 12.429817088749719], [75.36912886064842, 12.429756627166165], [75.36917477264429, 12.430022425204132], [75.36957016521826, 12.431229102787833], [75.37021841557842, 12.43369668303138], [75.37131269295188, 12.436602652175843], [75.37149658617537, 12.43779576088043], [75.37133101678704, 12.438984336730787], [75.37084817771174, 12.439707409475131], [75.36988711241007, 12.44058863650124], [75.36905938674097, 12.441551214764871], [75.36886163341096, 12.442251700794536], [75.36884321435437, 12.44292507811935], [75.37010308896393, 12.44479613385565], [75.37043414060399, 12.445700012358284], [75.37030068149551, 12.44894939802379], [75.36986838792626, 12.450174115694994], [75.36890723458971, 12.452248438081826], [75.36827720565678, 12.453179387606669], [75.36718275311182, 12.453409816606838], [75.36703554618623, 12.454630023842176], [75.36673661650407, 12.455190404053011], [75.36618935384983, 12.4559586559543], [75.36564208311076, 12.456821813409992], [75.36580758153218, 12.457816073423809], [75.36618924156043, 12.458272545938394], [75.36690202778891, 12.458132487531165], [75.36749984762737, 12.458033094365387], [75.36809047914687, 12.45811242153894], [75.36834138309732, 12.458146120405392], [75.36874146936866, 12.45790209693566], [75.36975318797427, 12.457007318565385], [75.37051370618535, 12.456648770932057], [75.37054875126121, 12.456632249463134], [75.3712799206137, 12.456632277532508], [75.37197429317547, 12.456980290408795], [75.37242493124111, 12.457879651178787], [75.37305490447851, 12.45926258212977], [75.37423213767522, 12.459800415516467], [75.3746283054953, 12.459744164256229], [75.37502769826726, 12.459687453352865], [75.37654030489884, 12.458686285848849], [75.3768165664931, 12.458503430924294], [75.3780949751436, 12.458178059677902], [75.37902388884292, 12.45812835784552], [75.37993440684188, 12.457934035361063], [75.38061499385734, 12.457427874318673], [75.38125878677705, 12.456840365510386], [75.38180725856364, 12.45672371181074], [75.38185998967083, 12.456712496337493], [75.38187499243439, 12.456709305199313], [75.3824544138775, 12.45694430900108], [75.38303384520205, 12.457744225743799], [75.3834661163134, 12.458051535856498], [75.38396276249466, 12.457988262519546], [75.3847077317665, 12.457938542230353], [75.38558606941703, 12.45833171145267], [75.38629885115392, 12.458363335800932], [75.38688286478474, 12.458168993317756], [75.38749445938976, 12.457667337853632], [75.38871273391682, 12.456322366684699], [75.38882293923587, 12.45620069797121], [75.38883718741461, 12.456184969435446], [75.38897443292201, 12.456087613190153], [75.38963292856802, 12.455620507260532], [75.38989482160932, 12.455434731821358], [75.39013211967644, 12.455419996198609], [75.39056200576071, 12.455393299447916], [75.39120539893014, 12.455353341595476], [75.39218626310067, 12.455199945068083], [75.39221706812836, 12.455195127631827], [75.3922344127999, 12.45517757363712], [75.39266749598826, 12.454739268109602], [75.39268149533365, 12.454725099979575], [75.39269420469829, 12.454614712746658], [75.39284696500897, 12.453287950039034], [75.39295188913249, 12.452807139248481], [75.39307370787151, 12.452248911760854], [75.3931457922832, 12.451918583594535], [75.39341247693821, 12.45144856404121], [75.39348221584868, 12.451471406842602], [75.39403606135731, 12.451652817613825], [75.39546803341237, 12.452121844702326], [75.39701317253197, 12.452853890385327], [75.39728021561478, 12.453078382916631], [75.39780875917515, 12.453522703435578], [75.39823191867457, 12.45386711791409], [75.399450208473, 12.454858688433058], [75.39962988320791, 12.455004924790627], [75.3999485443853, 12.455030599673616], [75.40041567372295, 12.455068235696661], [75.40052660308412, 12.455077172343508], [75.40158255832756, 12.454953484668067], [75.4021866519999, 12.454882720382779], [75.40399047987023, 12.455013392151542], [75.40440779043881, 12.455168493137311], [75.40657836001542, 12.455980545751183], [75.41100236516034, 12.457656768014678], [75.41137922549004, 12.45781659972252], [75.4129428528365, 12.45847974403482], [75.4133247742745, 12.458641716387293], [75.41357858876644, 12.458969716779531], [75.41489126365346, 12.460666045165505], [75.41527952719737, 12.46116777640375], [75.41566136419372, 12.462234287242081], [75.41556051303172, 12.464502995785887], [75.41572628364266, 12.466039541245689], [75.4173818544568, 12.466251734564215], [75.41842154031211, 12.4664047824705], [75.41856235841941, 12.466425511812428], [75.42063322847423, 12.46673033197595], [75.42277655574155, 12.466821913560008], [75.42311587457718, 12.466836409077201], [75.42326832137584, 12.466842920920048], [75.42401109157187, 12.467835298773892], [75.42464807705838, 12.468686332499317], [75.42487825867182, 12.468993861202138], [75.4249611408332, 12.469585877201919], [75.42496393908533, 12.470130085148556], [75.42497161518942, 12.471623370248414], [75.42498019140545, 12.473291708739065], [75.42483321175358, 12.47433569289585], [75.42471552526487, 12.474595030105377], [75.4245833094247, 12.474886383208183], [75.42456658099749, 12.474923245371487], [75.42264459322631, 12.476966272156337], [75.42030880101106, 12.47983637737715], [75.42064010777267, 12.480966156288783], [75.42077368545878, 12.48225413921043], [75.42081945641914, 12.483304504810793], [75.42085431913704, 12.484104562068572], [75.42088908843009, 12.484902436449842], [75.4206731460122, 12.486235662649634], [75.42049149498364, 12.48749037686503], [75.42045722784883, 12.48772706477092], [75.42049223429713, 12.487948134608722], [75.42059534202714, 12.488599271131047], [75.42053639996809, 12.48870752841481], [75.42042062509427, 12.48892016712179], [75.41948010066989, 12.490018827037973], [75.41946878010067, 12.490032051280208], [75.41943088467042, 12.4900544907426], [75.41917137396125, 12.49020816044389], [75.41870539177222, 12.490484087888921], [75.41858583409277, 12.490624202474592], [75.4185645907329, 12.490754217719365], [75.41852676806617, 12.490985697334082], [75.41850312710287, 12.491130376702188], [75.41850825917808, 12.491305945731618], [75.41852161982128, 12.491763075771917], [75.41845729056547, 12.492147224951347], [75.41835153370371, 12.492314453444036], [75.41824646405313, 12.492410197215293], [75.41791007282701, 12.492716732983903], [75.41763416427064, 12.493001484337242], [75.41749074284564, 12.493217350546447], [75.41733987977683, 12.49344441642583], [75.4172617326353, 12.493706545409376], [75.41725717638019, 12.494000300262913], [75.41754699445042, 12.494452193117105], [75.41844392902394, 12.495016983745154], [75.41863713148874, 12.495247443057357], [75.41869694491362, 12.495396571005122], [75.41867398307664, 12.495613501691198], [75.41856640892306, 12.495811425952311], [75.41849466227795, 12.49594343559863], [75.41791982942932, 12.496431597420221], [75.4178048828022, 12.496671135393392], [75.41779422518967, 12.496726535802924], [75.41777271323353, 12.496838355698008], [75.41790617054542, 12.49735805560571], [75.41788320960674, 12.49759758219603], [75.41737282548988, 12.498515068605155], [75.41725011113049, 12.498661903875623], [75.41716129559666, 12.498768177499377], [75.41660944344964, 12.499211141805254], [75.41635608170859, 12.49968453979534], [75.41597519333317, 12.500103519508073], [75.41580101089791, 12.50047910447263], [75.41543769087448, 12.500606231121319], [75.41484849306615, 12.500435330646726], [75.41414881325765, 12.500251033567178], [75.41346346876446, 12.500342522604003], [75.41286146187852, 12.5008135830205], [75.41249872486172, 12.501297909218168], [75.41211743314275, 12.50164207773379], [75.41143215332826, 12.50186462221526], [75.4107180816106, 12.501287020172132], [75.410666748282, 12.50081693235549], [75.41009568206937, 12.50047419403759], [75.40946015993848, 12.500068244832994], [75.40893479910916, 12.49957166519573], [75.40859847435836, 12.499287366607174], [75.40805969449535, 12.498976229862231], [75.40764510222881, 12.498664909444239], [75.40595157040741, 12.498432343928894], [75.40515540614749, 12.498293391250558], [75.40434555515593, 12.498231238941194], [75.40328246728915, 12.498110758996926], [75.40267511273227, 12.498093624499637], [75.40164533349792, 12.498596948678541], [75.40086875520616, 12.499253656431828], [75.40005578616224, 12.50019067523649], [75.39950013863314, 12.500896803327114], [75.3993665726251, 12.501139803136365], [75.39924273177837, 12.501313259650141], [75.39922286463754, 12.501401253398676], [75.39902756730149, 12.501756561629872], [75.39897552610047, 12.502138653392663], [75.39841984084212, 12.503148681677628], [75.39835887038714, 12.503661607155111], [75.39787118310424, 12.503779092157519], [75.39677122119167, 12.503595328053468], [75.39455232764267, 12.502829993246161], [75.39377407309459, 12.50236547376484], [75.39276964611416, 12.501444588552607], [75.3920406991937, 12.500130052031295], [75.39184704218138, 12.499850031293926], [75.39157538984283, 12.49972832076458], [75.3909914175345, 12.499959723937057], [75.39005344612218, 12.50039962276894], [75.38978226360254, 12.50058988873817], [75.38869223526036, 12.50088532139958], [75.38766259885811, 12.501542323277686], [75.38693169361035, 12.501999994753007], [75.38583673261894, 12.502078435825183], [75.38419878585238, 12.502094333467822], [75.3833384225924, 12.502113651465885], [75.38193968011801, 12.502070385708311], [75.38193853476601, 12.501288216423657], [75.38083134411035, 12.4992869377424], [75.37903347835861, 12.49689779129668], [75.37830056986775, 12.495976527895797], [75.37760077776983, 12.495679077702553], [75.37495297191033, 12.494122925612377], [75.37390346567233, 12.493749136366906], [75.3729459810554, 12.493420460848593], [75.3693283531168, 12.492521115618638], [75.36840789076768, 12.49231896936259], [75.36805785323405, 12.49202102118341], [75.3677722527541, 12.491786299166384], [75.36753222919839, 12.491235033507879], [75.36751684465084, 12.490141015747776], [75.36757560255525, 12.489394909187567], [75.36761495325628, 12.488850782958565], [75.36780969723011, 12.488561818899598], [75.36816915449776, 12.488250813963878], [75.36890075953315, 12.488135082167853], [75.37040885213045, 12.488278789592288], [75.37077245871642, 12.488184714217224], [75.37087449475628, 12.487864118146705], [75.37079412787772, 12.487243842812322], [75.37104169279024, 12.487265277400306], [75.37135871633883, 12.48701168450866], [75.37122813543249, 12.485764090656614], [75.37116137533553, 12.484064252551029], [75.37152735886373, 12.482657609681478], [75.37160153635003, 12.482359022385332], [75.37207058448908, 12.482064250053384], [75.37217258639296, 12.48175270404137], [75.37195855918328, 12.481403543003315], [75.37209588104751, 12.481219166580532], [75.37263369881484, 12.480938158819733], [75.37279444604671, 12.480752510289474], [75.37268379695993, 12.480549233920504], [75.3723798025762, 12.480314569032142], [75.37214005210834, 12.479939617865735], [75.37193187203282, 12.47912160154684], [75.37212360665043, 12.478122140529377], [75.37227922540035, 12.477498036119059], [75.3722002356391, 12.47696466706387], [75.37190065378007, 12.476576301048581], [75.37113541492214, 12.475528388601457], [75.37067461960555, 12.475031705724305], [75.36984655616995, 12.475014805640154], [75.36871962593419, 12.475188121792527], [75.36792395934097, 12.47536092296824], [75.36703163042992, 12.475506808319262], [75.36658797946053, 12.474069692025694], [75.36641620181526, 12.472984877180371], [75.3655591551353, 12.47198688533091], [75.36478048736218, 12.471146986952736], [75.3643653111907, 12.470347337866468], [75.36380765413031, 12.469660834514602], [75.36299698118027, 12.468897857911168], [75.36238858457766, 12.468130120632864], [75.36177161265739, 12.467742050122034], [75.36148602924541, 12.467475678471908], [75.36105322363649, 12.467227602659506], [75.36079953490865, 12.466775863140313], [75.36053567276025, 12.46558715232757], [75.3601070811483, 12.465040665678943], [75.3593242514805, 12.46443133503588], [75.35856495767312, 12.464292149203878], [75.35748419545311, 12.464515158235386], [75.3562930033352, 12.464778896242525], [75.35514794330044, 12.465110414095614], [75.35409925632595, 12.46523839052372], [75.35365305773443, 12.465315808592148], [75.3520014116598, 12.465209506320795], [75.3497736256878, 12.464366836133616], [75.34856781798022, 12.46396149692227], [75.34773926136951, 12.463618955397095], [75.34539701116567, 12.463124588162446], [75.34067760132778, 12.463614303897627], [75.33633549289236, 12.464166704620604], [75.3367826041722, 12.464821762118705], [75.33708985135556, 12.465087245322328], [75.33578111108949, 12.465368038715535], [75.33684000921382, 12.466685785825659], [75.33820335626937, 12.467651758246094], [75.33929615052428, 12.468354956052695], [75.34013865527643, 12.469789647226065], [75.34072112021173, 12.470405693672499], [75.34051225382332, 12.470648026561683], [75.34007968447129, 12.470835275186687], [75.33899947112192, 12.471487595006785], [75.3383007408327, 12.471940592867808], [75.33798411883102, 12.472583020438101], [75.3379110624422, 12.472856630041747], [75.33786805380137, 12.472884181933813], [75.3373365278343, 12.473895051565654], [75.33721472077333, 12.47442727529997], [75.33698854564602, 12.474740810634971], [75.33654329747209, 12.475523495234915], [75.3364004689352, 12.475903349664465], [75.33617627189815, 12.476219511887884], [75.33606689931734, 12.47662818156985], [75.33568525366215, 12.477256160467725], [75.3357024770611, 12.477491604359944], [75.33527870491065, 12.478291599768504], [75.3351983461169, 12.479154638107676], [75.33538169765632, 12.481147975310305], [75.33544892577551, 12.481835023577442], [75.33572729302082, 12.484447778160986], [75.33587786413717, 12.486712329540707], [75.33667038033872, 12.487911869825812], [75.33662702045658, 12.489094251914146], [75.33597248009279, 12.489530557511285], [75.3351956080519, 12.490078621165626], [75.33479589098818, 12.490549328412456], [75.33379874664973, 12.491481860199755], [75.33327522018024, 12.492309878763209], [75.33302298762153, 12.492888862040003], [75.33303666447172, 12.492935042002788], [75.3327056640356, 12.493329382449838], [75.33256062833803, 12.494278001424094], [75.33365346032221, 12.496770866295604], [75.33358512727517, 12.497176349713236], [75.33313992311867, 12.497997608323121], [75.33251998855458, 12.498997527538837], [75.33245551646665, 12.499157822230302], [75.33217424496804, 12.499614234138427], [75.33151450695202, 12.5003582344251], [75.33061146742783, 12.500168884772352], [75.33004928645167, 12.49898694184656], [75.32817160269198, 12.498627513046284], [75.32723254341981, 12.498316672819302], [75.32618289075641, 12.497788935113004], [75.3255015168168, 12.49750494064709], [75.32504129372705, 12.497383464934698], [75.32456263271612, 12.497257405801621], [75.32410245364385, 12.497194631428076], [75.32290199360716, 12.497539686822883], [75.3217246094935, 12.497934421048887], [75.32097950816929, 12.49815232047519], [75.31969102221792, 12.497950411034425], [75.31816785858511, 12.497812007117227], [75.31706804399626, 12.497655041672518], [75.31454051985835, 12.497534151886683], [75.31385246874122, 12.499280164485604], [75.31343965334226, 12.500365657525743], [75.31342050575199, 12.500420447614376], [75.3132015252318, 12.50130315290407], [75.31384214889522, 12.502011342447751], [75.31279786725891, 12.50233760841028], [75.30974224243006, 12.50191162759987], [75.30683002195825, 12.502127338153075], [75.30421340111384, 12.50334649054211], [75.30399346388788, 12.504133374528067], [75.30433134362244, 12.50519451909103], [75.30374032313242, 12.505359196709513], [75.30311449831498, 12.506018085041891], [75.30338504033583, 12.506848821336915], [75.30391674327103, 12.50895249947296], [75.30369024295362, 12.510266087805567], [75.30333014608547, 12.511994836056628], [75.30327243022678, 12.512217624188828], [75.30289607564859, 12.513670423655538], [75.30266119494787, 12.51457678909853], [75.30239371977542, 12.515542786124689], [75.30270308518624, 12.519461155801586], [75.30292196958666, 12.52160550662447], [75.30304949352607, 12.522664028339973], [75.30256123671128, 12.52294734795315], [75.30001548485794, 12.521950958230654], [75.2965230901548, 12.522027147380934], [75.2955772737551, 12.52388634246286], [75.293862060196, 12.524887318982849], [75.29117105435448, 12.525681447433021], [75.29022285562264, 12.52546547594154], [75.28913192627024, 12.525109387419963], [75.28672976203025, 12.524967256170722], [75.28411180179774, 12.525259338227707], [75.28236288973737, 12.52497182238069], [75.2801073045006, 12.524187522237156], [75.27960224649503, 12.525160070827281], [75.27945282881551, 12.526664960797174], [75.27912022039504, 12.527268541204885], [75.278718377019, 12.529195880984481], [75.27859269821919, 12.530219464035278], [75.27771279121185, 12.531170497548626], [75.27516995079836, 12.53296350860715], [75.27386008673986, 12.534465789835686], [75.27412889860547, 12.535767150546633], [75.27380961399732, 12.536132512459602], [75.27314218011426, 12.536877091447144], [75.27336186132034, 12.537969547590164], [75.27362752189593, 12.539066599259789], [75.27366561854885, 12.54118619662225], [75.27314090540483, 12.542048421490938], [75.27271474912565, 12.543848647168383], [75.27246350471371, 12.544429003747675], [75.27245900774741, 12.544448139693932], [75.2714009845822, 12.545983573116045], [75.270601964578, 12.54767979242337], [75.27073633817146, 12.548102289300058], [75.27036707130087, 12.548522583696302], [75.26974062754424, 12.5496147528115], [75.26973984241668, 12.550359551489903], [75.27013966907491, 12.550689206691434], [75.27045154797189, 12.551519957777616], [75.27089569750623, 12.55357857892438], [75.27136825087157, 12.554639544549325], [75.27135270462723, 12.555430984101635], [75.27133715478968, 12.555473405284083], [75.27030770972858, 12.556785538631482], [75.2700001391517, 12.557509282374866], [75.2702264023139, 12.558264036452515], [75.2702423483085, 12.558308151190372], [75.26924328966022, 12.559726314278565], [75.27029822980737, 12.562547926061574], [75.26982384567552, 12.563274591766397], [75.27057783493115, 12.563577315125189], [75.27109616554503, 12.56496787991337], [75.2714066502567, 12.567333315704346], [75.27211765153271, 12.569261149903726], [75.27210645672764, 12.569495595345316], [75.2720706669484, 12.570245133326317], [75.27398868057276, 12.570114957381945], [75.27479957001682, 12.571331068357095], [75.27480875349396, 12.571337251401705], [75.27581301159113, 12.57178129129035], [75.27661730021445, 12.572436145813747], [75.27772981159156, 12.572874332216019], [75.27857616472636, 12.572874710982234], [75.27902693304773, 12.572820707859098], [75.27955904202142, 12.572785305484073], [75.28116748631746, 12.571772933848504], [75.2818124209959, 12.571480944019399], [75.28213844835858, 12.571689633846615], [75.28246025363946, 12.571776405886911], [75.28353464410915, 12.570907113851803], [75.2838569245988, 12.570844796682078], [75.28498102424305, 12.571918796245308], [75.28584744304636, 12.573032900183255], [75.28537344159682, 12.574717242379393], [75.28627468449044, 12.576545356252081], [75.28713076278653, 12.57806147510772], [75.28807257270009, 12.58020615051734], [75.28881851305077, 12.581636140142262], [75.28959773418609, 12.583582636177521], [75.28961418683053, 12.583623734977264], [75.28971861508398, 12.583884593009861], [75.29165251900741, 12.583338404295953], [75.29317681541582, 12.58283185006768], [75.29615897422407, 12.582528029799713], [75.29789860758585, 12.582338379327329], [75.29899786611756, 12.582463286877546], [75.29933858991832, 12.582360278570777], [75.30206546728577, 12.581210600834291], [75.30721812829697, 12.579601806126716], [75.31046996494679, 12.57822750982824], [75.31091254512434, 12.577871673164102], [75.31136325775017, 12.57625948989352], [75.31179855977726, 12.575207663470396], [75.3122971319465, 12.574571739292827], [75.31347666662694, 12.573897012081728], [75.31457185938365, 12.573813935468262], [75.31542624615209, 12.57432228206661], [75.31636413941098, 12.57555271611578], [75.31643949728353, 12.575778108491383], [75.31719744900788, 12.576983483038763], [75.31772537542562, 12.578288104136531], [75.31787211882055, 12.578766628754593], [75.31818937862609, 12.57899693776896], [75.31875938841992, 12.57924084061511], [75.31920090050062, 12.579430511787486], [75.31979385686009, 12.579886512331674], [75.32029946732955, 12.580365172497], [75.32068086145645, 12.580676648449206], [75.32099821378846, 12.580694789220386], [75.32182158801832, 12.580550485404162], [75.32233213652688, 12.580613743598978], [75.32264928314468, 12.580839516424021], [75.32300767321382, 12.581403840655112], [75.323218989308, 12.581629598757406], [75.32368350454814, 12.581774045752939], [75.32437790765266, 12.58183741411591], [75.32475958654551, 12.582004579145819], [75.32518257087348, 12.582189647135397], [75.32560530996133, 12.582668212702236], [75.32621619938881, 12.583810408857017], [75.3264918088062, 12.584587184627626], [75.32718074027233, 12.585571059353983], [75.32713908718924, 12.585896053413382], [75.32658135287373, 12.587457884662037], [75.3266443975387, 12.58925901098565], [75.32714000886072, 12.590861625704964], [75.32716246764113, 12.591244824041707], [75.32722176183978, 12.592256495549739], [75.32683478917497, 12.592992237004621], [75.32619029556932, 12.593669274980297], [75.32539497303082, 12.593226680062806], [75.32453997720467, 12.592445731022993], [75.32271415588124, 12.592201584728077], [75.32136191829079, 12.592156277351652], [75.31809065557297, 12.592189408135834], [75.31786160673508, 12.59219172527414], [75.3170014662573, 12.592146435430129], [75.3159297734284, 12.592186877080838], [75.31397975732203, 12.592275508702858], [75.31335847618331, 12.592303692212615], [75.31133572438671, 12.59099417052599], [75.30858729284233, 12.593954951866982], [75.30689276838254, 12.59620257788825], [75.3068384301893, 12.596298499583156], [75.3062893412601, 12.597267780716864], [75.30549125640212, 12.600061782696153], [75.30540511694953, 12.600329047444736], [75.30475802002618, 12.602336749455949], [75.30342765012472, 12.603424387060548], [75.3026357393877, 12.604457819321338], [75.30106520309835, 12.606683012493402], [75.29824961260502, 12.607169787826582], [75.29739492939258, 12.606221525237803], [75.29621354058936, 12.605322982577604], [75.29459057951837, 12.604379083333273], [75.29210291991782, 12.60351164105747], [75.29124006113797, 12.60332768779624], [75.29101935046258, 12.603280632553254], [75.2909911361761, 12.60327461772224], [75.29074625542968, 12.603222410280432], [75.29059687188612, 12.605610348077308], [75.29029661269736, 12.607063707995156], [75.28999895323302, 12.608101136265079], [75.28982128892771, 12.608720341114], [75.28926322672713, 12.610322687763722], [75.28897053584461, 12.611115957023534], [75.28888528931742, 12.611346995281139], [75.28876526181904, 12.61167229680155], [75.28837870058263, 12.611906891086562], [75.2871777851001, 12.612222481364368], [75.28571508078085, 12.612163345912377], [75.28515818369517, 12.612483720565592], [75.28284976135001, 12.614916250345354], [75.28270860278121, 12.615065071376641], [75.28178245319803, 12.61666716618059], [75.28087988708597, 12.617709737246688], [75.28013443002892, 12.617944171714473], [75.2778108827493, 12.618552916629769], [75.27553271925619, 12.619779893208296], [75.27461772764711, 12.6192694206472], [75.27301768170068, 12.61853311822402], [75.27282919808609, 12.618370538058974], [75.2718643032664, 12.6172100570339], [75.27179626576508, 12.616833916648238], [75.27072525116424, 12.616433287199923], [75.26957174876242, 12.615928490256865], [75.2688629124262, 12.616007802144317], [75.26825979073098, 12.616137200022408], [75.2666178877839, 12.615847907236105], [75.26634618424137, 12.615928608601438], [75.2663370753244, 12.61588785949517], [75.26619160394392, 12.615268372170515], [75.26595382976967, 12.614761572459768], [75.26471147051153, 12.613144702304977], [75.26431324195617, 12.612443212863248], [75.26437969842259, 12.611715814133914], [75.26465116660651, 12.6101213633872], [75.26473004318001, 12.60992725190382], [75.264974384039, 12.609578204152237], [75.2652062850279, 12.609092506415182], [75.26518052583712, 12.608464317659896], [75.26516957627214, 12.608446858258386], [75.26521042895631, 12.608236227615137], [75.2652009301705, 12.60793776487086], [75.26546269026112, 12.607318169771645], [75.26553611585751, 12.607105601665841], [75.2657292536436, 12.606883867930723], [75.26591328969923, 12.606820362861315], [75.26589897235021, 12.606377328651732], [75.26529056586617, 12.60556413309565], [75.26524402954121, 12.605026203140392], [75.26534042865266, 12.604804532478802], [75.2643918131025, 12.60437596941574], [75.26365018376688, 12.603856788889908], [75.26323092295578, 12.603450233021464], [75.26323031659298, 12.602876091237624], [75.26328044797573, 12.602396825216172], [75.26322048273555, 12.602256675889492], [75.26271380776247, 12.601909122937366], [75.26292932078566, 12.60107701028706], [75.26254197352335, 12.60036305297597], [75.26236647236125, 12.599825210291469], [75.26167533822604, 12.599075335255055], [75.26144463648805, 12.598505900242056], [75.26129649621285, 12.597683220236622], [75.26106134062766, 12.597335323557752], [75.26013992875927, 12.596431974395841], [75.259651596486, 12.596052721044359], [75.258441066335, 12.595981465940323], [75.25769076107035, 12.596004780757735], [75.25679289224891, 12.595675667638238], [75.256354926717, 12.594961658463458], [75.25662097805976, 12.594048182929685], [75.2566205522583, 12.593568978430962], [75.25624741814043, 12.593307082583486], [75.25608627385317, 12.59318964369528], [75.25592011786497, 12.592724136997877], [75.25594255867905, 12.592190679361913], [75.25521497450289, 12.591834169457401], [75.25521959184348, 12.591806996741484], [75.25531091188031, 12.591097121887563], [75.25521360816538, 12.59045067442857], [75.25470221344378, 12.589904163031933], [75.25424155646778, 12.589524819369592], [75.25348163743296, 12.589050783442246], [75.25258389257905, 12.58878942304077], [75.25175491106518, 12.588261248234048], [75.25166262983097, 12.588035247852925], [75.25095752509651, 12.587100032928246], [75.25075426150055, 12.58633164189652], [75.25048710612828, 12.586114867382511], [75.250228116442, 12.584858216164202], [75.24979005479032, 12.584004147336751], [75.24960573486707, 12.583746597352464], [75.2494790203097, 12.583627581222078], [75.24918721516609, 12.583460929263817], [75.24767642492796, 12.582925518281558], [75.24649249838413, 12.581751118039579], [75.24539161390176, 12.580811722684052], [75.24297000293247, 12.580090517873352], [75.24091130145649, 12.578650084514996], [75.23878157917419, 12.579954068515944], [75.23892771890122, 12.578796467304883], [75.23907361698146, 12.577281839771144], [75.23848420447575, 12.576920618491494], [75.23760473045644, 12.576487420749556], [75.23730975066657, 12.575985787426902], [75.23752941210972, 12.574611150880344], [75.23769450269603, 12.573032933500647], [75.23774839173161, 12.572517757782048], [75.23752371858745, 12.568403723711379], [75.23436673684515, 12.56862340833075], [75.23157270232537, 12.5681918300567], [75.2289305235128, 12.567619860986973], [75.22753673345058, 12.568412244345515], [75.22548031639036, 12.569354266308247], [75.22393867531048, 12.569572606880577], [75.22033850702778, 12.5682010521295], [75.21946064907762, 12.569648595185125], [75.21950324988335, 12.570388364490588], [75.21863960148434, 12.571925312451011], [75.21869537428707, 12.572874557546868], [75.21830408611564, 12.573456225165685], [75.21772340613283, 12.575382629011445], [75.21770431783133, 12.575414156604218], [75.21736200580918, 12.57597954838135], [75.2169567111058, 12.577636868005545], [75.21509441458863, 12.578779237346424], [75.21376280141877, 12.579462129188677], [75.21235246528734, 12.579444857190843], [75.21181214032202, 12.57943823508903], [75.2113177345391, 12.583092711535253], [75.21094130270582, 12.58432078810037], [75.2103076778168, 12.585661630834764], [75.21021420002666, 12.585859441201285], [75.20934813336291, 12.587691679619484], [75.2089698959159, 12.589516252093334], [75.20900349200922, 12.590102731116154], [75.20908769918563, 12.59157267337158], [75.20868042729033, 12.592344172413657], [75.20829844746184, 12.59237474406581], [75.20722678068408, 12.592258476031816], [75.20145484626882, 12.589534876187303], [75.20033539271122, 12.58900660472276], [75.20092053911762, 12.594630024371362], [75.20237253102708, 12.595258084847918], [75.20590246452932, 12.596569900107726], [75.20607714912282, 12.596567269153008], [75.20604053289354, 12.596621208541327], [75.207055542028, 12.596998391183957], [75.20882709343013, 12.600386966167061], [75.20917664228024, 12.60150564724788], [75.20779209947555, 12.602910211274793], [75.20717340278992, 12.603537842937136], [75.2069466284863, 12.60396187678494], [75.20706032286195, 12.605846698606294], [75.20708184200457, 12.606354121730288], [75.20711609476635, 12.607161790966648], [75.20644921873709, 12.60852918639193], [75.20593153221526, 12.609286714962618], [75.2055169040161, 12.609439162454553], [75.20506538200821, 12.609659236236544], [75.2042586373909, 12.610135810518017], [75.20387629015146, 12.610279199123932], [75.2034984308952, 12.610449883752281], [75.2031575813303, 12.610570861636328], [75.20282608502417, 12.610624014356773], [75.2023610981685, 12.610722014436993], [75.20190979894278, 12.610829157875648], [75.20147704813108, 12.610895568024922], [75.20113202499338, 12.610876508037691], [75.20073181205959, 12.610825646916842], [75.20036389356022, 12.610797312031066], [75.20014273642211, 12.61087804216421], [75.19974575742332, 12.611283527260651], [75.1993623528668, 12.611725208217155], [75.19907965933511, 12.61205819125076], [75.19907147927611, 12.612067826397324], [75.19856716327898, 12.612942878710832], [75.19845091678965, 12.613340211336096], [75.19834790787434, 12.613900233401601], [75.19836064598505, 12.614239268505514], [75.19842817773485, 12.614695875137247], [75.1979609936, 12.615498880704587], [75.19796029201578, 12.61570218553709], [75.19860266649566, 12.61775121190446], [75.1991817861048, 12.619438521375919], [75.20019892783978, 12.620842516312406], [75.20025954346019, 12.622040292704835], [75.20040679530157, 12.623500323207281], [75.20075725504337, 12.624757674666341], [75.20137539567182, 12.626792021915538], [75.20193024370032, 12.62861802699321], [75.20174170528851, 12.628988241894003], [75.19726290201291, 12.629425563740437], [75.1940311588794, 12.629210926855475], [75.19336905470092, 12.63021953991416], [75.1926374577504, 12.630798782523703], [75.18881755166771, 12.632026688259947], [75.18727536081886, 12.631955375670934], [75.18671883024582, 12.63158379936582], [75.18565870053129, 12.630875975501949], [75.1838225009714, 12.631600602389048], [75.18220671654122, 12.631673996936648], [75.18125330219084, 12.63093772671207], [75.18051637194243, 12.630359492480837], [75.17882603902177, 12.629135375211122], [75.17691411507673, 12.626970984553724], [75.1747861166614, 12.62509612384683], [75.17243233388596, 12.62285963263567], [75.17028631346946, 12.621491142602048], [75.16837570016637, 12.621202973543106], [75.16632323569343, 12.621999875928596], [75.16448718166062, 12.623081592723423], [75.16294402512285, 12.62142320902765], [75.16110704133374, 12.620990286350057], [75.15949185068995, 12.621931617268483], [75.15943180190646, 12.621956216581221], [75.15685021984972, 12.623013724439884], [75.1540565832836, 12.623883330714968], [75.15339926263401, 12.62561531389859], [75.15141706258596, 12.628790219384639], [75.14899298124965, 12.63204221584296], [75.14849232678561, 12.632920248548793], [75.14800871605743, 12.633768381228043], [75.14855098407872, 12.633794019008578], [75.14784706242547, 12.634709855328401], [75.14621845364627, 12.637339117779428], [75.14364028069599, 12.641759303419025], [75.14250178465099, 12.640933128310486], [75.1397370819219, 12.643107945433643], [75.13770764126966, 12.644704309987917], [75.14040844862924, 12.646245050094398], [75.14122144192768, 12.646699582699274], [75.14183553025593, 12.64746982167655], [75.14212436197595, 12.647787128111615], [75.14456937226174, 12.64875757893708], [75.14962431902796, 12.650952095519589], [75.1500049918077, 12.651323899593129], [75.15073194446822, 12.652754151116042], [75.15096558549384, 12.65583693951771], [75.15131482981506, 12.657378964844431], [75.15215659255877, 12.65889547618847], [75.15407603450446, 12.660203064757189], [75.15460190917007, 12.661203525193022], [75.15704224552147, 12.665029861741191], [75.15805882850431, 12.666573999832083], [75.1601873021284, 12.671035105695287], [75.160465422337, 12.671618003330332], [75.1609971315604, 12.67300409427749], [75.15737859093353, 12.673251149411218], [75.15353210010834, 12.67356425197467], [75.15013192555398, 12.67388168896392], [75.14923908639983, 12.675217610793549], [75.14982877828157, 12.67658798550786], [75.15247030940881, 12.6822604542289], [75.15121788991779, 12.68226119390942], [75.14938513449873, 12.681832639846567], [75.14703216469862, 12.681544578341743], [75.14629518324627, 12.681110980251953], [75.14541508849105, 12.679741695584694], [75.14482501213038, 12.678367738413382], [75.14320815601003, 12.677215381861446], [75.1421816349652, 12.677722301281031], [75.14151954875302, 12.679381888916417], [75.14078767242646, 12.679816331301293], [75.13982981500867, 12.679455051496038], [75.13887564697174, 12.677362541715535], [75.13792169183557, 12.675920518542737], [75.13644861377142, 12.676423111906878], [75.13505395593661, 12.677219520298056], [75.13395296365643, 12.676067183967591], [75.13305894860754, 12.674571149026107], [75.13232696897472, 12.674788500618915], [75.13121774183831, 12.675544053586266], [75.13055297684996, 12.675558250742723], [75.13035218451934, 12.675562539074333], [75.1291045719134, 12.675852507425462], [75.12822096474542, 12.676788757066499], [75.12491688746856, 12.680470519287676], [75.1233008101876, 12.680615860474683], [75.12219942803856, 12.678166259957827], [75.11933606783336, 12.679754074838382], [75.11661995048641, 12.680691147103296], [75.11426708489084, 12.680475137941237], [75.11172880791898, 12.680842061214745], [75.11542794090161, 12.682700877495332], [75.11542379248161, 12.68279760631002], [75.11528322859753, 12.682828096154452], [75.11388895703831, 12.682742033103521], [75.11217588596116, 12.682798475695686], [75.11214438653573, 12.682799512473132], [75.1106613416635, 12.683083659450638], [75.1106317547513, 12.683625808746312], [75.11075035213173, 12.683942477744353], [75.11086467622637, 12.684168852560193], [75.11121333574437, 12.684486398150158], [75.11182336278915, 12.685084931331168], [75.11189162217435, 12.685391562996262], [75.11199551323527, 12.685858247897555], [75.11179541530235, 12.686485644195557], [75.1113558965833, 12.687139453975158], [75.11042674483043, 12.688284071888063], [75.11032434407457, 12.68842406534063], [75.10938150559002, 12.689713013526273], [75.10942582666951, 12.689928548619177], [75.10982042423447, 12.691847443525742], [75.107594486097, 12.69215535179302], [75.10647258732519, 12.692310527000275], [75.10682314139008, 12.693418886785732], [75.10682461911874, 12.69430452967414], [75.10635769729191, 12.694876849009727], [75.10629624623827, 12.695360182130429], [75.10617441492282, 12.696081827608188], [75.10612699016401, 12.696362741796356], [75.10592055910836, 12.697446585661641], [75.10545347917807, 12.698077648049482], [75.10505195650059, 12.698388077900892], [75.09943653016737, 12.700926517594585], [75.09913831105261, 12.70098941824082], [75.0988884787923, 12.701042113085979], [75.0928049789921, 12.701843681385988], [75.09152820168218, 12.70107096024693], [75.08521607255729, 12.705296719354994], [75.08428406865339, 12.70461114314711], [75.08466320890729, 12.704151545303175], [75.08337560959309, 12.703059912308365], [75.08015689382782, 12.700330965298594], [75.08036085361815, 12.69864611700953], [75.08141410493258, 12.698515003028872], [75.08152600537254, 12.698501072684783], [75.08251665489146, 12.698215345349935], [75.08361882216808, 12.697645322542263], [75.08428873989287, 12.696933754247025], [75.0842849741552, 12.696707788650269], [75.08357979486054, 12.69595225818954], [75.08383618033083, 12.695871636464037], [75.08409521942448, 12.695790181302169], [75.08504799237775, 12.69460079608095], [75.08392205478043, 12.693456440573234], [75.08380347716295, 12.69333592174549], [75.08431710509629, 12.692907527425447], [75.0847825752456, 12.691481229323314], [75.08471663441217, 12.690995958192378], [75.0849730917477, 12.690771458744958], [75.08548808781522, 12.688610177174807], [75.08504482851133, 12.684785485694823], [75.08504435509917, 12.683301548896436], [75.08538888596009, 12.682865910041825], [75.0866494100516, 12.680466212634174], [75.08642049506268, 12.680211904353099], [75.0875382912286, 12.678432604293286], [75.08673233353547, 12.67770941886671], [75.08643683541773, 12.675254537994627], [75.0852622980652, 12.673885064962747], [75.08461150996438, 12.67406340037102], [75.08394095892726, 12.67424714758677], [75.08239835036181, 12.673524210577227], [75.08078214911332, 12.673235346506923], [75.07923961061648, 12.672733944059459], [75.07747589611685, 12.671866337649428], [75.07585983231063, 12.671794462125787], [75.0743173153733, 12.671505523350373], [75.07321219263945, 12.670859246734048], [75.07262719804832, 12.669991353480324], [75.07224939538591, 12.669306488488994], [75.07175194341585, 12.66840471705099], [75.0702086988432, 12.665014212583763], [75.06925072194949, 12.663929404162424], [75.06623953947268, 12.663423786025591], [75.06521301213967, 12.664075039634248], [75.06444770321312, 12.665145896861283], [75.06418210731623, 12.665517526869044], [75.06322942868606, 12.667249346903024], [75.06168723514227, 12.667828341607184], [75.06102428744572, 12.668407201776386], [75.06102442398965, 12.668920256303274], [75.06102472043369, 12.670032516400596], [75.06062748092347, 12.670180043249742], [75.0602168115998, 12.670490368645108], [75.06020661931457, 12.670643139838212], [75.0598508433429, 12.67086244836175], [75.05911417360596, 12.670717864111415], [75.05830802906326, 12.668914127326186], [75.05830304071849, 12.668826485479322], [75.05816008102757, 12.666314535531917], [75.05757054724931, 12.665089382871148], [75.05624914792425, 12.665089712419258], [75.05573362544395, 12.665953293551867], [75.05560395632763, 12.667398634397792], [75.05539513036341, 12.667544932236527], [75.0549315637442, 12.668460541419494], [75.05487122300826, 12.668826136654264], [75.05382822236953, 12.669272202026287], [75.05206470729593, 12.668625946916478], [75.05199300287161, 12.668608860608918], [75.04963824901736, 12.668047742826829], [75.04758012515813, 12.667614002568673], [75.04680625169367, 12.666913102645362], [75.04662690304718, 12.666750663703596], [75.04606460259511, 12.668404145607957], [75.0459642266419, 12.66869930364993], [75.04398468740372, 12.670069523232803], [75.04236900358484, 12.672090758234486], [75.04221943768329, 12.673412171406142], [75.04178423986076, 12.674111231364702], [75.04122989219388, 12.6758534802525], [75.04096807101777, 12.67819327187485], [75.0407626847028, 12.678933610780291], [75.0406712128507, 12.679990698570375], [75.04099576338304, 12.680592875893018], [75.04203878917461, 12.682277624631572], [75.04216581454905, 12.682612728575434], [75.04221202568388, 12.682734638065243], [75.04221370283851, 12.683502876054556], [75.04206913965479, 12.68401751098824], [75.04186056072729, 12.684391811001237], [75.0415461431913, 12.68476118339887], [75.04081732023838, 12.68518781937563], [75.04077036260352, 12.685218058286715], [75.03997302514387, 12.685731475080816], [75.03968581667954, 12.686218459067058], [75.03971183189019, 12.686616261331958], [75.03982601405097, 12.68687428346072], [75.0403248386468, 12.687617098312375], [75.04136667057733, 12.688416163921216], [75.04189235839338, 12.689389721061097], [75.04258566824824, 12.693499813385582], [75.04313648014613, 12.693899384151347], [75.04499722347622, 12.694814454261236], [75.04659718947256, 12.695299321996021], [75.04775701152239, 12.695303539010409], [75.05029668717115, 12.69439093760484], [75.05191939671387, 12.693727976235934], [75.0524850532719, 12.691578705847133], [75.05250924939403, 12.691486771467796], [75.05266104132085, 12.690987169091374], [75.05267225588888, 12.691009515614496], [75.05305889078716, 12.691779940573705], [75.0546567987432, 12.694481801779549], [75.05479703384387, 12.694718917476317], [75.05459659095789, 12.695404993590506], [75.05392459542985, 12.696631753099686], [75.05016067325398, 12.703680495690893], [75.04961368458589, 12.704704793000332], [75.04943983901889, 12.705648606891005], [75.04952990231264, 12.706164054055597], [75.04964887429054, 12.70635879425576], [75.050458648027, 12.70770380555117], [75.05109683366273, 12.7081580628748], [75.05350790200382, 12.708392601736266], [75.05345315417881, 12.709476952513011], [75.05332906629539, 12.710861366789535], [75.05325150665206, 12.71172667051538], [75.05310178534197, 12.712385837903952], [75.0527781160569, 12.712755223091637], [75.05033922150156, 12.71590131934359], [75.04992414594138, 12.716436738929415], [75.04963610294212, 12.717149707233046], [75.04954697928616, 12.71757860398152], [75.04951759179998, 12.718061976293539], [75.04969515459565, 12.71857783990898], [75.05015759562583, 12.719257334777245], [75.05029927252255, 12.719452718635994], [75.04898941385395, 12.7195115969959], [75.04693103936474, 12.720018328700027], [75.04538854129206, 12.721171449909315], [75.04443087072386, 12.722184272141497], [75.04252397554777, 12.719874281503206], [75.04226609617916, 12.720235970052064], [75.03925479602309, 12.72283152943364], [75.03388985592368, 12.722615156502481], [75.03212584048849, 12.72052658935437], [75.02859819679193, 12.71893550558658], [75.0265396201818, 12.718361539587455], [75.02176431447195, 12.719370116984873], [75.01882630426665, 12.72023833071747], [75.0153546265106, 12.713489137202771], [75.01529849887336, 12.713380017033655], [75.01294999549684, 12.713669412119433], [75.0010462211393, 12.715473472179102], [75.00109252480061, 12.71751616748798], [75.00020421135885, 12.71765277292873], [75.00017790239913, 12.7208202919032], [75.00415705193389, 12.721535793440024], [75.00886784782654, 12.72581945190988], [75.01124135491067, 12.727968955745501], [75.00957039236248, 12.72860724136691], [75.00244158684653, 12.730845231454719], [74.99921798514441, 12.731784339207278], [74.99685530006448, 12.733887827712815], [74.99506841352212, 12.736311130461393], [74.99235573223115, 12.738734248822709], [74.98976762301552, 12.736252058852893], [74.99001173300744, 12.735827133131082], [74.99118608710364, 12.736071300539155], [74.99118606913734, 12.73558307589091], [74.99020060918583, 12.735221301449187], [74.98902618412271, 12.734918279481144], [74.98896632757872, 12.735343304862544], [74.98916900996468, 12.735298060589749], [74.98909059422691, 12.736265612983074], [74.98870840598929, 12.736220392532658], [74.98880057403575, 12.735356885327755], [74.98828931406145, 12.735298010645447], [74.9879808505592, 12.734692182956383], [74.98816507526105, 12.734461616638692], [74.98786111231834, 12.733810593233546], [74.98713343651403, 12.73404108391215], [74.98645660535477, 12.732996713270287], [74.98391430932033, 12.73537011092497], [74.98415389898976, 12.735873274552338], [74.98248703365756, 12.738453936151398], [74.98310409720605, 12.738830130918831], [74.98330658106433, 12.739000114349997], [74.98325086575379, 12.73903210188941], [74.98369746319729, 12.739922792063563], [74.98370634663712, 12.740890677281019], [74.98292588941995, 12.741405107450287], [74.98312638530652, 12.741943900868966], [74.98327096645657, 12.742712137648892], [74.9831478828896, 12.743399765468116], [74.98316888639927, 12.744188216679833], [74.98337317227804, 12.744609998654225], [74.98372340025448, 12.745216320457166], [74.98397041809298, 12.74535777115311], [74.98434090487572, 12.745377880381847], [74.9848554365143, 12.745317110219377], [74.98518475620249, 12.745175445712412], [74.98536964745426, 12.744609204831896], [74.98565733741556, 12.743881157453714], [74.9858012008117, 12.743416146673713], [74.98627451954165, 12.743436134266487], [74.98660392726474, 12.743698784512373], [74.98687185967972, 12.744163796525958], [74.98726337153167, 12.74497235111596], [74.98788143221009, 12.745922449009264], [74.98853623039034, 12.746587024667617], [74.99003934811762, 12.747516529056183], [74.99104821457216, 12.74806200956088], [74.99141891605225, 12.748526986402936], [74.9916045457192, 12.749113242468505], [74.99195494886712, 12.749861152372162], [74.99263479567077, 12.750912263033591], [74.99293744168325, 12.75126015771497], [74.99406392006638, 12.752881017131779], [74.99472692705174, 12.75296653509678], [74.99523792920951, 12.752912121506549], [74.99558328562219, 12.753079256747904], [74.99581821842517, 12.75334122147846], [74.99598876897177, 12.753702700189116], [74.9962883157965, 12.754434711067752], [74.99648656769149, 12.755162283020882], [74.99678145315826, 12.755623162232705], [74.99711321536574, 12.756178850742689], [74.99745416284696, 12.756865682378544], [74.99749117702993, 12.757150348363595], [74.99754850301981, 12.757520231691371], [74.99756876901259, 12.757631443480099], [74.99893231639247, 12.757245861641822], [74.9992023796113, 12.757169491149355], [74.99926089676723, 12.75715294436688], [74.99972252033048, 12.75701545866396], [74.99921778571843, 12.757467343562084], [74.99991646210873, 12.757623316419249], [75.0003860510336, 12.7576687477024], [75.00128380217575, 12.7579946411776], [75.0023609073542, 12.758645916958349], [75.00313878640651, 12.759233888712743], [75.00435842547449, 12.760499967750002], [75.00469895883239, 12.760992757172172], [75.00501637135154, 12.761589490853547], [75.00515370130059, 12.7632030210847], [75.0053048518303, 12.764911560783544], [75.00550718926318, 12.765435938573223], [75.00608704099933, 12.766190931762404], [75.00726100343005, 12.76674741446796], [75.00808047537832, 12.767005450604966], [75.00907492746585, 12.767340282339008], [75.00947547816618, 12.76758454726832], [75.00873378235521, 12.76819440867815], [75.00775255706195, 12.76920181523441], [75.00624141827753, 12.770905032439277], [75.00554997602018, 12.77232379283387], [75.00454516186586, 12.774452071369385], [75.00385340879146, 12.776503711514403], [75.00341517017165, 12.778049193495967], [75.00329002766607, 12.779775627158395], [75.00305819854236, 12.783092898226675], [75.00299303385334, 12.784448773341362], [75.00318134678807, 12.785560686457725], [75.00353994885957, 12.786708776789533], [75.00439559326938, 12.788521571766227], [75.00511788636854, 12.790384350225555], [75.00490606542115, 12.790442981693111], [75.00440397904258, 12.790731991730265], [75.00318767631755, 12.791739318042643], [75.0022481651928, 12.791883422457285], [75.00168183849162, 12.79163461082403], [75.00105566512785, 12.79148964864263], [74.99973412836057, 12.791100331415914], [74.99925535865349, 12.790810829475394], [75.0001769609647, 12.789351204573274], [75.00099225035702, 12.788980951713897], [75.00245680700239, 12.788407753357967], [75.00170657899285, 12.78789205830503], [75.0003438571647, 12.78715018377434], [74.9992139526071, 12.786656991566867], [74.99832946419181, 12.786015616253358], [74.99776351298642, 12.786960444778456], [74.99870354064242, 12.788297874415207], [74.99890181499532, 12.78871812247984], [74.99893414895566, 12.788925963315592], [74.9988973458768, 12.789007347367267], [74.99877302712629, 12.789156576360746], [74.99865797449796, 12.789274076380458], [74.9983955541456, 12.789305852571543], [74.99764946467455, 12.78924742145042], [74.9972672198431, 12.789184381526615], [74.99683890581055, 12.789193619253535], [74.99639231375694, 12.789279633031159], [74.9960423741397, 12.78937924799746], [74.99568792408144, 12.789700269293407], [74.99523240097727, 12.790491404832782], [74.99470322320633, 12.791336833719978], [74.99410496948161, 12.792209369924768], [74.99333632511045, 12.79312720800697], [74.99124203238293, 12.79560931457889], [74.9896164419431, 12.795546750164178], [74.98905451968172, 12.795537987465645], [74.98743289889714, 12.793667741364628], [74.99027249956137, 12.790181727323604], [74.99211822844981, 12.78828276899154], [74.9890498753917, 12.784889710337486], [74.98733138208352, 12.783037450371534], [74.98516180065373, 12.781628189633086], [74.98430583015545, 12.782839786154797], [74.98245916612085, 12.78238408058712], [74.98195602512011, 12.77970444187354], [74.98040877675619, 12.779758924164211], [74.97904106837993, 12.779682624424265], [74.9780048670896, 12.77953389619589], [74.97712996100344, 12.779475464565573], [74.97591415864005, 12.779204718962339], [74.9750575009306, 12.778893123921502], [74.97410875512472, 12.778432526286958], [74.97337641886071, 12.77811187788798], [74.97192572501682, 12.777583604231694], [74.97044288046891, 12.777520842614438], [74.97011593682463, 12.777498332005468], [74.9683841241957, 12.776436834712428], [74.96756439982083, 12.776355743598643], [74.96688750218627, 12.776405693807485], [74.96656067172971, 12.776554936380112], [74.9664602661321, 12.779248663192059], [74.96635493417344, 12.780866768490949], [74.96443035206772, 12.781707998261933], [74.96379954160048, 12.781581655321268], [74.96362412847324, 12.780673305904752], [74.96334276265154, 12.779172973038406], [74.96295124001982, 12.77875715424361], [74.96196573874577, 12.778721366097619], [74.96070399294547, 12.778843732257869], [74.96001335557865, 12.778961437695271], [74.95965005441984, 12.780611219620473], [74.95909806123733, 12.782297205928364], [74.95844014500472, 12.784132405059742], [74.95821464900379, 12.784742624254887], [74.9570311455664, 12.784711342454681], [74.95560359142591, 12.784607816733674], [74.95382138241125, 12.784391386218651], [74.95231096138073, 12.784495699593212], [74.95114131086336, 12.784446385241178], [74.95071323039284, 12.78436089632038], [74.9501742034931, 12.783570121774089], [74.94994842003126, 12.783303487480373], [74.9489628855196, 12.78296483015894], [74.94734178485953, 12.782445419162839], [74.94584964185013, 12.782007405671242], [74.94434836297425, 12.781501600480798], [74.94294828201008, 12.78088272676263], [74.94175073161662, 12.780051414755798], [74.94012527772074, 12.780083451421486], [74.93877587431498, 12.7797719100283], [74.93770290138681, 12.779600405107889], [74.93715035394378, 12.779677331257062], [74.93543304461512, 12.780929677330661], [74.93422185330407, 12.780753627329496], [74.93295086563612, 12.780618371764968], [74.93196978766655, 12.779583567188492], [74.931371078496, 12.779208568386398], [74.93033035239155, 12.7790460234693], [74.92865871790355, 12.778928803411157], [74.9275259459235, 12.778748225385929], [74.92541190642942, 12.777044760547604], [74.92435734537132, 12.776809883988099], [74.92363437404413, 12.776697015220327], [74.92259822755103, 12.776114188083065], [74.91978897287538, 12.774379068469791], [74.9187067374183, 12.77375103275356], [74.91801588804907, 12.773091225134243], [74.91735730706314, 12.772517394978452], [74.91700730725876, 12.772309512605522], [74.91628429550738, 12.772088138300346], [74.9150916741699, 12.771848754035254], [74.91409697414737, 12.771735892688683], [74.91269249772651, 12.771573361362542], [74.91174391990563, 12.771230061678942], [74.91065705902315, 12.770629058764552], [74.90887955358727, 12.769657576992541], [74.90765464320522, 12.769038525329488], [74.90654476389193, 12.768347131593615], [74.90557312901261, 12.767714421771894], [74.90371729587389, 12.76655757253897], [74.90294826971872, 12.766046941478926], [74.90292522793168, 12.766028920784995], [74.90208256148279, 12.765274199582995], [74.90163123261267, 12.764786082931336], [74.90162307321496, 12.764777179863565], [74.90117988667458, 12.764293527813035], [74.90080694749112, 12.76408108199816], [74.90004254047315, 12.763683416063335], [74.89950828991581, 12.763005563013413], [74.89886826183543, 12.762684655864634], [74.89797958637264, 12.762467803558328], [74.89592129003687, 12.76236849426216], [74.894332696712, 12.76241380992126], [74.89305726867161, 12.762508828832132], [74.89186922694542, 12.761704362177563], [74.89024836254231, 12.760529284762415], [74.88841568078509, 12.759146373529369], [74.88721377985071, 12.758201861568683], [74.88587380875546, 12.757013218372359], [74.88504503385411, 12.756186116600855], [74.88430369916591, 12.755526275421623], [74.88329988663313, 12.754726332025946], [74.88233751697767, 12.754125232948109], [74.8804819811813, 12.755047224736], [74.87961632325103, 12.755386258524563], [74.87880592159219, 12.755237090197035], [74.87735548107321, 12.755282257312258], [74.87569789174464, 12.75511050622965], [74.87416926365997, 12.755015592306636], [74.8732298809943, 12.757627897747577], [74.87226750415233, 12.761135103215365], [74.87077560009476, 12.76093616988417], [74.86990077934858, 12.760759928104145], [74.86956716930655, 12.760680213615847], [74.86942023457048, 12.760643462674379], [74.86924563891019, 12.76058382024897], [74.86902584541467, 12.760483426442114], [74.86877678750216, 12.760346470854635], [74.8685618449092, 12.76021913860007], [74.86835452272477, 12.760055948031047], [74.86816291746453, 12.759878815489039], [74.8680110231298, 12.759692335377684], [74.86789257486967, 12.75948373629917], [74.8678100753906, 12.75929391345024], [74.86777025666733, 12.759126596572646], [74.86774729033876, 12.758968045303996], [74.86773883359868, 12.758796627025522], [74.86777218445194, 12.758575195332313], [74.86782374415597, 12.758313903634939], [74.86785176081304, 12.758151094708825], [74.86787561018555, 12.75802431506812], [74.8678771013889, 12.757861319338362], [74.86788246882273, 12.757667940778948], [74.86788352434317, 12.757468684930984], [74.86789841930891, 12.757224821142806], [74.86793085208393, 12.756998816372086], [74.86798331369651, 12.756764748269456], [74.86806259091867, 12.75652521983136], [74.86816400801932, 12.756303778265314], [74.86823470633047, 12.756074014890917], [74.86831423148763, 12.75580732180672], [74.86837461713934, 12.75550910033515], [74.86847306530795, 12.755166343086259], [74.86852143419614, 12.754855068005227], [74.8685264234392, 12.75462430187751], [74.86855537164924, 12.75444342262275], [74.86860667982499, 12.754209298711624], [74.86867205831308, 12.754015509951543], [74.86869979379746, 12.753925163871013], [74.86874675951715, 12.753730459314575], [74.86878468010026, 12.753554555967971], [74.86884068017675, 12.753274236917447], [74.86885988166594, 12.753125713070842], [74.86887981348546, 12.752918340453501], [74.86886654986029, 12.752705919258041], [74.86886295480251, 12.752574380238869], [74.86886764939821, 12.752438724092157], [74.86887814172071, 12.7522354119006], [74.8688784516395, 12.752117657224636], [74.8688464087333, 12.75202320566696], [74.86880004668151, 12.75200504554129], [74.86873154205625, 12.752058258990331], [74.86861532880455, 12.752298212210869], [74.86846633782478, 12.752681484154744], [74.86834946700634, 12.752956509258945], [74.86830815528305, 12.753041650452055], [74.8682059144273, 12.753122628132248], [74.86812770889529, 12.75314025459996], [74.8680635619975, 12.753131401063172], [74.86801746225375, 12.753063428144587], [74.8680129051003, 12.752995256320679], [74.86804644190481, 12.75283725406471], [74.86807957267081, 12.75259769825373], [74.86812235942779, 12.752372211540802], [74.86818271453677, 12.75211928863006], [74.86826283258203, 12.751908115289734], [74.86829987910433, 12.751749156466003], [74.86832320206408, 12.751632545827862], [74.86831887757427, 12.751559857016389], [74.86829193350563, 12.751500763554768], [74.86825018879438, 12.75146018509021], [74.86818557477262, 12.751460368207617], [74.86811271691154, 12.751486186885074], [74.86800452471701, 12.751861295137626], [74.86795735507975, 12.75201522036365], [74.86785068373302, 12.752182041656612], [74.86779270376967, 12.751986647099294], [74.86777967550309, 12.751769708523572], [74.86771586816846, 12.751597806110642], [74.86765619847402, 12.751435167220304], [74.86807804283988, 12.751286290078284], [74.868692683632, 12.75140292628451], [74.86898733284183, 12.75036557518198], [74.86919785213033, 12.749684146748852], [74.86973337021054, 12.748248853089727], [74.87008358471226, 12.747296939728304], [74.8703059312198, 12.746900334755443], [74.87072954796173, 12.745777687546283], [74.87099650929785, 12.744806919080515], [74.87112352389252, 12.744133805584276], [74.87183506236106, 12.742505720314394], [74.87250387964964, 12.741437172667432], [74.87317972086547, 12.740522977680575], [74.87435743645746, 12.738734630847604], [74.87496124177062, 12.737516782514179], [74.87561651785464, 12.736128243868652], [74.87606683073012, 12.735157551468253], [74.87621164544215, 12.734765029069376], [74.87633925202657, 12.73410215556959], [74.87648038184926, 12.733244059712153], [74.87667235991034, 12.7326749733582], [74.8769328812242, 12.731872636677362], [74.87741690966895, 12.7307620884965], [74.87757502932863, 12.73042458407773], [74.87789597043019, 12.729770189947386], [74.87821283677363, 12.728903850681814], [74.87850763869703, 12.727794101777471], [74.87867172586515, 12.727184008131845], [74.87909475421053, 12.72615989525589], [74.8795191542834, 12.725041870423093], [74.87958428303978, 12.724829967385293], [74.8798268623025, 12.724061856930765], [74.879990580263, 12.723570643036547], [74.88023701868816, 12.72288425216911], [74.88039103933521, 12.722446908475217], [74.88054486504781, 12.721946146334465], [74.88090906092863, 12.720944035496023], [74.88134566461459, 12.719857204771673], [74.88175927592086, 12.7191270367268], [74.88218713001595, 12.71803071692315], [74.88245320830816, 12.71716414654873], [74.88287789494356, 12.715949919732672], [74.88310626106185, 12.715233206322916], [74.88340079438898, 12.714172173627897], [74.88375129365666, 12.713211297574805], [74.8841148517336, 12.711929509565131], [74.88434871823634, 12.711329699708479], [74.88451542489184, 12.710891866413968], [74.88472577709373, 12.71036788402184], [74.8849159360663, 12.710056894824115], [74.88527268491342, 12.709511873261398], [74.88589015629701, 12.709189256189301], [74.8866793729865, 12.708980457819063], [74.88701567258444, 12.708899772749978], [74.88715768545109, 12.709008720458808], [74.88716102628564, 12.70921269123706], [74.88709110681381, 12.709383587465194], [74.88685114254693, 12.709586807825803], [74.88661031679567, 12.709784324162104], [74.88637963751553, 12.70994158209768], [74.88590106094624, 12.710075215688466], [74.88555025625136, 12.71016876625823], [74.88547694474103, 12.710226270099842], [74.88541208098762, 12.710298912047266], [74.88535580423002, 12.710339143948778], [74.88526839725458, 12.710401608495904], [74.8851756470998, 12.710455882237362], [74.88509353928619, 12.71050502347015], [74.88505082169948, 12.710573102437918], [74.8850736038734, 12.710668210887205], [74.88537630288648, 12.710926667791076], [74.88554982146675, 12.711274955581342], [74.88571475215296, 12.711655652755342], [74.88586522265797, 12.711869190567956], [74.88624167425421, 12.712218490939673], [74.88643875564439, 12.712400373882991], [74.88674104322907, 12.712577286355296], [74.88715543337466, 12.7126601224342], [74.88754118073749, 12.71273927104238], [74.88784925976077, 12.712848533446294], [74.88812132981596, 12.712962802064524], [74.88850785781472, 12.712981977981041], [74.88902279908503, 12.712948644676235], [74.88959453993243, 12.712864909614618], [74.8902803416681, 12.712895527298048], [74.8906434901133, 12.713077714706312], [74.89116645064414, 12.713336893851544], [74.89163126681993, 12.713582998474662], [74.89192550999122, 12.713647407589027], [74.89273959025117, 12.713673051353648], [74.8934118247311, 12.71369845150699], [74.8938774170513, 12.71366038983282], [74.89418066673164, 12.713661833959524], [74.89468248990386, 12.713636887721053], [74.89525788509786, 12.713728812336889], [74.8956210380346, 12.713798893639536], [74.8964862863331, 12.713883664167648], [74.89687693400577, 12.713957368884456], [74.89762263181133, 12.714213974348745], [74.89787005209509, 12.714291902679337], [74.8983267124664, 12.714293012936603], [74.89800042010069, 12.714111538823081], [74.89780309077551, 12.713934188398445], [74.8971457458714, 12.713551752573567], [74.89647088022598, 12.713128816574107], [74.8954903232793, 12.713133440768603], [74.89479592286975, 12.713157903343241], [74.89404067776935, 12.71315443585492], [74.89365875004313, 12.713135504436966], [74.89303775007711, 12.713033386570526], [74.89251776386817, 12.712918159319464], [74.89188365748217, 12.71268970523932], [74.89168512890603, 12.712625514079296], [74.8915249125785, 12.712556427923191], [74.8914509165519, 12.712492748485472], [74.89144697654106, 12.712434807885918], [74.89146155889307, 12.712375522160466], [74.89151648548281, 12.712271813512514], [74.891563093673, 12.712240156467578], [74.89200074838787, 12.712274311830342], [74.89235495949427, 12.712271493664753], [74.89258517254876, 12.712123259513195], [74.89287263343968, 12.711826141614559], [74.89301500922569, 12.711681478990915], [74.89342600284122, 12.711538809862384], [74.89368990900708, 12.71129600339922], [74.89376934612935, 12.710939884146018], [74.89386780148449, 12.710505452857843], [74.89407686550226, 12.710073107303792], [74.8943833652873, 12.709405556436488], [74.8948439989071, 12.708409369901796], [74.89522918572116, 12.707601926486841], [74.89548444650072, 12.707011095635753], [74.89573555796198, 12.706433646500132], [74.89617287940186, 12.705554063540767], [74.89651238688371, 12.704737568293828], [74.89671247403682, 12.70427760963352], [74.8968529139534, 12.70369920873219], [74.89702628880323, 12.703040921424307], [74.89713854317944, 12.70258453861995], [74.89728452480301, 12.701830922002875], [74.89741625734955, 12.701040370933985], [74.89750149848686, 12.700660775184035], [74.89762732011881, 12.700209596176627], [74.89786849082314, 12.69969053956686], [74.89816953783442, 12.69928540612996], [74.8984207732632, 12.698884598545202], [74.89890150399253, 12.698326460454062], [74.89918315098693, 12.698074345984445], [74.89944122888322, 12.697921827865633], [74.89985216500655, 12.697801790514658], [74.90045615177941, 12.697605265653229], [74.90082908826794, 12.697439186668928], [74.90120707059341, 12.697309588146041], [74.90153476972085, 12.697081261126309], [74.90174770368084, 12.696909522342956], [74.9021130494052, 12.696599276472654], [74.90249077750747, 12.696384747823442], [74.90281464352358, 12.696096223427217], [74.90430244228028, 12.695867582460492], [74.90525152854762, 12.695867007573694], [74.90641800711374, 12.695315619546923], [74.90608962706331, 12.694546465496325], [74.90560555819435, 12.69478857197771], [74.90458192972474, 12.695095678326012], [74.90399320173532, 12.695152582645916], [74.90264510178505, 12.69486166790732], [74.90199691969687, 12.694751453059322], [74.90119985532506, 12.694733493901758], [74.90079879797489, 12.694908368000561], [74.90056743238188, 12.695147123834916], [74.90016996290295, 12.69565616950383], [74.899845937885, 12.69590278901659], [74.89947299331166, 12.696091507782208], [74.8990758346498, 12.696280158052433], [74.89859175679771, 12.696499598729735], [74.89791908573656, 12.696731207321848], [74.89691283787106, 12.69719310234158], [74.89623819500785, 12.697687274960467], [74.89532381874476, 12.698560175862491], [74.89480182300451, 12.699023415372404], [74.89409340528324, 12.699748010725868], [74.89316415741064, 12.70086472461971], [74.89251483266541, 12.701964746517344], [74.89227638205973, 12.702632255588496], [74.89217256286406, 12.703440043416009], [74.89217413940736, 12.704082092292236], [74.89223084735633, 12.704661207400568], [74.89212881041811, 12.705008270796883], [74.8919797376917, 12.7053280933377], [74.8917470866095, 12.705770581580405], [74.89123063976277, 12.706102757472893], [74.89092055300479, 12.706570844156232], [74.89059587042007, 12.707120860001844], [74.89017975101753, 12.707408191492982], [74.88999002503292, 12.7076886348542], [74.88959228426276, 12.708134257927156], [74.88892864127018, 12.708121718813574], [74.88824817642563, 12.707943035720575], [74.88803749364375, 12.707711796631349], [74.88803827517805, 12.707539734660537], [74.88828013219525, 12.707120350863969], [74.88871511891371, 12.706399182765342], [74.88965995345481, 12.705093032866182], [74.89008665321477, 12.704353337937151], [74.89027564347919, 12.703481840644683], [74.89054601122687, 12.702620042197655], [74.8907978781713, 12.701826392246453], [74.89103212735635, 12.700837130594008], [74.89141387631781, 12.699894814025885], [74.89181413865896, 12.698839064716502], [74.89221026964809, 12.69775141205503], [74.89274649829571, 12.69631633116579], [74.89327155549442, 12.69512072453616], [74.89402500845584, 12.693407714068403], [74.89449879161478, 12.69246884387618], [74.89467100134968, 12.691833169281088], [74.89536788290609, 12.6903675774568], [74.89632561366139, 12.688179008171481], [74.89663297223585, 12.687516074435042], [74.89706088382313, 12.686324734756635], [74.89772997779285, 12.685017416944985], [74.89818579734104, 12.683753878797747], [74.89863740019732, 12.682639578763693], [74.89925936046235, 12.681463527873234], [74.89983500269307, 12.680448213030324], [74.90037881491828, 12.679221877689201], [74.90105559397524, 12.676888121760472], [74.90202763938464, 12.674552022799256], [74.90270692024966, 12.672976931940585], [74.9031341374392, 12.672111647154116], [74.90387163272791, 12.670704733310835], [74.90423991055337, 12.669662191862164], [74.90502182573621, 12.667703892923477], [74.90602601735804, 12.66545773589046], [74.90796006591023, 12.661873086017748], [74.90847580039295, 12.660764279561782], [74.9118368775712, 12.6528194477389], [74.91204675725926, 12.652278531017561], [74.91239868125497, 12.651642756155915], [74.91269323883661, 12.650799249423162], [74.91284598477428, 12.650360786133184], [74.9131027089094, 12.649670498051373], [74.91327478389705, 12.649192240040483], [74.91352615586975, 12.648673755272728], [74.91378953652114, 12.648168317267883], [74.91435610217421, 12.64725789261446], [74.91449495925924, 12.646887799722546], [74.91482054375251, 12.646203185623712], [74.91520544849558, 12.645373212880163], [74.9155861679877, 12.644669817740917], [74.91589125202788, 12.64422757134259], [74.91615178052825, 12.643777463448902], [74.91635568552135, 12.643307576681801], [74.91647334506061, 12.642856068218379], [74.91647966111536, 12.642350382034278], [74.91670824552426, 12.64164626331509], [74.91707589363071, 12.64059018239964], [74.91743085303374, 12.639466689006031], [74.9177615902635, 12.63856839808058], [74.9189031953777, 12.636219374903101], [74.91936378138679, 12.634946036103106], [74.91979197324842, 12.63392239370439], [74.91990184888577, 12.633104892315238], [74.92020859121595, 12.63217939394207], [74.92065036111312, 12.631070403316963], [74.92110621479732, 12.630136429838029], [74.92140925606851, 12.629035306436995], [74.92159147034073, 12.628493054283899], [74.92192070199405, 12.627848265908028], [74.92238134639366, 12.626775308865051], [74.9227094398815, 12.626265165834152], [74.92318637163551, 12.625706909987173], [74.92343119668642, 12.625292264538526], [74.92437141388696, 12.622910727171549], [74.92488838804475, 12.621502121232618], [74.92528014064523, 12.620152989174205], [74.92569540305497, 12.61877219800614], [74.92634282516846, 12.616930872923463], [74.92694294828726, 12.615450557463555], [74.92730072929864, 12.6146521295107], [74.92769126917347, 12.613618756789347], [74.92801569573831, 12.612142957034209], [74.92811325816808, 12.611812738158404], [74.92831994793855, 12.611827465718765], [74.92859088431979, 12.612140781215238], [74.9288143743827, 12.612570602412184], [74.929009510022, 12.613081652008848], [74.92936562825174, 12.613915306235434], [74.9298227835948, 12.614576242200823], [74.9302766933247, 12.615120433146418], [74.9307202167333, 12.61559733038224], [74.93117922709739, 12.615974253658994], [74.93196527992045, 12.616198654107617], [74.93202474030741, 12.616343073735877], [74.9319413155636, 12.61644196052459], [74.93159538243256, 12.616513183639496], [74.9314245578998, 12.616743586734454], [74.9314609639233, 12.616910637833994], [74.93161165271898, 12.617028995070127], [74.93192390621343, 12.617210784630208], [74.93218471768313, 12.617654898502769], [74.93242159983026, 12.618183856037], [74.93257619809403, 12.61858651036119], [74.9330794163499, 12.619293859795308], [74.9335095970816, 12.619919506977936], [74.9341465017197, 12.620762484473222], [74.93444328083507, 12.621066884441248], [74.93476041667307, 12.621333802048573], [74.93535166803015, 12.62201040045565], [74.93566669821715, 12.622499066410096], [74.936009339921, 12.62319170617446], [74.93609481821355, 12.6235037989282], [74.93621346769629, 12.62379828480139], [74.9362804766266, 12.624201152946792], [74.93635116236135, 12.624938117544586], [74.93633086852078, 12.625583441842764], [74.93641972717373, 12.626280556142225], [74.93666173870118, 12.626596971098548], [74.93698366705124, 12.62683809018097], [74.93744710071975, 12.627219750635152], [74.93775290880207, 12.627618542524615], [74.93792620460016, 12.628084381141436], [74.93808590439643, 12.628387683679946], [74.93831840186667, 12.628913036433767], [74.93845575247697, 12.629157508885037], [74.93872537821625, 12.629745815975221], [74.9389843705975, 12.630339259330045], [74.93930304974117, 12.631208440103576], [74.93952636912418, 12.631665426687386], [74.93964503028499, 12.63198255552244], [74.93982802878648, 12.632236070370512], [74.94005247914842, 12.632467856557], [74.94022743772807, 12.63267569642127], [74.94050603943369, 12.632930524557649], [74.94081324978612, 12.633324858963807], [74.94111126408501, 12.633718740453864], [74.94136638652398, 12.634162578474257], [74.94173787402997, 12.634562341284981], [74.9420174423228, 12.63493380632013], [74.94209880633133, 12.635214009505033], [74.94207481322842, 12.635367904527886], [74.94201441679694, 12.635602640125246], [74.94200285907249, 12.63603221328362], [74.9420551805479, 12.636790936691387], [74.94213677003357, 12.637111902855882], [74.94239370617112, 12.637407545884177], [74.94271941283526, 12.637597907664931], [74.94295866383985, 12.637743260132972], [74.94304506380385, 12.637789396549115], [74.94314647551461, 12.637789861997963], [74.94319351309949, 12.637703885429163], [74.94317943919395, 12.637618295390885], [74.94310200980634, 12.637554489402953], [74.94278463860974, 12.637358879667216], [74.94250457893844, 12.637154919731476], [74.94229951152536, 12.636769010545384], [74.94229145633223, 12.636407519881617], [74.94227230335204, 12.63565382678332], [74.94227326275278, 12.63536409412235], [74.94236525652607, 12.635278068526649], [74.94261370358421, 12.635401234836012], [74.94301722680983, 12.635738052677867], [74.94359416351284, 12.63631319452311], [74.94411248963516, 12.636704336555734], [74.9447426488238, 12.636982126398681], [74.94544217142715, 12.637007506149923], [74.9463389425073, 12.637007500014047], [74.94723280214761, 12.636816043853038], [74.94785949653419, 12.63673255637319], [74.94887636428298, 12.636682979286691], [74.94962293075943, 12.636486526513565], [74.94997810845308, 12.636347789578906], [74.9499402938712, 12.635507153905104], [74.94977986643956, 12.635240045975475], [74.94815012847806, 12.635283243737536], [74.94767211155919, 12.63529934001019], [74.94700943964546, 12.635342569318366], [74.94667733607818, 12.63527755135618], [74.94642078980944, 12.635064569948378], [74.94584691905649, 12.634768052030656], [74.94505707264798, 12.634434865387648], [74.94478114612532, 12.634308087171245], [74.94446424834085, 12.634035534523807], [74.94378018933685, 12.633684910283963], [74.94333422161235, 12.633524854617683], [74.94260964769067, 12.633109972900831], [74.94205327881444, 12.632741858967595], [74.94173290005824, 12.6323570668814], [74.941253109865, 12.631595411325284], [74.94109753064093, 12.6313466459943], [74.94101547582795, 12.631102633207938], [74.94092864197762, 12.63090705885717], [74.94075116182694, 12.630658346327593], [74.94039398089019, 12.630023847426447], [74.94004805135239, 12.62914653847223], [74.93986625210181, 12.628598784243446], [74.93972984112929, 12.628223055940154], [74.9395929621345, 12.627901635939745], [74.939126306209, 12.627131575534964], [74.93894426441331, 12.626701530718396], [74.93881318943359, 12.626063460407766], [74.9387145616019, 12.625625076517409], [74.93860948835807, 12.625222596316144], [74.93850467921892, 12.624972938547916], [74.93832817553695, 12.624457144006591], [74.93819244548742, 12.623842617939312], [74.93802862422064, 12.62346214725289], [74.93790486512059, 12.6231096843073], [74.9377961051908, 12.622779466430558], [74.93768693922252, 12.622479790765672], [74.93755099357733, 12.622140311619264], [74.9373219195866, 12.621841518824795], [74.93710093133177, 12.621655181211526], [74.93682137381872, 12.62144218845834], [74.93649160407458, 12.621084100161509], [74.93630475269883, 12.620635712628207], [74.93621904623419, 12.620328138814154], [74.93615109856444, 12.620033891768662], [74.93608821200297, 12.619730838803276], [74.93583079975829, 12.619468001916843], [74.93546832055799, 12.619163763097358], [74.93524506944698, 12.61881884803576], [74.93522295831455, 12.61841706806516], [74.93509211240523, 12.617910321925766], [74.93487231441812, 12.617565577869287], [74.93467184188776, 12.617158401198234], [74.93444347487119, 12.616846059634307], [74.93416355893032, 12.616482505289136], [74.93402050940786, 12.615515614654067], [74.93330702788332, 12.61542723389612], [74.93277815464127, 12.615424921351046], [74.9323438308795, 12.614903209598683], [74.93224659184325, 12.614821446310925], [74.93208159647838, 12.614689933334619], [74.93205051387123, 12.614621619250466], [74.93205949343083, 12.614558676267004], [74.93210123005724, 12.614531306088676], [74.93222544729808, 12.614513663884837], [74.93231735123987, 12.61454196592402], [74.9325012938707, 12.61450576280704], [74.93266696297204, 12.61444375691422], [74.93286561910892, 12.614412806560075], [74.93307784789143, 12.614341778349724], [74.93325697555234, 12.614241951876703], [74.93332608384544, 12.614152545019007], [74.93335489910481, 12.614062284289718], [74.93331778520886, 12.613976695106524], [74.93321779463291, 12.613858576656794], [74.93314888756238, 12.613808771595185], [74.93296869270291, 12.613794226488615], [74.93286821793502, 12.613798325627945], [74.93265600352558, 12.613801442060826], [74.93257299829502, 12.6138245141825], [74.9324895744495, 12.61392340019077], [74.93237966377785, 12.613976837121077], [74.93227826913511, 12.613976362862564], [74.93223171484384, 12.61396274874992], [74.93218654934796, 12.613899398846609], [74.93215916151159, 12.6137588280158], [74.93212463566198, 12.61339718911731], [74.93224468561822, 12.613235591905498], [74.93243736167027, 12.61320887467936], [74.93261758437748, 12.613087599108601], [74.93290865380091, 12.612826908421626], [74.93311215545043, 12.61270111974026], [74.93326062091577, 12.612434528006832], [74.93349271683907, 12.61188456656625], [74.93368677719498, 12.611537598245963], [74.93389194521933, 12.611108551144143], [74.93417980496223, 12.610482110104037], [74.93424043495571, 12.610242880563682], [74.93451863780932, 12.609602382107687], [74.93476089098354, 12.609078957791649], [74.93487174398793, 12.608894271264745], [74.93509902583966, 12.608505931449582], [74.9351822430726, 12.608253104056953], [74.9353868873792, 12.607811583677037], [74.9355309088788, 12.607586654268966], [74.93561413868818, 12.607265915814338], [74.9357724847233, 12.606963594648263], [74.93596237060807, 12.606743190680271], [74.93630785278488, 12.606477259882682], [74.93653878089833, 12.606220395223467], [74.93671113795696, 12.605982148822651], [74.93687362612386, 12.605643813760809], [74.93701214634068, 12.605300902072386], [74.93710570767414, 12.605025948031244], [74.93718111585234, 12.604700298800939], [74.93716937038, 12.60416322791883], [74.93722128851185, 12.603733425051027], [74.93732958940252, 12.60330527047794], [74.93743196051398, 12.602925491649666], [74.93751127277041, 12.602613620157586], [74.93764122755098, 12.60225783835817], [74.93771849434353, 12.601467102440353], [74.93779456817336, 12.600925310885847], [74.93794345405023, 12.600424459998282], [74.93801908770557, 12.600094298782421], [74.93811243254508, 12.599710684096083], [74.93805830006605, 12.599326591919901], [74.93801823879761, 12.599005445111924], [74.93802036061832, 12.598693168204768], [74.93808948058957, 12.598467947623353], [74.93857180942179, 12.597688128817538], [74.93861377332199, 12.59763360577881], [74.93871953737025, 12.597548273237283], [74.93897713466787, 12.597513430970954], [74.93906029800196, 12.597509605974878], [74.93918844447384, 12.597617783294586], [74.9393492186552, 12.597831696220027], [74.93943609742128, 12.597958212839231], [74.93945844570891, 12.598017035962252], [74.93954137817595, 12.598017727668852], [74.93966653774953, 12.59775565489058], [74.93979164252588, 12.59747207489636], [74.93994031550203, 12.597155701976014], [74.93990022189428, 12.59701564534305], [74.93973868414496, 12.596906954904748], [74.93956979727828, 12.596761684448506], [74.93945509858615, 12.596660961282836], [74.93945579028892, 12.596286366143433], [74.9394521440272, 12.596086987521007], [74.93943506795193, 12.595766977235712], [74.93952841997798, 12.595653869474662], [74.9396889875468, 12.595713844227669], [74.93981253823769, 12.595799158092406], [74.94007376922066, 12.596031599720988], [74.9402710365621, 12.596252966743585], [74.94027905851759, 12.596411814836175], [74.94017259737664, 12.596555968584084], [74.94008963706182, 12.59673636645851], [74.94017674938985, 12.596835730722308], [74.94080763172235, 12.596779661894386], [74.94099125365462, 12.596794367524836], [74.94132097758471, 12.597152417016064], [74.94184793651688, 12.597597145155891], [74.94187972969142, 12.597922409778512], [74.94184169771725, 12.598215939672777], [74.94166515900099, 12.598491328842782], [74.94153470745205, 12.598811998501516], [74.94138655729539, 12.59909557701356], [74.94125102757016, 12.59953823281174], [74.94126413488847, 12.599913511394407], [74.94132148692947, 12.600347560291809], [74.94140764434837, 12.60071398849693], [74.94153507396467, 12.601039439403683], [74.94160761202556, 12.601401801472399], [74.94163366586375, 12.601681514488419], [74.94171151206965, 12.601894737586534], [74.94179309616541, 12.602102484803028], [74.94179586207817, 12.602454619860376], [74.94175299177789, 12.60282035335933], [74.94173381454318, 12.603083124925567], [74.94169671052872, 12.603313323565105], [74.94158495292085, 12.603493439656457], [74.94126165823324, 12.603866866185493], [74.94099290745308, 12.604232791412176], [74.94096390175086, 12.604484894263239], [74.94097725251258, 12.604765115886185], [74.94116364934078, 12.605131959449968], [74.9412684459035, 12.605404236926871], [74.94150139432806, 12.605807328637036], [74.94177216901257, 12.60616927456344], [74.94188458149227, 12.606653581326647], [74.94180992340735, 12.607032468329004], [74.94177166775265, 12.607262612574212], [74.94175779417137, 12.607421519592318], [74.94182623321964, 12.607525625048039], [74.94209357633976, 12.607390521926748], [74.94226894275457, 12.60736407059418], [74.94232767370954, 12.607432611038142], [74.94241524058513, 12.60763612916507], [74.94252932482958, 12.607681362796415], [74.94264934693804, 12.607610308172742], [74.94270953496041, 12.60753743797655], [74.94282197349123, 12.607005348070178], [74.94295774127004, 12.606512890799848], [74.94317550996288, 12.60615236993121], [74.94345662515464, 12.606153763820457], [74.94419998913709, 12.606423527706864], [74.94461361571473, 12.60667365767486], [74.94479174085579, 12.607089892855127], [74.94501086510641, 12.60738024752223], [74.94515121339484, 12.607949685608762], [74.945241089839, 12.608582287813604], [74.94541529563045, 12.608646324573627], [74.94594414102474, 12.608671226730971], [74.94611025209721, 12.608645447922251], [74.94623451066056, 12.60871721234619], [74.94633980039839, 12.608799360679418], [74.946454523345, 12.608809535965461], [74.9465937433494, 12.60872357595659], [74.94672233269075, 12.608597479308399], [74.94683728919934, 12.608580500321047], [74.94738964619957, 12.608573730817408], [74.94804846973064, 12.60835488429268], [74.94856951056173, 12.608239043423783], [74.9492638346145, 12.608227933603194], [74.94948529807813, 12.608178842795352], [74.94977171602498, 12.608053717210973], [74.95020494024887, 12.60780678311852], [74.95069438373817, 12.607451693198026], [74.95088908369452, 12.607113794898616], [74.95099967978071, 12.606956250014807], [74.95150868139038, 12.606307842009965], [74.95196773577192, 12.605599253045956], [74.95216196590938, 12.605315659813668], [74.95229146704075, 12.60519413240987], [74.95246200590923, 12.605081413664056], [74.95266409091553, 12.60507324315955], [74.95326642838155, 12.605216048111659], [74.95389664416406, 12.605309289105314], [74.95405332472265, 12.605287565400687], [74.95409022841284, 12.60521920585212], [74.95409919898925, 12.605133627740413], [74.95404069261312, 12.605060577123707], [74.95340169400207, 12.604777888889693], [74.95278573897471, 12.60460838222674], [74.95227484551306, 12.60450289571405], [74.95198149257217, 12.604470357393797], [74.9518614830401, 12.604496147142646], [74.95176445870123, 12.604568338788246], [74.95172203396531, 12.604677172380772], [74.95174047098817, 12.604858040568118], [74.95168378729376, 12.605043136776825], [74.95150316303958, 12.605534523837946], [74.95127506282266, 12.606007731527479], [74.95110428410399, 12.606238148457697], [74.95066553344448, 12.606684015390243], [74.95030973681159, 12.606904199368186], [74.95013925543529, 12.606970514102844], [74.94972996143227, 12.607019419290944], [74.94959656071427, 12.606991351364503], [74.94944954512982, 12.60689130636861], [74.94927971862535, 12.60669619655396], [74.94907851306971, 12.60648369631141], [74.9488861550213, 12.60632369639407], [74.94872482298614, 12.606278407293468], [74.94818673662252, 12.606208917994895], [74.94799321884909, 12.606162043872997], [74.94783281207869, 12.606076052292604], [74.94759867608134, 12.605854007328478], [74.94740259271943, 12.605608934021907], [74.94716893193089, 12.605264673102536], [74.94675348177324, 12.60432743630614], [74.94673182429005, 12.6042324275956], [74.94667189138924, 12.604097053600944], [74.94661293585546, 12.603965123084256], [74.9464702977614, 12.603824545048003], [74.94636478434306, 12.603724277018499], [74.94587881374065, 12.603378915100226], [74.94514052074798, 12.602626118870058], [74.94506288295123, 12.602544200875615], [74.94503658117804, 12.602359549088346], [74.94498312243547, 12.601939272645353], [74.94493821026452, 12.601667686690234], [74.94483847121685, 12.601363974647166], [74.94469258930629, 12.600993475204092], [74.9443174618268, 12.600486058122009], [74.94408800605208, 12.600195199441936], [74.94399327421382, 12.599861175272471], [74.94397717011572, 12.599047736361234], [74.94394750864335, 12.598635426190258], [74.94391546843211, 12.598405222472646], [74.94382469906253, 12.598106480888452], [74.94356939606214, 12.597735124595715], [74.94324403255446, 12.597381821440704], [74.94279337203092, 12.59709025525576], [74.94242702019343, 12.59684019132996], [74.94168787110631, 12.59642123227451], [74.94144408899946, 12.596320942938393], [74.94118231992566, 12.596211844542923], [74.94069202752841, 12.595816457920373], [74.94045286545708, 12.595580577694868], [74.9402657706379, 12.595363107885804], [74.94013718938139, 12.595105512319334], [74.94013125151736, 12.594477069227963], [74.94020572454937, 12.594169493812565], [74.94030318187622, 12.593885685416529], [74.94083713598951, 12.592793778115317], [74.9409392196401, 12.592690155001298], [74.9410677874219, 12.592654611586726], [74.94126198881327, 12.59259740300323], [74.94137746364977, 12.592479725325862], [74.94149703121073, 12.592281892885733], [74.94158992779087, 12.59210991002734], [74.94175673236275, 12.591934776163233], [74.94179341057577, 12.591848302880619], [74.94177125183265, 12.591672916345578], [74.94174017281877, 12.591581973508513], [74.94166645257498, 12.591491194583954], [74.94162200393473, 12.591255856571129], [74.9416494393818, 12.59110215333412], [74.94180681613474, 12.590931082341873], [74.94193608011088, 12.590836720940684], [74.94198235592442, 12.590742797861074], [74.94195541185579, 12.590683749507718], [74.94190473878895, 12.590570338792196], [74.94180912211009, 12.590479612989173], [74.94158358119341, 12.590293077221698], [74.94130548973088, 12.589871934092935], [74.94123707224222, 12.589677292642124], [74.94112304548995, 12.58933779983657], [74.94111982413135, 12.588972076038017], [74.94117124010492, 12.588709772206148], [74.9412237466333, 12.588448654308824], [74.94125306674587, 12.587987202614574], [74.9413039500185, 12.587825600779215], [74.94165860399434, 12.5877174447543], [74.94178320930743, 12.587623986072758], [74.9418763304664, 12.587470124602977], [74.94198303145751, 12.587185646867693], [74.94205836956715, 12.58679323772099], [74.94206297702623, 12.58672555884162], [74.94206321687642, 12.586653136853698], [74.94204523709601, 12.586599057723078], [74.94199478770966, 12.586549037826767], [74.94194456469874, 12.586517138992402], [74.94186232932438, 12.58650290182173], [74.94179227420693, 12.5865209536317], [74.94170956542041, 12.58660628984197], [74.94163925877471, 12.586764669599795], [74.94145469630631, 12.586994382278693], [74.94122404217902, 12.587224087738129], [74.9408448049071, 12.587633214461542], [74.94063649188091, 12.58794437649426], [74.94044224916703, 12.5883184788259], [74.94038625448042, 12.58844474238221], [74.94031639699237, 12.588661998000482], [74.94031527409827, 12.588864530692792], [74.94027281702299, 12.589154438711558], [74.94017052855652, 12.589487801755382], [74.94003572017847, 12.58975844674425], [74.93994747866812, 12.589929525532215], [74.93980295321363, 12.59023251292572], [74.93972416826826, 12.59055684968282], [74.93957455745095, 12.591027091926206], [74.93952320615605, 12.591220360300214], [74.93944461165354, 12.591428132823376], [74.93935565777915, 12.591725937972045], [74.93935261967687, 12.592394676875717], [74.93933806696926, 12.592476581455763], [74.93930603394453, 12.592607422878785], [74.93928251605043, 12.592684358221607], [74.93925882927297, 12.592742043713653], [74.93921365299735, 12.592769245261795], [74.9390933730724, 12.592732759399484], [74.9389284001654, 12.592578627461387], [74.93874062352492, 12.592352069791273], [74.93861278876844, 12.592125070936966], [74.93852661428154, 12.59193973657999], [74.93852706793074, 12.591637570926373], [74.9385192894187, 12.591406302737223], [74.93857943072865, 12.591244024481378], [74.93866284289606, 12.59109987037772], [74.93881150509245, 12.590828777050662], [74.93899306269621, 12.590409908120046], [74.93903041015413, 12.590107297923417], [74.93909266160668, 12.589678023823453], [74.93909249901162, 12.588553025224988], [74.93923698853348, 12.58811535654562], [74.9393722829001, 12.58767723473059], [74.93963684753106, 12.587076849686948], [74.93993918721804, 12.586345908885425], [74.94033756399541, 12.58553934451145], [74.9406023415271, 12.58500235185637], [74.9407878355484, 12.584686673710028], [74.9410380612708, 12.584208948311643], [74.94133166035006, 12.583423256728564], [74.94154109537202, 12.58284166429081], [74.94188534865353, 12.581830989343011], [74.9423372048347, 12.580585685933642], [74.94258354264853, 12.57986784282329], [74.94289646898115, 12.578816020658524], [74.94320727259469, 12.578121726643714], [74.94343588395307, 12.577547877994602], [74.94377409516594, 12.576835697276028], [74.94396074711568, 12.576316369826165], [74.94430838524916, 12.575532223498834], [74.94466205467148, 12.574742717729647], [74.944995472474, 12.5741242383582], [74.94518071945862, 12.573745179123325], [74.94540949700533, 12.573100045210364], [74.9456610980484, 12.572323624854755], [74.94587004259022, 12.571705810394002], [74.94612597890287, 12.571183111000648], [74.9465651248211, 12.570434035189509], [74.94729221941542, 12.569528247698976], [74.94746774662867, 12.569113630625433], [74.94769419664046, 12.56799420598935], [74.94789074263473, 12.567099653896978], [74.94800824317221, 12.56655769685077], [74.94833306589412, 12.565926356204393], [74.94857910816222, 12.565303586475693], [74.94883067147607, 12.564595081565969], [74.94899373097151, 12.564063292792518], [74.94921213746821, 12.56334976387278], [74.94951874145784, 12.562623601668541], [74.95000640628285, 12.561712834421964], [74.95035544399157, 12.560515724133825], [74.95074862581163, 12.559017502895962], [74.95114848480921, 12.557998308829486], [74.9515849959687, 12.556983185343375], [74.95191484656125, 12.556184621057277], [74.95229561096916, 12.555223341168647], [74.9525851245105, 12.554379792331813], [74.95311447835121, 12.553034277645244], [74.95352028868757, 12.551829803556352], [74.95374808078239, 12.551021703335598], [74.95404612921723, 12.550304195041754], [74.95434256068457, 12.549708825960954], [74.95456480298753, 12.54939384540422], [74.95463874870849, 12.549321663675768], [74.95473113504558, 12.549271889057678], [74.95481794733631, 12.549241077279664], [74.9548640210289, 12.549308977352808], [74.95486838414624, 12.549381615925626], [74.95491445604222, 12.5494721484262], [74.95501028562177, 12.549513073802446], [74.95523647961369, 12.549459692723124], [74.95563221624245, 12.549379568472174], [74.95598577517197, 12.549494273190657], [74.9562339051248, 12.549688665364974], [74.95635713511716, 12.549870126455422], [74.9564626090096, 12.55010616352282], [74.95653033569384, 12.5504048495772], [74.95650066972989, 12.55094204780794], [74.95639770034043, 12.551290055553254], [74.95602553819968, 12.552241569819108], [74.95571416325761, 12.55299464266269], [74.95536706052003, 12.553499262648323], [74.95493629588341, 12.554131038902389], [74.95433580625196, 12.554747679425944], [74.95411884424621, 12.55498144540186], [74.9538638376899, 12.555374033784714], [74.95367840924557, 12.555734964425229], [74.95363214870338, 12.555896778472908], [74.95358927211487, 12.556150423786992], [74.95357500596984, 12.55645300559405], [74.95357361986936, 12.556593262346318], [74.9535406849361, 12.556810052124561], [74.95353358375378, 12.557401559890659], [74.95359739378337, 12.557799646657383], [74.95370131269208, 12.558134071016744], [74.95377363605559, 12.558387725523431], [74.95387451416704, 12.558668812036863], [74.95408392134121, 12.559058217193792], [74.95430879211474, 12.559347666081464], [74.95456934127637, 12.559683002949813], [74.9561609071265, 12.560891797160581], [74.95616370807356, 12.561266518468198], [74.95611808623353, 12.561280118717681], [74.955998514181, 12.56134327205541], [74.95586377137997, 12.561478105686065], [74.95585457532638, 12.561522921322466], [74.95588197843414, 12.561640830635382], [74.95602849186035, 12.561727250959445], [74.9562443606164, 12.561741258901955], [74.95639731316655, 12.561723882249076], [74.95651136417334, 12.561791730803074], [74.9566032375724, 12.561842645483994], [74.95664246520421, 12.562293849528766], [74.95668831162307, 12.562434167979584], [74.9568251106678, 12.562666096193347], [74.95709997987336, 12.563014584350658], [74.95733865236288, 12.563327343062651], [74.95757594504015, 12.563667193794267], [74.95800216060816, 12.564120445480436], [74.95821268438823, 12.564352602772148], [74.95847348328152, 12.564660789966272], [74.95886373749212, 12.565005894477165], [74.95921670263522, 12.56538198373298], [74.95946739098999, 12.565753047509709], [74.95964131650709, 12.566025278213273], [74.95988482732274, 12.566311112118992], [74.96014103762154, 12.56650590280115], [74.96043936633076, 12.566755952437912], [74.96085704071704, 12.566992626344085], [74.96114571882521, 12.567160719914352], [74.9616426327044, 12.567357147800912], [74.96219901954699, 12.567516887936462], [74.96246919775014, 12.567595796564971], [74.96269455720714, 12.567649870052753], [74.96297973188565, 12.567683115351892], [74.96344464058792, 12.567602965213263], [74.9640479715906, 12.567542059753878], [74.96435630214222, 12.56750514330867], [74.96496365310581, 12.567433113963915], [74.96531473178685, 12.567325866474913], [74.96581578240793, 12.567282564317532], [74.96634470326066, 12.56732550698996], [74.96674991262408, 12.567354452540886], [74.96702520583449, 12.567423419272519], [74.96765871843412, 12.56774309663997], [74.96770359467244, 12.567744166325152], [74.96804905349303, 12.567905978953096], [74.9684026726097, 12.568088560880327], [74.96921048532387, 12.568718947531043], [74.96961916038767, 12.568974394268679], [74.9698251674385, 12.56913728106211], [74.97008202991422, 12.569364906978434], [74.9705923556406, 12.5695925186646], [74.97104137224716, 12.569825042770052], [74.97120680778652, 12.569902192738434], [74.9715795655103, 12.570003092117163], [74.97196105665526, 12.570090839709838], [74.97219033186857, 12.57015867115006], [74.97249833633175, 12.570309582099439], [74.97282370792428, 12.570617519282106], [74.97303011562376, 12.570704597681011], [74.97346717924712, 12.570832412156555], [74.97359595184481, 12.570860229772784], [74.97380236223921, 12.57094730808944], [74.97393579439826, 12.571019489885726], [74.97407307943153, 12.571129207474813], [74.97420168763753, 12.57122831248141], [74.97429823227604, 12.571323583295621], [74.97447286836054, 12.571423814010922], [74.97467031177179, 12.571483290278316], [74.97484907561501, 12.571479606932378], [74.97500180717962, 12.571466725304099], [74.97527319361684, 12.571408733419092], [74.97538328395153, 12.571350755549455], [74.97552192723752, 12.571229671489231], [74.97573458002486, 12.57110316185945], [74.97555630576345, 12.57082507613328], [74.97506830137527, 12.57099693384373], [74.97479139389229, 12.570982224981583], [74.97451125966083, 12.570894929235212], [74.97416262170245, 12.57068204950244], [74.97395643678516, 12.570545188320043], [74.97367630345202, 12.570435256546768], [74.97339496996965, 12.570394298551811], [74.97303651432351, 12.570261286291519], [74.97269253233321, 12.570024866155622], [74.97246186922278, 12.569848324015233], [74.97226672010879, 12.569698421973841], [74.97177115280418, 12.569384399675053], [74.97113205448014, 12.569128972634289], [74.97071803803368, 12.568955881788808], [74.97030539600959, 12.568687795258647], [74.9692129197583, 12.568059290122989], [74.96885969500207, 12.567755638259996], [74.9683551184935, 12.56739250094665], [74.96793237491404, 12.567164653208213], [74.9674829127431, 12.566941152411834], [74.96698736879472, 12.566695017843616], [74.96671614944415, 12.56645536694264], [74.96642752074334, 12.566195621398936], [74.9660560925262, 12.565887676287451], [74.96576212513767, 12.565732914475156], [74.96545436860956, 12.565600109357113], [74.96512863050438, 12.565549033212589], [74.96478260933839, 12.56551167194419], [74.96452088158712, 12.565447895349495], [74.96407097385178, 12.56539185035398], [74.96384062066011, 12.565458624738099], [74.96352620581908, 12.565615199057822], [74.96331424024297, 12.565705509275856], [74.96307515273178, 12.565853333882323], [74.96280682056653, 12.566123076130769], [74.96264576161921, 12.566231728749274], [74.96246148930669, 12.56627586754724], [74.96236495634625, 12.566271125833692], [74.96217125980804, 12.566228792358487], [74.96201043082947, 12.56610659147632], [74.96182770900913, 12.565939179364943], [74.96165837567976, 12.56573507928937], [74.96148858241294, 12.565517376396704], [74.96124989734702, 12.565385692593468], [74.9610119596794, 12.56521669826589], [74.96069495858866, 12.565084560126106], [74.96046966291205, 12.564893552639356], [74.96031894896358, 12.564685840187991], [74.96015375686767, 12.564445728846204], [74.96002660303415, 12.564182588919994], [74.95990812962121, 12.563726358837362], [74.95981780761265, 12.563418631722966], [74.95971760503429, 12.563078730684783], [74.95929276838021, 12.562462592379859], [74.9591777983969, 12.562254372921947], [74.95913746493895, 12.562096220050302], [74.95912936752497, 12.561915886394404], [74.95918441359065, 12.561785053884007], [74.95924917044454, 12.561667147267666], [74.95930973216602, 12.56156374657878], [74.95931892821962, 12.561473663753931], [74.95926503379413, 12.561378219187047], [74.95900354679135, 12.561219382738885], [74.95868638310557, 12.561158529252765], [74.95822586267346, 12.56108496984325], [74.95784417659408, 12.560979070876636], [74.95755068980425, 12.560769998830127], [74.95712930896906, 12.560402993658176], [74.95687247973105, 12.56028851914497], [74.95607792704875, 12.559739075494274], [74.95574296234729, 12.559507590064676], [74.95531263249526, 12.559022448165747], [74.95528708261195, 12.558642084744983], [74.9553616751199, 12.558331151141457], [74.95553239005817, 12.558032865352061], [74.95563926891573, 12.557789154568754], [74.95593889030066, 12.556679019730232], [74.95606485656138, 12.556060540737196], [74.95608461590437, 12.55474540316111], [74.9562057465339, 12.554334913195358], [74.95628935363571, 12.554073087825884], [74.95636813049624, 12.553883449673862], [74.95672930264779, 12.553509656705845], [74.9571404597567, 12.553036474132643], [74.95735695374019, 12.552834369154786], [74.95778397060542, 12.55214016366961], [74.95790951465797, 12.551846451342252], [74.95800644287712, 12.551684865357824], [74.9581273884537, 12.551436192623614], [74.95822891694543, 12.551139036988612], [74.95819853143097, 12.550785605728429], [74.95813011304396, 12.550500465693725], [74.95801699359012, 12.550256132226334], [74.95769124740012, 12.54982141731885], [74.9575410724408, 12.549603552768765], [74.95752769023802, 12.549459178010157], [74.95752861370613, 12.549305322625424], [74.95752925061169, 12.549134478092093], [74.95749863962006, 12.54874029921895], [74.95745808517655, 12.548496138575192], [74.95744884061395, 12.548338387614862], [74.95745505246416, 12.548103316100866], [74.9576227104355, 12.547661172310743], [74.95787677196417, 12.54730928042694], [74.95822361958021, 12.546809179053472], [74.95847348597648, 12.546358630052904], [74.95901613129016, 12.545429087623937], [74.95928397387358, 12.545055240288358], [74.95957646173683, 12.544627155380613], [74.95982218420471, 12.544122086580916], [74.96002573615988, 12.543698684377901], [74.96025812583231, 12.543274437048545], [74.9604108322441, 12.542854195466518], [74.96055589578943, 12.542425657061699], [74.96067102657118, 12.54217783560127], [74.9608400454902, 12.541550183793447], [74.96096276164623, 12.540768622618698], [74.96114114280712, 12.539821192578147], [74.9612986677821, 12.539441930213341], [74.96148933969273, 12.539067689232608], [74.96158723090588, 12.53863797037189], [74.96170419604745, 12.53815034611662], [74.96191278755137, 12.537740776736047], [74.96222782941643, 12.537321727471925], [74.96249610678447, 12.536848327493065], [74.96254792161004, 12.536554399544073], [74.9626478169646, 12.535904124933367], [74.96273340485159, 12.534991754869056], [74.96278636502917, 12.534381045770095], [74.96287149657205, 12.533952968553937], [74.9631096013263, 12.533076386142477], [74.96325458492159, 12.532332151322974], [74.96330180486449, 12.532241682950778], [74.96342157634302, 12.532128751558254], [74.96348626043334, 12.532102508197742], [74.96361131670068, 12.53195362769605], [74.9636615217453, 12.53184972663174], [74.96368547622066, 12.531809036092564], [74.96369512682173, 12.531732563958412], [74.96365824469112, 12.531665122262496], [74.96357098324273, 12.531478655194304], [74.96353961676797, 12.531438640697813], [74.9635262893624, 12.531383671287267], [74.96352559855794, 12.531306692169926], [74.9635267466049, 12.531238854873704], [74.96352628576915, 12.531179991038018], [74.96354030218254, 12.531130891647118], [74.96358177650089, 12.531085403387001], [74.9638079363568, 12.530964119736018], [74.9638815793455, 12.53089758018631], [74.9639096687661, 12.53082088329107], [74.96387284412766, 12.530729681285681], [74.96385072491042, 12.530530572769623], [74.96385164209033, 12.530444619893869], [74.9638702533864, 12.530350483586082], [74.9639581984527, 12.53020656981867], [74.96396944895332, 12.529691134731474], [74.96396577125053, 12.52962758690755], [74.96394755970478, 12.529555405778758], [74.96385472870166, 12.529501056826991], [74.96379050634536, 12.529495640083459], [74.96374052947284, 12.529527132083459], [74.96370342186508, 12.529599991957056], [74.96368780465387, 12.530065423528805], [74.96370532898841, 12.530286936801563], [74.96363076792153, 12.53041679790901], [74.96346400916377, 12.53063831175676], [74.96315495906161, 12.530962598286045], [74.96290949980012, 12.531236824814338], [74.96278795055565, 12.531769475011739], [74.96255581869973, 12.532347613907689], [74.9623695844666, 12.532951772925472], [74.96222016948202, 12.533443451317972], [74.96193759452794, 12.533790539157499], [74.96176514134959, 12.534372744989142], [74.96176468231047, 12.534449668822704], [74.96173774003846, 12.53457168567921], [74.96158022225002, 12.534747261121657], [74.96128012026644, 12.535076514518043], [74.96119561574766, 12.535265861359473], [74.9611168550568, 12.535455490423951], [74.96103326951457, 12.53573993419741], [74.96098587529848, 12.535992209484512], [74.96089395878029, 12.536123482155254], [74.96084306023629, 12.536173033951636], [74.96081956480003, 12.536227327128854], [74.96078274016159, 12.536317175888682], [74.9607765345996, 12.536574870713075], [74.96063860277931, 12.536705013643811], [74.96063377702961, 12.536754566205294], [74.96061878324922, 12.536822855405143], [74.96058632442303, 12.536940076270167], [74.96044862167314, 12.5370657038807], [74.96025008141893, 12.537209843564577], [74.96023560416981, 12.537313237376418], [74.9601982630001, 12.537390612809766], [74.9601100789819, 12.537516411194966], [74.96004119706423, 12.53771557920405], [74.9600110900275, 12.538103363994434], [74.95987154393463, 12.538514061356956], [74.95950651172228, 12.539032494419475], [74.95928360556431, 12.539428911063208], [74.95917145898594, 12.53984435026692], [74.95878728726818, 12.54046708077367], [74.95846216450894, 12.541377876738085], [74.95838293669416, 12.541599170712082], [74.95829934306707, 12.541815723208552], [74.95823344175953, 12.542091988328558], [74.95816276860118, 12.542507206648358], [74.9580826730138, 12.542926488617676], [74.95782333118791, 12.54338222507317], [74.95765172152763, 12.543630662693463], [74.95742926093402, 12.544085948944433], [74.95728556642118, 12.544419499347125], [74.95717410166411, 12.544776133782921], [74.95703339045632, 12.545232044969095], [74.95691319137973, 12.545579199350877], [74.95682866979296, 12.545904343062867], [74.95676741636868, 12.546202341269703], [74.9566656040093, 12.546459870999227], [74.95652121150549, 12.546942761126965], [74.95647863315766, 12.54710022708573], [74.95638647409433, 12.547281281383718], [74.95626995721207, 12.547420399708917], [74.95620153074027, 12.547452115747836], [74.95613701283824, 12.547452338470338], [74.95607691824068, 12.54743354033863], [74.95597190159073, 12.54732426860788], [74.95595415447397, 12.547197786677255], [74.95594652777721, 12.546827371318862], [74.95625416752434, 12.545672406754237], [74.95711112437279, 12.543321186732717], [74.95780688932327, 12.541714568124332], [74.95810513179421, 12.540811503073458], [74.95838790886927, 12.540189448600843], [74.95869027550569, 12.539521960222077], [74.9588857821492, 12.539030276767265], [74.95919182020018, 12.53842633982398], [74.9594797050959, 12.537613300962555], [74.95967060877186, 12.537144023804709], [74.9599218361158, 12.53646271201247], [74.95994579238778, 12.53630886377045], [74.96003834401492, 12.536006754613027], [74.96050786736276, 12.534815649066662], [74.96076833298108, 12.534224190253804], [74.96099628228104, 12.533592659799403], [74.96121411924587, 12.533069264762483], [74.9617377364452, 12.532082242747945], [74.96197837355025, 12.53163125759401], [74.96436009393103, 12.525204520963548], [74.96710421086709, 12.518735713486512], [74.96726812016878, 12.518162165655431], [74.96880898690091, 12.514719974929543], [74.969059907021, 12.514224251323023], [74.96917177422334, 12.513813353035665], [74.9693945923464, 12.513100137447228], [74.97017936147694, 12.511254734150244], [74.97400973742423, 12.501413404467144], [74.97399474274552, 12.501368542421426], [74.97398669294226, 12.501255002901148], [74.97405111741949, 12.501097499304361], [74.97437069937003, 12.500768085031844], [74.97476252114075, 12.500353962458664], [74.97498945803939, 12.499989455850066], [74.97517061319793, 12.499551424379304], [74.9753340122565, 12.499032190196662], [74.97581118026746, 12.498161760803276], [74.97618109482336, 12.497611925140616], [74.97650149603741, 12.497016665961173], [74.97667294040772, 12.49661097268216], [74.97711306189635, 12.495857529091], [74.97730730820349, 12.495501605841147], [74.97752548922305, 12.495037107393483], [74.97766517096153, 12.494644565728343], [74.97800766174844, 12.493976851667478], [74.97813379958738, 12.493692263641169], [74.9784159361636, 12.493101921799143], [74.9785648642613, 12.492753960966946], [74.97888499508245, 12.492004823847651], [74.97900142931971, 12.491752571349021], [74.9792752717509, 12.491030583107845], [74.97943338512238, 12.490683073802305], [74.97961909024782, 12.490109505788418], [74.97977668529138, 12.489772155065921], [74.98006829729721, 12.489289765747266], [74.9802310028564, 12.488965110262862], [74.98062477936121, 12.4881030562517], [74.98082480632719, 12.48774628911964], [74.9810422830676, 12.487340596207675], [74.98128760578518, 12.48690798375038], [74.98137617338396, 12.48661477076288], [74.98143733428178, 12.486226308715947], [74.98150332452256, 12.48587881488331], [74.98184185373904, 12.48510683205206], [74.9820372211437, 12.48475097119062], [74.98251738323944, 12.484160160757623], [74.98301224716319, 12.483597224246482], [74.98354255321811, 12.48312992671297], [74.98382873580637, 12.482981028504646], [74.98424263187859, 12.482833860689183], [74.98450069091028, 12.482785407286064], [74.98476017916154, 12.480983410327296], [74.98473849922048, 12.48079793636976], [74.98484021186684, 12.48054044287155], [74.98522456055271, 12.479931364452046], [74.98588355296704, 12.478606014535474], [74.98680671834687, 12.476566149480952], [74.98780825993862, 12.474342328222562], [74.98792026278656, 12.473904329636369], [74.98868775102596, 12.47300402982356], [74.98969859646908, 12.471913133849732], [74.99037245240811, 12.470383761237583], [74.99091402243839, 12.469238223326872], [74.99169345827107, 12.467510390962701], [74.99190720969797, 12.46690428871565], [74.99199202054227, 12.466661813737934], [74.99326236771141, 12.464014509730612], [74.99360099574261, 12.463192789808533], [74.99425956145717, 12.461713607213403], [74.99488349801584, 12.459781354876254], [74.99526413935456, 12.458743362747482], [74.99574737458693, 12.45747508776624], [74.99646580223539, 12.456108584578807], [74.99784991205213, 12.452733854234642], [74.99810934820113, 12.452042903412178], [74.998416536994, 12.451090708720708], [74.99860217744072, 12.450766067646635], [74.99890679884852, 12.450319414345326], [74.9997109554195, 12.449463915079438], [75.00024635851537, 12.448801163511954], [75.00127791282074, 12.447386637079806], [75.00172626467398, 12.44671510643327], [75.00232319428197, 12.445677532212056], [75.00280548897823, 12.444698839128314], [75.00324945974785, 12.444022570729409], [75.00386105884441, 12.442967618651057], [75.00415715074857, 12.442529600406095], [75.004818063761, 12.441705562369421], [75.00550152628367, 12.440867919516801], [75.00566429382661, 12.440380403032552], [75.00574487719916, 12.439788197567092], [75.00589400651947, 12.439206127991785], [75.00625741367948, 12.438028205377542], [75.00676749775904, 12.436885730887841], [75.0075144172734, 12.435361171346193], [75.0080976188272, 12.434229059419346], [75.00876514972829, 12.432794519888043], [75.00939085057823, 12.431618111294899], [75.01015542288621, 12.430016379138914], [75.01076775500805, 12.428762404452964], [75.01169482985597, 12.42676818746913], [75.0122599420349, 12.425491557314778], [75.01286224805989, 12.424549299586154], [75.01361167387385, 12.423177603347987], [75.01396324213671, 12.422551141993639], [75.01417681300227, 12.422059340704621], [75.01421594990424, 12.421580521455201], [75.01436943874864, 12.41993091503438], [75.01448125295035, 12.419334615143285], [75.01470919865707, 12.418626346263569], [75.0149878443801, 12.418121888664423], [75.01544881756308, 12.41769871633203], [75.0159471525771, 12.417424410794458], [75.01649915474275, 12.417295239605211], [75.01746556502034, 12.417163653139939], [75.0181282917313, 12.417052317375301], [75.01877204243021, 12.416860877685748], [75.01905799415147, 12.416713070540107], [75.01941800298472, 12.416465941970614], [75.01971858107542, 12.416028153665799], [75.02006551313309, 12.415401468929302], [75.0202650765684, 12.414981379424225], [75.02044487796579, 12.414656470403445], [75.02086924929253, 12.414342350151893], [75.02144051942273, 12.41408176311716], [75.0217538320309, 12.413916058090877], [75.02196174979835, 12.413718069581693], [75.0220216961739, 12.413510607684197], [75.02205514314686, 12.413212497928743], [75.02205681491162, 12.412837057667145], [75.0219940029103, 12.412394003737932], [75.02199456705232, 12.412108996338416], [75.02199672480565, 12.411792398093302], [75.02213174518607, 12.411328446344083], [75.02240883323041, 12.410899696352711], [75.02274204442044, 12.41045332108552], [75.02322761527255, 12.409701061678199], [75.02357894638016, 12.409100612272063], [75.02429208025669, 12.407851589339588], [75.02448754018776, 12.407170028647647], [75.024850586225, 12.406108678651004], [75.02551235892514, 12.40480513202678], [75.02625807379869, 12.403479663606623], [75.02682723468462, 12.402392168412975], [75.02722075606788, 12.401638827634493], [75.02737862419926, 12.401246125390335], [75.02750923115674, 12.40073220691597], [75.0275847597092, 12.400375081944649], [75.02782391459401, 12.40015034035912], [75.02803138140719, 12.400029242837212], [75.02824748103025, 12.400079351467626], [75.02838115303949, 12.40009830155191], [75.02862499892673, 12.399963139051877], [75.02914093912364, 12.399725857874309], [75.02948162250021, 12.399518498010687], [75.02984655769448, 12.399149449774717], [75.02994964027164, 12.398702054177047], [75.02992453146113, 12.39782993798193], [75.02997821118926, 12.397175424054556], [75.03035374560558, 12.396435916630088], [75.03072371765366, 12.395601134789187], [75.03092492500596, 12.394918745394971], [75.03094440407456, 12.394394900067626], [75.03104867242791, 12.393581121463301], [75.03120810093296, 12.392791517510938], [75.03137486867388, 12.392335920608666], [75.03165759544326, 12.391839597236569], [75.03214299651376, 12.391316945113687], [75.03264943253497, 12.390970621076008], [75.0329900790806, 12.390854869616648], [75.03341293225449, 12.39079740580261], [75.03375875040122, 12.390807445783125], [75.0342311546462, 12.390908468514096], [75.03482352171088, 12.391163487124976], [75.03556673567468, 12.39169049578491], [75.0358044909843, 12.39190450983573], [75.03599740239491, 12.392072233690268], [75.03635070710122, 12.39223079314261], [75.03679172510847, 12.392223966203739], [75.03716575843997, 12.39208494614034], [75.03765782141663, 12.392024049384046], [75.0383200199182, 12.392034759640582], [75.0387937303136, 12.3919955869651], [75.03918453608976, 12.391889045014091], [75.03945665375562, 12.391763161015993], [75.03966317643943, 12.39163748051108], [75.04001071396164, 12.39113298292679], [75.04024292846255, 12.390473588805152], [75.04034084303188, 12.389990888684741], [75.04039199669744, 12.38972872255158], [75.04052247789078, 12.38939915992023], [75.04078553784363, 12.389201581827622], [75.04123225027149, 12.389035548624838], [75.04151721204929, 12.388905762342509], [75.04181337671697, 12.388598953989524], [75.04197049565344, 12.388197171199959], [75.0422744505113, 12.38688868910118], [75.04263705367909, 12.385786638703442], [75.04290170724327, 12.385191032781352], [75.04396483912753, 12.383404857022562], [75.0443818487605, 12.382639094179922], [75.04479446383512, 12.381731748460792], [75.0450410513806, 12.380991637453212], [75.04519792597529, 12.380594374849387], [75.04562345792539, 12.380093673594223], [75.04595247038979, 12.379498938249833], [75.04611063137195, 12.378961502149453], [75.04621360435466, 12.37844626573157], [75.04624330984448, 12.377855090771476], [75.0468607722449, 12.376144556295172], [75.04731089916916, 12.37499363254709], [75.04757622107988, 12.374063318530647], [75.04776651839305, 12.373458462993908], [75.04841059068882, 12.372064769458058], [75.04894806799467, 12.371166901253181], [75.04982204701942, 12.36961586839094], [75.05014666672207, 12.368947424150722], [75.05032738350273, 12.36846425075595], [75.05120399818455, 12.366424802853935], [75.05154205848046, 12.365625831310874], [75.05185766358923, 12.364976181204828], [75.0522051831451, 12.364263619456196], [75.05239460010928, 12.363767302381929], [75.05342322411019, 12.361769179112356], [75.05389047472039, 12.36089393059884], [75.05408478750289, 12.36052903708145], [75.05495065294399, 12.358701707353616], [75.05550194005069, 12.357664302060808], [75.05580284872141, 12.357054660395056], [75.05684918839805, 12.355182946495036], [75.05732058024171, 12.354384806703194], [75.05846798667604, 12.352377775997283], [75.05868121169017, 12.35177293521716], [75.05930256199916, 12.350346539123715], [75.05950842082798, 12.349475597034532], [75.05971866613032, 12.348563030685686], [75.06001114141718, 12.347524407535236], [75.06026262927251, 12.346775554150247], [75.06058206210274, 12.34613968462967], [75.06092499575908, 12.34524147379416], [75.06112047185984, 12.34455436679028], [75.06122406647671, 12.34413985502578], [75.06145091444215, 12.343606929670349], [75.06163593864459, 12.34315113379633], [75.06210326740823, 12.342226166627473], [75.06277855166854, 12.341076072061256], [75.06309378936636, 12.34038572909424], [75.06342921670019, 12.339384265513546], [75.06402058304162, 12.338278735360761], [75.06481768873594, 12.336532972494984], [75.065282075517, 12.335413380309216], [75.0658109280978, 12.333833297258037], [75.06616349708388, 12.33301699746374], [75.06651098609706, 12.332164267353638], [75.06682637650846, 12.331424193339256], [75.06722452421543, 12.330593143362345], [75.06784467886679, 12.329416658423115], [75.06863984869165, 12.328189851849269], [75.06907417425006, 12.32750868625241], [75.06988885727955, 12.326029541035831], [75.07028752151778, 12.325095627614214], [75.07077936171227, 12.323908419001087], [75.07118282115752, 12.322671706418813], [75.07200801717076, 12.320843690383308], [75.07241584781818, 12.319932847143203], [75.07323508440784, 12.318154305335375], [75.07365827085673, 12.316890299154096], [75.07397438171701, 12.315996508807013], [75.07422553450077, 12.314998946220312], [75.07436670474766, 12.31417697612084], [75.07441695650462, 12.314045985429349], [75.07466330240332, 12.3133512207742], [75.07517253128675, 12.31241251060474], [75.07556974564412, 12.311758968627307], [75.07636151175241, 12.310229012847838], [75.07662062899948, 12.309669422750677], [75.07700513489053, 12.308717902171422], [75.07729269818938, 12.308095241399657], [75.07799591466515, 12.306886646878946], [75.07837010160854, 12.306164156855651], [75.07855528301619, 12.30574911396815], [75.0798291740391, 12.302991984644304], [75.08010332369417, 12.302338156794534], [75.08075707354047, 12.300622916137634], [75.08107192406442, 12.299959752493782], [75.08137658409977, 12.299454386575164], [75.08197119425769, 12.297955642175086], [75.08224022621056, 12.297242781460806], [75.08286442328068, 12.295956902193826], [75.08323049035222, 12.295257779255156], [75.08368484654481, 12.294080151147641], [75.08434146920342, 12.292789062947627], [75.08491105229751, 12.291652057965155], [75.08560245592732, 12.289779267226695], [75.08602554715478, 12.288375156732759], [75.08614272250213, 12.287824566043465], [75.08652816264107, 12.286713728708389], [75.08674614153972, 12.286032339665336], [75.08717100783817, 12.285282935987073], [75.08811078666085, 12.283569146463247], [75.08857372356105, 12.282517461397804], [75.08887506342313, 12.281777924217579], [75.0890614880991, 12.281037362370927], [75.08918648777255, 12.280721187511409], [75.0893585744383, 12.28010655777778], [75.08966168218481, 12.279055078317434], [75.0900550822955, 12.27817528170675], [75.09071123244028, 12.27707528098558], [75.09108119909848, 12.276411422462665], [75.09150695472906, 12.275504929096174], [75.09181845004542, 12.274561268290494], [75.09191124870921, 12.274222064970553], [75.09245726001026, 12.27334738285795], [75.09289555073234, 12.272557946726307], [75.09299860186847, 12.272151407481832], [75.09326194299399, 12.271596592287754], [75.09351965886921, 12.270255793148156], [75.09361283662207, 12.26983973680226], [75.09404407287421, 12.268707420196222], [75.09459111633952, 12.267511734497202], [75.09492838881293, 12.2668802262152], [75.09556593933976, 12.26585170395538], [75.096043207962, 12.264740837119412], [75.09663690183832, 12.263323573309393], [75.09682626759852, 12.262845465298296], [75.09736962527624, 12.261446129622291], [75.09753185921991, 12.260958802797736], [75.09766233232841, 12.260416811036906], [75.09782993909579, 12.259798609445717], [75.09801149669956, 12.259084991415564], [75.0983642031279, 12.25809701050795], [75.09882308862616, 12.256823623059347], [75.09894417703487, 12.256308317056781], [75.09902436604705, 12.255829475616709], [75.09915484095217, 12.255125836717768], [75.09926841764849, 12.254438343057673], [75.09937966591157, 12.2540050910347], [75.09956471526685, 12.253590093185199], [75.09967876268036, 12.253377413820425], [75.10085948583192, 12.24991187118126], [75.10154184432511, 12.248073895787783], [75.1016908182369, 12.247713686969586], [75.10291734109491, 12.244734224955447], [75.10395584027576, 12.242367448640085], [75.10452889266345, 12.241061182880188], [75.10538220325017, 12.23888106323961], [75.10587401649516, 12.237590111055086], [75.10664801931702, 12.23564017879945], [75.10728264313266, 12.234065610271621], [75.10859464697813, 12.230680045200854], [75.10939559746188, 12.228648928705352], [75.11013132666274, 12.227073605641369], [75.11095159900992, 12.225300025671013], [75.11172031794125, 12.223522841235326], [75.11229528284221, 12.221689994762917], [75.1125824895099, 12.22099849574959], [75.11288329128112, 12.2204263369232], [75.11298086269399, 12.220128106945438], [75.11331113549475, 12.2189402135331], [75.1136621647684, 12.21703444615548], [75.11372762140992, 12.216619382330986], [75.11407194206504, 12.21544913366305], [75.11459963222589, 12.214149816684992], [75.11512739425194, 12.213079955496847], [75.11551588596792, 12.212222672701474], [75.11614130923842, 12.210805996305796], [75.1166001974316, 12.20961867213827], [75.11735934211865, 12.208030985020507], [75.11824683000866, 12.206126219931402], [75.11856652874017, 12.205588897336165], [75.11897751786412, 12.204948590854876], [75.11922628382418, 12.20468251029376], [75.11946089323366, 12.204516342057968], [75.11976913305541, 12.204440744278271], [75.12010023320452, 12.204460056171756], [75.12049110725265, 12.204478850036292], [75.12094511130567, 12.20447581386803], [75.12099588318719, 12.204471472972703], [75.12281303307316, 12.203858068800873], [75.12354890151288, 12.203870832502467], [75.12450828606663, 12.202575329019446], [75.12528329230668, 12.203026240614264], [75.12556293965125, 12.203202433227252], [75.12574611332418, 12.203262096233422], [75.12591617698389, 12.203284959790592], [75.12614674577124, 12.203199965999412], [75.12659745839703, 12.202939056085427], [75.12676792180706, 12.20276866524335], [75.12691596955577, 12.20244800480465], [75.1270132732707, 12.202154293940398], [75.12709659650487, 12.201910773087235], [75.1271389565621, 12.201774917693848], [75.12719937904474, 12.201599241286704], [75.12724096026263, 12.201386492876782], [75.12724248021208, 12.201124349309453], [75.12723413755803, 12.200713670867172], [75.1271625597962, 12.200234401217], [75.12711703587253, 12.199832110076976], [75.12709558410354, 12.199384635801021], [75.12708763042005, 12.199058746106267], [75.12710248406324, 12.198828891603355], [75.12728372276509, 12.198232923529124], [75.12751026799829, 12.197858397200818], [75.12766697640465, 12.19750199037106], [75.12778319863946, 12.197266834688659], [75.12785349360709, 12.196915319490413], [75.12785308038207, 12.19676158906591], [75.12785910448437, 12.196385513552851], [75.1279074895422, 12.195780907957968], [75.12798271536239, 12.195098477332937], [75.12806338676984, 12.194560977840604], [75.12821168065695, 12.194073064982781], [75.1282955303039, 12.19370299150763], [75.1284760799979, 12.193305916607661], [75.12866163240972, 12.19287743673464], [75.12891635150517, 12.192259013118255], [75.12911070740678, 12.191861472443138], [75.12930472644015, 12.191424358945365], [75.12953181695073, 12.190945886460131], [75.1296236265694, 12.190670005001303], [75.12978155039636, 12.190381475686873], [75.12994319414688, 12.189948459416254], [75.1300411545303, 12.189641228354269], [75.1301292172759, 12.189301877391301], [75.13022275974477, 12.188991045517565], [75.13027834030804, 12.188611707507745], [75.1303154380343, 12.188489168191177], [75.13035843769201, 12.188178169410465], [75.130423969792, 12.187829826916376], [75.13046638284982, 12.187414823585128], [75.13053641640768, 12.186998886215525], [75.13058791322968, 12.186655522596364], [75.13067219766118, 12.186461786513878], [75.13069981816125, 12.186321839287034], [75.13075544992846, 12.186126728775765], [75.13078810279072, 12.185977981313979], [75.13086249138108, 12.18575212563999], [75.13097366598234, 12.18557211409501], [75.13110703705594, 12.185315184714547], [75.13125010813799, 12.185071154915855], [75.13141705105038, 12.184670044616642], [75.13160697286776, 12.184222571097505], [75.13170908885769, 12.183947190177427], [75.13201001279977, 12.183369424682056], [75.13216227634209, 12.183009428091982], [75.13233816108486, 12.182566934029053], [75.13261154357863, 12.182011582217639], [75.13286057813494, 12.181460713644833], [75.13314740301864, 12.180842720022266], [75.13337887910441, 12.180414196311087], [75.13365633545804, 12.1798228785184], [75.13392903702884, 12.179281059453663], [75.13411961461637, 12.178866396626747], [75.134267200631, 12.178577379425901], [75.13437769520758, 12.178410898912603], [75.1345355938817, 12.178122376464328], [75.13466464765204, 12.177905929980083], [75.13468356886688, 12.1777791304417], [75.13491375048034, 12.17742287752327], [75.13510860045535, 12.177084142292127], [75.13521998256743, 12.176714278696563], [75.1353359487824, 12.176298299092224], [75.13548508888252, 12.175653361874547], [75.13557396819672, 12.175250777047907], [75.13566098081175, 12.175233478289114], [75.1358866888151, 12.175152766831781], [75.1360936687414, 12.174986396569421], [75.13621857858337, 12.174760710677589], [75.13635637475802, 12.174529993012632], [75.13631578707687, 12.174421812234069], [75.1358622384697, 12.174162723318299], [75.13562872590317, 12.173867855392057], [75.13558302231647, 12.173700662409422], [75.13561635879667, 12.173190312203857], [75.13583045427833, 12.172625348215806], [75.13616269438954, 12.171971122102551], [75.1364217298899, 12.171380062995102], [75.13695268991837, 12.170563594992387], [75.1375242915269, 12.16994684578087], [75.13807808493328, 12.169388010381741], [75.13899496929264, 12.168618302909527], [75.13934897288821, 12.168289465297805], [75.13998547867436, 12.16759106798616], [75.14066303297743, 12.166829091699285], [75.14110200372413, 12.166152864454286], [75.14140709225589, 12.165489430893386], [75.1416398161016, 12.16482591927791], [75.14173710993506, 12.164392106122127], [75.1418669021206, 12.163881874149663], [75.14201647071705, 12.16320420890087], [75.142096339929, 12.16263508231939], [75.14220888535935, 12.162125157840599], [75.14223498231667, 12.161180527928991], [75.14216928851995, 12.160141092970608], [75.1421707680452, 12.159693653650221], [75.14224164871437, 12.15891164840448], [75.14236331204492, 12.158147901444979], [75.14244899964491, 12.15729880570751], [75.14251101304392, 12.156440667359888], [75.14262004246825, 12.155700052316334], [75.14267231902791, 12.155108146472255], [75.14288032932184, 12.154664963993048], [75.14301006311686, 12.154294873362696], [75.14338394912463, 12.153609900927714], [75.14381392144718, 12.152928746826536], [75.1440498684481, 12.152431533028334], [75.14431850604058, 12.151529069133932], [75.14461077920645, 12.150914772462265], [75.14480860619832, 12.150491445930703], [75.14497147794586, 12.150147808557689], [75.14518720207315, 12.149873376779551], [75.14539960423048, 12.149642856185643], [75.14587366137557, 12.149346901081678], [75.14667964871313, 12.148888301047045], [75.14720874653403, 12.148501187298205], [75.14746280267278, 12.148194688146813], [75.14762419489504, 12.147950422273587], [75.14784116678226, 12.147418402198875], [75.1480957466388, 12.14682264194028], [75.14845646693779, 12.146263607774486], [75.14865999014688, 12.145956948847775], [75.14887694137282, 12.14554132245986], [75.14897905736274, 12.1453111687182], [75.14903475201206, 12.145067492112092], [75.14900482014676, 12.144325896947409], [75.1486930463527, 12.142734597208202], [75.14835896289853, 12.140735435118735], [75.14830550774924, 12.140260534445199], [75.14814238177846, 12.139379231472317], [75.14801731023978, 12.138425174682018], [75.14789622542432, 12.13736735282985], [75.14789558851878, 12.136381972629943], [75.14820641818352, 12.135461236107242], [75.14837777990878, 12.134806145743617], [75.14849847665204, 12.134385924544926], [75.14881811070487, 12.13354245371958], [75.14914798285696, 12.132607946081816], [75.14936468884287, 12.132196846451999], [75.14968865726692, 12.131474493133716], [75.15004973240042, 12.130535835506397], [75.15044809390643, 12.129516479132729], [75.15079464148518, 12.128685606515061], [75.15083720995153, 12.128567869153834], [75.15101674993915, 12.128211490613685], [75.15119278829383, 12.1278097473991], [75.15144219026108, 12.127317731722492], [75.15170591317063, 12.12674504520614], [75.15196418600132, 12.126375488410698], [75.15210805029575, 12.126113449147827], [75.15235295709336, 12.125689016100463], [75.15248180964109, 12.125382191212829], [75.15265325760463, 12.124980229436405], [75.15265466706131, 12.124672954055782], [75.15263714632002, 12.124469856060957], [75.15263308683323, 12.1240176869955], [75.15268485404813, 12.123760280096697], [75.15277256824743, 12.123611938654305], [75.15277260418002, 12.123471827495274], [75.15294379073381, 12.123214488575636], [75.15317905501516, 12.122822364688428], [75.15356755212102, 12.122280515623183], [75.15416168976509, 12.121550771885246], [75.15456822324525, 12.120969109172105], [75.15490425065369, 12.12051288262004], [75.15530982203816, 12.120066764424553], [75.15562854969086, 12.119611970582161], [75.15567941679383, 12.119535309634495], [75.15602587454103, 12.119007268597233], [75.15616921511766, 12.118709050352322], [75.15635881533814, 12.118194971736838], [75.15641547387976, 12.117675664492388], [75.15657576566578, 12.11636021277713], [75.15655092275661, 12.115514986295127], [75.15655327813927, 12.114746766413946], [75.15659654639327, 12.114196317217326], [75.15674649857036, 12.113229521722877], [75.15715773293438, 12.110971342846245], [75.15659510998711, 12.11004164840427], [75.15673437580563, 12.1096630225977], [75.15735064075179, 12.108065486254528], [75.15776227306945, 12.10707733382115], [75.15820655824942, 12.10593934559062], [75.15879085484957, 12.10447700790106], [75.15943315297267, 12.10309541045727], [75.15972478563975, 12.102351228664116], [75.15996065808055, 12.101782897028308], [75.16056737303688, 12.100284362350584], [75.16075733977006, 12.099855068686251], [75.16136669218008, 12.098767927922001], [75.16171363950913, 12.097995892569399], [75.1618469027849, 12.097761609893878], [75.16222711113565, 12.096827342375118], [75.16273178915381, 12.095604143551977], [75.16290686361616, 12.095220465086014], [75.16316112546916, 12.094674489625307], [75.1636466226594, 12.093816440480984], [75.16415866955785, 12.092792449230176], [75.16450670025513, 12.091997880130414], [75.1647147033625, 12.091388687690186], [75.16474953104608, 12.091357588434963], [75.16522394482237, 12.090025627788375], [75.16608863706374, 12.088066080969096], [75.16680059414719, 12.08657262475682], [75.16715178511764, 12.08592283155749], [75.16799302324523, 12.08432145172236], [75.16875412446296, 12.083134263350678], [75.16914677178546, 12.082458209486125], [75.16938298648435, 12.081974653759534], [75.1700444941815, 12.080408762268295], [75.17066436047361, 12.078918840280494], [75.17153821732748, 12.077096478723456], [75.17176950836033, 12.076549428849955], [75.17203739226628, 12.07581884783222], [75.17219543826407, 12.075453578536914], [75.17236138404652, 12.074974583317188], [75.17313983442733, 12.072757927087808], [75.17354358762167, 12.071552577300144], [75.1737335238121, 12.071005819170118], [75.17422916657516, 12.069542766086576], [75.17444699006525, 12.068965710181466], [75.17456731490597, 12.068690155744775], [75.17501609435729, 12.067665461359166], [75.17530653496, 12.06710543046757], [75.17583845977911, 12.065837303531277], [75.17628788601743, 12.064799091714177], [75.17662083489937, 12.064004985950469], [75.17689376015069, 12.063124422373386], [75.17724125635037, 12.06208135346453], [75.17768092957967, 12.061007666155994], [75.17809776493947, 12.059978079967937], [75.17840747799829, 12.059165930643271], [75.17939869076088, 12.056610453155907], [75.17960690497239, 12.056064589613221], [75.17980514069772, 12.055581510722652], [75.17997671622204, 12.055220296259412], [75.18071148153058, 12.05365348588837], [75.18170593721136, 12.05149696179092], [75.18200614878941, 12.050783787121718], [75.1826350934558, 12.049407374409945], [75.18322763030206, 12.047930951772091], [75.18337523787628, 12.047520025953228], [75.1834727158644, 12.047334895075611], [75.18411591409938, 12.045691453208889], [75.18463777419403, 12.044531357465916], [75.18491481283104, 12.0439854025871], [75.18521129550233, 12.043394061058736], [75.18592643262191, 12.042153942586975], [75.1867710843476, 12.040660191038315], [75.18703946322523, 12.040149974012994], [75.18734911430032, 12.039500524261868], [75.18805553237175, 12.037853348011215], [75.18891078781105, 12.0359794430263], [75.18916107282224, 12.035510163702941], [75.19060701367998, 12.032427523215512], [75.19102760399768, 12.031598119550242], [75.19193699550925, 12.029765224728225], [75.19273165419276, 12.028375304910224], [75.19298032582972, 12.027914991541227], [75.19310626424266, 12.027617139278735], [75.1939750698697, 12.025745051050977], [75.19482010966755, 12.023912503800155], [75.19535179014487, 12.022806019999472], [75.19596166986598, 12.02157901211912], [75.196570891122, 12.020341811060899], [75.19686263967176, 12.019751402453405], [75.19737994710457, 12.0187266979189], [75.19810910063752, 12.017219611298932], [75.19873293388996, 12.01584757626242], [75.1995050035373, 12.014353833215267], [75.20031694490852, 12.012959127772588], [75.20087969631491, 12.011965966252944], [75.20173382436852, 12.010459194124735], [75.2020890559611, 12.009836801968229], [75.20222337475732, 12.009507734848114], [75.20227424006363, 12.009336214516198], [75.2022557293789, 12.009222386559685], [75.20221103999015, 12.009127645582131], [75.20210081311153, 12.009059154402557], [75.20193529313053, 12.009018529767157], [75.20169289173427, 12.008931330220836], [75.20130690182637, 12.008777438882795], [75.20103644155219, 12.00851383570802], [75.20100239719956, 12.007921505015268], [75.20127464242621, 12.007330186994878], [75.20139534994925, 12.006974498621217], [75.20136388106653, 12.00668047172938], [75.20124565648693, 12.006354083315292], [75.20151222346266, 12.006088911109346], [75.20211411356762, 12.006004583850432], [75.20274439941873, 12.005762351517347], [75.20328649855672, 12.005587079529766], [75.20366273186235, 12.005565434452853], [75.20419482736132, 12.00559411501411], [75.20442415108369, 12.005667134842994], [75.20460832188658, 12.005771892074279], [75.20477297858659, 12.005876851357895], [75.20504741300756, 12.006153058925012], [75.20551433303777, 12.006575076941736], [75.20566141958912, 12.006710826025097], [75.20606443616494, 12.006915208246888], [75.20641778309204, 12.007056239674467], [75.2066147045821, 12.007088185184402], [75.20707315978734, 12.007378780460542], [75.20718774619003, 12.00745199223239], [75.2073258971993, 12.007582796652917], [75.20757686942169, 12.007822871118908], [75.20775961908983, 12.008284468304883], [75.20784113581193, 12.008587649930066], [75.20787741876627, 12.008877387777645], [75.20787083052198, 12.009292719357912], [75.20792076517368, 12.009631673350391], [75.20794323114063, 12.009875576916189], [75.20796572315872, 12.010165790486225], [75.2080282234446, 12.0104590342103], [75.2080924979032, 12.010622472880463], [75.20836622445172, 12.011007072778396], [75.20872920401362, 12.011279576854795], [75.20919588509194, 12.011519731497149], [75.20967291476231, 12.011689219885666], [75.20988014621689, 12.011721651616384], [75.2103757027417, 12.011817472416501], [75.21083977690905, 12.011783035625971], [75.2115659264757, 12.011504648635956], [75.21200180072964, 12.011319779398082], [75.21243372509132, 12.011262350078534], [75.21252590840913, 12.011254302539463], [75.21294773570699, 12.011309341059365], [75.2132421028458, 12.011296207027877], [75.21357329372475, 12.011233993463346], [75.21382599789901, 12.011157888451182], [75.21419344747778, 12.010987836514188], [75.21482788624044, 12.010637314162256], [75.21529656247701, 12.010461897733334], [75.21569164782717, 12.010571002419724], [75.2160806237351, 12.010875215641457], [75.21641508358334, 12.011097778339773], [75.21683820625182, 12.010985704911441], [75.21737161957935, 12.010847236804834], [75.21767834484152, 12.01095666292074], [75.21795792930402, 12.011151770421243], [75.21832439253261, 12.011564468702966], [75.21863061473825, 12.01189524666992], [75.21921807700146, 12.012199830062595], [75.22070458937068, 12.012420541240962], [75.22124136868553, 12.012612025032428], [75.22145940148312, 12.013244704941593], [75.22157334559039, 12.013823882988866], [75.22188362548613, 12.014236170365416], [75.2223880187384, 12.014761571956273], [75.2228037967811, 12.015151752306766], [75.22308348185496, 12.01539203529057], [75.223031751471, 12.015699063479616], [75.22269985182128, 12.01605719259318], [75.2223915751686, 12.016378039140422], [75.22200770438643, 12.016766459008785], [75.22169119826745, 12.01727892752056], [75.22202954512596, 12.017821313179589], [75.22248450049484, 12.018466362425293], [75.22336812203588, 12.019801524233937], [75.22405415553688, 12.020695850182854], [75.22520970070767, 12.021445255323483], [75.2263921396414, 12.021644724570802], [75.22774700121082, 12.02230754512616], [75.22808573883646, 12.022795724441108], [75.22803572603132, 12.022950358098308], [75.22792767666897, 12.02328296627305], [75.22761068096811, 12.023476912104492], [75.22969069497421, 12.02343648645327], [75.2314286421982, 12.023116661358468], [75.2328746998369, 12.022570652436546], [75.23570301496623, 12.020692833010607], [75.2382819092637, 12.018939844951124], [75.24160311112479, 12.016880810075339], [75.2451844713804, 12.013742934765814], [75.24810593821141, 12.011358826513383], [75.2494670646316, 12.010267660476634], [75.25033141730977, 12.009835225664986], [75.25156017248126, 12.00870504286446], [75.25271590180668, 12.00728340092651], [75.25386422003099, 12.005777830978493], [75.25444454068767, 12.005169338200375], [75.25517356396492, 12.00379194073965], [75.25603463779231, 12.002624073398561], [75.25630884314293, 12.001562926350198], [75.25687278481705, 12.00037088291239], [75.25779340526967, 11.999180980836696], [75.25835507330778, 11.998648408629181], [75.25881083626214, 11.998099548829817], [75.26040099175724, 11.996186770278372], [75.26144632532078, 11.994955309131612], [75.26171346542165, 11.994463062804892], [75.26232663028178, 11.993602001922707], [75.26454217491141, 11.990928118582653], [75.26706767604328, 11.98756297605775], [75.2677956923091, 11.986579706837468], [75.26833912275035, 11.986042876025154], [75.26911209969616, 11.98526726527119], [75.26994568777077, 11.984117304571162], [75.2711176038393, 11.982330508884774], [75.27159656398922, 11.981608816919008], [75.27224148159966, 11.980823788191374], [75.2733276301181, 11.979597625222093], [75.27497761880107, 11.977152344290634], [75.27752175368691, 11.973723706727107], [75.27852576384902, 11.97222603334289], [75.28009383605952, 11.969739646499434], [75.28259563334603, 11.96637452641627], [75.28470636973483, 11.963171721044672], [75.28781968347289, 11.959228918706916], [75.29027908566785, 11.956044748628758], [75.29165591823248, 11.954421175005308], [75.29263651829828, 11.953519774465386], [75.29353318876711, 11.95290689803746], [75.29424164781088, 11.952533617425557], [75.29711859683141, 11.950954406146554], [75.29826815832405, 11.950257384013206], [75.29912675998779, 11.950051469260785], [75.29976921531606, 11.950094005472867], [75.30056315085574, 11.950276883864369], [75.30122882673577, 11.950527146769868], [75.30214595813182, 11.950628840644274], [75.3028983331149, 11.950959942866792], [75.30369071277251, 11.951436325369215], [75.30471564829087, 11.94923496428224], [75.3048193237561, 11.94901172308799], [75.30516554075486, 11.947494493663749], [75.30462361858496, 11.947412651090767], [75.30383164316925, 11.946975820640898], [75.30320323120381, 11.94640550046504], [75.30276954344926, 11.945626369517239], [75.30268385944251, 11.944907581781829], [75.30291666952648, 11.943720431496475], [75.30328651401378, 11.942735051720827], [75.30431510298041, 11.940623137158484], [75.30531983987963, 11.939146960822569], [75.30584025727991, 11.938367374828548], [75.30627973557478, 11.937197829037943], [75.30696736268712, 11.935947317208614], [75.30790268766262, 11.93453000068221], [75.30946943845133, 11.932170061974928], [75.31055111515629, 11.930902999059285], [75.31103493159866, 11.930262846297893], [75.31128793042033, 11.929748516401045], [75.31208190548588, 11.928312172297021], [75.31320922559043, 11.926977239445199], [75.31472986136403, 11.924499987495093], [75.31602376774983, 11.922776534202], [75.31723578012107, 11.921157642880814], [75.31908644615027, 11.918657442933043], [75.31954831764855, 11.917899973114505], [75.31993080861842, 11.917100404550709], [75.32034558054802, 11.916201860436844], [75.32049032878471, 11.915339248750406], [75.32048810814932, 11.914481061658849], [75.32048888968365, 11.913965119713712], [75.32074316770627, 11.913351508697753], [75.32084369367813, 11.911955057806459], [75.32069687572304, 11.911551902558099], [75.32036694697707, 11.91128470630089], [75.32005630506022, 11.911021799173612], [75.31992903624234, 11.910569879626754], [75.31988775326516, 11.910284561428446], [75.31947095114299, 11.910035885731054], [75.31897651751233, 11.909709062504634], [75.3186008717049, 11.909296339746964], [75.31859866364594, 11.90843817047898], [75.31880656524369, 11.907692568336083], [75.31910193849565, 11.906916057200586], [75.31922341946816, 11.906012870849615], [75.31935488790998, 11.905235475042568], [75.31963986406083, 11.904864929286637], [75.32009967033227, 11.904744164295371], [75.32101693018743, 11.904741871878384], [75.32185287723799, 11.904499809061816], [75.32260141461815, 11.90433494822066], [75.32335505173417, 11.904087902890367], [75.32393757505994, 11.904251724908308], [75.32460112462773, 11.904828032638475], [75.32498211451276, 11.904986953821842], [75.32531312033875, 11.904969671931058], [75.32520240208167, 11.904792889578475], [75.32490952884118, 11.904565827733268], [75.32477678658827, 11.90429882589571], [75.3248377965691, 11.904055550548444], [75.32551756611764, 11.903532953246772], [75.32610205855052, 11.903227190930183], [75.32661253968543, 11.90274410224138], [75.32701751369027, 11.902261732596873], [75.327647436622, 11.901535839251958], [75.32846235411176, 11.900705681417403], [75.32922172607259, 11.899957602987449], [75.3304962746623, 11.898699552584194], [75.33089645435844, 11.898316307579668], [75.33150325195983, 11.897617553909146], [75.33212535236208, 11.896719685501834], [75.33325706522838, 11.895570118939412], [75.33416336563705, 11.89455454381735], [75.33559532242076, 11.892881585575132], [75.33631341679425, 11.892060444838002], [75.33734004833187, 11.890901452869308], [75.33819626676515, 11.889805638910628], [75.33907026645116, 11.888840483672476], [75.33926346981424, 11.88856499326698], [75.34007796599415, 11.887549647801066], [75.3407507996504, 11.886380938023661], [75.34143301171821, 11.885446356538418], [75.34218326488055, 11.88459848578782], [75.34355341487776, 11.883205995096542], [75.344814200379, 11.881870497826464], [75.3454074450977, 11.881283992598021], [75.3461302125073, 11.88045854282265], [75.34674716915626, 11.87952092050547], [75.34734100137312, 11.878658988026283], [75.34791721133907, 11.877877515997557], [75.34827136764828, 11.877471791668048], [75.34899867155005, 11.876646551869232], [75.34979071164449, 11.875522909251988], [75.35063194438219, 11.874616045185817], [75.35139708981532, 11.873574688919845], [75.35168230851133, 11.87310028141907], [75.35172424815698, 11.872847105041263], [75.35183971760362, 11.872494622853788], [75.35202866385059, 11.872043959719168], [75.35251620470808, 11.871628635709575], [75.3530730919123, 11.871272979265934], [75.35342261560955, 11.870939285878874], [75.35372579072973, 11.870592148817046], [75.35391469295926, 11.870190025006996], [75.35409041151367, 11.869512974655033], [75.3541564466702, 11.86894822716823], [75.35404700132587, 11.868577385859382], [75.35367264460088, 11.867970709780993], [75.35356755878067, 11.86760458798561], [75.3535781409347, 11.867120800479112], [75.3537165659301, 11.86686308670192], [75.35405171658279, 11.86656598030707], [75.35418134527495, 11.866372201638216], [75.35427826181599, 11.865952260643477], [75.35459129684472, 11.865518664496662], [75.3548217731056, 11.865325060907852], [75.35514367360787, 11.864873814491512], [75.35545098008006, 11.864679267145325], [75.35553928986239, 11.86439100236409], [75.35550007121371, 11.863726547805902], [75.35555157791715, 11.863201773733065], [75.35570874626093, 11.862863657238277], [75.35606238514052, 11.862539190583977], [75.35622849800959, 11.862110054121867], [75.3562619297112, 11.861603632368356], [75.35628141596636, 11.86095771726534], [75.35627870844408, 11.860487998228567], [75.35640261037628, 11.860293955895877], [75.35660046072435, 11.860230909405065], [75.35729774292936, 11.860173018165696], [75.35785302304753, 11.860256399129252], [75.35823826735373, 11.860252857961932], [75.3585004873818, 11.860090076745868], [75.35882223517048, 11.8598329831517], [75.35921770410127, 11.859568026286556], [75.3596445431001, 11.859437728025926], [75.36009363786006, 11.859393124829321], [75.36041562999051, 11.859322295096383], [75.3606689459175, 11.859106043061354], [75.3609683966225, 11.8585724783382], [75.36130402517895, 11.857977379447899], [75.36178250293356, 11.857558240498342], [75.36239020963002, 11.856953205018376], [75.36295484570185, 11.856697228504908], [75.3634595910937, 11.856567152177494], [75.36378213748465, 11.856197207473587], [75.36416033360916, 11.855502493609148], [75.36440827581411, 11.855015074830801], [75.36505187379942, 11.854473785752958], [75.3654070811375, 11.853995862681955], [75.36578405285826, 11.853494117065683], [75.36638594206494, 11.853297428762609], [75.36694175578235, 11.853081668679634], [75.36719034477429, 11.852820039041658], [75.36737465930766, 11.85251253092518], [75.36760474659802, 11.852278262950515], [75.36792514421883, 11.852216375983327], [75.36825127848104, 11.852298110067068], [75.36845746250002, 11.852587620209729], [75.36867234849912, 11.852958806785816], [75.36898265444603, 11.853275723173759], [75.36953314295044, 11.85360265545579], [75.37004229817202, 11.85381140295794], [75.37077159363882, 11.85392199581477], [75.37112488217544, 11.853963218663424], [75.37144586459948, 11.853769281586139], [75.3718143104099, 11.853349527795478], [75.37211768315943, 11.853020445661263], [75.3723889546123, 11.852835488551737], [75.3733163375824, 11.852661770528238], [75.37397724071336, 11.85257276587873], [75.37428503047911, 11.852654765362788], [75.3744401758169, 11.852885460101682], [75.37448133931817, 11.853175210511523], [75.37442057367909, 11.853559569613873], [75.37396454392511, 11.854109595815256], [75.37327980309978, 11.854817206038891], [75.37251511490913, 11.855710746453827], [75.37224376440452, 11.856256919398469], [75.37237600988905, 11.85672699298274], [75.37265435018492, 11.857401384884243], [75.37285922805343, 11.857958360019978], [75.37321158054554, 11.858451059832577], [75.37351856003096, 11.85871814970369], [75.37416501465887, 11.858932122430593], [75.37461387316193, 11.85906017208821], [75.37535357291635, 11.859025607750528], [75.37604982026214, 11.859180923933682], [75.37703115514985, 11.859486036791795], [75.3776686302182, 11.859600242372652], [75.37900452296202, 11.859752449591516], [75.3799082703587, 11.859690469372032], [75.38066092292117, 11.85955262638944], [75.3817262754408, 11.85913012626425], [75.38224587267923, 11.858904722206699], [75.38282426555132, 11.85857593073386], [75.38331696094194, 11.85826574595396], [75.38468172014913, 11.857500386495241], [75.38625347275735, 11.85638338080758], [75.38686936310604, 11.855724445407766], [75.38722436652655, 11.855129066010823], [75.38756034452764, 11.854668261252248], [75.38805701137014, 11.854226180008219], [75.38841101496571, 11.85353142156496], [75.38874828654082, 11.85289910205189], [75.38952086373631, 11.851933611277557], [75.39040890229357, 11.850949757427673], [75.39119951227009, 11.850350822805028], [75.39215471696284, 11.849760625835156], [75.39252337477565, 11.84935889859871], [75.39275357705036, 11.848808544565738], [75.39326043527974, 11.848199870123558], [75.39365636414796, 11.847490122170601], [75.39385405279927, 11.847092906184967], [75.39492626665104, 11.846403134777889], [75.39506842055316, 11.845631991315413], [75.39584225718669, 11.844566094413102], [75.39667973406819, 11.843583280482529], [75.39711627038052, 11.84312712211882], [75.39821952282196, 11.842434256481743], [75.39872061566388, 11.841969790428358], [75.39896955410047, 11.841554627259466], [75.3995345441085, 11.841143905175192], [75.3999533584569, 11.8406745081284], [75.40051007048962, 11.839980090633695], [75.40103313791998, 11.83958323123707], [75.40157506997132, 11.839440076499173], [75.40291014884154, 11.839461088615655], [75.40391152963485, 11.839463297178144], [75.40447137499126, 11.839256620669113], [75.40518336261746, 11.83874205199809], [75.40539008742222, 11.838539392044037], [75.40578237452027, 11.837880263249717], [75.40655411628256, 11.837144960564325], [75.40709328691271, 11.836360550001665], [75.40747166988677, 11.835149969679094], [75.40867859509855, 11.83314124656738], [75.40930918368193, 11.832337353142565], [75.41041660969618, 11.831336485078078], [75.41155670923398, 11.830105738364926], [75.41220575999306, 11.829346712295308], [75.41270689864902, 11.828855138175818], [75.41301907219344, 11.828747631854778], [75.41318444574902, 11.82866721749994], [75.41359825558297, 11.828301413172744], [75.41399390417682, 11.827642443463686], [75.4149548886301, 11.82665964079472], [75.41551645695522, 11.826004931484764], [75.41622538851283, 11.825166266463153], [75.41676315597452, 11.824385177657248], [75.41737119774258, 11.823233740318972], [75.41799345894326, 11.822168739118924], [75.41895586093807, 11.82064763111855], [75.41968270490243, 11.819744331391643], [75.42061995137432, 11.818680295245954], [75.42195353544791, 11.81744828085312], [75.42218839818231, 11.817182577720562], [75.42302038545911, 11.81623558396325], [75.42370682410034, 11.815192727537989], [75.42412514078204, 11.814416302144268], [75.42441624613808, 11.81376155652061], [75.4249170596039, 11.813202236845187], [75.42535399836147, 11.81285441532257], [75.42627284104816, 11.81234593094211], [75.42708183414862, 11.811665353744608], [75.42751839651208, 11.81127688044916], [75.42808387430534, 11.81068215871239], [75.42862240084344, 11.81002750880119], [75.42914131356565, 11.809472402148419], [75.42968880618857, 11.809039369729096], [75.4304601931163, 11.808571487170498], [75.4309188693071, 11.80844134486516], [75.43117606775274, 11.808283880735445], [75.43135074066815, 11.808175666410339], [75.43187813348663, 11.808239412521008], [75.4321487518643, 11.808669433709833], [75.43214808441603, 11.808877064500342], [75.43214723191485, 11.809451481814564], [75.4322289848939, 11.809781405106438], [75.43304935515744, 11.809367674723093], [75.4334178377988, 11.809182591369247], [75.4347913322238, 11.80838572181783], [75.43595430646197, 11.807461796185088], [75.43689666704277, 11.806599960825878], [75.43793515634215, 11.805594692678143], [75.43881455220807, 11.804343986702767], [75.43956116449858, 11.802921284055925], [75.44122649820324, 11.800335459712965], [75.44245598639999, 11.798123502053672], [75.44351924225174, 11.796398225798375], [75.44566443801483, 11.79303543808134], [75.44757936412958, 11.789816707963167], [75.44787492423109, 11.788506517292843], [75.4478729084116, 11.787458041746056], [75.44788027549524, 11.78633213320825], [75.44798336975053, 11.78475583520823], [75.4478107881131, 11.783850768393526], [75.44768872682891, 11.78325835537962], [75.44762446674338, 11.782969899302728], [75.44775359417557, 11.78280654888923], [75.44800179060374, 11.782789720066921], [75.44896026426578, 11.782745653117637], [75.45043788331373, 11.78262268843142], [75.45152125064804, 11.78233493607683], [75.45242066008016, 11.781989090094358], [75.45372948299126, 11.781268161452747], [75.45525027866498, 11.780326725459622], [75.45618697626625, 11.77977267203102], [75.45685350105424, 11.779385667019557], [75.45795897143613, 11.779138379431274], [75.45900062011036, 11.779321491215365], [75.45934839209283, 11.779670312916808], [75.45959914332967, 11.780303580673188], [75.45974053186715, 11.780584273624035], [75.46158207191142, 11.779859454365207], [75.46095604048149, 11.77868314793784], [75.46056704570894, 11.777945382381546], [75.45983429083002, 11.777162539202047], [75.45937690911153, 11.776709399180739], [75.45868919486259, 11.776550395469688], [75.45754285832179, 11.7765475532274], [75.45631225441747, 11.776898563772978], [75.45535390023133, 11.776819681085364], [75.45473071107097, 11.776167091744806], [75.45447599556876, 11.775181563076796], [75.45402555333585, 11.773295594583038], [75.45375634082161, 11.772617475251174], [75.45369265475955, 11.772025509388742], [75.45394146383872, 11.771655497978541], [75.45471372572557, 11.770920159238916], [75.45623391952805, 11.769891835509101], [75.45677176424483, 11.76946396973501], [75.45753819516716, 11.76911879263227], [75.45791966744751, 11.768946686286334], [75.45893868935636, 11.768369329574401], [75.45964683219313, 11.767656992467407], [75.45993680297698, 11.767142167163469], [75.46046228148558, 11.76607730000408], [75.4607925731509, 11.765751636969366], [75.46106338466635, 11.76578885931508], [75.46141683220479, 11.765992353987883], [75.4617504009243, 11.766544747547933], [75.46191501360684, 11.766915632960135], [75.46216701979013, 11.767060319732698], [75.4623727690245, 11.767020086366312], [75.46285587040789, 11.766343703401676], [75.4632103519072, 11.766136497752221], [75.46362684680551, 11.766095749778271], [75.4638153977938, 11.766323289856055], [75.4637676873707, 11.766874031167692], [75.46397773145044, 11.767325981692974], [75.46464345763614, 11.767513289217678], [75.46530863045963, 11.767469242684436], [75.46570708718706, 11.767446846094664], [75.4660387541731, 11.767140417084335], [75.46637431984747, 11.766775488408319], [75.46668655627396, 11.766468169537301], [75.46718679032645, 11.766157037071617], [75.46751877082453, 11.765624938486758], [75.4677252791353, 11.765276674998818], [75.46803775092033, 11.764988549190598], [75.46826785348206, 11.764844478698047], [75.46839153802195, 11.764844491889702], [75.46839121912001, 11.765070158908657], [75.4683904474672, 11.765500048078549], [75.46845893592278, 11.765748045331542], [75.46895284942893, 11.766179111891416], [75.46938797179297, 11.766545427354016], [75.46972195014425, 11.767138443628282], [75.46982278872983, 11.767404845998113], [75.47005609737879, 11.76777660528807], [75.47059596689826, 11.768350822789568], [75.4706694140542, 11.768469278854706], [75.47075373531665, 11.769013647911134], [75.47066586481051, 11.769931554869506], [75.47067746745071, 11.770633968802594], [75.47145809714442, 11.770351428567741], [75.47172985548417, 11.770052400537525], [75.47236398163312, 11.769719153621288], [75.47314983233525, 11.769228085584903], [75.4736776473619, 11.768574018365772], [75.4744685861218, 11.767901501698075], [75.47530426816935, 11.767202817511594], [75.47591093192176, 11.76694165111628], [75.47621825636023, 11.766933117935238], [75.47597511654881, 11.766502244274657], [75.47494242767124, 11.766373832990212], [75.47418898009973, 11.7662739673746], [75.47365453101469, 11.76607126352686], [75.47339409054919, 11.766105629408017], [75.47310935155357, 11.765901918476604], [75.47281728859348, 11.765245380907816], [75.47291937583732, 11.764609109458636], [75.47340285630975, 11.763850344511832], [75.474211811681, 11.762989094301519], [75.47533896559722, 11.761327677164632], [75.47646497955135, 11.759982158232708], [75.47767360527395, 11.758705855319599], [75.47832198768646, 11.758092281830725], [75.47950677571465, 11.75724930918137], [75.48013147314641, 11.75679826378975], [75.48152776411838, 11.755937851635242], [75.48302523862903, 11.7547514344546], [75.48371494534125, 11.753866669283067], [75.48454278419806, 11.752576355993877], [75.4846679401784, 11.752105899754744], [75.48521612899566, 11.750040074587607], [75.48516805565328, 11.749698251254287], [75.485264920092, 11.748952322773413], [75.48545001346473, 11.74835146090652], [75.48591833396843, 11.747937281817505], [75.48662570066084, 11.747748384030944], [75.48723657212201, 11.747419684388186], [75.48808055011123, 11.746954926425682], [75.4883656690942, 11.746540287016463], [75.48888580262684, 11.746070918089922], [75.48987234325168, 11.745471610182902], [75.49043302763455, 11.745138355495806], [75.49109068694902, 11.7443976820519], [75.49155876311094, 11.743792794404333], [75.49217546463832, 11.743143904257057], [75.49273563967648, 11.742308522698119], [75.49386214411075, 11.741189782154605], [75.49569613650998, 11.739145331192367], [75.49644481851891, 11.738220372444179], [75.49700612902757, 11.737335397635647], [75.4974812704392, 11.736309979360831], [75.49766637908326, 11.73524315299701], [75.49785069182002, 11.734828438802062], [75.498180768788, 11.734503853198705], [75.49870013246446, 11.734269117690364], [75.49921404246884, 11.734175166788583], [75.50053798851772, 11.735144806491538], [75.50138548071632, 11.735702375548621], [75.5020454810404, 11.735838459259515], [75.50284341138816, 11.735840908769186], [75.50392677692585, 11.73532265887714], [75.50458311392022, 11.735047871611485], [75.50528597017156, 11.734488616030765], [75.50570864188576, 11.73406893480535], [75.50646215054273, 11.73369927082692], [75.50710911631202, 11.73320855019181], [75.50795917589572, 11.732586024188937], [75.50857030427508, 11.73200453565769], [75.50917682160208, 11.731399144986977], [75.50943472881846, 11.731074643303918], [75.51089862250718, 11.728587919021116], [75.51096333983517, 11.727204245704689], [75.5117944180169, 11.726374382647721], [75.51201084462674, 11.725516598678492], [75.51266191569691, 11.724765432902164], [75.51295705359021, 11.724084975817178], [75.5134252132955, 11.72349925092803], [75.51409505107026, 11.723105456542603], [75.51442036696724, 11.722734375830758], [75.51478416219945, 11.722274784265199], [75.51523014699188, 11.721330405825915], [75.51561274306468, 11.720517408758138], [75.5159809418384, 11.719889915248249], [75.51630778487137, 11.71928987757788], [75.5164733201237, 11.718883338957228], [75.51655572348301, 11.718638874196985], [75.51683338465253, 11.717694760397395], [75.51691668632714, 11.717161518021436], [75.51699990715338, 11.716850526929246], [75.51718776823549, 11.716529620655983], [75.51743682165643, 11.716344618217498], [75.51776193992404, 11.71617322129838], [75.51831764045374, 11.716138646884117], [75.51909237180928, 11.716194109143633], [75.51944583282244, 11.71612666146148], [75.51983532795657, 11.715973975258878], [75.5202948907846, 11.715522112937018], [75.52063484023755, 11.715106565157896], [75.52105793954988, 11.71447930564643], [75.52149028432305, 11.71375205803446], [75.52179359329223, 11.713287465023242], [75.52204285871555, 11.712705348269585], [75.5221992949324, 11.712370604412579], [75.52255278469164, 11.711860905162336], [75.52304516746857, 11.711269507225422], [75.5234405744156, 11.710818117481585], [75.52373443041303, 11.710335046682552], [75.52407503204287, 11.709635231436513], [75.52424629944505, 11.70922783153585], [75.52439346953975, 11.708821595655353], [75.52447662928054, 11.708486916585265], [75.52456879283542, 11.708302692508239], [75.52471092877126, 11.708176013369778], [75.52494934703755, 11.708022111530692], [75.52510135545835, 11.707978234937464], [75.52544042725731, 11.707973299359045], [75.52634828085311, 11.70806973180162], [75.52679347063656, 11.707998528775288], [75.52722416340794, 11.707845440491353], [75.52774281292378, 11.707598186346335], [75.52837708280315, 11.707179048327205], [75.52912114926815, 11.706393721504092], [75.52983797432216, 11.705554136682924], [75.53013190667636, 11.705265108429321], [75.5303933954758, 11.70505809263004], [75.53064157124273, 11.704891086888644], [75.53088463918891, 11.704759950832495], [75.53055591598205, 11.704027560796984], [75.53226544140877, 11.704974785930567], [75.53322633064063, 11.70606973053677], [75.53406733520627, 11.708263711070108], [75.53443660836504, 11.709281106684484], [75.53585313838039, 11.709934125329239], [75.5374995212258, 11.70997816961931], [75.53843957583125, 11.709875168844794], [75.53947715423892, 11.709275667985965], [75.54111750310057, 11.707506450067617], [75.54215533573145, 11.706482765603994], [75.54304680225984, 11.705652141873099], [75.5439370785205, 11.705043704444353], [75.54441045743756, 11.704809014267502], [75.54429427562692, 11.704624388385279], [75.54360511958195, 11.703419973044872], [75.54275823015291, 11.70272736831709], [75.54242867510611, 11.702355977876355], [75.54223669794337, 11.701660266215312], [75.54223775436215, 11.7012440343467], [75.54180922563228, 11.699802092341505], [75.5416674813619, 11.699060148454459], [75.54166807963989, 11.698875164234584], [75.5418108192436, 11.69873496312252], [75.54199851413736, 11.698735554250552], [75.54185693785195, 11.698088381753742], [75.54166919175421, 11.698088916585117], [75.54161931010312, 11.697808016486565], [75.5418079581094, 11.697763526031169], [75.54166183634867, 11.697066513240447], [75.54180505565272, 11.696276544757179], [75.54161736345391, 11.696275953623866], [75.54114438518543, 11.696600894660516], [75.54011262786082, 11.696462853725915], [75.53930713729163, 11.6958657481506], [75.53658682930386, 11.693938824344887]], [[75.53848825643483, 11.761364662655966], [75.53839850665312, 11.760759183461918], [75.53851058316289, 11.760221509222417], [75.53868979975701, 11.76008631349612], [75.53891410549019, 11.760064864362544], [75.53904892464806, 11.760243602107627], [75.53918316618916, 11.76055771734558], [75.53925078327892, 11.76082706875052], [75.53983438188806, 11.760467561474572], [75.54070976947119, 11.759817715943006], [75.54138246209193, 11.759413713638802], [75.54198894707957, 11.75932491176412], [75.54295327775729, 11.75934706452467], [75.54362705644122, 11.75919021073462], [75.5442108257303, 11.75887583009692], [75.54468124649512, 11.758314857790936], [75.54495059824822, 11.75786666097794], [75.54528790485764, 11.75750841890685], [75.54575903529154, 11.757104317351121], [75.54596435243623, 11.756875512008813], [75.5460943638107, 11.75661622491408], [75.54623518281629, 11.756346142065834], [75.54628271627125, 11.756062818499737], [75.54618841023442, 11.755874637779609], [75.54576349183367, 11.75528562610537], [75.54499858984396, 11.75449733339526], [75.5445740756851, 11.753825970502259], [75.54439708781119, 11.752978491517045], [75.54427916776048, 11.752239746753062], [75.54491631584204, 11.751245146648207], [75.54513210195306, 11.750274384184973], [75.54502451252813, 11.749411999171704], [75.54487802515304, 11.748155204649294], [75.54475269220461, 11.747255917968186], [75.5445367542783, 11.746285969060368], [75.54424834117317, 11.745889310996862], [75.54390714755354, 11.744756870816111], [75.5435824685621, 11.743515735884555], [75.5433132057422, 11.743175231642919], [75.54315082537313, 11.742850840563154], [75.54340316842465, 11.742275534687229], [75.54351137229723, 11.741598939660292], [75.54306159571594, 11.740339750627074], [75.54279169688884, 11.739422668516577], [75.54275589363486, 11.738469912328457], [75.54241320971018, 11.737247167376385], [75.54237733818425, 11.736960093191662], [75.5428096083973, 11.736061224706765], [75.543286339827, 11.734379099081309], [75.5445643136929, 11.73459594639866], [75.54472603469857, 11.734343754709743], [75.54504999593608, 11.732671653360278], [75.54758709791155, 11.731934456708693], [75.5508267039988, 11.730837436853037], [75.55331098503557, 11.729313635833835], [75.55577670328528, 11.727695321806593], [75.55550660772711, 11.726239007598126], [75.55536230595314, 11.72490909423839], [75.55509225171748, 11.72431475039859], [75.5550567395177, 11.723649758659702], [75.5555057246832, 11.721747549478474], [75.5546953194311, 11.720290575871635], [75.55471360913029, 11.719625765312372], [75.55415550111562, 11.719391862435906], [75.5519608746557, 11.71939208497195], [75.5515101934709, 11.719211535174386], [75.55086235004758, 11.718420753887788], [75.55008906228468, 11.717324208089368], [75.54918894408179, 11.71730612096244], [75.54850492819692, 11.71707215279079], [75.54829546981877, 11.71660351921148], [75.54827786553412, 11.715775764365654], [75.54818735308274, 11.715506552787197], [75.5478813258115, 11.715416011873264], [75.54746770642042, 11.715595886858612], [75.54723449209456, 11.71588431937604], [75.5469461131254, 11.716891171353916], [75.54608265966084, 11.716872464962254], [75.54601040187436, 11.717466012952721], [75.5453805148752, 11.717717339587685], [75.54437290246877, 11.717573648122293], [75.54413893086316, 11.717017029352316], [75.54390501405473, 11.71645928445445], [75.54354457492845, 11.716603194639793], [75.54334701024464, 11.71629755000127], [75.54300490124172, 11.716441158568584], [75.54251964839327, 11.716782497993487], [75.54219600156607, 11.715865314731694], [75.54165536937694, 11.715650205745716], [75.54142131602458, 11.715685878842645], [75.54066568285201, 11.715884112669947], [75.53935228392287, 11.71633352295783], [75.53877688244067, 11.716422569133094], [75.53776871667203, 11.716045271227316], [75.53749796624203, 11.716844189431315], [75.53748013917523, 11.718480392871596], [75.5374446152973, 11.71894811728865], [75.5372282605527, 11.719218121541891], [75.53704814025339, 11.719398381070762], [75.53658716976535, 11.719389931737817], [75.53586706136898, 11.718849653268922], [75.53516577267781, 11.718274120550786], [75.53469784833115, 11.717825352884764], [75.53462501652118, 11.717447495713012], [75.53444591221644, 11.71701631511982], [75.53388808178121, 11.716728194282183], [75.532771726513, 11.716314372330986], [75.5325021025704, 11.715811400503114], [75.53271449035468, 11.715381023951386], [75.53292157089231, 11.714966202512343], [75.53342124709098, 11.714364940292317], [75.53328521430922, 11.714115093623363], [75.53406876712084, 11.713956520862663], [75.53414767333875, 11.713786353911928], [75.53458015375757, 11.713717932796524], [75.53471650544127, 11.71329765352883], [75.53522643141739, 11.713729135473306], [75.53593146338832, 11.713240955717366], [75.53620330437307, 11.713229566543774], [75.53680466357372, 11.713467749532294], [75.53702055927924, 11.713502339234084], [75.53724852834215, 11.71325317436149], [75.53722494756593, 11.712923807342627], [75.53713467226976, 11.712527117154792], [75.53760053049126, 11.712356406603574], [75.53754375247374, 11.712174458902648], [75.5370206518057, 11.712050381673011], [75.5366687987769, 11.711936308224798], [75.53616481246148, 11.711352799713618], [75.53417773995132, 11.710954867891978], [75.53282586528026, 11.710388241572572], [75.53247426737299, 11.710195197949547], [75.53093059430392, 11.710354305916725], [75.53190725435891, 11.70890146451075], [75.53116885177178, 11.708435936222598], [75.53064628021144, 11.70874281750943], [75.53049876875697, 11.70893582080442], [75.52927273907402, 11.709083350153673], [75.52871623185719, 11.709332280407981], [75.52876120780853, 11.709717893729692], [75.53046464804751, 11.71018315421429], [75.53077075616712, 11.7112044755238], [75.53091780858247, 11.713697636739779], [75.5322922965442, 11.714049827736508], [75.5319262079131, 11.715739065665877], [75.53122447814913, 11.716008513630154], [75.53039710372128, 11.716026320249638], [75.52904715952975, 11.71689028384045], [75.52881363887839, 11.716889857235856], [75.52856160215241, 11.716746439774461], [75.5283810066443, 11.716224928541962], [75.52821966652434, 11.716026953561533], [75.52791331136804, 11.716189070798794], [75.52793174030609, 11.717094717078883], [75.52809376763726, 11.717670670061723], [75.52809357809275, 11.718533734844574], [75.52739110721868, 11.719971953485024], [75.52715720119005, 11.720691305400976], [75.52766102760533, 11.72157270619076], [75.527156953255, 11.721751813690082], [75.52742755456467, 11.72265085544488], [75.52730338583284, 11.723545547408452], [75.52696108459048, 11.724085120946919], [75.5268887297859, 11.724409027460757], [75.5269248276873, 11.72518124321339], [75.52676247965756, 11.725397274481322], [75.52663646668445, 11.726135068231097], [75.52683449310231, 11.726602105054873], [75.5272671361162, 11.726997413461083], [75.52796887037175, 11.72773548879166], [75.52823891472595, 11.729137718120437], [75.52940849607302, 11.73044982916436], [75.5299302636412, 11.730972150862394], [75.53091949112701, 11.730971826307602], [75.5311110362001, 11.731774790346567], [75.53192076951237, 11.734544102748988], [75.53291043896928, 11.734436599091332], [75.53613123882606, 11.733501512431616], [75.53613122175804, 11.734435710754738], [75.53773290173996, 11.734634548556052], [75.54025252160167, 11.73474174869522], [75.54073743758197, 11.736917537857767], [75.54108089854937, 11.738713485272196], [75.54160290866264, 11.738838633216078], [75.54136847801792, 11.73979158338446], [75.54169289829453, 11.741086854591572], [75.54190918476719, 11.742147070766997], [75.54169253896843, 11.743406605988044], [75.54149430863299, 11.744467269705947], [75.54117118462531, 11.744988602672466], [75.54098919942346, 11.745577246744874], [75.5408628001748, 11.746619728073401], [75.54055743496193, 11.748579339306165], [75.53976541373213, 11.748669893083798], [75.53926174182705, 11.749281229027597], [75.53890160543303, 11.749244630649397], [75.53753401024449, 11.748687433746662], [75.53755222538351, 11.750557887845511], [75.53731777138255, 11.750772945867414], [75.53612993537057, 11.751223563143766], [75.53514613640401, 11.751964361593075], [75.5346074328978, 11.752884395721686], [75.53447286616655, 11.753511302305256], [75.534472297533, 11.75416232891186], [75.53449490273879, 11.755888591493905], [75.5342711898937, 11.756315137184819], [75.53391202637512, 11.756920601529634], [75.53359785048595, 11.757076761832598], [75.53234081724761, 11.757413650107775], [75.53180265542554, 11.757682654561679], [75.53146414507367, 11.758090461336783], [75.53126155611245, 11.758628541654392], [75.53157625841439, 11.759099778264433], [75.5321814246752, 11.75948148580879], [75.53296695917037, 11.759728053206901], [75.533932021975, 11.760176823034517], [75.53453867494763, 11.76062516207563], [75.53485275112381, 11.760692409790687], [75.53532351504505, 11.76071484210861], [75.53559291890046, 11.760782324616807], [75.53586179454645, 11.760984056164528], [75.53595221896295, 11.761230747978649], [75.53595258188234, 11.761567018189574], [75.535951803043, 11.761903237860707], [75.535951885688, 11.762171793802954], [75.53613169786513, 11.76244171263329], [75.53633385922826, 11.762576109540085], [75.53660326757526, 11.76264358983291], [75.53680486838962, 11.762642555598408], [75.53700722558546, 11.762576109540085], [75.53747780714872, 11.762553392431633], [75.53767978256059, 11.762642643543506], [75.53794956550503, 11.762800408235575], [75.53821831987845, 11.762709883729935], [75.53835272042139, 11.762553477738422], [75.53842116845276, 11.76223950109366], [75.53848825643483, 11.761364662655966]]]}}]}