{"hasZ":true,"hasM":true,"type":"FeatureCollection","features":[{"type":"Feature","id":0,"geometry":{"type":"Polygon","coordinates":[[[77.176777991000051,10.358318641000039,0],[77.176623197000083,10.358441162000076,0],[77.176614007000069,10.358432187000062,0],[77.176595779000081,10.358423182000024,0],[77.17650880900004,10.358373788000051,0],[77.176334930000053,10.358270483000069,0],[77.176234328000078,10.358216664000054,0],[77.17614276300003,10.358162692000064,0],[77.175978043000043,10.358063933000039,0],[77.175959784000042,10.358050409000043,0],[77.175955129000045,10.358050440000056,0],[77.175950625000041,10.358045952000055,0],[77.175936870000044,10.35803691600006,0],[77.175900261000038,10.358009959000071,0],[77.175570695000033,10.357780628000057,0],[77.175378432000059,10.357645722000029,0],[77.175181574000078,10.357506328000056,0],[77.174989344000039,10.357376031000058,0],[77.174833659000058,10.35726356300006,0],[77.17463226700005,10.357115160000035,0],[77.174618512000052,10.35710612500003,0],[77.174609322000038,10.357097149000026,0],[77.174591063000037,10.35708362500003,0],[77.174563614000078,10.357061215000044,0],[77.174449071000083,10.356971154000064,0],[77.174366633000034,10.356903744000022,0],[77.174279722000051,10.356836183000041,0],[77.174197283000069,10.356768682000052,0],[77.174082740000074,10.356678712000075,0],[77.174055291000059,10.356656212000075,0],[77.174041537000051,10.356647266000039,0],[77.174023247000036,10.356629223000027,0],[77.174000393000085,10.356611211000029,0],[77.173959159000049,10.356575246000034,0],[77.17389044500004,10.356512262000024,0],[77.173794189000034,10.356426687000067,0],[77.173675140000057,10.356318671000054,0],[77.173546840000029,10.356206108000038,0],[77.17342779300003,10.356098091000035,0],[77.17333153800007,10.356012607000025,0],[77.173262855000075,10.355954051000026,0],[77.173221589000036,10.355913567000073,0],[77.173203299000079,10.355895524000061,0],[77.173194109000065,10.355886548000058,0],[77.173098009000057,10.355823568000062,0],[77.172878334000075,10.355684325000027,0],[77.172718149000048,10.355580924000037,0],[77.172553491000031,10.35547755500005,0],[77.172397871000044,10.355374214000051,0],[77.172265104000076,10.355288795000035,0],[77.172173600000065,10.355230392000067,0],[77.172091256000044,10.355176447000076,0],[77.172082096000054,10.355171899000027,0],[77.172077501000047,10.355167412000071,0],[77.172068343000035,10.355162954000036,0],[77.17204545900006,10.355153980000068,0],[77.171995161000041,10.355140581000057,0],[77.171922041000073,10.355113780000067,0],[77.171812345000035,10.355078005000053,0],[77.171679767000057,10.355033257000059,0],[77.171538061000035,10.354988570000046,0],[77.171222668000041,10.354881245000058,0],[77.171176933000083,10.354867906000038,0],[77.171154143000081,10.354858931000024,0],[77.171145014000047,10.354858992000061,0],[77.170605606000038,10.354684668000061,0],[77.169947499000045,10.354492705000041,0],[77.169933775000061,10.354488188000062,0],[77.169883508000055,10.354479308000066,0],[77.169846965000033,10.35447494500005,0],[77.169810390000066,10.354466063000075,0],[77.169773816000031,10.354457180000054,0],[77.169723549000082,10.354448300000058,0],[77.16970529200006,10.35444833400004,0],[77.169700697000053,10.354443845000048,0],[77.169696133000059,10.354443876000062,0],[77.169687066000051,10.354439418000027,0],[77.169627578000075,10.354417042000023,0],[77.169577308000044,10.354394605000039,0],[77.169517820000067,10.354372230000024,0],[77.169453859000043,10.354349794000029,0],[77.169394461000081,10.354327417000036,0],[77.169344101000036,10.354305071000056,0],[77.169307526000068,10.354296099000067,0],[77.169289300000059,10.354287183000054,0],[77.169275576000075,10.354282666000074,0],[77.169275545000062,10.354278147000059,0],[77.169270981000068,10.354278179000062,0],[77.169266386000061,10.35427369000007,0],[77.169248098000082,10.354269204000047,0],[77.169220621000079,10.354255741000031,0],[77.16910176500005,10.35420195100005,0],[77.169014891000074,10.35416611200003,0],[77.168927985000039,10.354125755000041,0],[77.168841110000074,10.354089916000021,0],[77.16877252300003,10.354058473000066,0],[77.168726818000039,10.354036095000026,0],[77.168694808000055,10.354027182000038,0],[77.168681053000057,10.354018146000044,0],[77.16867645800005,10.354013658000042,0],[77.168671894000056,10.354013689000055,0],[77.168667299000049,10.354009201000054,0],[77.168658139000058,10.354004653000061,0],[77.16863528600004,10.353986731000077,0],[77.168598709000037,10.353964200000064,0],[77.168548348000058,10.353928296000049,0],[77.168484232000083,10.353883266000025,0],[77.168420206000064,10.353838325000027,0],[77.168356121000045,10.353797904000032,0],[77.168273656000054,10.353739440000027,0],[77.168250834000048,10.353725945000065,0],[77.16823708000004,10.353717000000074,0],[77.168232483000054,10.353712422000058,0],[77.168227889000036,10.353707933000067,0],[77.168214226000032,10.35369898700003,0],[77.168200441000067,10.353685432000077,0],[77.168182121000029,10.353662959000076,0],[77.168127132000052,10.353617958000029,0],[77.168081363000056,10.353572894000024,0],[77.168067610000037,10.353563948000044,0],[77.16800805500003,10.353505330000075,0],[77.167971354000031,10.353464815000052,0],[77.167916395000077,10.353410774000054,0],[77.167856780000079,10.353343208000069,0],[77.167783471000064,10.353275644000064,0],[77.167719291000083,10.353208107000057,0],[77.167664333000062,10.353154067000048,0],[77.167627632000062,10.353113552000025,0],[77.167577269000049,10.353064000000074,0],[77.167563452000081,10.35304592600005,0],[77.167540568000049,10.353023484000062,0],[77.167513026000051,10.352987426000027,0],[77.167476417000046,10.352946820000057,0],[77.167439685000033,10.352901785000029,0],[77.167402985000081,10.352861269000073,0],[77.167375535000076,10.352825211000038,0],[77.167338865000033,10.352789124000026,0],[77.16733423900007,10.352780117000066,0],[77.167329675000076,10.352780148000022,0],[77.167329644000063,10.352775629000064,0],[77.167306759000041,10.352753097000061,0],[77.167279218000033,10.352717039000026,0],[77.167228824000063,10.352662967000072,0],[77.167160049000074,10.352590943000052,0],[77.166907954000067,10.352316159000054,0],[77.166839180000068,10.352244135000035,0],[77.16681626500008,10.352217085000063,0],[77.166788786000041,10.352190064000069,0],[77.166761307000058,10.352163044000065,0],[77.166747490000034,10.35214497000004,0],[77.166729201000066,10.352127017000043,0],[77.166715476000036,10.352108942000029,0],[77.166683339000031,10.35206839600005,0],[77.166628288000084,10.352000799000052,0],[77.166545758000041,10.351906181000061,0],[77.166252305000057,10.35156379700004,0],[77.166114755000081,10.351406101000066,0],[77.166087245000085,10.351374561000057,0],[77.166064267000081,10.351338472000066,0],[77.166027689000032,10.351302384000064,0],[77.166009340000073,10.351288950000026,0],[77.165945192000038,10.351225933000023,0],[77.165926843000079,10.351212409000027,0],[77.165894769000033,10.351180900000031,0],[77.165881106000029,10.351171864000037,0],[77.165858161000074,10.351153851000049,0],[77.165821523000034,10.351122373000067,0],[77.165766627000039,10.351077370000041,0],[77.165702450000083,10.351023391000069,0],[77.165633799000034,10.35096935200005,0],[77.165569714000071,10.350915373000021,0],[77.165514727000073,10.350870371000042,0],[77.165478120000046,10.350843412000074,0],[77.165446046000056,10.350811903000022,0],[77.165441482000062,10.350811933000045,0],[77.165381898000078,10.350748795000072,0],[77.165345197000079,10.35070827900006,0],[77.165294835000054,10.350658726000063,0],[77.16519855100006,10.350555163000024,0],[77.165148188000046,10.350505610000027,0],[77.165097734000085,10.350456058000077,0],[77.165061189000085,10.350438137000026,0],[77.16501545400007,10.350411149000024,0],[77.164933114000064,10.350370850000047,0],[77.164818731000082,10.350303470000028,0],[77.164397869000084,10.350083506000033,0],[77.164283517000058,10.35002064400004,0],[77.164205742000036,10.349980224000035,0],[77.164155473000051,10.349957785000072,0],[77.164132560000041,10.349944291000043,0],[77.16412340100004,10.349939834000054,0],[77.164118806000033,10.349935346000052,0],[77.164036527000064,10.349890436000067,0],[77.163940402000037,10.349836581000034,0],[77.163848931000075,10.34978260500003,0],[77.163716201000057,10.34970179100003,0],[77.163574371000038,10.349625466000077,0],[77.163258701000075,10.349436788000048,0],[77.163190053000051,10.349396306000074,0],[77.16318089400005,10.349391848000039,0],[77.163176391000036,10.349387360000037,0],[77.163011710000035,10.349306579000029,0],[77.162897299000065,10.34924823700004,0],[77.162760096000056,10.349180920000038,0],[77.16261829900003,10.349109113000054,0],[77.162481097000068,10.349041796000051,0],[77.162366777000045,10.348983453000073,0],[77.162289001000033,10.348943032000022,0],[77.162238703000071,10.348916165000048,0],[77.162215821000075,10.348907189000045,0],[77.162206662000074,10.348902732000056,0],[77.162188373000049,10.348884688000055,0],[77.161973143000068,10.348700124000061,0],[77.161066274000063,10.347903429000041,0],[77.160887683000055,10.347750433000044,0],[77.160855609000066,10.347718833000044,0],[77.160841855000058,10.347709888000054,0],[77.160832666000033,10.347700911000061,0],[77.160823535000077,10.347687324000049,0],[77.160800562000077,10.34766488300005,0],[77.160763953000071,10.347624275000044,0],[77.160713439000062,10.347565684000074,0],[77.160649352000064,10.347498146000021,0],[77.160585144000038,10.347426089000066,0],[77.160520968000071,10.34735855200006,0],[77.160415525000076,10.347236880000025,0],[77.160332967000045,10.347137742000029,0],[77.16027338300006,10.347061134000057,0],[77.160245873000065,10.347029594000048,0],[77.160209143000031,10.346984469000063,0],[77.160163254000054,10.346921418000022,0],[77.160076132000029,10.346822309000061,0],[77.159956903000079,10.346673525000028,0],[77.15951672500006,10.346137250000027,0],[77.159397407000029,10.345988556000066,0],[77.159314940000058,10.345889416000034,0],[77.159264486000041,10.34582630500006,0],[77.159236978000081,10.345794764000061,0],[77.159227788000067,10.345785789000047,0],[77.159177428000078,10.345749792000049,0],[77.159012657000062,10.345641984000054,0],[77.158866204000049,10.345543002000056,0],[77.158687771000075,10.345426158000066,0],[77.158495583000047,10.345300276000046,0],[77.158317060000059,10.345183432000056,0],[77.158170607000045,10.345084540000073,0],[77.157932562000042,10.344900035000023,0],[77.157895956000061,10.344873075000066,0],[77.157840971000041,10.344828071000052,0],[77.157758570000055,10.344765083000027,0],[77.157465510000065,10.344531146000065,0],[77.157383077000077,10.344463639000026,0],[77.157328214000074,10.344423153000037,0],[77.157300737000071,10.344396132000043,0],[77.157282388000056,10.344382607000057,0],[77.157273199000031,10.344373630000064,0],[77.157264101000067,10.344364653000071,0],[77.157250285000032,10.344346578000057,0],[77.157213587000058,10.344306061000054,0],[77.157158569000046,10.344242980000047,0],[77.156984389000058,10.344040241000073,0],[77.156879011000058,10.343927606000022,0],[77.156787234000035,10.343814970000039,0],[77.156704740000066,10.343724867000049,0],[77.156617619000031,10.34362575800003,0],[77.156599300000039,10.343603195000071,0],[77.156585607000068,10.343589638000026,0],[77.15657638700003,10.343576143000064,0],[77.156558067000049,10.343553579000059,0],[77.156530497000062,10.34351300000003,0],[77.156493767000029,10.343454406000035,0],[77.156392800000049,10.343319146000056,0],[77.156346971000062,10.343251574000021,0],[77.156305677000034,10.343192921000025,0],[77.156278138000062,10.343156861000068,0],[77.156259789000046,10.343129869000052,0],[77.156255162000036,10.343120771000031,0],[77.15625513100008,10.343116253000062,0],[77.156250537000062,10.343111764000071,0],[77.156245911000042,10.343102757000054,0],[77.156227623000063,10.343084712000064,0],[77.15619552000004,10.343048683000063,0],[77.156145037000044,10.342981052000027,0],[77.15607170100003,10.342895498000075,0],[77.155984642000078,10.342791869000052,0],[77.155892865000055,10.342679142000065,0],[77.155805806000046,10.342575512000053,0],[77.155732379000085,10.342489958000044,0],[77.155681927000046,10.34242684700007,0],[77.155622283000071,10.342341201000067,0],[77.155617689000053,10.342336712000076,0],[77.155613094000046,10.34233213300007,0],[77.155599370000061,10.342314148000071,0],[77.155571862000045,10.342282608000062,0],[77.155530629000054,10.342232992000049,0],[77.155466424000053,10.342160934000049,0],[77.155393089000029,10.34207538000004,0],[77.155319722000058,10.341985215000022,0],[77.15524629600003,10.341899571000056,0],[77.155186745000037,10.341827482000042,0],[77.155145423000079,10.341777957000033,0],[77.155122479000056,10.341746385000022,0],[77.155099596000071,10.34172385200003,0],[77.15509497000005,10.34171484500007,0],[77.155076682000072,10.341696800000022,0],[77.155044549000081,10.341656252000064,0],[77.154994156000043,10.341588621000028,0],[77.154916165000031,10.34148945000004,0],[77.154828953000049,10.341376782000054,0],[77.154732675000048,10.341259656000034,0],[77.154645555000059,10.341146988000048,0],[77.15456759500006,10.341052335000029,0],[77.154485009000041,10.340948676000039,0],[77.154471254000043,10.340926081000021,0],[77.154452967000054,10.340908126000045,0],[77.154443746000084,10.340894540000022,0],[77.154434557000059,10.340885563000029,0],[77.154397889000052,10.340836007000064,0],[77.154333653000037,10.340759430000048,0],[77.154145629000084,10.340520538000021,0],[77.154031063000048,10.340385366000021,0],[77.153838385000029,10.340146505000064,0],[77.153774240000075,10.340069836000055,0],[77.153719163000062,10.339997807000032,0],[77.153714536000052,10.339988709000068,0],[77.15370084400007,10.339975243000026,0],[77.153682526000068,10.339952679000021,0],[77.153645829000084,10.339912162000076,0],[77.15358165400005,10.339844622000044,0],[77.153494567000052,10.339749939000058,0],[77.153389193000066,10.339637393000032,0],[77.153279161000057,10.339511229000038,0],[77.153173695000078,10.339398593000055,0],[77.153086608000081,10.339304001000073,0],[77.153027089000034,10.339236430000028,0],[77.152990392000049,10.339195821000033,0],[77.152972074000047,10.339173348000031,0],[77.152953695000065,10.339155303000041,0],[77.152930781000066,10.339128251000034,0],[77.15288498700005,10.33907875500006,0],[77.152811562000068,10.338993111000036,0],[77.152706157000068,10.338875954000059,0],[77.152311982000072,10.338429922000046,0],[77.152133185000082,10.338231730000075,0],[77.152068950000057,10.33815515200007,0],[77.152055257000029,10.338141595000025,0],[77.152046098000085,10.338137137000047,0],[77.152027811000039,10.338119092000056,0],[77.15198661200003,10.338087642000062,0],[77.151917906000051,10.338038119000032,0],[77.151830852000046,10.337961602000064,0],[77.151716443000055,10.337876140000049,0],[77.151592847000074,10.33778170100004,0],[77.151478438000083,10.337696238000035,0],[77.151386820000084,10.337619662000066,0],[77.15128154000007,10.337534229000028,0],[77.15125862900004,10.337520735000055,0],[77.151254033000043,10.337516246000064,0],[77.151162508000084,10.337453226000036,0],[77.151043507000054,10.337376833000064,0],[77.150846733000037,10.337246456000059,0],[77.150567591000083,10.337057609000055,0],[77.150228967000032,10.336832915000059,0],[77.14987652700006,10.336590054000055,0],[77.149062022000066,10.336050560000047,0],[77.148883475000048,10.335929190000058,0],[77.148860655000078,10.33591569500004,0],[77.148856091000084,10.335915724000074,0],[77.148833179000064,10.335902229000055,0],[77.148796606000076,10.335879786000021,0],[77.148654725000029,10.335794416000056,0],[77.148554133000061,10.335740495000039,0],[77.148448918000042,10.33567765500004,0],[77.148348235000071,10.33562373500007,0],[77.148206477000031,10.335542882000027,0],[77.148169842000073,10.335524959000054,0],[77.14815158600004,10.335511433000022,0],[77.148147023000035,10.335511463000046,0],[77.148142428000085,10.335506974000054,0],[77.148133270000073,10.335502516000076,0],[77.148110358000054,10.335489021000058,0],[77.148064688000034,10.335471068000061,0],[77.147996076000084,10.335435191000045,0],[77.147890829000062,10.335381299000062,0],[77.14776738900008,10.335323011000071,0],[77.147630195000033,10.33525568500005,0],[77.14740150800003,10.335143506000065,0],[77.147328332000029,10.335107568000069,0],[77.147287195000047,10.335085155000058,0],[77.147264283000084,10.33507166000004,0],[77.147246059000054,10.335062743000037,0],[77.147223177000058,10.335053767000034,0],[77.147181980000084,10.33503578400007,0],[77.147113399000034,10.335004425000022,0],[77.146569280000051,10.334748736000051,0],[77.146464096000045,10.334703883000032,0],[77.146441185000072,10.33469038800007,0],[77.14643202600007,10.334685929000045,0],[77.146422868000059,10.334681472000057,0],[77.146409206000044,10.334672433000037,0],[77.146372573000065,10.334654510000064,0],[77.146317683000063,10.334623061000059,0],[77.146038640000029,10.334474880000073,0],[77.145947208000052,10.334425507000049,0],[77.14586487400004,10.334385111000074,0],[77.145778005000068,10.334335706000047,0],[77.145759689000045,10.334326700000076,0],[77.145755125000051,10.334326730000043,0],[77.145750531000033,10.334322241000052,0],[77.145745967000039,10.334322271000076,0],[77.145718522000038,10.334313325000039,0],[77.145645407000075,10.334286425000073,0],[77.145503682000083,10.334237206000068,0],[77.145270526000047,10.334152169000049,0],[77.14451635100005,10.33389272200003,0],[77.144301511000037,10.333816601000024,0],[77.144086672000071,10.333740571000021,0],[77.143332499000053,10.333481121000034,0],[77.14309937400003,10.333400511000036,0],[77.142953085000045,10.333351320000077,0],[77.14287997200006,10.333324510000068,0],[77.142852527000059,10.333315564000031,0],[77.142847933000041,10.33331107500004,0],[77.142838773000051,10.333306526000058,0],[77.142816015000051,10.333302068000023,0],[77.14277028500004,10.333288723000067,0],[77.142692577000048,10.33327089200003,0],[77.142587485000035,10.333239595000066,0],[77.142455011000038,10.333208479000064,0],[77.142322444000058,10.333163715000069,0],[77.142189970000061,10.333132599000066,0],[77.142084818000058,10.333105821000061,0],[77.141966004000039,10.333070095000039,0],[77.141943154000046,10.333065637000061,0],[77.141924868000046,10.333061149000059,0],[77.141897484000083,10.333047683000075,0],[77.141819746000067,10.33301186500006,0],[77.141769360000069,10.332984904000057,0],[77.141709968000043,10.33296252100007,0],[77.141659673000049,10.332935559000077,0],[77.141613912000082,10.332917606000024,0],[77.141581965000057,10.332904170000063,0],[77.141554489000043,10.332890704000022,0],[77.141554459000076,10.332886185000064,0],[77.141540768000084,10.332886276000067,0],[77.141527015000065,10.332877238000037,0],[77.141435645000058,10.332850459000042,0],[77.141257411000083,10.332801388000064,0],[77.141152288000058,10.332765572000028,0],[77.140974053000036,10.33271650100005,0],[77.140882684000076,10.332689721000065,0],[77.140864398000076,10.332685233000063,0],[77.140859803000069,10.332680745000062,0],[77.140855240000064,10.332680775000028,0],[77.140841518000059,10.332676347000074,0],[77.140809539000031,10.332658301000038,0],[77.140745523000078,10.332626911000034,0],[77.140640309000048,10.332577536000031,0],[77.140489426000045,10.332510298000045,0],[77.139931594000075,10.33225016800003,0],[77.139675437000051,10.332124516000022,0],[77.139615984000045,10.332093095000062,0],[77.139579381000033,10.332079599000053,0],[77.139570314000082,10.332075141000075,0],[77.139565719000075,10.332070652000027,0],[77.139561125000057,10.332066163000036,0],[77.139547373000084,10.332057126000052,0],[77.13951989800006,10.332043660000068,0],[77.139478731000054,10.332016727000052,0],[77.139419309000061,10.331976268000062,0],[77.139350636000074,10.331931259000044,0],[77.139272837000078,10.331886312000051,0],[77.139204256000085,10.331841394000037,0],[77.139144742000042,10.331800935000047,0],[77.139103515000045,10.331778432000021,0],[77.139076101000057,10.331760537000036,0],[77.139062348000039,10.331751499000063,0],[77.139039529000058,10.331738003000055,0],[77.139021181000032,10.331724566000048,0],[77.139002925000057,10.331711040000073,0],[77.138925126000061,10.331666092000034,0],[77.138801566000041,10.331589723000036,0],[77.138618613000062,10.331477323000058,0],[77.138398997000081,10.331342570000061,0],[77.137946075000059,10.331072973000062,0],[77.137639471000057,10.330884203000039,0],[77.137561763000065,10.330839255000058,0],[77.137520536000068,10.330816842000047,0],[77.137502280000035,10.330803315000026,0],[77.137438265000071,10.330771923000043,0],[77.13735127700005,10.330717998000068,0],[77.13720489800005,10.330641689000061,0],[77.136994593000054,10.330533898000056,0],[77.136226158000056,10.330134336000071,0],[77.135787083000082,10.329900889000044,0],[77.135695654000074,10.329851511000072,0],[77.135631577000083,10.329810991000045,0],[77.135508048000077,10.329739140000072,0],[77.135306781000054,10.329617820000067,0],[77.134789726000065,10.329298749000031,0],[77.134670761000052,10.329226867000045,0],[77.134309334000079,10.329002123000066,0],[77.133961630000044,10.328795453000055,0],[77.133673378000083,10.32862020500005,0],[77.133472082000083,10.328494366000029,0],[77.13335317800005,10.328417873000035,0],[77.133266222000032,10.32836846500004,0],[77.133261628000071,10.328363976000048,0],[77.133243312000047,10.328355058000056,0],[77.133206740000048,10.328332524000075,0],[77.133128942000042,10.328287574000058,0],[77.133000912000057,10.328211233000047,0],[77.132593818000032,10.327982177000024,0],[77.132365079000067,10.327847389000056,0],[77.131962520000059,10.327613783000061,0],[77.131838962000074,10.327537321000023,0],[77.131761194000035,10.327496889000031,0],[77.131720060000077,10.327474475000031,0],[77.131706308000048,10.327465527000072,0],[77.131701713000041,10.327460948000066,0],[77.131578246000061,10.327398133000031,0],[77.131294682000032,10.327254487000062,0],[77.131093449000048,10.327151241000024,0],[77.130878494000058,10.327043475000039,0],[77.13067729100004,10.326944748000074,0],[77.130393728000058,10.326801100000068,0],[77.130325119000076,10.326765218000048,0],[77.130288578000034,10.326747293000039,0],[77.130274856000085,10.326742773000035,0],[77.130270262000067,10.326738285000033,0],[77.130265698000073,10.326738315000057,0],[77.130251977000057,10.326733886000056,0],[77.130224594000083,10.326720419000026,0],[77.130114850000041,10.326689147000025,0],[77.130041738000045,10.326662243000044,0],[77.129959498000062,10.326635399000054,0],[77.129886326000076,10.326613105000035,0],[77.129822341000079,10.326586231000022,0],[77.129776612000057,10.326572795000061,0],[77.129753824000034,10.326563816000032,0],[77.129740102000085,10.326559387000032,0],[77.129721816000085,10.32655489900003,0],[77.12968980900007,10.326545981000038,0],[77.129639546000078,10.326523535000035,0],[77.129561779000085,10.326496662000068,0],[77.129479510000067,10.326465390000067,0],[77.129383549000067,10.326434027000062,0],[77.129296715000066,10.326402694000024,0],[77.129168716000038,10.326357984000026,0],[77.129136678000066,10.326344548000066,0],[77.129123048000054,10.326340028000061,0],[77.129109326000048,10.32633560000005,0],[77.129091010000081,10.326326592000044,0],[77.129068160000031,10.326322133000076,0],[77.129036154000062,10.326313215000027,0],[77.128995019000058,10.326304357000026,0],[77.128926531000047,10.326286461000052,0],[77.128862517000073,10.326268626000058,0],[77.128848795000067,10.326264197000057,0],[77.128812224000058,10.32624166100004,0],[77.128789313000084,10.326228165000032,0],[77.128761870000062,10.326205658000049,0],[77.128652066000029,10.326124765000031,0],[77.12862453200006,10.326102261000074,0],[77.12860171300008,10.32608876300003,0],[77.128587960000061,10.326079724000067,0],[77.128578772000083,10.326070747000074,0],[77.128574208000032,10.326070777000041,0],[77.128569675000051,10.326061768000045,0],[77.128555892000065,10.326048211000057,0],[77.128532982000081,10.326034714000059,0],[77.128500974000076,10.326012239000022,0],[77.128418644000078,10.325958280000066,0],[77.128382043000045,10.325931315000048,0],[77.128345381000031,10.325908870000035,0],[77.128327126000045,10.325895342000024,0],[77.128313373000083,10.325886394000065,0],[77.128304215000071,10.325881845000026,0],[77.128290524000079,10.325868378000052,0],[77.128235486000051,10.325800771000047,0],[77.128171319000046,10.325733225000022,0],[77.128084183000055,10.325629585000058,0],[77.12797875900003,10.325507899000058,0],[77.127864179000085,10.325381754000034,0],[77.127758757000038,10.325260067000045,0],[77.127676275000056,10.325156398000047,0],[77.12761210900004,10.325088850000043,0],[77.127575385000057,10.325043720000053,0],[77.127557101000036,10.325025763000042,0],[77.127552476000062,10.325016755000036,0],[77.127433393000047,10.324899587000061,0],[77.127392167000039,10.324863615000027,0],[77.127204324000047,10.324674411000046,0],[77.127154002000054,10.324629369000036,0],[77.126970692000043,10.324449265000055,0],[77.126920369000061,10.324404223000045,0],[77.12684704600008,10.324332218000052,0],[77.126837827000031,10.32431863100004,0],[77.12676450400005,10.324233067000023,0],[77.126686556000038,10.324138405000042,0],[77.126063035000072,10.323363211000071,0],[77.125985087000061,10.323268549000034,0],[77.125939176000031,10.323214440000072,0],[77.12591623600008,10.323182865000035,0],[77.125888763000034,10.323155840000027,0],[77.12586591400003,10.323137914000029,0],[77.125833877000048,10.32311082800004,0],[77.125733050000065,10.323020836000069,0],[77.12567357000006,10.322971335000034,0],[77.125572834000081,10.322881252000059,0],[77.125540797000042,10.322854256000028,0],[77.125522420000038,10.322836210000048,0],[77.12550875900007,10.322827262000033,0],[77.125490383000056,10.322809215000063,0],[77.125476632000073,10.322786710000059,0],[77.125444564000077,10.32275519500007,0],[77.125407842000072,10.322710064000034,0],[77.125357459000043,10.322656074000065,0],[77.125316173000044,10.322597414000029,0],[77.125265760000048,10.32253881500003,0],[77.125229038000043,10.322493774000066,0],[77.125201534000041,10.322462230000042,0],[77.125183249000031,10.322444182000027,0],[77.125174031000029,10.322430686000075,0],[77.125164934000054,10.322421707000046,0],[77.125146588000064,10.322408180000025,0],[77.125119114000029,10.322381155000073,0],[77.125068702000078,10.322336113000063,0],[77.124995439000031,10.322273145000054,0],[77.124734458000034,10.322038958000064,0],[77.12466119700008,10.321975989000066,0],[77.124615378000044,10.321935437000036,0],[77.124583341000061,10.321908441000062,0],[77.124565056000051,10.321890394000036,0],[77.124514612000041,10.321840924000071,0],[77.124473418000036,10.321795821000023,0],[77.124409223000043,10.321737313000028,0],[77.124335991000066,10.321665215000053,0],[77.124258045000033,10.321584201000064,0],[77.124093206000055,10.321422049000034,0],[77.123932840000066,10.321259868000027,0],[77.123767971000063,10.321106755000073,0],[77.123676272000068,10.321016702000065,0],[77.123511373000042,10.32085907000004,0],[77.12338770000008,10.320737502000043,0],[77.123346475000062,10.320701438000071,0],[77.123268620000033,10.320620332000033,0],[77.12313578800007,10.320494304000022,0],[77.122943447000068,10.32031416500007,0],[77.122714415000075,10.320093504000056,0],[77.122476195000047,10.319863774000055,0],[77.122247134000077,10.319638593000036,0],[77.122054794000064,10.319458453000038,0],[77.121926528000074,10.31933239500006,0],[77.121844140000064,10.319255838000061,0],[77.121706685000049,10.319120711000039,0],[77.121665461000077,10.319084737000026,0],[77.121587545000068,10.319008150000059,0],[77.121550916000047,10.318976666000026,0],[77.12153260000008,10.318954099000052,0],[77.121518848000051,10.318945151000037,0],[77.121505158000048,10.318931593000059,0],[77.121500594000054,10.318931623000026,0],[77.121495970000069,10.318922615000076,0],[77.121482279000077,10.318909056000052,0],[77.121459339000069,10.31889103900005,0],[77.121427303000075,10.318864044000065,0],[77.121386109000071,10.318832589000067,0],[77.121280782000042,10.318738015000065,0],[77.121257934000084,10.318719997000073,0],[77.121244152000031,10.318706530000043,0],[77.12123499300003,10.318701981000061,0],[77.121225806000041,10.318693002000032,0],[77.12122127300006,10.318683994000025,0],[77.121207492000053,10.318670527000052,0],[77.121184583000058,10.31864347100003,0],[77.121111262000056,10.318557815000077,0],[77.121033317000069,10.31846315100006,0],[77.120996656000045,10.318427147000023,0],[77.120978311000044,10.318400061000034,0],[77.120955433000063,10.318377616000021,0],[77.120937087000073,10.318364088000067,0],[77.12092330400003,10.318350530000032,0],[77.120882111000071,10.318319075000034,0],[77.12085929300008,10.318305577000046,0],[77.120818099000076,10.318274122000048,0],[77.120804348000036,10.318265084000075,0],[77.120795160000057,10.318256105000046,0],[77.120776905000071,10.318242577000035,0],[77.120753966000052,10.318224560000033,0],[77.120721960000083,10.318202084000063,0],[77.12067617200006,10.318166140000073,0],[77.120621227000072,10.318125646000055,0],[77.120502299000066,10.318044719000056,0],[77.120456512000032,10.318008684000063,0],[77.120406160000073,10.317972680000025,0],[77.120392409000033,10.317963732000067,0],[77.120387906000076,10.317959242000029,0],[77.120383343000071,10.317959182000038,0],[77.120365058000061,10.317954782000072,0],[77.120337645000063,10.317950353000072,0],[77.120287414000074,10.317945983000072,0],[77.120218868000052,10.317932694000035,0],[77.12013666200005,10.317923925000059,0],[77.120049861000041,10.317910665000056,0],[77.11996765300006,10.317901895000034,0],[77.119899199000031,10.317888606000054,0],[77.119867222000039,10.317884116000073,0],[77.119794112000079,10.317870857000059,0],[77.119775827000069,10.317866367000022,0],[77.119743851000067,10.317861967000056,0],[77.11968902600006,10.317853108000065,0],[77.119615948000046,10.317844369000056,0],[77.119337381000037,10.317804620000061,0],[77.119264302000033,10.317795880000062,0],[77.119182065000075,10.317782590000036,0],[77.119163810000032,10.31778262000006,0],[77.119159215000082,10.317778131000068,0],[77.119127270000035,10.31777825000006,0],[77.119090730000039,10.317773881000051,0],[77.119031372000052,10.317769480000038,0],[77.118944601000067,10.31776074000004,0],[77.118839607000041,10.317756638000048,0],[77.118730017000075,10.317747957000051,0],[77.11862502200006,10.317743765000046,0],[77.118538220000062,10.317730505000043,0],[77.118478863000064,10.317726195000034,0],[77.118424098000048,10.317726374000074,0],[77.11841950400003,10.317721884000036,0],[77.118405814000084,10.317721974000051,0],[77.118382964000034,10.317717514000037,0],[77.118337297000039,10.317713114000071,0],[77.118268751000073,10.317699825000034,0],[77.118163787000071,10.317686594000065,0],[77.118040447000055,10.317668964000063,0],[77.117908009000075,10.317655914000056,0],[77.11778466800007,10.31763819300005,0],[77.117611096000076,10.317616193000049,0],[77.11756549100005,10.317607363000036,0],[77.117547236000064,10.31760739200007,0],[77.117538078000052,10.317602933000046,0],[77.11752438700006,10.317602933000046,0],[77.117506073000072,10.317594014000065,0],[77.117464908000045,10.317580546000045,0],[77.117396423000059,10.31756273700006,0],[77.117190725000057,10.31750018300005,0],[77.117071918000079,10.317464355000027,0],[77.116797766000047,10.317388511000047,0],[77.116756603000056,10.317375133000041,0],[77.116733845000056,10.317370673000028,0],[77.116729252000084,10.317366183000047,0],[77.11672012300005,10.317366152000034,0],[77.116715530000079,10.317361663000042,0],[77.116697184000031,10.317348135000032,0],[77.116669802000047,10.317334666000022,0],[77.11663773600003,10.317316709000067,0],[77.116546282000058,10.317262806000031,0],[77.11650505800003,10.317240390000052,0],[77.116468488000066,10.317217852000056,0],[77.116441015000078,10.317204383000046,0],[77.116427356000031,10.317195434000041,0],[77.116418198000076,10.317190975000074,0],[77.116418168000052,10.317186456000059,0],[77.11640447700006,10.317186455000069,0],[77.116340495000031,10.317173136000065,0],[77.116272040000069,10.317159847000028,0],[77.116171518000044,10.317142066000031,0],[77.116052711000066,10.317119887000047,0],[77.11592943200003,10.31709773700004,0],[77.115810655000075,10.317080077000071,0],[77.11571013300005,10.317062296000074,0],[77.115641678000031,10.317049006000047,0],[77.11560057500003,10.317044575000068,0],[77.115577726000083,10.317040115000054,0],[77.115559441000073,10.317035715000031,0],[77.115504556000076,10.317017817000021,0],[77.115445199000078,10.316999948000046,0],[77.115358337000032,10.316977649000023,0],[77.115253252000059,10.316946341000062,0],[77.115148198000043,10.316919643000062,0],[77.115043022000066,10.316888335000044,0],[77.11495625200007,10.316866036000022,0],[77.114896804000068,10.316848167000046,0],[77.114842040000042,10.316834786000072,0],[77.114837446000081,10.31683029800007,0],[77.114810064000039,10.316830386000049,0],[77.114778088000037,10.316825986000026,0],[77.114727857000048,10.316821615000038,0],[77.114654807000079,10.31681730300005,0],[77.114563503000056,10.316813110000055,0],[77.114472139000043,10.316813438000054,0],[77.114380834000031,10.316809245000059,0],[77.114307785000051,10.316804932000025,0],[77.114211948000047,10.316805289000058,0],[77.114166220000072,10.316791850000072,0],[77.11402916000003,10.316756231000056,0],[77.113914978000082,10.316729501000054,0],[77.113773353000056,10.316693822000047,0],[77.113622511000074,10.316658203000031,0],[77.113480856000081,10.316618004000077,0],[77.113362110000082,10.316591214000027,0],[77.113229613000044,10.316555565000044,0],[77.11320676400004,10.31655110500003,0],[77.113193043000081,10.316546675000041,0],[77.113179322000065,10.316542155000036,0],[77.11306961300005,10.316501838000022,0],[77.112950838000074,10.316457060000062,0],[77.112575954000079,10.316318240000044,0],[77.112361193000083,10.316237665000074,0],[77.111990843000058,10.316094293000049,0],[77.111872099000038,10.316054035000036,0],[77.111803463000058,10.316027097000074,0],[77.111753232000069,10.316009167000061,0],[77.111753202000045,10.316004648000046,0],[77.111748639000041,10.31600467800007,0],[77.111734917000035,10.316000248000023,0],[77.111693784000067,10.315991298000029,0],[77.111620706000053,10.315968998000073,0],[77.11149733600007,10.315933199000028,0],[77.11131914300006,10.315888628000039,0],[77.110670230000039,10.315705589000061,0],[77.110492036000039,10.315661018000071,0],[77.11037323000005,10.315625189000059,0],[77.110295619000055,10.315607438000029,0],[77.110245328000076,10.315594028000021,0],[77.110236170000064,10.315589568000064,0],[77.110227043000066,10.315589537000051,0],[77.110195066000074,10.315585137000028,0],[77.110135709000076,10.31558082500004,0],[77.110035278000055,10.315576691000047,0],[77.109889180000039,10.315568154000061,0],[77.109715670000071,10.315555188000076,0],[77.109533031000069,10.315542189000041,0],[77.109359521000044,10.315529223000055,0],[77.109213423000085,10.31552068600007,0],[77.10911290100006,10.315516552000076,0],[77.109053542000083,10.315512240000032,0],[77.109021597000037,10.315512358000035,0],[77.109012439000082,10.315507808000064,0],[77.108994184000039,10.315507928000045,0],[77.108788728000036,10.315481430000034,0],[77.107911870000066,10.315375979000066,0],[77.10780681500006,10.315362746000062,0],[77.107742893000079,10.315358462000063,0],[77.107710917000077,10.31535406200004,0],[77.107569443000045,10.315354532000072,0],[77.10748267200006,10.315359347000026,0],[77.107377707000069,10.315359761000025,0],[77.10726820900004,10.315364633000058,0],[77.107163153000045,10.315364957000043,0],[77.107076472000074,10.315369770000075,0],[77.10701711400003,10.315365457000041,0],[77.10698063500007,10.315370125000072,0],[77.106953162000082,10.315370213000051,0],[77.106948627000065,10.315374762000033,0],[77.106934936000073,10.315374761000044,0],[77.106907584000055,10.315379368000038,0],[77.10686197800004,10.31538409500007,0],[77.106802619000064,10.315393340000071,0],[77.106729659000052,10.315402583000036,0],[77.106647512000052,10.315416406000054,0],[77.106574461000037,10.315425740000023,0],[77.106515194000053,10.315434985000024,0],[77.106469587000049,10.315439621000053,0],[77.106446708000078,10.315444290000073,0],[77.106433046000063,10.315448807000053,0],[77.106423919000065,10.315448867000043,0],[77.106419385000038,10.315453416000025,0],[77.106410288000063,10.315457904000027,0],[77.106255270000077,10.315521734000072,0],[77.106196031000081,10.315549055000076,0],[77.106141325000067,10.315571828000031,0],[77.10609574800003,10.315594632000057,0],[77.106063891000076,10.315608217000033,0],[77.106045606000066,10.315617374000055,0],[77.106031944000051,10.315621892000024,0],[77.106027380000057,10.315621922000048,0],[77.106022847000077,10.31562647100003,0],[77.105995464000046,10.315640117000044,0],[77.105963608000081,10.315653792000035,0],[77.105922594000049,10.315676566000036,0],[77.105813244000046,10.315731149000044,0],[77.10576313100006,10.315758411000047,0],[77.105717524000056,10.315776695000068,0],[77.105685576000042,10.315790281000034,0],[77.105667382000036,10.315799438000056,0],[77.105658314000038,10.315808536000077,0],[77.105653659000041,10.315808476000029,0],[77.10564912600006,10.315813025000068,0],[77.105640029000085,10.315817603000028,0],[77.105617300000063,10.315831219000074,0],[77.105580819000068,10.315849444000037,0],[77.105530707000071,10.31587670600004,0],[77.105466844000034,10.315908577000073,0],[77.105403101000036,10.315944966000075,0],[77.105339328000071,10.315976837000051,0],[77.105257299000073,10.31602229300006,0],[77.105234480000036,10.31603590900005,0],[77.105220849000034,10.316045037000038,0],[77.10521628500004,10.316044976000057,0],[77.10521175100007,10.316049526000029,0],[77.105207187000076,10.316049555000063,0],[77.105188963000046,10.31605419300007,0],[77.105166083000029,10.31605877100003,0],[77.105134197000041,10.316067927000063,0],[77.105093123000074,10.31608157200003,0],[77.105052109000042,10.316090788000054,0],[77.105011034000029,10.316104433000021,0],[77.10497914900003,10.316113589000054,0],[77.104956361000063,10.316118256000038,0],[77.104942699000048,10.316122775000053,0],[77.10493351100007,10.316127354000059,0],[77.104924383000082,10.316127323000046,0],[77.104906159000052,10.316118403000075,0],[77.104878717000076,10.316109453000024,0],[77.10476441600008,10.316064643000061,0],[77.104686713000035,10.316033243000049,0],[77.104599884000038,10.316001903000029,0],[77.104522182000039,10.315970502000027,0],[77.104453577000072,10.315948172000049,0],[77.104407880000053,10.315925693000054,0],[77.104380408000054,10.315912223000055,0],[77.104366687000038,10.315907793000065,0],[77.10436218500007,10.315903303000027,0],[77.104353057000083,10.315903363000075,0],[77.104339306000043,10.315894324000055,0],[77.104311864000067,10.315885373000071,0],[77.104270762000056,10.315867473000026,0],[77.104211283000041,10.315845084000046,0],[77.10414270800004,10.315813624000043,0],[77.104065036000065,10.315786742000057,0],[77.103996462000055,10.315755373000059,0],[77.103936984000029,10.315732983000032,0],[77.103895882000074,10.315715083000043,0],[77.103868440000042,10.315706133000049,0],[77.103859281000041,10.315701583000077,0],[77.103854688000069,10.315697094000029,0],[77.103840997000077,10.315697183000054,0],[77.10378623400004,10.315683800000045,0],[77.103644609000071,10.315661675000058,0],[77.103544087000046,10.315643891000036,0],[77.103439063000053,10.315621707000048,0],[77.103338542000074,10.315603923000026,0],[77.103197008000052,10.31558179600006,0],[77.103160468000056,10.315577424000026,0],[77.103142153000078,10.31556841400004,0],[77.103101080000044,10.315568591000044,0],[77.103064509000035,10.315573258000029,0],[77.103018932000055,10.315582413000072,0],[77.102964197000063,10.315587108000045,0],[77.10290940200008,10.315596322000033,0],[77.102854667000031,10.315601017000063,0],[77.102809000000036,10.315610263000053,0],[77.102777083000035,10.315614900000071,0],[77.102758859000062,10.315619448000064,0],[77.102740604000076,10.315619567000056,0],[77.102736070000049,10.315624024000044,0],[77.102681306000079,10.315624291000063,0],[77.102626480000083,10.315628986000036,0],[77.10254889600003,10.315629221000052,0],[77.102265946000045,10.315643717000057,0],[77.102188301000069,10.315648470000042,0],[77.102133538000032,10.315648736000071,0],[77.102101621000031,10.315653373000032,0],[77.102060547000065,10.315653460000021,0],[77.102042262000055,10.315648969000051,0],[77.102014851000035,10.31564462700004,0],[77.10181846100005,10.315622677000022,0],[77.101777358000049,10.315618244000063,0],[77.101745382000047,10.315613842000062,0],[77.101717999000073,10.31561393000004,0],[77.101717970000038,10.315609411000025,0],[77.101713406000044,10.315609441000049,0],[77.101708903000031,10.315604951000068,0],[77.101681461000055,10.315596000000028,0],[77.101663116000054,10.315582472000074,0],[77.101635674000079,10.315573520000044,0],[77.101608293000083,10.315560051000034,0],[77.101562536000074,10.315542181000069,0],[77.101548876000038,10.31553314100006,0],[77.101539718000083,10.315528680000057,0],[77.101535155000079,10.315528710000024,0],[77.101493903000062,10.315488124000069,0],[77.10146646100003,10.31546561600004,0],[77.101402333000067,10.315402582000047,0],[77.101370298000063,10.315375583000048,0],[77.101342736000049,10.31534855600006,0],[77.101329016000079,10.315330568000036,0],[77.101315265000039,10.315321529000073,0],[77.101191601000039,10.315199949000032,0],[77.101191571000072,10.315195430000074,0],[77.101182474000041,10.315186360000041,0],[77.101168663000067,10.315168373000063,0],[77.101090667000051,10.315037548000021,0],[77.10105395000005,10.314978946000053,0],[77.10099880000007,10.314879698000027,0],[77.100980457000048,10.314852611000049,0],[77.100966646000074,10.314834623000024,0],[77.10096208300007,10.314821005000056,0],[77.100957520000065,10.314821035000023,0],[77.100957430000051,10.314807477000045,0],[77.100952867000046,10.314793949000034,0],[77.10094818400006,10.314775902000065,0],[77.100938968000037,10.314748846000043,0],[77.100934346000031,10.314712631000077,0],[77.10092510100003,10.314681055000051,0],[77.100920389000066,10.314644932000022,0],[77.100911173000043,10.314617875000067,0],[77.100906489000067,10.314599738000027,0],[77.100906460000033,10.314581661000034,0],[77.100901866000072,10.314577172000043,0],[77.100901836000048,10.314572653000027,0],[77.100897305000046,10.314563643000042,0],[77.100897185000065,10.314545566000049,0],[77.100892592000037,10.31452752000007,0],[77.100878604000059,10.314455211000052,0],[77.100874012000077,10.314437163000036,0],[77.100873923000051,10.314410047000024,0],[77.100869329000034,10.314405558000033,0],[77.100864706000038,10.314396549000037,0],[77.100864737000052,10.314387511000064,0],[77.100855490000072,10.314369403000057,0],[77.100850837000053,10.314342317000069,0],[77.100823100000071,10.314247501000068,0],[77.100818478000065,10.314224935000027,0],[77.100813885000036,10.314206887000068,0],[77.100809231000085,10.314193359000058,0],[77.100809201000061,10.314188840000043,0],[77.100800105000076,10.314179770000067,0],[77.100795452000057,10.314166242000056,0],[77.100781762000054,10.314152774000036,0],[77.10076795100008,10.314134696000053,0],[77.100754171000062,10.314107670000055,0],[77.10073582800004,10.314080583000077,0],[77.100708328000053,10.314035477000061,0],[77.100699112000029,10.314021979000074,0],[77.100689924000051,10.314012910000031,0],[77.100689894000084,10.314008391000073,0],[77.10068539100007,10.314003901000035,0],[77.100680828000066,10.314003930000069,0],[77.100662543000055,10.313999439000042,0],[77.100635131000047,10.313995008000063,0],[77.100525423000079,10.313968335000027,0],[77.100443278000057,10.313955039000064,0],[77.100361012000064,10.313937225000075,0],[77.100278775000049,10.313923931000033,0],[77.100169188000052,10.313901685000076,0],[77.100141776000044,10.31389725400004,0],[77.100128085000051,10.313897343000065,0],[77.100123491000033,10.313892853000027,0],[77.100114364000035,10.31389282300006,0],[77.100109770000074,10.313888333000023,0],[77.10009602000008,10.313879384000074,0],[77.100041197000053,10.313856963000035,0],[77.099931491000063,10.313803082000049,0],[77.099876577000032,10.313780662000056,0],[77.099867390000043,10.313771683000027,0],[77.099858262000055,10.313771652000071,0],[77.09985376000003,10.313767162000033,0],[77.099849196000036,10.313767192000057,0],[77.099835475000077,10.313762761000021,0],[77.099808063000069,10.313758330000041,0],[77.099698384000078,10.313736084000027,0],[77.099625337000077,10.313718211000037,0],[77.099543101000052,10.313705007000067,0],[77.099469961000068,10.31368713300003,0],[77.099410574000046,10.313678300000049,0],[77.099364968000032,10.313669377000053,0],[77.099342061000073,10.313655968000035,0],[77.099328369000034,10.313655966000056,0],[77.099323776000062,10.313651477000064,0],[77.099314649000064,10.313651536000066,0],[77.099232413000038,10.313624683000057,0],[77.099172966000083,10.313606811000056,0],[77.099104451000073,10.313584389000027,0],[77.099026719000051,10.31356211700006,0],[77.098958205000031,10.313539694000042,0],[77.098898758000075,10.313521822000041,0],[77.098857686000031,10.313508440000021,0],[77.098830274000079,10.313504009000042,0],[77.098821116000067,10.313499458000024,0],[77.098816523000039,10.313494969000033,0],[77.098811960000035,10.313494999000056,0],[77.09880733600005,10.313485990000061,0],[77.098798210000041,10.313472491000027,0],[77.098784399000067,10.313454414000034,0],[77.098766056000045,10.313427326000067,0],[77.098747744000036,10.313391291000073,0],[77.098724777000029,10.313355194000053,0],[77.098688032000041,10.313292072000024,0],[77.098674220000078,10.313273994000042,0],[77.098669658000063,10.313260466000031,0],[77.098655877000056,10.313246907000064,0],[77.098646752000036,10.313233408000031,0],[77.098632940000073,10.313215420000063,0],[77.098605472000031,10.313174834000051,0],[77.098431194000057,10.312935809000066,0],[77.098366917000078,10.312850178000076,0],[77.098353168000074,10.312827670000047,0],[77.098344042000065,10.312814081000056,0],[77.098339448000047,10.312809591000075,0],[77.098334795000085,10.312796064000054,0],[77.098330142000066,10.312768977000076,0],[77.098316245000035,10.312710226000036,0],[77.098288569000033,10.31261089000003,0],[77.098256090000064,10.312475431000053,0],[77.098223585000085,10.312308336000058,0],[77.098177359000033,10.312136720000069,0],[77.09814029000006,10.311969655000041,0],[77.098070802000052,10.311676077000072,0],[77.098061556000062,10.311644502000036,0],[77.098056932000077,10.311635403000025,0],[77.098056872000029,10.311626364000062,0],[77.098052340000038,10.311617355000067,0],[77.098024602000066,10.311536097000044,0],[77.098006231000056,10.311491022000041,0],[77.097992394000073,10.311441309000031,0],[77.09797393100007,10.31139614500006,0],[77.097960062000084,10.311355561000028,0],[77.097955440000078,10.311332995000043,0],[77.097946283000056,10.311314886000048,0],[77.097946224000054,10.311305848000075,0],[77.09794166000006,10.311305878000042,0],[77.097941630000037,10.311301359000026,0],[77.097904973000084,10.311265351000031,0],[77.097872970000083,10.311229314000059,0],[77.09782709600006,10.311179718000062,0],[77.097652968000034,10.310990494000066,0],[77.097607185000072,10.310940897000023,0],[77.097575121000034,10.310909380000055,0],[77.097556808000036,10.31088690200005,0],[77.097538434000057,10.310868853000045,0],[77.097538404000034,10.31086433400003,0],[77.097529338000072,10.310859874000073,0],[77.097520091000035,10.310841766000067,0],[77.097501778000037,10.310819288000062,0],[77.097478842000044,10.310787712000035,0],[77.097451282000065,10.310747126000024,0],[77.09741925000003,10.310706569000047,0],[77.097391690000052,10.310665983000035,0],[77.097368753000069,10.310634407000066,0],[77.097350440000071,10.310611838000057,0],[77.097341224000047,10.31059834000007,0],[77.097336600000062,10.310589332000063,0],[77.097332098000038,10.310584841000036,0],[77.097332068000071,10.310580322000021,0],[77.097327473000064,10.310575742000026,0],[77.097322821000034,10.310562215000061,0],[77.09730907200003,10.310539707000032,0],[77.097295262000046,10.310508071000072,0],[77.097281485000053,10.31046748600005,0],[77.097263052000073,10.310426841000037,0],[77.097235375000082,10.310354620000055,0],[77.097226219000049,10.310336603000053,0],[77.097217001000047,10.310323014000062,0],[77.097217033000049,10.310313975000042,0],[77.097212439000032,10.310309486000051,0],[77.097212409000065,10.310304967000036,0],[77.097207818000072,10.310286919000021,0],[77.097207729000047,10.310259804000054,0],[77.097198394000031,10.31021467000005,0],[77.097193564000065,10.310146821000046,0],[77.097184172000084,10.310065534000046,0],[77.097170217000041,10.309984276000023,0],[77.09716082500006,10.309902899000065,0],[77.097155995000037,10.309835139000029,0],[77.09715587900007,10.30978994700007,0],[77.09715122700004,10.309762861000024,0],[77.097151137000083,10.309749303000046,0],[77.097146544000054,10.309744814000055,0],[77.097146575000068,10.309735775000036,0],[77.097137388000078,10.309726706000049,0],[77.097128202000079,10.309704169000042,0],[77.097105266000085,10.309672592000027,0],[77.097082240000077,10.309627457000033,0],[77.097050118000084,10.309573343000068,0],[77.097013403000062,10.309514740000054,0],[77.096981282000058,10.309460626000032,0],[77.096958317000031,10.309410971000034,0],[77.096926133000068,10.309361377000073,0],[77.096921571000053,10.309347758000058,0],[77.096917008000048,10.309347788000025,0],[77.096916978000081,10.309343269000067,0],[77.09691241400003,10.309343298000044,0],[77.096903227000041,10.309334319000072,0],[77.096884913000054,10.30932530900003,0],[77.096811808000041,10.309284928000068,0],[77.096701953000036,10.309222009000052,0],[77.096651665000081,10.309195038000041,0],[77.096605941000064,10.309168038000053,0],[77.09657396700004,10.309150077000027,0],[77.096546495000041,10.309136607000028,0],[77.096546465000074,10.309132088000069,0],[77.096537338000076,10.309132147000071,0],[77.096523618000049,10.309127716000035,0],[77.096505304000061,10.309118707000039,0],[77.096464232000073,10.309105234000072,0],[77.096221974000059,10.309020215000032,0],[77.09613514800003,10.308988871000054,0],[77.096112299000083,10.308984410000051,0],[77.096098579000056,10.308979980000061,0],[77.095998178000059,10.308980270000063,0],[77.095934318000047,10.308985022000059,0],[77.095852081000032,10.308985284000073,0],[77.095769965000045,10.308990065000046,0],[77.095688446000054,10.30899041400005,0],[77.09568782100007,10.308990417000075,0],[77.095623930000045,10.308990560000041,0],[77.09557820200007,10.308990766000022,0],[77.095550850000052,10.308995372000027,0],[77.095528032000061,10.308995430000039,0],[77.095518965000053,10.30900452800006,0],[77.095505303000039,10.309009046000028,0],[77.095482483000069,10.309022661000029,0],[77.095450536000044,10.30903633500003,0],[77.095414177000066,10.309059078000075,0],[77.095373132000077,10.309077331000026,0],[77.095336681000049,10.309099983000067,0],[77.095304734000081,10.309113658000058,0],[77.095282006000048,10.309127364000062,0],[77.095272847000047,10.309136371000022,0],[77.095263750000072,10.309140949000039,0],[77.095259186000078,10.309140979000063,0],[77.095259216000045,10.309145498000021,0],[77.095254682000075,10.30915004700006,0],[77.095245553000041,10.309163574000024,0],[77.095236546000081,10.309181710000075,0],[77.095218349000049,10.309204334000071,0],[77.095200212000066,10.309236087000045,0],[77.09517745100004,10.309272299000042,0],[77.095159315000046,10.309304052000073,0],[77.095141148000039,10.309331196000073,0],[77.095123040000033,10.309367377000058,0],[77.095118477000085,10.309367407000025,0],[77.095118507000052,10.30937192600004,0],[77.095113912000045,10.309380995000026,0],[77.095109468000032,10.309399101000054,0],[77.095086824000077,10.309466948000022,0],[77.095068777000051,10.309512258000041,0],[77.09505523200005,10.309561968000025,0],[77.095037124000044,10.309611799000038,0],[77.095028144000082,10.309647922000067,0],[77.095019105000063,10.309675097000024,0],[77.095010006000052,10.309693232000029,0],[77.095010066000043,10.309702271000049,0],[77.095005532000073,10.309706819000041,0],[77.09500556200004,10.309711339000046,0],[77.095000966000043,10.309720317000028,0],[77.094996492000064,10.309733904000041,0],[77.094973850000031,10.309788193000031,0],[77.094960246000085,10.309828956000047,0],[77.094937605000041,10.309869685000024,0],[77.094924092000042,10.30991044700005,0],[77.094901450000066,10.30996473600004,0],[77.094896915000049,10.309982843000057,0],[77.094896944000084,10.309987363000062,0],[77.094892410000057,10.309991911000054,0],[77.094892349000077,10.309996430000069,0],[77.094874214000072,10.31001453500005,0],[77.094856047000064,10.310041769000065,0],[77.094765156000051,10.310155071000054,0],[77.09470609300007,10.310236622000048,0],[77.094637810000052,10.310318141000039,0],[77.094578747000071,10.310399692000033,0],[77.094524249000074,10.310467745000039,0],[77.094492419000062,10.310512965000044,0],[77.09446968900005,10.310540228000036,0],[77.09445611700005,10.31055830300005,0],[77.09445605600007,10.310562823000055,0],[77.094451492000076,10.310562852000032,0],[77.094451522000043,10.310567372000037,0],[77.094446959000038,10.310567400000025,0],[77.094433357000071,10.310580956000024,0],[77.094369612000037,10.310630902000071,0],[77.094310371000063,10.310671779000074,0],[77.094242062000035,10.310721755000031,0],[77.094173813000054,10.31078076700004,0],[77.094105533000061,10.310835171000065,0],[77.094046322000054,10.310880568000073,0],[77.094009931000073,10.310912348000045,0],[77.093982577000077,10.310930513000073,0],[77.093968976000042,10.31094415900003,0],[77.093964413000037,10.310944188000065,0],[77.093964443000061,10.310948708000069,0],[77.093959878000078,10.310948647000032,0],[77.093946156000072,10.310957775000077,0],[77.093882410000049,10.311007720000021,0],[77.093823261000068,10.311048597000024,0],[77.093754951000051,10.311098481000045,0],[77.093682109000042,10.311153004000062,0],[77.093613799000082,10.311202979000029,0],[77.093518166000081,10.311275548000026,0],[77.093490812000084,10.311293711000076,0],[77.093477211000049,10.311307358000022,0],[77.093472648000045,10.311307388000046,0],[77.093472677000079,10.311311907000061,0],[77.093463489000044,10.311316485000077,0],[77.093413525000074,10.311366341000053,0],[77.093354344000034,10.311416257000076,0],[77.093272431000059,10.311493345000031,0],[77.093172233000075,10.311579591000054,0],[77.093067651000069,10.311679333000029,0],[77.092967482000063,10.311770098000068,0],[77.092885602000081,10.311838148000049,0],[77.09283101300008,10.311892553000064,0],[77.092794530000049,10.311924334000025,0],[77.092771860000084,10.311946988000045,0],[77.09276729700008,10.311947017000023,0],[77.092767236000043,10.311951537000027,0],[77.092762701000083,10.311956086000066,0],[77.092753604000052,10.311960664000026,0],[77.09273543900008,10.311974250000048,0],[77.092694452000046,10.312015099000064,0],[77.092644337000081,10.312055917000066,0],[77.09259890800007,10.31210122400006,0],[77.092001822000043,10.312369925000041,0],[77.09151719700003,10.313483380000037,0],[77.091358841000044,10.313913293000041,0],[77.090425168000081,10.313206814000068,0],[77.089459058000045,10.312342272000024,0],[77.088754572000084,10.311924267000052,0],[77.08891404700006,10.310472970000035,0],[77.088446179000073,10.309823668000035,0],[77.087287969000045,10.308864819000064,0],[77.086789563000082,10.308622454000044,0],[77.085797317000072,10.308124045000056,0],[77.084361785000056,10.307477996000046,0],[77.083849284000053,10.307118123000066,0],[77.08291018400007,10.306135967000046,0],[77.082007773000043,10.305207893000045,0],[77.081201320000048,10.304311196000072,0],[77.080418498000029,10.30366291100006,0],[77.079581008000048,10.303014884000049,0],[77.078204023000069,10.302147154000068,0],[77.075482141000066,10.300402428000041,0],[77.075299192000045,10.300299113000051,0],[77.07523085400004,10.300331007000068,0],[77.075212597000075,10.300344592000044,0],[77.075203500000043,10.300349169000071,0],[77.075198937000039,10.300349199000038,0],[77.075194402000079,10.300353657000073,0],[77.075185305000048,10.300358235000033,0],[77.075171644000079,10.300362842000027,0],[77.075107778000074,10.300394616000062,0],[77.075066762000063,10.300417386000049,0],[77.075016620000042,10.300440124000033,0],[77.074975696000081,10.300462894000077,0],[77.074911830000076,10.30049475800007,0],[77.074898198000085,10.300503794000065,0],[77.074884537000059,10.300508401000059,0],[77.074307502000067,10.299963355000045,0],[77.07363524200008,10.299581437000029,0],[77.072858076000045,10.299235983000074,0],[77.072606645000064,10.299128314000029,0],[77.071884616000034,10.298895671000025,0],[77.070587231000047,10.298583551000036,0],[77.069554505000042,10.298266027000068,0],[77.068289121000078,10.297989938000057,0],[77.066991882000082,10.297727516000066,0],[77.066197556000077,10.297703032000072,0],[77.065945187000068,10.297310640000035,0],[77.065583575000062,10.297018010000045,0],[77.065038112000082,10.296328302000063,0],[77.064764238000066,10.296333755000035,0],[77.064333265000073,10.295761090000042,0],[77.063897672000053,10.295179505000021,0],[77.063525686000048,10.294511825000029,0],[77.063276892000033,10.293812084000024,0],[77.06319669700008,10.29301681100003,0],[77.063134067000078,10.292045260000066,0],[77.063004101000047,10.291385797000032,0],[77.062715747000084,10.291142681000053,0],[77.062318066000046,10.290972301000068,0],[77.061724208000044,10.290838602000065,0],[77.061007333000077,10.29077763500004,0],[77.060198849000074,10.290608511000073,0],[77.059444418000055,10.290231328000061,0],[77.058904107000046,10.28972686700007,0],[77.058441351000056,10.289204107000046,0],[77.058317828000042,10.289100493000035,0],[77.05801944600006,10.288590787000032,0],[77.057753632000072,10.288261652000074,0],[77.05766630200003,10.288081157000022,0],[77.056965794000064,10.28744619500003,0],[77.056453099000066,10.287004917000047,0],[77.055863136000085,10.286667804000047,0],[77.055223539000053,10.286502656000039,0],[77.053921366000054,10.286104616000046,0],[77.053044305000071,10.285885922000034,0],[77.051668745000029,10.285415845000045,0],[77.05118918800008,10.285313398000028,0],[77.050604779000082,10.285270097000023,0],[77.049833549000084,10.285313213000052,0],[77.049185222000062,10.285265613000036,0],[77.048750959000074,10.285081706000028,0],[77.04763631600008,10.284805020000022,0],[77.045986963000075,10.284322186000054,0],[77.044771896000043,10.284054893000075,0],[77.043680216000041,10.28381429500007,0],[77.043241895000051,10.283779548000041,0],[77.042995380000036,10.283780379000063,0],[77.04287673500005,10.283767207000039,0],[77.043837009000072,10.282918896000069,0],[77.044333292000033,10.282515067000077,0],[77.044875257000058,10.282147194000061,0],[77.044975344000079,10.282056534000048,0],[77.045348884000077,10.281811298000036,0],[77.045845039000085,10.28141641600007,0],[77.046191026000031,10.281130588000053,0],[77.046518226000046,10.280691125000033,0],[77.046763397000063,10.280283546000021,0],[77.047127102000047,10.279844033000074,0],[77.047418213000071,10.279526643000054,0],[77.047645852000073,10.279358706000039,0],[77.048110819000044,10.279167396000048,0],[77.048580236000078,10.278944420000073,0],[77.048930946000041,10.278726353000025,0],[77.049304140000061,10.27838620700004,0],[77.049604432000081,10.278077887000052,0],[77.049885761000041,10.277588817000037,0],[77.050093944000082,10.27703675600003,0],[77.050256994000051,10.27664750100007,0],[77.050550703000056,10.275729092000063,0],[77.050668061000067,10.275330997000026,0],[77.050758486000063,10.275073085000031,0],[77.050980490000029,10.274584210000057,0],[77.051298107000036,10.273991053000032,0],[77.051547881000033,10.273619689000043,0],[77.051921071000038,10.27326589200004,0],[77.052266676000045,10.272880634000046,0],[77.052680758000065,10.27249964300006,0],[77.052676169000051,10.272481594000055,0],[77.05266236600005,10.272449954000024,0],[77.052648423000051,10.272382250000021,0],[77.052616144000069,10.272273897000048,0],[77.05257454000008,10.272120317000031,0],[77.052528260000031,10.271935131000021,0],[77.052472857000055,10.271736444000055,0],[77.052426577000062,10.27155134700007,0],[77.052385063000031,10.271397767000053,0],[77.052357258000029,10.271289385000046,0],[77.052334195000071,10.271194532000038,0],[77.052334108000082,10.27118097400006,0],[77.052324923000072,10.271171993000053,0],[77.052324956000064,10.271162954000033,0],[77.052301939000074,10.271117814000036,0],[77.052297322000072,10.271095246000073,0],[77.052288170000054,10.271077226000045,0],[77.052278956000066,10.271063635000075,0],[77.05227886800003,10.27105007800003,0],[77.052274367000052,10.27104558700006,0],[77.052274338000075,10.271041068000045,0],[77.052269746000036,10.271036577000075,0],[77.052269716000069,10.27103205700007,0],[77.052265095000052,10.271023048000075,0],[77.052255884000033,10.27099589900007,0],[77.052251267000031,10.27097333100005,0],[77.05224211500007,10.270955311000023,0],[77.052237406000074,10.27093274300006,0],[77.052228196000044,10.270905594000055,0],[77.052228229000036,10.270896555000036,0],[77.052223637000054,10.270892065000055,0],[77.052223608000077,10.27088754600004,0],[77.052219015000048,10.27088305500007,0],[77.052219019000063,10.270869497000035,0],[77.052209809000033,10.270842438000045,0],[77.052209693000066,10.270824361000052,0],[77.052200482000046,10.270797212000048,0],[77.052200457000083,10.270779135000055,0],[77.052191272000073,10.270770153000058,0],[77.052191214000061,10.270761115000028,0],[77.052186655000071,10.270747585000038,0],[77.052177441000083,10.270733995000057,0],[77.052168259000041,10.270711455000026,0],[77.052163672000063,10.270693406000021,0],[77.052154400000063,10.270670868000025,0],[77.052145189000044,10.270643719000077,0],[77.052140596000072,10.270639229000039,0],[77.052140658000042,10.270634709000035,0],[77.052136067000049,10.270630218000065,0],[77.052136037000082,10.27062569900005,0],[77.052117642000042,10.270589569000037,0],[77.052113054000074,10.270571520000033,0],[77.052103782000074,10.270548981000047,0],[77.05209919300006,10.270530933000032,0],[77.052085419000036,10.270503812000072,0],[77.052085361000081,10.270494773000053,0],[77.052076269000054,10.270485792000045,0],[77.052076210000052,10.270476754000072,0],[77.052071560000059,10.270463225000071,0],[77.052062437000075,10.270449634000045,0],[77.052053255000033,10.27042709400007,0],[77.052048576000061,10.270409046000054,0],[77.052039395000065,10.270386507000069,0],[77.052030181000077,10.270372916000042,0],[77.052030185000035,10.270359358000064,0],[77.052025592000064,10.270354867000037,0],[77.052025564000076,10.270350348000022,0],[77.052016379000065,10.270341367000071,0],[77.052016412000057,10.270332328000052,0],[77.052011761000074,10.270318799000052,0],[77.052002638000033,10.270305208000025,0],[77.051993366000033,10.270282669000039,0],[77.051988778000066,10.270264620000034,0],[77.05197959700007,10.270241990000045,0],[77.051970354000048,10.270223971000064,0],[77.051970358000062,10.270210413000029,0],[77.051965765000034,10.270205923000049,0],[77.051965736000056,10.270201403000044,0],[77.051956552000036,10.270192422000036,0],[77.051952021000034,10.270183321000047,0],[77.05194737100004,10.270169792000047,0],[77.051933685000051,10.270156320000069,0],[77.051924413000052,10.270133692000059,0],[77.051910698000029,10.270115700000076,0],[77.051901517000033,10.270093161000034,0],[77.051883180000061,10.270066070000041,0],[77.051878588000079,10.270061580000061,0],[77.051878559000045,10.270057060000056,0],[77.051869374000034,10.270047988000044,0],[77.051864843000033,10.270038978000059,0],[77.051860194000085,10.270025449000059,0],[77.051846417000036,10.27001197800007,0],[77.05183723500005,10.26998934900007,0],[77.051823520000084,10.269971357000031,0],[77.051814339000032,10.269948728000031,0],[77.051805126000033,10.269935227000076,0],[77.05180047500005,10.269921698000076,0],[77.051795974000072,10.269917207000049,0],[77.051795945000038,10.269912688000034,0],[77.051786761000074,10.269903707000026,0],[77.051786702000072,10.269894578000049,0],[77.051768366000033,10.26986757700007,0],[77.051759185000037,10.269845038000028,0],[77.051750033000076,10.269826928000043,0],[77.051740761000076,10.269804388000068,0],[77.051731639000081,10.269790888000045,0],[77.051726987000052,10.269777269000031,0],[77.05172239500007,10.26977277900005,0],[77.051722458000029,10.269768258000056,0],[77.051713272000029,10.269759277000048,0],[77.051713214000074,10.269750239000075,0],[77.051694878000035,10.269723147000036,0],[77.051685697000039,10.269700608000051,0],[77.051676545000078,10.26968258900007,0],[77.051667273000078,10.269659959000023,0],[77.051658151000083,10.269646458000068,0],[77.051653500000043,10.269632930000057,0],[77.051648908000061,10.26962843900003,0],[77.051648879000084,10.269623919000026,0],[77.051639785000077,10.26961484800006,0],[77.051639727000065,10.269605809000041,0],[77.051630542000055,10.269596828000033,0],[77.051612238000075,10.269560698000021,0],[77.051602967000065,10.269538159000035,0],[77.051580042000069,10.269493019000038,0],[77.05157545000003,10.269488528000068,0],[77.051575420000063,10.269484009000053,0],[77.051566236000042,10.269475028000045,0],[77.051566298000068,10.26947050900003,0],[77.051561647000085,10.269456889000026,0],[77.051543311000046,10.269429888000047,0],[77.051538723000078,10.269411839000043,0],[77.051520294000056,10.26938474800005,0],[77.051520328000038,10.269375710000077,0],[77.051515707000078,10.269366699000045,0],[77.051506522000068,10.269357719000027,0],[77.051501991000066,10.269348618000038,0],[77.051497340000083,10.269335089000037,0],[77.051483655000084,10.26932161700006,0],[77.051474383000084,10.26929898800006,0],[77.051460669000051,10.269280996000077,0],[77.051451487000065,10.269258457000035,0],[77.051433151000083,10.269231366000042,0],[77.051428559000044,10.269226876000062,0],[77.051428530000067,10.269222357000046,0],[77.051419345000056,10.269213285000035,0],[77.051419287000044,10.269204246000072,0],[77.051400951000062,10.269177245000037,0],[77.051391770000066,10.269154616000037,0],[77.051382618000048,10.269136596000067,0],[77.051373438000041,10.269114056000035,0],[77.051364223000064,10.269100466000054,0],[77.051359572000081,10.269086937000054,0],[77.051355071000046,10.269082445000038,0],[77.051355042000068,10.269077926000023,0],[77.051345858000047,10.269068946000061,0],[77.051336706000029,10.269050836000076,0],[77.051322900000059,10.269032844000037,0],[77.051313748000041,10.269014825000056,0],[77.051300004000041,10.268992224000044,0],[77.051290762000065,10.268974204000074,0],[77.051277076000076,10.268960642000025,0],[77.051272425000036,10.268947113000024,0],[77.051267833000054,10.268942623000044,0],[77.051267804000076,10.268938104000028,0],[77.051263303000042,10.268933612000069,0],[77.051263273000075,10.268929092000064,0],[77.051258652000058,10.268920083000069,0],[77.051254002000064,10.268906554000068,0],[77.05124487900008,10.268892963000042,0],[77.051240262000078,10.268870395000022,0],[77.051231019000056,10.268852375000051,0],[77.051226401000065,10.268829807000031,0],[77.051217187000077,10.268816216000062,0],[77.05121262800003,10.268802687000061,0],[77.051212570000075,10.268793648000042,0],[77.051203476000069,10.268784667000034,0],[77.051203418000057,10.268775628000071,0],[77.051198768000063,10.268762099000071,0],[77.051189645000079,10.268748508000044,0],[77.051180464000083,10.268725969000059,0],[77.051175784000066,10.268707920000054,0],[77.05116660300007,10.268685290000064,0],[77.051157394000029,10.268658232000064,0],[77.051157364000062,10.268653713000049,0],[77.051157335000084,10.268649194000034,0],[77.051148151000064,10.268640212000037,0],[77.051148213000033,10.268635692000032,0],[77.051120662000073,10.268595101000074,0],[77.051111511000045,10.268576990000042,0],[77.051093084000058,10.268549990000054,0],[77.051083931000051,10.268531880000069,0],[77.05107474700003,10.268522899000061,0],[77.051074719000042,10.268518380000046,0],[77.05107018800004,10.268509369000071,0],[77.051060974000052,10.268495869000049,0],[77.05105182300008,10.268477759000064,0],[77.05104717200004,10.268464230000063,0],[77.051038021000068,10.268446209000047,0],[77.051028806000033,10.268432619000066,0],[77.051028777000056,10.268428100000051,0],[77.051024247000043,10.268419090000066,0],[77.051015063000079,10.268410109000058,0],[77.051010441000074,10.268401098000027,0],[77.050992105000034,10.268374007000034,0],[77.050978361000034,10.268351497000026,0],[77.050960083000064,10.268333444000064,0],[77.050946248000059,10.268310934000056,0],[77.050927912000077,10.268283843000063,0],[77.050923320000038,10.268279352000036,0],[77.050923382000065,10.268274833000021,0],[77.050918790000082,10.268270342000051,0],[77.050918760000059,10.268265823000036,0],[77.050914197000054,10.268265761000066,0],[77.050914168000077,10.268261242000051,0],[77.050905016000058,10.268243222000024,0],[77.050900424000076,10.268238731000054,0],[77.050891181000054,10.268220711000026,0],[77.050891243000081,10.268216192000068,0],[77.05088205800007,10.268207120000056,0],[77.050882029000036,10.268202601000041,0],[77.050877408000076,10.268193592000046,0],[77.050872815000048,10.268189101000075,0],[77.050872849000029,10.268180062000056,0],[77.050868256000058,10.268175571000029,0],[77.050863635000042,10.268166562000033,0],[77.050863606000064,10.268162043000075,0],[77.050859013000036,10.268157462000033,0],[77.050859076000052,10.268152942000029,0],[77.050854512000058,10.268152971000063,0],[77.050854454000046,10.268143932000044,0],[77.050849862000064,10.268139441000073,0],[77.050849804000052,10.268130403000043,0],[77.050845241000047,10.268130432000021,0],[77.05084527300005,10.268121392000069,0],[77.050840710000045,10.268121422000036,0],[77.050836119000053,10.268116931000066,0],[77.050826875000041,10.268098821000024,0],[77.050817811000059,10.268094359000031,0],[77.050813190000042,10.268085349000046,0],[77.050804005000032,10.268076278000024,0],[77.050803975000065,10.268071759000065,0],[77.050799384000072,10.268067268000038,0],[77.050799416000075,10.268058229000076,0],[77.050794824000036,10.268053738000049,0],[77.050794770000039,10.268031141000051,0],[77.050790119000055,10.26801761300004,0],[77.050789978000068,10.267981457000076,0],[77.050785415000064,10.267981487000043,0],[77.050790040000038,10.267976937000071,0],[77.050789981000037,10.267967899000041,0],[77.050785360000077,10.267958889000056,0],[77.050789898000062,10.267940782000039,0],[77.050785219000034,10.267922734000024,0],[77.050789727000051,10.267900109000038,0],[77.050789702000031,10.267882031000056,0],[77.05078502300006,10.267863982000051,0],[77.050789618000067,10.267854914000054,0],[77.050785027000074,10.267850424000073,0],[77.050789560000055,10.267845876000024,0],[77.050789531000078,10.267841356000076,0],[77.05078930600007,10.267778085000032,0],[77.050793844000054,10.267759979000061,0],[77.050793702000078,10.267723824000029,0],[77.050798268000051,10.267710236000028,0],[77.050798181000062,10.26769667800005,0],[77.050802807000082,10.267692130000057,0],[77.050802611000051,10.267633377000038,0],[77.050807057000043,10.267615271000068,0],[77.050806916000056,10.267579117000025,0],[77.050811483000075,10.267565529000024,0],[77.050811395000039,10.267551971000046,0],[77.050815958000044,10.267552033000072,0],[77.05081602100006,10.267547513000068,0],[77.050820525000063,10.26753844600006,0],[77.050820438000073,10.267524888000025,0],[77.05082956800004,10.267511271000046,0],[77.050838640000052,10.267488616000037,0],[77.050843086000043,10.267470511000056,0],[77.050852159000044,10.267447946000061,0],[77.050861289000068,10.267434330000071,0],[77.050865765000083,10.267420743000059,0],[77.050865736000048,10.267416224000044,0],[77.050870269000029,10.267411676000052,0],[77.050870331000056,10.267407156000047,0],[77.05087489400006,10.26740712700007,0],[77.050874866000072,10.267402608000054,0],[77.050879400000042,10.267398150000076,0],[77.05087934200003,10.267389111000057,0],[77.050888471000064,10.267375495000067,0],[77.050902045000043,10.267357331000028,0],[77.050906612000063,10.26734383400003,0],[77.050915713000052,10.267325699000025,0],[77.050924781000049,10.26731660300004,0],[77.050929285000052,10.267307535000043,0],[77.05092922700004,10.26729849700007,0],[77.050933790000045,10.267298468000035,0],[77.050933852000071,10.267293948000031,0],[77.050938416000065,10.267294010000057,0],[77.050938387000031,10.267289490000053,0],[77.05094289200008,10.267280423000045,0],[77.050947459000042,10.267266836000033,0],[77.050956498000062,10.267253220000043,0],[77.050965570000074,10.267230565000034,0],[77.050974671000063,10.267212520000044,0],[77.05098365200007,10.267189866000024,0],[77.051001821000057,10.267162725000048,0],[77.051001883000083,10.267158205000044,0],[77.051006417000053,10.267153656000062,0],[77.051006388000076,10.267149137000047,0],[77.05101095100008,10.267149109000059,0],[77.051010922000046,10.267144589000054,0],[77.051015426000049,10.267135522000046,0],[77.051015430000064,10.267121963000022,0],[77.051024469000083,10.267108348000022,0],[77.051033542000084,10.267085783000027,0],[77.05103807900008,10.267067677000057,0],[77.051047151000034,10.267045021000058,0],[77.051056190000054,10.267031406000058,0],[77.051060757000073,10.26701790900006,0],[77.051060729000085,10.267013390000045,0],[77.051065262000066,10.267008842000052,0],[77.051065233000031,10.267004323000037,0],[77.051069796000036,10.26700429400006,0],[77.051069767000058,10.266999775000045,0],[77.051074301000085,10.266995226000063,0],[77.051078868000047,10.266981639000051,0],[77.051092470000071,10.26696808500003,0],[77.051124303000051,10.266922779000026,0],[77.051137997000069,10.266909134000059,0],[77.051147006000065,10.266891090000058,0],[77.051151569000069,10.266891061000024,0],[77.051151541000081,10.266886542000066,0],[77.051156104000029,10.266886512000042,0],[77.051156166000055,10.266881993000027,0],[77.051165175000051,10.266863858000022,0],[77.051169714000082,10.266845752000052,0],[77.051178724000067,10.266827707000061,0],[77.051183233000074,10.26680508100003,0],[77.051205939000056,10.266759742000033,0],[77.051205909000032,10.266755223000075,0],[77.051210444000048,10.26675076500004,0],[77.051210415000071,10.266746246000025,0],[77.051214978000075,10.266746218000037,0],[77.051214982000033,10.26673265900007,0],[77.05121951600006,10.266728111000077,0],[77.051219458000048,10.266719072000058,0],[77.051224021000053,10.266719043000023,0],[77.051223991000029,10.266714524000065,0],[77.051228554000033,10.266714495000031,0],[77.051228588000072,10.266705456000068,0],[77.051237656000069,10.266696360000026,0],[77.051237597000068,10.266687321000063,0],[77.051246757000058,10.266678314000046,0],[77.051246728000081,10.266673795000031,0],[77.051251291000085,10.266673767000043,0],[77.051251261000061,10.266669248000028,0],[77.051255824000066,10.266669218000061,0],[77.05125582800008,10.266655660000026,0],[77.05126036300004,10.266651111000044,0],[77.051264867000043,10.266642045000026,0],[77.051264871000058,10.266628486000059,0],[77.05126937700004,10.266619509000066,0],[77.051273910000077,10.266614960000027,0],[77.051273882000032,10.266610441000068,0],[77.05127841500007,10.266605893000076,0],[77.051278477000039,10.266601374000061,0],[77.051283040000044,10.266601344000037,0],[77.051283011000066,10.266596825000022,0],[77.051319374000059,10.266560530000049,0],[77.051323937000063,10.266560501000072,0],[77.051323909000075,10.266555982000057,0],[77.051328443000045,10.266551524000022,0],[77.051328363000039,10.266510758000038,0],[77.051332839000054,10.26649726200003,0],[77.051332756000079,10.266470146000074,0],[77.051337351000029,10.266461078000077,0],[77.051337293000074,10.266452039000058,0],[77.051341856000079,10.266452010000023,0],[77.051341827000044,10.266447491000065,0],[77.051346390000049,10.266447463000077,0],[77.051346361000071,10.266442943000072,0],[77.05135548700008,10.26644288500006,0],[77.051355458000046,10.266438366000045,0],[77.051369064000085,10.266411253000058,0],[77.051382732000036,10.266379530000052,0],[77.05140078900007,10.266320753000059,0],[77.051432481000063,10.266239293000069,0],[77.051473181000063,10.266139698000075,0],[77.051513916000033,10.266031153000029,0],[77.051554646000056,10.265936077000049,0],[77.051586308000083,10.265850097000055,0],[77.051608957000042,10.265795811000032,0],[77.051622596000072,10.265759568000021,0],[77.051627042000064,10.265741462000051,0],[77.051631576000034,10.265736914000058,0],[77.05163163800006,10.265732394000054,0],[77.05163617200003,10.265727937000065,0],[77.051636118000033,10.265705340000068,0],[77.051640536000036,10.265682714000036,0],[77.051640485000064,10.265646559000061,0],[77.051658173000078,10.265488264000055,0],[77.051658119000081,10.265465667000058,0],[77.051662595000039,10.265452081000035,0],[77.051662487000044,10.26540688700004,0],[77.051657815000056,10.265361722000023,0],[77.051652968000042,10.26528944100005,0],[77.051643536000029,10.265185462000034,0],[77.051638551000053,10.265063467000061,0],[77.051628946000051,10.264932463000036,0],[77.051624053000069,10.264810468000064,0],[77.051619093000056,10.26470646100006,0],[77.051614337000046,10.264634179000041,0],[77.051614112000038,10.264570908000053,0],[77.051609491000079,10.264561898000068,0],[77.051609462000044,10.264557378000063,0],[77.051604932000032,10.264548368000021,0],[77.051600252000071,10.264530321000052,0],[77.051563471000065,10.264430943000036,0],[77.051448354000058,10.264128504000041,0],[77.05141151600003,10.264020179000056,0],[77.051379203000067,10.263934423000023,0],[77.051356191000082,10.263875724000059,0],[77.051342422000062,10.263835046000054,0],[77.051333180000029,10.263817026000027,0],[77.051328679000051,10.263812535000056,0],[77.051328621000039,10.263803497000026,0],[77.051314760000082,10.263762818000032,0],[77.051300962000084,10.263717711000027,0],[77.051277922000054,10.263654493000047,0],[77.051254823000079,10.263582237000037,0],[77.051231757000039,10.263500942000064,0],[77.051213313000062,10.263428747000034,0],[77.051190272000042,10.263365530000044,0],[77.051180946000045,10.263320303000057,0],[77.051171765000049,10.263297764000072,0],[77.051167114000066,10.263284235000071,0],[77.051162614000077,10.263279743000055,0],[77.051162556000065,10.263270705000025,0],[77.051116507000074,10.263135231000035,0],[77.051097971000047,10.263062946000048,0],[77.051074872000072,10.262990689000048,0],[77.051056428000038,10.262918495000065,0],[77.051024149000057,10.262823699000023,0],[77.051019502000031,10.262796521000041,0],[77.051014881000071,10.262787512000045,0],[77.051010288000043,10.262783021000075,0],[77.051010321000035,10.262773981000066,0],[77.05099651900008,10.262742432000039,0],[77.050978154000063,10.262710822000031,0],[77.050936719000049,10.262611474000039,0],[77.050909174000083,10.262557324000056,0],[77.050867740000058,10.262458067000068,0],[77.05085396700008,10.262430947000041,0],[77.050844787000074,10.262408407000066,0],[77.050840165000068,10.262399398000071,0],[77.051081150000073,10.262109351000049,0],[77.050595263000048,10.26175020200003,0],[77.050595524000073,10.261749920000057,0],[77.052312057000051,10.25986765600004,0],[77.05315210200007,10.258898223000074,0],[77.054179278000049,10.257903971000076,0],[77.054425815000059,10.257603419000077,0],[77.054672350000033,10.257302867000021,0],[77.055163328000049,10.255924242000049,0],[77.05565430200005,10.25454561600003,0],[77.055816464000031,10.253980596000076,0],[77.05597862500008,10.253415575000076,0],[77.056615396000041,10.25305634800003,0],[77.057252166000069,10.25269712000005,0],[77.058073801000035,10.252243003000046,0],[77.058895432000043,10.251788884000064,0],[77.059156458000075,10.251416692000021,0],[77.059329555000033,10.251321229000041,0],[77.059369623000066,10.251018262000059,0],[77.060768826000071,10.25042619900006,0],[77.061367936000067,10.250009935000037,0],[77.061474525000051,10.24993381400003,0],[77.061921902000051,10.249463783000067,0],[77.062309975000062,10.248862645000031,0],[77.062821378000081,10.24778688400005,0],[77.06260244300006,10.247176572000058,0],[77.062479273000065,10.246916618000057,0],[77.06235610400006,10.246656664000056,0],[77.062112035000041,10.24619552200005,0],[77.061867966000079,10.245734381000034,0],[77.062237773000049,10.245160362000036,0],[77.06241127100003,10.244850747000044,0],[77.062584768000079,10.244541132000052,0],[77.062710344000038,10.244231507000052,0],[77.062835921000044,10.243921881000063,0],[77.062877127000036,10.243325188000028,0],[77.062836214000072,10.242588342000033,0],[77.062706224000067,10.242224416000056,0],[77.062576233000073,10.241860489000032,0],[77.062332178000077,10.241349623000076,0],[77.06208812400007,10.240838755000027,0],[77.061992328000031,10.240635314000031,0],[77.062357450000036,10.240576626000063,0],[77.062056316000053,10.240210403000049,0],[77.061736903000053,10.239957186000026,0],[77.061417489000064,10.239703969000061,0],[77.06106161200006,10.239247323000029,0],[77.060819851000076,10.238700291000043,0],[77.060692206000056,10.23807191700007,0],[77.060669537000081,10.237407402000031,0],[77.060573823000084,10.236851362000039,0],[77.06048725200003,10.236232037000036,0],[77.05986207400008,10.235951628000066,0],[77.059613379000041,10.235809177000021,0],[77.059364686000038,10.235666726000034,0],[77.059056661000056,10.235528782000074,0],[77.058748637000065,10.235390837000068,0],[77.058228444000065,10.235047162000058,0],[77.057836062000035,10.234608585000046,0],[77.057521246000078,10.234251394000069,0],[77.056708953000054,10.234002578000059,0],[77.056074627000044,10.23383969200006,0],[77.055467690000057,10.233654208000075,0],[77.054591522000067,10.233346607000044,0],[77.054290341000069,10.233238042000039,0],[77.053747322000049,10.232957641000041,0],[77.05348723600008,10.232763197000054,0],[77.052784547000044,10.232247690000065,0],[77.052154791000078,10.232084797000027,0],[77.051570640000079,10.232053008000037,0],[77.050758332000044,10.231899107000061,0],[77.050037323000083,10.231659339000032,0],[77.049439535000033,10.231421861000058,0],[77.049156616000062,10.231297475000076,0],[77.048490410000056,10.230922104000058,0],[77.048348958000076,10.230831658000056,0],[77.047625434000054,10.231477897000048,0],[77.047404036000046,10.231690301000071,0],[77.047171185000082,10.232060919000048,0],[77.047193951000054,10.232259826000075,0],[77.047065872000076,10.233349227000076,0],[77.047006503000034,10.233502907000059,0],[77.046609401000069,10.233701703000065,0],[77.045755948000078,10.233800925000025,0],[77.045336103000068,10.233723965000024,0],[77.044592325000053,10.233301099000073,0],[77.044031072000053,10.232977732000052,0],[77.043013484000085,10.232516364000048,0],[77.042255979000061,10.232240404000038,0],[77.041156155000067,10.232099961000074,0],[77.040535463000083,10.232181154000045,0],[77.039869195000051,10.232045350000021,0],[77.039777943000047,10.231968475000031,0],[77.039536171000066,10.231602248000058,0],[77.039267131000031,10.230851771000061,0],[77.03864649500008,10.230743100000041,0],[77.038071513000034,10.230584717000056,0],[77.037496543000032,10.230385648000038,0],[77.036921574000075,10.23018657800003,0],[77.035954125000046,10.229987390000076,0],[77.035639248000052,10.229924009000058,0],[77.034991251000065,10.229761077000035,0],[77.034398028000055,10.22956651800007,0],[77.033763728000054,10.229385506000028,0],[77.033476219000079,10.229369597000073,0],[77.033188711000037,10.229353687000071,0],[77.032718683000041,10.229245051000021,0],[77.032517907000056,10.22915910100005,0],[77.031860799000071,10.228950955000073,0],[77.031281271000069,10.228756394000072,0],[77.030660645000069,10.228638667000041,0],[77.030049117000033,10.228615872000034,0],[77.029428445000065,10.228642798000067,0],[77.028816845000051,10.228841504000059,0],[77.027821697000036,10.229636787000061,0],[77.027433727000073,10.229799399000058,0],[77.026347544000032,10.229855551000071,0],[77.025316116000056,10.229938840000045,0],[77.024631559000056,10.229938613000058,0],[77.024225401000081,10.229902314000071,0],[77.023335527000029,10.22975284000006,0],[77.022737712000037,10.229662228000052,0],[77.022153615000036,10.229494772000066,0],[77.021491972000035,10.229223318000038,0],[77.020917040000029,10.228951892000055,0],[77.020314752000047,10.228608128000076,0],[77.01983569600003,10.228237283000055,0],[77.019279065000035,10.227843808000046,0],[77.018528545000038,10.227267185000073,0],[77.018054053000071,10.226905379000073,0],[77.017225968000048,10.226292561000037,0],[77.016719542000033,10.225908141000048,0],[77.016167458000041,10.225582470000063,0],[77.015619968000067,10.225175430000036,0],[77.015620141000056,10.224705301000029,0],[77.015478696000059,10.224628401000075,0],[77.014908395000077,10.224212312000077,0],[77.014305940000042,10.224361268000052,0],[77.013858946000084,10.223710157000028,0],[77.013288801000044,10.222887222000054,0],[77.013361899000074,10.222674786000027,0],[77.013887073000035,10.221712117000038,0],[77.014083302000074,10.221725750000076,0],[77.014713094000058,10.221685296000032,0],[77.015799221000066,10.221712811000032,0],[77.016191911000078,10.221107208000035,0],[77.016744495000069,10.220036053000058,0],[77.017178302000048,10.219299370000044,0],[77.019077057000061,10.218423066000071,0],[77.019652175000033,10.21811135400003,0],[77.02238158800003,10.216923407000024,0],[77.022491149000075,10.216819473000044,0],[77.022687537000081,10.216362971000024,0],[77.022687597000072,10.216191193000043,0],[77.022418479000066,10.215815902000031,0],[77.021106700000075,10.215153204000046,0],[77.019995692000066,10.214571939000052,0],[77.019808801000067,10.213970651000068,0],[77.019827276000058,10.21334683200007,0],[77.019918662000066,10.213016868000068,0],[77.020101241000077,10.212903919000041,0],[77.022383203000061,10.212253753000027,0],[77.023784351000074,10.211770534000038,0],[77.024377706000053,10.211458819000029,0],[77.024920888000054,10.211070239000037,0],[77.025418442000046,10.210659039000063,0],[77.025961642000084,10.21021169100004,0],[77.026892856000075,10.209384747000058,0],[77.027874264000047,10.208557817000042,0],[77.028832851000061,10.207726356000023,0],[77.02939882700008,10.207373939000036,0],[77.02991918500004,10.206967260000056,0],[77.030512557000065,10.206556083000066,0],[77.03131591500005,10.205918947000043,0],[77.032226511000033,10.205272800000046,0],[77.032689799000082,10.204933907000054,0],[77.033566050000047,10.204660686000068,0],[77.033922020000034,10.204568125000037,0],[77.034734329000059,10.204464399000074,0],[77.035957362000033,10.204283946000032,0],[77.037216898000054,10.20411254000004,0],[77.037864940000077,10.203954513000042,0],[77.038462792000075,10.203773867000052,0],[77.039101715000072,10.203588711000066,0],[77.039676761000067,10.203362853000044,0],[77.04008293000004,10.20325447700003,0],[77.040986473000032,10.203245692000053,0],[77.041963020000082,10.203268568000055,0],[77.042305268000064,10.203277704000072,0],[77.042934949000085,10.203490342000066,0],[77.043071498000074,10.204740293000043,0],[77.043130665000035,10.205298589000051,0],[77.043160213000078,10.205703181000047,0],[77.043223890000036,10.206451338000022,0],[77.043258020000053,10.206794904000049,0],[77.044535722000035,10.206962511000029,0],[77.04514719000008,10.207057606000035,0],[77.045608080000079,10.207102935000023,0],[77.046128451000072,10.206569657000045,0],[77.04663967700003,10.206099663000032,0],[77.047027625000055,10.205873741000062,0],[77.047693917000061,10.205724740000051,0],[77.048200453000049,10.205715831000077,0],[77.048798221000084,10.205842560000065,0],[77.049455256000044,10.206190805000062,0],[77.049897805000057,10.206570639000063,0],[77.050212535000071,10.207126738000056,0],[77.050440551000065,10.207718980000038,0],[77.050691425000082,10.208157530000051,0],[77.051083765000044,10.208600636000028,0],[77.052069257000085,10.209414569000046,0],[77.052790154000036,10.209907480000027,0],[77.053565796000044,10.210477251000043,0],[77.053798487000051,10.210653606000051,0],[77.054373394000038,10.211006343000065,0],[77.054811427000061,10.211241513000061,0],[77.055349850000084,10.211508351000077,0],[77.055294995000054,10.21189257900005,0],[77.055459316000054,10.211743442000056,0],[77.056618497000045,10.211477007000042,0],[77.057978475000084,10.211188012000036,0],[77.058599141000059,10.21102541700003,0],[77.059867885000074,10.210564615000067,0],[77.060990532000062,10.210379525000064,0],[77.062286572000062,10.21027583700004,0],[77.062720131000049,10.210126755000033,0],[77.063418413000079,10.209774307000032,0],[77.06403909900007,10.209498689000043,0],[77.064568496000049,10.209313462000068,0],[77.065451599000085,10.208931665000023,0],[77.066252549000069,10.208595053000067,0],[77.066658775000064,10.208192813000039,0],[77.06706500100006,10.207790573000068,0],[77.067507728000066,10.207417722000059,0],[77.067950453000037,10.207044871000051,0],[77.068315592000033,10.206710427000075,0],[77.068078350000064,10.206443671000045,0],[77.068128683000054,10.20577012900003,0],[77.068083173000048,10.205164375000038,0],[77.067950926000037,10.204716820000044,0],[77.06785972800003,10.20437776600005,0],[77.067832365000072,10.204291872000056,0],[77.067855269000063,10.203866950000076,0],[77.068147454000041,10.203216058000066,0],[77.06778702400004,10.202858868000021,0],[77.067568028000039,10.202641841000059,0],[77.067317114000048,10.202307274000077,0],[77.067047986000034,10.201782843000046,0],[77.066710405000038,10.201281001000041,0],[77.066363705000072,10.200747513000067,0],[77.066144720000068,10.200492061000034,0],[77.065925734000075,10.200236609000058,0],[77.065843634000032,10.200055772000042,0],[77.065807214000074,10.199644400000068,0],[77.065704584000059,10.199434177000057,0],[77.065601954000044,10.199223953000057,0],[77.065515278000078,10.199101882000036,0],[77.065757248000068,10.198545911000053,0],[77.065953542000045,10.198197874000073,0],[77.066113273000042,10.198116538000022,0],[77.066765848000045,10.197976536000056,0],[77.06682988700004,10.197235190000072,0],[77.066839127000037,10.196683692000022,0],[77.066569943000047,10.196457613000064,0],[77.06641944900008,10.196010054000055,0],[77.066843899000048,10.195675624000046,0],[77.067012718000058,10.195770589000063,0],[77.067291056000045,10.195867835000058,0],[77.067569393000042,10.195965082000043,0],[77.067929855000045,10.19612789200005,0],[77.068427324000083,10.195752790000029,0],[77.068472988000053,10.195590061000075,0],[77.068765118000044,10.195174233000046,0],[77.068883786000072,10.195052204000035,0],[77.068954451000081,10.195379953000042,0],[77.069025116000034,10.19570770200005,0],[77.069088896000039,10.19623209100007,0],[77.06921201800003,10.196661562000031,0],[77.070097172000033,10.19724487700006,0],[77.071185608000064,10.196725229000037,0],[77.07167848000006,10.196506078000027,0],[77.071867869000073,10.196431526000026,0],[77.072513446000073,10.197071294000068,0],[77.072716473000071,10.19727249400006,0],[77.073323392000077,10.197236442000076,0],[77.074039850000077,10.197082876000024,0],[77.074505250000072,10.197367750000069,0],[77.074701455000081,10.197444633000032,0],[77.075340349000044,10.197232284000052,0],[77.075992936000034,10.196997334000059,0],[77.07567827400004,10.195871677000071,0],[77.075422892000063,10.19498109500006,0],[77.076641351000035,10.194529259000035,0],[77.077501583000071,10.19414968500007,0],[77.077800497000055,10.194009601000062,0],[77.078389185000049,10.193806278000068,0],[77.078941366000038,10.193607468000039,0],[77.079552867000075,10.193408667000028,0],[77.080018352000081,10.193173678000051,0],[77.080374314000039,10.19297483400004,0],[77.080157600000064,10.192748774000052,0],[77.079940886000031,10.192522715000052,0],[77.079616979000036,10.192048011000054,0],[77.079571370000053,10.191916909000042,0],[77.080429356000081,10.191248015000042,0],[77.080830999000057,10.190728224000054,0],[77.081191594000074,10.190077331000055,0],[77.081397026000047,10.189521343000024,0],[77.081593321000071,10.189019599000062,0],[77.082136429000059,10.188418459000047,0],[77.082570013000066,10.187867027000038,0],[77.083145088000038,10.187080549000029,0],[77.083537593000074,10.186578834000045,0],[77.084404686000084,10.185887329000025,0],[77.085175938000077,10.185286218000044,0],[77.086052155000061,10.18456758700006,0],[77.086795811000059,10.185424326000032,0],[77.087229233000073,10.185926162000044,0],[77.087667215000067,10.186448340000027,0],[77.08784517600003,10.186448364000057,0],[77.088260577000085,10.185309258000075,0],[77.088694228000065,10.184170153000025,0],[77.089132437000046,10.183031048000032,0],[77.088731041000074,10.181932514000039,0],[77.088411750000034,10.181060015000071,0],[77.088306841000076,10.180770689000042,0],[77.088083335000078,10.180187515000057,0],[77.087832450000064,10.17961789800006,0],[77.087576999000078,10.179070883000065,0],[77.087330697000084,10.178379213000028,0],[77.087038765000045,10.17768301600006,0],[77.08676508700006,10.176991341000075,0],[77.086377318000075,10.176417184000059,0],[77.085998676000031,10.175847547000046,0],[77.085606340000083,10.175332154000046,0],[77.08540561500007,10.175031512000032,0],[77.085204890000057,10.17473086900003,0],[77.085104535000085,10.174536474000035,0],[77.084693916000049,10.17423806000005,0],[77.084182931000043,10.173826620000057,0],[77.083934278000072,10.173661584000058,0],[77.083434692000083,10.173315691000028,0],[77.083183760000054,10.173134833000063,0],[77.082654508000076,10.17284544100005,0],[77.082134389000032,10.172524404000058,0],[77.08160970800003,10.172189806000063,0],[77.081356496000069,10.172013466000067,0],[77.080822696000041,10.171654003000071,0],[77.080542109000078,10.171470878000036,0],[77.07987575900006,10.172487881000052,0],[77.079204832000073,10.173568170000067,0],[77.078835146000074,10.174099267000031,0],[77.078465459000029,10.174630364000052,0],[77.077958906000049,10.17502808200004,0],[77.077735290000078,10.175211124000043,0],[77.077331412000035,10.175545573000022,0],[77.077151150000077,10.175696978000076,0],[77.07696857600007,10.176017902000069,0],[77.076936664000073,10.175855159000037,0],[77.076439420000042,10.175190561000022,0],[77.076003764000063,10.174600561000034,0],[77.075467753000055,10.173856845000046,0],[77.075089122000065,10.17335500300004,0],[77.074591716000043,10.173621624000077,0],[77.074062368000057,10.173892758000022,0],[77.073523888000068,10.174191013000041,0],[77.073049302000072,10.174421472000063,0],[77.072853106000082,10.174367190000055,0],[77.071899458000075,10.174351191000028,0],[77.070676598000034,10.174328359000071,0],[77.070329819000051,10.174312470000075,0],[77.069695547000038,10.174438922000036,0],[77.068778386000076,10.174506550000046,0],[77.068449851000082,10.174529088000043,0],[77.067947955000079,10.174397895000027,0],[77.067190618000041,10.173864325000068,0],[77.066634022000073,10.173482230000047,0],[77.066364848000035,10.173299095000061,0],[77.065840196000067,10.172905705000062,0],[77.065315544000043,10.172512314000073,0],[77.064845639000055,10.172168658000032,0],[77.064375734000066,10.171825003000038,0],[77.063837406000061,10.171395442000062,0],[77.06334468700004,10.171060821000026,0],[77.06290217600008,10.170653882000067,0],[77.062363840000046,10.170278566000036,0],[77.061944111000059,10.170034368000074,0],[77.061524382000073,10.169790169000066,0],[77.061401164000074,10.169880552000052,0],[77.060972030000073,10.17088400800003,0],[77.060716391000085,10.17140832900003,0],[77.060456172000045,10.172002716000065,0],[77.060195952000072,10.172597104000033,0],[77.059641314000032,10.173672857000042,0],[77.059369695000044,10.174224296000034,0],[77.058584499000062,10.175833414000067,0],[77.058054929000036,10.176976978000027,0],[77.057774168000037,10.177571358000023,0],[77.057493406000049,10.178165738000075,0],[77.056872866000049,10.178057102000025,0],[77.056553478000069,10.177971138000032,0],[77.056234090000032,10.177885174000039,0],[77.055599878000066,10.177713246000053,0],[77.054974757000082,10.177690495000036,0],[77.054322242000069,10.177731023000035,0],[77.053619542000035,10.177735373000075,0],[77.052693351000073,10.177364467000075,0],[77.051931363000051,10.177260308000029,0],[77.050770142000033,10.177047554000069,0],[77.050234016000047,10.176961530000028,0],[77.049029487000041,10.176604104000035,0],[77.048431780000044,10.176454774000035,0],[77.047610396000039,10.176648942000043,0],[77.046930494000037,10.176730132000046,0],[77.046287117000077,10.176729962000024,0],[77.045274189000054,10.176548872000069,0],[77.044420949000084,10.176431109000021,0],[77.043855121000036,10.176507804000039,0],[77.04326188400006,10.176697502000025,0],[77.042709745000082,10.176769678000028,0],[77.041961571000058,10.176236053000025,0],[77.041541882000047,10.175878816000022,0],[77.041117575000044,10.175715960000048,0],[77.040433196000038,10.175494263000076,0],[77.039707749000058,10.175286114000073,0],[77.038726885000074,10.174716252000053,0],[77.038298097000052,10.174286681000069,0],[77.03785328400005,10.174042445000055,0],[77.037572707000038,10.173897708000027,0],[77.037289840000085,10.173782353000036,0],[77.037006974000064,10.173666997000055,0],[77.036464063000039,10.173413690000075,0],[77.036172057000044,10.173348056000066,0],[77.03588005000006,10.173282423000046,0],[77.03526867000005,10.173119503000066,0],[77.034766795000053,10.172970176000035,0],[77.03420557700008,10.172906720000071,0],[77.033865663000029,10.172836550000056,0],[77.033525748000045,10.172766379000052,0],[77.032905219000043,10.172684821000075,0],[77.03227552900006,10.17271627100007,0],[77.031591104000029,10.172684416000038,0],[77.03098424600006,10.172657105000042,0],[77.03031352000005,10.172593608000057,0],[77.029569801000036,10.172489403000043,0],[77.02829222500003,10.172380504000046,0],[77.027215162000061,10.173044670000024,0],[77.026772426000036,10.173451371000056,0],[77.026357049000069,10.173907805000056,0],[77.026019241000029,10.174364264000076,0],[77.025576504000071,10.174761922000073,0],[77.025161126000057,10.175213834000033,0],[77.024759421000056,10.175706435000052,0],[77.024387257000058,10.176544863000061,0],[77.024115561000031,10.177136956000027,0],[77.023978573000079,10.177428482000039,0],[77.023672666000039,10.177979879000077,0],[77.023357668000074,10.178427303000035,0],[77.022577438000042,10.178309507000051,0],[77.022134877000042,10.178169223000054,0],[77.021496101000082,10.17805147200005,0],[77.020738750000078,10.177757382000038,0],[77.019853653000041,10.17741804000002,0],[77.019119114000034,10.177137515000027,0],[77.018343533000063,10.176793687000043,0],[77.018090337000046,10.176657983000041,0],[77.01783714100003,10.176522279000039,0],[77.017198424000071,10.176255346000062,0],[77.01664183400004,10.176006521000033,0],[77.01618105700004,10.175784853000039,0],[77.015743260000079,10.175111143000038,0],[77.015469671000062,10.174600229000021,0],[77.015145889000053,10.174093819000063,0],[77.014940689000071,10.17373662600005,0],[77.014708164000069,10.173239288000048,0],[77.014375291000079,10.172642463000045,0],[77.01355400500006,10.172547234000035,0],[77.012823873000059,10.172727787000042,0],[77.012280788000055,10.17299429600007,0],[77.01185640500006,10.173080027000026,0],[77.011655652000059,10.173039269000071,0],[77.011007831000029,10.172745196000051,0],[77.01045128700008,10.172405952000076,0],[77.009944937000057,10.172062204000042,0],[77.009566293000034,10.171863161000033,0],[77.009310792000065,10.171808818000045,0],[77.00867205600008,10.171632277000072,0],[77.008060713000077,10.171415061000062,0],[77.007549784000048,10.171125554000071,0],[77.007006930000045,10.170799870000053,0],[77.006500583000047,10.170460639000055,0],[77.005957747000082,10.17009426900006,0],[77.005378448000045,10.169628433000071,0],[77.004835409000066,10.169777397000075,0],[77.003671704000055,10.170210906000023,0],[77.002576490000081,10.170522386000073,0],[77.002371398000037,10.169939161000059,0],[77.002175453000063,10.169306214000073,0],[77.001929376000078,10.16852859100004,0],[77.001749355000072,10.168013184000074,0],[77.001569333000077,10.167497776000062,0],[77.001450833000035,10.167172253000047,0],[77.00117506600003,10.166478247000043,0],[77.001017801000046,10.166109764000055,0],[77.000885638000057,10.165725469000051,0],[77.000803571000063,10.165571740000075,0],[77.00059387500005,10.165101524000022,0],[77.000260866000076,10.164920570000049,0],[76.999994091000076,10.164777220000076,0],[76.99890604400008,10.163203833000068,0],[76.997664401000065,10.162458131000051,0],[76.996596296000064,10.162511662000043,0],[76.994933615000036,10.162804612000059,0],[76.994075523000049,10.163150441000028,0],[76.99308321500007,10.163150775000076,0],[76.992546742000059,10.162885157000062,0],[76.992171148000068,10.162513164000075,0],[76.99163456000008,10.161902006000048,0],[76.991151737000052,10.161662947000025,0],[76.990749470000083,10.161716238000054,0],[76.990293564000069,10.161769547000063,0],[76.98964978500004,10.161397639000029,0],[76.988871859000085,10.160866295000062,0],[76.988174584000035,10.160919678000027,0],[76.98836665400006,10.161566294000068,0],[76.988353087000064,10.161877848000074,0],[76.987888636000037,10.162812646000077,0],[76.987150759000031,10.163639166000053,0],[76.986535856000046,10.164316642000074,0],[76.985551868000073,10.164967143000069,0],[76.984649776000083,10.165251882000064,0],[76.983843357000069,10.165495953000061,0],[76.983187305000058,10.165753521000056,0],[76.98280458000005,10.165821366000046,0],[76.982285108000042,10.165713158000074,0],[76.981546939000054,10.165354843000046,0],[76.980439544000035,10.16478625700006,0],[76.979591830000061,10.164082133000022,0],[76.978880821000075,10.16340505900007,0],[76.977992074000042,10.162592579000034,0],[76.977089599000067,10.161563369000021,0],[76.976323955000055,10.160994670000036,0],[76.975364738000053,10.160520844000075,0],[76.974763227000039,10.160290736000036,0],[76.974284778000083,10.160196050000025,0],[76.973464591000038,10.16007436600006,0],[76.972207006000076,10.160006982000027,0],[76.971373233000065,10.160183300000028,0],[76.970512165000059,10.160522173000061,0],[76.969897108000055,10.160739066000076,0],[76.969199988000071,10.160779887000047,0],[76.968584883000062,10.160820685000033,0],[76.968106446000036,10.160766627000044,0],[76.967545940000036,10.160509404000038,0],[76.967186010000034,10.160183494000023,0],[76.966857878000042,10.159912664000046,0],[76.966543455000078,10.159790834000034,0],[76.966297424000061,10.159845079000036,0],[76.965901059000032,10.16000772700005,0],[76.965477383000064,10.160278747000064,0],[76.965122074000078,10.160631023000064,0],[76.96473951400003,10.161335493000024,0],[76.964138271000081,10.162148381000065,0],[76.963509683000041,10.162947730000042,0],[76.962935713000036,10.163516788000038,0],[76.962442775000056,10.163977671000055,0],[76.961841408000055,10.164330003000032,0],[76.960993956000038,10.164533390000031,0],[76.959832096000071,10.164696212000024,0],[76.958109815000057,10.164967524000076,0],[76.957016312000064,10.165184503000035,0],[76.956155203000037,10.165469155000039,0],[76.955854524000074,10.165685953000036,0],[76.955346701000053,10.165978562000021,0],[76.954991377000056,10.166344373000072,0],[76.954376394000064,10.166994699000043,0],[76.953734095000073,10.167753395000034,0],[76.952968766000083,10.168512116000045,0],[76.952367454000068,10.169203072000073,0],[76.951875433000055,10.169595999000023,0],[76.951205691000041,10.169921235000061,0],[76.949346708000064,10.170341532000066,0],[76.947747388000039,10.170477308000045,0],[76.946011378000037,10.170653739000045,0],[76.944330067000067,10.170952063000072,0],[76.943528255000047,10.170925963000059,0],[76.94216132400004,10.171115852000071,0],[76.940671390000034,10.171454759000028,0],[76.93955057800008,10.172037418000059,0],[76.938156376000052,10.172674301000029,0],[76.93704925000003,10.173405950000074,0],[76.935682391000057,10.174124093000046,0],[76.934752875000072,10.174313879000067,0],[76.93398742100004,10.174666186000024,0],[76.93330400900004,10.175167481000074,0],[76.932784596000033,10.175438474000032,0],[76.932415571000035,10.175831353000035,0],[76.93218323900004,10.17619712100003,0],[76.932019290000085,10.176793154000052,0],[76.931704987000046,10.177484030000073,0],[76.931370256000037,10.177786103000074,0],[76.930864515000053,10.178111272000024,0],[76.929948683000077,10.178490683000064,0],[76.929169536000074,10.178788798000028,0],[76.928376707000041,10.179005640000071,0],[76.927638519000084,10.178951558000051,0],[76.927064345000076,10.178707814000063,0],[76.926408138000056,10.178355714000077,0],[76.926038998000081,10.177976484000055,0],[76.925533161000033,10.177610818000062,0],[76.925136713000029,10.177461867000034,0],[76.924603550000029,10.177191022000045,0],[76.92398838400004,10.177042097000026,0],[76.923550931000079,10.176920241000062,0],[76.923099797000077,10.176703565000025,0],[76.922676018000061,10.176608797000029,0],[76.922265918000051,10.176581755000029,0],[76.921719094000082,10.176351544000056,0],[76.921131244000037,10.175972334000051,0],[76.920652742000073,10.175498291000054,0],[76.920474987000034,10.175091942000051,0],[76.92050514400006,10.174888248000059,0],[76.920477768000069,10.174576700000046,0],[76.920450404000064,10.174373518000039,0],[76.920388867000042,10.174170340000046,0],[76.920258974000035,10.173912988000041,0],[76.920040223000058,10.17361500800007,0],[76.919787296000038,10.17329671300007,0],[76.919643742000062,10.17310709000003,0],[76.919520691000059,10.172903919000021,0],[76.919342991000065,10.172628943000063,0],[76.919165238000062,10.172209047000024,0],[76.919001155000046,10.171789149000062,0],[76.918843903000038,10.171342160000052,0],[76.918720817000064,10.170813892000069,0],[76.918645576000074,10.170292392000022,0],[76.918618198000047,10.169940208000071,0],[76.91854296200006,10.169459345000064,0],[76.918435879000072,10.169124086000068,0],[76.91823760300008,10.168514552000033,0],[76.918155556000045,10.168243648000043,0],[76.91811453300005,10.168108196000048,0],[76.917977822000068,10.167972754000061,0],[76.917882126000052,10.167884717000049,0],[76.91767707300005,10.167783146000033,0],[76.917403684000078,10.16781026600006,0],[76.917225981000058,10.167810284000041,0],[76.917123459000038,10.167803522000042,0],[76.917014094000081,10.167729033000057,0],[76.916945727000041,10.167546173000062,0],[76.91687735000005,10.167268494000041,0],[76.916822625000066,10.166821492000054,0],[76.916618741000036,10.16664337800006,0],[76.916051437000078,10.16644025100004,0],[76.915812216000063,10.166392866000024,0],[76.915176579000047,10.166325200000074,0],[76.914732314000048,10.166257515000041,0],[76.914206032000038,10.166176291000056,0],[76.913789105000035,10.166088283000022,0],[76.913502040000083,10.166020582000044,0],[76.913290153000048,10.165912236000054,0],[76.913044088000049,10.165749711000046,0],[76.91283220300005,10.165654910000057,0],[76.912681833000079,10.165587196000047,0],[76.912606641000082,10.165478837000023,0],[76.912572451000074,10.165302746000066,0],[76.912592940000081,10.165133423000043,0],[76.912702281000065,10.164567186000056,0],[76.912729589000037,10.164242087000048,0],[76.912729542000079,10.163713806000032,0],[76.91270215600008,10.163205846000039,0],[76.912661111000034,10.162806252000053,0],[76.912620067000034,10.162413432000051,0],[76.912483347000034,10.162115439000047,0],[76.912271450000048,10.161858091000056,0],[76.911861335000083,10.161451756000076,0],[76.911574259000076,10.161214733000065,0],[76.911299168000085,10.160950093000054,0],[76.911189766000064,10.16040806500007,0],[76.911107712000046,10.159960890000036,0],[76.910984667000037,10.159703433000061,0],[76.910547201000043,10.159093677000044,0],[76.909754292000059,10.157914810000022,0],[76.908660638000072,10.156342987000073,0],[76.908250523000049,10.155773878000048,0],[76.907717405000085,10.155435145000069,0],[76.907184298000061,10.155231920000062,0],[76.90659652100004,10.155096453000056,0],[76.906254778000061,10.154839009000057,0],[76.906077051000068,10.154405391000068,0],[76.906145369000058,10.154039511000065,0],[76.906405034000045,10.153416149000066,0],[76.906323076000035,10.152597675000038,0],[76.906172656000081,10.151730425000039,0],[76.906104278000043,10.151256146000037,0],[76.905912901000079,10.151066446000073,0],[76.905448130000082,10.15061929500007,0],[76.90517473500006,10.150334744000077,0],[76.905024353000044,10.149968879000028,0],[76.904860303000078,10.149616565000031,0],[76.904614251000055,10.149399766000045,0],[76.904122167000082,10.149250736000056,0],[76.903411378000044,10.149033966000047,0],[76.903055980000033,10.148844274000055,0],[76.902632229000062,10.148505526000065,0],[76.902617822000082,10.148481312000058,0],[76.902454503000058,10.148282687000062,0],[76.902447659000075,10.148187794000023,0],[76.902591250000057,10.14801155400005,0],[76.902782714000068,10.147950539000021,0],[76.902892135000059,10.14812676400004,0],[76.90298103300006,10.148167428000022,0],[76.903145146000043,10.148126749000028,0],[76.903213521000055,10.148025073000042,0],[76.903377588000069,10.147265913000069,0],[76.903610060000062,10.146886325000025,0],[76.904061354000078,10.146533834000024,0],[76.904706360000034,10.145434603000069,0],[76.905328545000032,10.144255169000076,0],[76.905410582000059,10.143984039000031,0],[76.905451601000038,10.143834918000039,0],[76.905057279000061,10.143316853000044,0],[76.904838439000059,10.142971183000043,0],[76.904653787000029,10.142584843000066,0],[76.904503325000064,10.142212056000062,0],[76.904374521000079,10.141565654000033,0],[76.904347127000051,10.140942068000072,0],[76.904265043000066,10.140508274000069,0],[76.904018860000065,10.140250721000029,0],[76.903704302000051,10.140088066000033,0],[76.903252999000074,10.140128763000064,0],[76.902801694000061,10.140142347000051,0],[76.90258287000006,10.140006797000069,0],[76.902281979000065,10.139667908000035,0],[76.902104159000032,10.139098557000068,0],[76.90187164300005,10.138651214000049,0],[76.901557075000085,10.138244544000031,0],[76.901105761000053,10.138068338000039,0],[76.900695484000039,10.138027692000037,0],[76.900252285000079,10.137887717000069,0],[76.899896698000077,10.137603054000067,0],[76.899636842000064,10.137298052000062,0],[76.899301768000043,10.136986275000027,0],[76.899089788000083,10.136877835000064,0],[76.898713690000079,10.136593172000062,0],[76.898378617000049,10.136254282000039,0],[76.898077741000066,10.136050952000062,0],[76.897701649000055,10.135874738000041,0],[76.897441808000053,10.135847636000051,0],[76.897099909000076,10.135739201000035,0],[76.896744332000083,10.135569763000035,0],[76.896463973000039,10.135407100000066,0],[76.896293016000072,10.135156316000064,0],[76.896210956000061,10.135027535000063,0],[76.896087869000041,10.134878421000053,0],[76.89586905200008,10.134729311000058,0],[76.895698103000029,10.134675093000055,0],[76.895616045000054,10.134573424000052,0],[76.895568170000047,10.134322635000046,0],[76.895504395000046,10.133914157000049,0],[76.895340274000034,10.133575257000075,0],[76.895210347000045,10.133344806000025,0],[76.895005204000029,10.133121135000067,0],[76.89471800900003,10.132944914000063,0],[76.894239352000056,10.13268058400007,0],[76.893788048000033,10.132423030000041,0],[76.893466665000062,10.13221969600005,0],[76.893295716000068,10.132097696000073,0],[76.893199980000077,10.131887577000043,0],[76.892994834000035,10.131467339000039,0],[76.892830721000053,10.131297891000031,0],[76.892434130000083,10.131284346000029,0],[76.892283699000075,10.131284350000044,0],[76.891667852000069,10.131220785000039,0],[76.891469555000072,10.131119118000072,0],[76.891360146000068,10.130970001000037,0],[76.89131911100003,10.130658209000046,0],[76.891250728000045,10.130441311000027,0],[76.89112080700005,10.13027863800005,0],[76.890874642000085,10.130082079000033,0],[76.890703693000034,10.129838070000062,0],[76.890621639000074,10.129790626000045,0],[76.890395993000084,10.12977707400006,0],[76.890272910000078,10.129627958000071,0],[76.890136151000036,10.129444952000028,0],[76.890081445000078,10.129261943000074,0],[76.890054110000051,10.12893523300005,0],[76.890054105000047,10.128718333000052,0],[76.88996521100006,10.128575994000073,0],[76.88967118000005,10.128108310000073,0],[76.889349798000069,10.127660960000071,0],[76.889048927000033,10.126969596000038,0],[76.888843787000042,10.126440906000028,0],[76.888816433000045,10.126264675000073,0],[76.888782242000048,10.126115557000048,0],[76.888659161000078,10.125912215000028,0],[76.888365134000082,10.125512311000023,0],[76.887929372000031,10.125083707000044,0],[76.88745756700007,10.124555020000059,0],[76.887026788000071,10.123911104000058,0],[76.886602849000042,10.123341745000062,0],[76.886418229000071,10.122982506000028,0],[76.886158395000052,10.122419924000042,0],[76.885994289000053,10.121999682000023,0],[76.885903134000046,10.121727650000025,0],[76.885711678000064,10.121253183000022,0],[76.885499710000033,10.120826162000071,0],[76.885335606000069,10.120392363000065,0],[76.885185179000075,10.120189020000055,0],[76.884911675000069,10.11992467500005,0],[76.884617659000071,10.119599326000071,0],[76.884378345000073,10.119301089000032,0],[76.884221080000032,10.118948627000066,0],[76.884120370000062,10.118648802000052,0],[76.884086183000079,10.118398011000068,0],[76.883963107000056,10.118153999000072,0],[76.883771656000079,10.117943877000073,0],[76.88349815600003,10.117733756000064,0],[76.883258843000078,10.11757785900005,0],[76.883115256000053,10.117469409000023,0],[76.882957994000037,10.117238952000037,0],[76.88278021900004,10.116947492000065,0],[76.882595608000031,10.116635698000039,0],[76.882404160000078,10.116249345000028,0],[76.88222638700006,10.115923993000024,0],[76.881959728000083,10.115402077000056,0],[76.881816142000048,10.115151285000024,0],[76.881472249000069,10.114350104000039,0],[76.881273967000084,10.113895967000076,0],[76.881048336000049,10.113428275000047,0],[76.880870566000056,10.113014808000059,0],[76.880658610000069,10.112601340000026,0],[76.880412467000042,10.112242097000035,0],[76.88011162600003,10.111828629000058,0],[76.879854333000083,10.111604040000032,0],[76.879560330000061,10.111285465000037,0],[76.879362050000054,10.110973669000032,0],[76.879197958000077,10.110607647000052,0],[76.87900651700005,10.110282295000047,0],[76.87878089000003,10.109943385000065,0],[76.87858261000008,10.109719704000042,0],[76.878322794000042,10.109529913000074,0],[76.87806981600005,10.109380790000046,0],[76.877857862000042,10.109190999000077,0],[76.877693792000059,10.109020182000052,0],[76.877591236000058,10.108762612000021,0],[76.877475009000079,10.10840336800004,0],[76.877386130000048,10.108057681000048,0],[76.877167342000064,10.107759440000052,0],[76.876921208000056,10.107373082000038,0],[76.876599866000049,10.10685115900003,0],[76.876333223000074,10.106336016000057,0],[76.876080253000055,10.105963213000052,0],[76.875813608000044,10.105603965000057,0],[76.875629010000068,10.105292167000073,0],[76.875219964000053,10.104660203000037,0],[76.874953323000057,10.104219618000059,0],[76.874645660000056,10.103779032000034,0],[76.874290139000038,10.103331665000042,0],[76.873934618000078,10.102863963000061,0],[76.873531239000044,10.102369148000037,0],[76.873134697000069,10.101881111000068,0],[76.872902245000034,10.101528641000073,0],[76.872626054000079,10.101114485000039,0],[76.872120127000073,10.100470546000054,0],[76.871648386000061,10.099874053000065,0],[76.871038842000075,10.099097605000054,0],[76.870539755000038,10.098562113000071,0],[76.870040667000069,10.098053733000029,0],[76.869480055000054,10.097396231000062,0],[76.869145055000047,10.097016641000039,0],[76.868557098000053,10.096338801000059,0],[76.868003327000054,10.095715188000042,0],[76.86744070900005,10.095062419000044,0],[76.866982655000072,10.094513367000047,0],[76.866750216000071,10.094154115000038,0],[76.866147958000056,10.093702407000023,0],[76.865778782000064,10.093302477000066,0],[76.865430122000078,10.092827989000057,0],[76.865040449000048,10.092224713000064,0],[76.864619108000056,10.091783203000034,0],[76.864318302000072,10.091451057000029,0],[76.864003830000058,10.090969791000077,0],[76.864017512000032,10.090841007000051,0],[76.864161101000036,10.090610559000027,0],[76.864291022000032,10.090278437000052,0],[76.864332066000031,10.089885307000031,0],[76.864270565000083,10.089356609000049,0],[76.864133848000051,10.089010915000074,0],[76.86388776900003,10.088555405000022,0],[76.863710038000079,10.088080924000053,0],[76.863436591000038,10.087633551000067,0],[76.863340892000053,10.087348863000045,0],[76.863340901000072,10.087206522000031,0],[76.86340244400003,10.087023516000045,0],[76.863470821000078,10.086881179000045,0],[76.863593890000061,10.086799849000045,0],[76.86375114100008,10.086725298000033,0],[76.863840028000084,10.086596519000068,0],[76.863881064000054,10.086345730000062,0],[76.863915317000078,10.085578441000052,0],[76.863853812000059,10.085131080000053,0],[76.863840157000084,10.084826062000047,0],[76.863710279000031,10.084460036000053,0],[76.863559894000048,10.084046560000047,0],[76.863423180000041,10.083700866000072,0],[76.863347996000073,10.083375510000053,0],[76.863334336000037,10.083145053000067,0],[76.863416396000048,10.082840041000054,0],[76.863436920000083,10.082602807000058,0],[76.863361739000084,10.082223227000043,0],[76.863250117000064,10.081930172000057,0],[76.863250126000082,10.081781053000043,0],[76.86325697500007,10.081591265000043,0],[76.863181785000052,10.081354026000042,0],[76.863058735000038,10.081171008000069,0],[76.863017727000056,10.080974439000045,0],[76.863058764000073,10.080710095000029,0],[76.86319551400004,10.080459311000027,0],[76.863386957000046,10.08019497500004,0],[76.863448499000071,10.080018747000054,0],[76.863496372000043,10.079747624000049,0],[76.86349638400003,10.07954428000005,0],[76.863619455000048,10.079368055000032,0],[76.863749360000043,10.079246056000045,0],[76.86400916100007,10.07912406500003,0],[76.864227937000067,10.079083408000031,0],[76.864398860000051,10.078995303000056,0],[76.864494581000031,10.078866523000045,0],[76.864610823000078,10.078527622000024,0],[76.864686050000046,10.078107382000042,0],[76.864747649000037,10.077292647000036,0],[76.86483381100004,10.076623819000076,0],[76.864847503000078,10.076284913000052,0],[76.864929565000068,10.075878229000068,0],[76.864963768000052,10.075525767000045,0],[76.865066355000067,10.074854736000077,0],[76.865086891000033,10.074387045000037,0],[76.865011717000073,10.074088122000035,0],[76.864874997000072,10.073871214000064,0],[76.864779294000073,10.073722089000057,0],[76.864656240000045,10.073654301000033,0],[76.864362265000068,10.073688175000029,0],[76.86359656500008,10.073769468000023,0],[76.862878717000058,10.07388465300005,0],[76.862448007000069,10.073993077000068,0],[76.862277087000052,10.074081182000043,0],[76.862071981000042,10.074216732000025,0],[76.861757492000038,10.074298049000049,0],[76.861128516000065,10.07446068400003,0],[76.860752494000053,10.074609777000035,0],[76.860471984000071,10.074691766000058,0],[76.860239533000083,10.074779866000029,0],[76.860068607000073,10.074942530000044,0],[76.85987033300006,10.075118747000033,0],[76.859555837000073,10.07529495700004,0],[76.859111445000053,10.075471156000049,0],[76.858557666000081,10.075654126000074,0],[76.857949190000056,10.075884537000036,0],[76.857238170000073,10.076033601000063,0],[76.856951026000047,10.076108138000052,0],[76.85684163600007,10.076162355000065,0],[76.856807447000051,10.076230133000024,0],[76.856780092000065,10.076338582000062,0],[76.856739044000051,10.076677485000062,0],[76.85667066700006,10.076819822000061,0],[76.85650657900004,10.076928258000066,0],[76.856253613000035,10.077050244000077,0],[76.855891266000071,10.077117996000027,0],[76.855679332000079,10.077097644000048,0],[76.855467407000049,10.076962063000053,0],[76.855399061000071,10.076718044000074,0],[76.855337546000044,10.076555364000058,0],[76.855207655000072,10.076494349000029,0],[76.855064086000084,10.076494338000032,0],[76.854826176000074,10.076548543000058,0],[76.854470658000082,10.076697630000069,0],[76.853998906000072,10.076968715000021,0],[76.853595523000081,10.077205914000047,0],[76.853137451000066,10.077395661000025,0],[76.852761432000079,10.077429518000031,0],[76.852262360000054,10.077395581000076,0],[76.85190684500003,10.077490441000066,0],[76.851318861000038,10.077822514000047,0],[76.850894977000053,10.077937701000053,0],[76.850430073000041,10.078046106000045,0],[76.849698545000081,10.078100257000074,0],[76.849356708000073,10.078140891000032,0],[76.849137932000076,10.078167982000025,0],[76.848919152000065,10.078228963000072,0],[76.848727711000038,10.078371283000024,0],[76.848508916000071,10.078567827000029,0],[76.848162322000064,10.078623355000047,0],[76.847861503000047,10.078677549000076,0],[76.84758118700006,10.078785969000023,0],[76.847355576000041,10.078792723000049,0],[76.847157323000033,10.078697807000026,0],[76.847047939000049,10.078670682000052,0],[76.846924880000074,10.078663891000076,0],[76.846753951000039,10.078772322000077,0],[76.84661036500006,10.078907869000034,0],[76.84641892500008,10.079023077000045,0],[76.846145451000041,10.079090827000073,0],[76.84585830900005,10.07909757300007,0],[76.845557480000082,10.079233102000046,0],[76.845229312000072,10.079287290000025,0],[76.844921647000035,10.079409261000023,0],[76.844484075000082,10.07961255400005,0],[76.843684809000081,10.080159933000061,0],[76.843472855000073,10.080295471000056,0],[76.843288241000039,10.080478458000073,0],[76.843144646000042,10.080675008000071,0],[76.843014727000082,10.080851223000025,0],[76.842843788000039,10.081020656000021,0],[76.842583971000067,10.081190078000077,0],[76.842365189000077,10.081251054000063,0],[76.842228444000057,10.081325597000045,0],[76.842091697000058,10.081427252000026,0],[76.841886578000071,10.081556012000021,0],[76.841633606000073,10.081657652000047,0],[76.841421676000039,10.081596622000063,0],[76.841196062000051,10.081603371000028,0],[76.840929430000074,10.081603337000047,0],[76.840703814000051,10.081623643000057,0],[76.840546553000081,10.081745629000068,0],[76.840102117000072,10.082118369000057,0],[76.83987647500004,10.082335240000077,0],[76.839575632000049,10.082524988000046,0],[76.839302145000033,10.082653737000044,0],[76.839025222000032,10.083109175000061,0],[76.838806404000081,10.083414163000043,0],[76.838587595000035,10.083651368000062,0],[76.838375624000037,10.083875018000072,0],[76.838163659000031,10.084057999000038,0],[76.837862830000063,10.084132518000047,0],[76.837719262000064,10.084098608000033,0],[76.837473130000035,10.084152798000048,0],[76.837247529000081,10.084057873000063,0],[76.837103955000032,10.084064632000036,0],[76.836905664000085,10.08424083500006,0],[76.836686864000058,10.084396702000049,0],[76.836365518000036,10.08451188500004,0],[76.836174078000056,10.084579639000026,0],[76.835886919000075,10.084674493000023,0],[76.835547760000054,10.085087910000027,0],[76.835233216000063,10.085426772000062,0],[76.834775084000057,10.085867284000074,0],[76.834440013000062,10.086314592000065,0],[76.834282733000066,10.086531469000022,0],[76.834063933000039,10.086666999000045,0],[76.833728928000085,10.086666950000051,0],[76.833516976000055,10.086734699000033,0],[76.833250328000076,10.086802441000032,0],[76.833045232000075,10.086748184000044,0],[76.832846976000042,10.086666816000047,0],[76.832751268000038,10.08661257600005,0],[76.832573518000061,10.086565102000066,0],[76.832388910000077,10.08664641200005,0],[76.832163267000055,10.086822608000034,0],[76.831841905000033,10.087012346000051,0],[76.831335914000078,10.087418956000022,0],[76.831174566000072,10.087659494000036,0],[76.831024137000043,10.087774699000022,0],[76.83071645800004,10.087896656000055,0],[76.830395116000034,10.087957608000067,0],[76.830087460000072,10.087937225000076,0],[76.829766135000057,10.087889726000071,0],[76.829513175000045,10.087869350000062,0],[76.82938327200003,10.087882886000045,0],[76.829239684000072,10.087964200000044,0],[76.828843112000072,10.088160701000049,0],[76.828405493000048,10.088513092000028,0],[76.828220871000042,10.088668959000074,0],[76.827961044000062,10.088818034000042,0],[76.827721742000051,10.088878998000041,0],[76.827352543000075,10.088926382000068,0],[76.82704487500007,10.088966999000036,0],[76.826901294000038,10.089007644000048,0],[76.826456647000043,10.089259028000072,0],[76.826244680000059,10.089394555000069,0],[76.825971177000042,10.089543626000022,0],[76.825697690000084,10.08960458200005,0],[76.825506239000049,10.089706221000029,0],[76.825253247000035,10.089855295000064,0],[76.82487035500003,10.089997569000047,0],[76.824583178000069,10.090146638000022,0],[76.824275488000069,10.090302479000059,0],[76.823995162000074,10.090370211000049,0],[76.823769531000039,10.090437952000059,0],[76.823516562000066,10.090458241000022,0],[76.822962756000038,10.090539478000039,0],[76.822737127000039,10.090593661000071,0],[76.822607219000076,10.090627528000027,0],[76.822299613000041,10.090336011000034,0],[76.821862126000042,10.089936020000039,0],[76.821401344000037,10.089820707000058,0],[76.821011679000037,10.089617289000046,0],[76.820608339000046,10.089427425000054,0],[76.820232357000066,10.089183340000034,0],[76.819986245000052,10.089101956000036,0],[76.819972680000035,10.089048176000063,0],[76.82012321600007,10.088834527000074,0],[76.820277180000062,10.088583570000026,0],[76.820342201000074,10.088410606000025,0],[76.820431174000078,10.088179987000046,0],[76.820424363000029,10.088027358000033,0],[76.820369701000061,10.087701744000071,0],[76.820328686000039,10.087549110000054,0],[76.820236369000042,10.08738629000004,0],[76.820147472000031,10.087261455000032,0],[76.820106447000057,10.087166479000075,0],[76.820096203000048,10.087078293000047,0],[76.820116754000082,10.086929062000024,0],[76.820222815000079,10.086769672000059,0],[76.820404118000056,10.086634038000057,0],[76.82050332600005,10.086539089000041,0],[76.820506754000064,10.086494998000035,0],[76.820387053000047,10.086444099000062,0],[76.820205784000052,10.086403364000034,0],[76.820010835000062,10.086359234000042,0],[76.819846666000046,10.086328678000029,0],[76.819648297000072,10.086284548000037,0],[76.819514924000032,10.086186163000036,0],[76.819381548000081,10.086104735000049,0],[76.819302901000071,10.086002969000049,0],[76.819169548000048,10.085802833000059,0],[76.818999321000035,10.085515058000055,0],[76.818920697000067,10.085301365000021,0],[76.818818121000049,10.085131761000071,0],[76.81864029500008,10.084985882000069,0],[76.818513769000049,10.084856972000068,0],[76.81838382400008,10.084728062000067,0],[76.818260710000061,10.084646636000059,0],[76.818144433000043,10.084578780000072,0],[76.817942642000048,10.084548215000041,0],[76.817703232000042,10.084497291000048,0],[76.817518545000041,10.084453163000035,0],[76.817340706000039,10.084371726000029,0],[76.817104724000046,10.084286887000076,0],[76.816950825000049,10.084212238000021,0],[76.816684074000079,10.084059558000035,0],[76.816430332000039,10.083914676000063,0],[76.816334587000028,10.083802730000059,0],[76.816273060000071,10.083612782000046,0],[76.816211528000053,10.083453359000032,0],[76.816180778000046,10.083300726000061,0],[76.816160311000033,10.083032777000028,0],[76.81617063300007,10.082737700000052,0],[76.816109096000048,10.082602020000024,0],[76.816044140000031,10.082459555000071,0],[76.815999700000077,10.082347619000075,0],[76.815968962000056,10.082130544000051,0],[76.816010027000061,10.082025409000039,0],[76.81604082900003,10.081930448000037,0],[76.816071622000038,10.081882970000038,0],[76.816047685000058,10.081859223000038,0],[76.815945087000046,10.081811719000029,0],[76.815753555000072,10.081798112000058,0],[76.815497040000082,10.081774318000043,0],[76.815302085000042,10.081774278000069,0],[76.81518580200003,10.081740337000042,0],[76.814977180000085,10.08167246000005,0],[76.814734367000085,10.081557092000025,0],[76.814515957000083,10.081461736000051,0],[76.814321049000057,10.081237842000064,0],[76.814136396000038,10.081044476000045,0],[76.814047498000036,10.080908789000034,0],[76.813989393000043,10.080725625000071,0],[76.813965483000061,10.080576385000029,0],[76.813992878000079,10.080423764000045,0],[76.814157101000035,10.080182987000057,0],[76.814263158000074,10.080043949000071,0],[76.814362372000062,10.079915085000039,0],[76.814396603000034,10.079782815000044,0],[76.814437665000071,10.079694639000024,0],[76.814441117000058,10.079545405000033,0],[76.814427471000045,10.079379208000034,0],[76.814423011000031,10.078950491000057,0],[76.814436728000032,10.078784301000042,0],[76.814464133000058,10.078577412000072,0],[76.814566794000029,10.078323055000055,0],[76.81463866100006,10.078119568000034,0],[76.814830275000077,10.077736343000026,0],[76.81507319800005,10.077322606000052,0],[76.815158749000034,10.077102162000074,0],[76.815186528000083,10.07681444800005,0],[76.81530968800007,10.076658454000039,0],[76.815583347000029,10.076455008000039,0],[76.81573385400003,10.076373637000074,0],[76.81578175900006,10.076265112000044,0],[76.81573390300008,10.076136218000045,0],[76.815802378000058,10.07579706100006,0],[76.81596666400003,10.075234071000068,0],[76.816117226000074,10.074874580000028,0],[76.816124137000031,10.074535410000067,0],[76.816021602000035,10.074196219000044,0],[76.815960171000029,10.073551781000049,0],[76.815973929000052,10.073185479000074,0],[76.816028747000075,10.07275949600006,0],[76.816117709000082,10.072576362000063,0],[76.816309281000031,10.072366114000033,0],[76.816548733000047,10.072169443000064,0],[76.816904456000032,10.072047413000064,0],[76.817075464000084,10.072047447000045,0],[76.817212291000033,10.071945723000056,0],[76.81730809700008,10.071742240000049,0],[76.817273930000056,10.071572647000039,0],[76.817089314000043,10.071213089000025,0],[76.816938880000066,10.07095528900004,0],[76.816932074000079,10.070785702000023,0],[76.816870549000043,10.07060253800006,0],[76.816747484000075,10.070310826000025,0],[76.816597063000074,10.06999197500005,0],[76.81637822600004,10.069734160000053,0],[76.816182205000075,10.069443568000054,0],[76.816182243000071,10.069260416000077,0],[76.816332783000064,10.068995892000032,0],[76.816695372000083,10.06872462900003,0],[76.817290582000055,10.068195641000045,0],[76.818070500000033,10.067544587000043,0],[76.818446777000077,10.067219057000045,0],[76.818597280000063,10.067130901000041,0],[76.818809376000047,10.066879956000037,0],[76.819083062000061,10.066486571000041,0],[76.819560869000043,10.065920711000047,0],[76.819848226000033,10.065574812000023,0],[76.820203965000076,10.065317110000024,0],[76.82044340200008,10.065161136000029,0],[76.820785441000055,10.064998399000046,0],[76.821360045000063,10.06484927200006,0],[76.822078327000042,10.064510234000068,0],[76.822502464000081,10.064259326000069,0],[76.822728221000034,10.064089781000064,0],[76.82291293000003,10.063954147000061,0],[76.823302880000085,10.063621829000056,0],[76.823316558000045,10.063635398000031,0],[76.823796125000058,10.063269861000038,0],[76.824103969000078,10.063066413000058,0],[76.824541779000072,10.06283585500006,0],[76.824904349000064,10.062591716000043,0],[76.825085606000073,10.062543366000057,0],[76.825176246000069,10.062499221000053,0],[76.825275440000041,10.062429601000076,0],[76.825340432000075,10.062371863000067,0],[76.825347277000049,10.062339593000047,0],[76.825347284000031,10.062303925000037,0],[76.825323347000051,10.062280141000031,0],[76.825280598000063,10.062269943000047,0],[76.825229299000057,10.062263140000027,0],[76.825183128000049,10.062263132000055,0],[76.825119853000047,10.062286900000061,0],[76.825039472000071,10.06233953900005,0],[76.824948832000075,10.062383684000054,0],[76.824856484000065,10.062421035000057,0],[76.82465810900004,10.062485542000047,0],[76.824488581000082,10.062506743000029,0],[76.824389289000067,10.062503329000037,0],[76.824276314000031,10.062438766000071,0],[76.824187305000066,10.062377605000052,0],[76.824088028000062,10.062296059000062,0],[76.824012709000044,10.062262075000035,0],[76.823933962000069,10.062262062000059,0],[76.823824389000038,10.062309600000049,0],[76.823749059000079,10.06234355600003,0],[76.823690851000038,10.062353736000034,0],[76.823427238000079,10.062228001000051,0],[76.823369039000056,10.062187226000049,0],[76.823321117000035,10.06212946900007,0],[76.823242365000056,10.062146440000049,0],[76.823146493000081,10.062163407000071,0],[76.822965015000079,10.062238108000031,0],[76.82278900600005,10.06233319100005,0],[76.822662317000038,10.06236713800007,0],[76.822518509000076,10.062401081000075,0],[76.822384978000059,10.062401056000056,0],[76.822186402000057,10.062360257000023,0],[76.822015217000057,10.062326255000073,0],[76.821775564000063,10.062237889000073,0],[76.821491390000062,10.062203866000061,0],[76.821032597000055,10.062186795000059,0],[76.820779232000064,10.062190145000045,0],[76.820536136000044,10.062207083000033,0],[76.820421064000072,10.06222032200003,0],[76.820338794000065,10.062255975000028,0],[76.820258233000061,10.062313709000023,0],[76.820155389000035,10.062386725000067,0],[76.820043978000058,10.062452945000075,0],[76.819805728000063,10.062598969000021,0],[76.819696031000035,10.062661793000075,0],[76.819617188000052,10.062699144000021,0],[76.819468078000057,10.062734784000043,0],[76.81925411800006,10.062782301000027,0],[76.819082741000045,10.062758489000032,0],[76.818832531000055,10.062714280000023,0],[76.818693717000031,10.062685378000026,0],[76.818611457000031,10.062664980000022,0],[76.818512340000041,10.062629292000054,0],[76.818402670000069,10.06255453700004,0],[76.818257012000061,10.062469584000041,0],[76.818166190000056,10.06241691300005,0],[76.818023956000047,10.062350643000059,0],[76.817960550000066,10.062323455000069,0],[76.817862855000044,10.062357406000046,0],[76.817732599000067,10.062389651000046,0],[76.817578345000072,10.062433781000038,0],[76.817410384000084,10.062469417000045,0],[76.817322130000036,10.062429484000063,0],[76.817185044000041,10.062334342000042,0],[76.817181641000047,10.062212049000038,0],[76.817188519000069,10.062099950000061,0],[76.817315371000063,10.061953905000053,0],[76.817658063000067,10.061690643000077,0],[76.817832894000048,10.061585371000035,0],[76.817901459000041,10.06152084200005,0],[76.817911749000075,10.061486873000035,0],[76.817874049000068,10.06146988200004,0],[76.817706083000076,10.061524200000065,0],[76.817548401000067,10.061581917000069,0],[76.817329018000066,10.061649814000077,0],[76.816862832000083,10.061782203000064,0],[76.816184122000038,10.061968901000057,0],[76.815865343000041,10.062012997000068,0],[76.815276987000061,10.062157249000052,0],[76.814851948000069,10.062211512000033,0],[76.814440611000066,10.062306543000034,0],[76.813693339000054,10.06251700100006,0],[76.813254578000056,10.062625611000044,0],[76.812925515000074,10.06266630600004,0],[76.812555322000037,10.062700196000037,0],[76.812171420000084,10.062720496000054,0],[76.81188350900004,10.062672877000068,0],[76.811273386000039,10.062679539000044,0],[76.810718104000046,10.062693006000075,0],[76.810519291000048,10.062733726000033,0],[76.810294174000035,10.06273367600005,0],[76.810081646000071,10.062794775000043,0],[76.809951397000077,10.062787952000065,0],[76.809882861000062,10.062713203000044,0],[76.809855466000045,10.062597700000026,0],[76.809876065000083,10.062448236000023,0],[76.809992650000083,10.062251237000055,0],[76.810170921000065,10.062101809000069,0],[76.810170934000041,10.062040664000051,0],[76.810054398000034,10.06202705000004,0],[76.809869296000045,10.062067773000024,0],[76.809608775000072,10.062156037000022,0],[76.809320827000079,10.062271470000042,0],[76.809012309000082,10.062407280000059,0],[76.808813496000084,10.062447999000028,0],[76.808662689000073,10.062407202000031,0],[76.808546178000029,10.062278090000063,0],[76.80855306400008,10.062149006000027,0],[76.808594236000033,10.061972372000071,0],[76.808772513000065,10.061795769000071,0],[76.809279884000034,10.061442596000063,0],[76.809608998000044,10.061170911000033,0],[76.809931275000054,10.060817695000026,0],[76.810178115000042,10.060593548000043,0],[76.810370090000049,10.060464506000073,0],[76.810568911000075,10.060383021000064,0],[76.810801996000066,10.060355896000033,0],[76.811158469000077,10.060355974000061,0],[76.811384696000061,10.060335642000041,0],[76.81157664300008,10.060335683000062,0],[76.811645204000058,10.060294934000069,0],[76.811645216000045,10.060240582000063,0],[76.811528685000042,10.060206587000039,0],[76.811096816000031,10.060152142000049,0],[76.810425034000048,10.060009321000052,0],[76.809904062000044,10.05989370900005,0],[76.809280288000082,10.059662574000072,0],[76.809225469000069,10.059567447000063,0],[76.809225487000049,10.059485919000053,0],[76.809246076000079,10.059384014000045,0],[76.809287233000077,10.059268526000039,0],[76.809467726000037,10.059082871000044,0],[76.809755694000046,10.058865528000069,0],[76.810221879000039,10.058729751000044,0],[76.810537217000046,10.058736615000043,0],[76.810838831000069,10.058804621000036,0],[76.811051340000063,10.058818255000062,0],[76.811188468000068,10.058709582000063,0],[76.811298174000058,10.058607695000035,0],[76.811298194000074,10.05851937400007,0],[76.811188514000037,10.058505762000038,0],[76.810900616000083,10.058410583000068,0],[76.810544138000068,10.058444476000034,0],[76.810153386000081,10.058464771000047,0],[76.809769495000069,10.058464687000026,0],[76.809447309000063,10.058423851000043,0],[76.80899488700004,10.058335428000021,0],[76.808652156000051,10.05820626600007,0],[76.808425949000082,10.058138275000033,0],[76.808227149000061,10.058138230000054,0],[76.807898090000037,10.058178920000046,0],[76.807575881000048,10.05823999200004,0],[76.807274263000068,10.058199159000026,0],[76.806938373000037,10.058131142000036,0],[76.806472262000057,10.057954391000067,0],[76.806113248000031,10.057872780000025,0],[76.805777362000072,10.057797968000045,0],[76.805379754000057,10.057825050000076,0],[76.80500958500005,10.057777405000024,0],[76.804687394000041,10.057763741000031,0],[76.804372079000075,10.057668551000063,0],[76.803830555000047,10.057518953000056,0],[76.803597479000075,10.057518898000069,0],[76.803268410000044,10.057600346000072,0],[76.802959902000055,10.057702181000025,0],[76.802651399000069,10.057776840000031,0],[76.802384025000038,10.057865096000057,0],[76.80213720900008,10.057980533000034,0],[76.802000065000072,10.058143555000072,0],[76.80186976300007,10.058354136000048,0],[76.80186972100006,10.058523985000022,0],[76.801814794000052,10.05886367100004,0],[76.801787338000054,10.059006337000028,0],[76.801711902000079,10.059121816000072,0],[76.801478771000063,10.059332372000028,0],[76.801286806000064,10.059407058000033,0],[76.801211378000062,10.059488567000074,0],[76.80110852200005,10.059597245000077,0],[76.800937077000071,10.05984858000005,0],[76.800847909000083,10.060045583000033,0],[76.80078615900004,10.060256181000057,0],[76.800813530000084,10.060453213000073,0],[76.800840898000047,10.060663833000035,0],[76.800971091000065,10.060888067000064,0],[76.801204109000082,10.061125913000069,0],[76.801423430000057,10.061316198000043,0],[76.801731873000051,10.061492918000056,0],[76.801938179000047,10.061616833000073,0],[76.802054693000059,10.061718771000074,0],[76.802239721000035,10.061976987000037,0],[76.802356215000032,10.062160452000057,0],[76.802534366000032,10.062506988000052,0],[76.802596042000062,10.062595325000075,0],[76.802774247000059,10.062724454000033,0],[76.803110108000055,10.062921560000063,0],[76.803500772000064,10.063281736000022,0],[76.803788642000029,10.063499212000067,0],[76.804001127000049,10.063621554000065,0],[76.804145038000058,10.063825408000071,0],[76.804405473000031,10.064104023000027,0],[76.804549407000081,10.064219555000022,0],[76.804816407000033,10.064259285000048,0],[76.805022074000078,10.064225364000038,0],[76.805138603000046,10.064272949000042,0],[76.805248263000067,10.064381678000075,0],[76.805330507000065,10.064463225000054,0],[76.805495017000055,10.064537998000048,0],[76.805830898000067,10.064667162000035,0],[76.806173647000037,10.06474197600005,0],[76.806468410000036,10.064809984000021,0],[76.806694621000076,10.064877976000048,0],[76.806900248000034,10.065013903000022,0],[76.807037333000039,10.065109050000046,0],[76.807167544000038,10.065285723000045,0],[76.807256623000058,10.065455593000024,0],[76.807256591000055,10.065591472000051,0],[76.80722227800004,10.065747725000051,0],[76.807160558000078,10.06584282700004,0],[76.807043993000036,10.065944710000053,0],[76.80685888000005,10.066019401000062,0],[76.806598371000064,10.066039723000074,0],[76.80630360400005,10.065985302000058,0],[76.80589231600004,10.065842533000023,0],[76.805378201000053,10.065686152000069,0],[76.804822943000033,10.065577317000077,0],[76.80392493100004,10.065420841000048,0],[76.803280548000032,10.065339159000075,0],[76.802882962000069,10.065237153000055,0],[76.802492234000056,10.065128354000024,0],[76.802067249000061,10.064944813000068,0],[76.801295413000048,10.064475839000067,0],[76.800952714000061,10.064210789000072,0],[76.800630593000051,10.063898186000074,0],[76.80041127100003,10.063707900000054,0],[76.800267346000055,10.063565190000077,0],[76.800082289000045,10.063422471000024,0],[76.799931481000044,10.063388463000024,0],[76.799794375000033,10.063388429000042,0],[76.799629825000068,10.063476708000053,0],[76.799430975000064,10.063653301000045,0],[76.799177267000061,10.063891026000022,0],[76.798950982000065,10.064121964000037,0],[76.798484749000067,10.064393604000031,0],[76.798093949000076,10.064570146000051,0],[76.79769630900006,10.064685542000063,0],[76.79732608900008,10.064807737000024,0],[76.796901023000032,10.064936712000076,0],[76.796636314000068,10.065126874000043,0],[76.796355196000036,10.065310237000062,0],[76.796053511000082,10.065493595000021,0],[76.795758705000083,10.065588633000061,0],[76.795491346000063,10.065588562000073,0],[76.79521717800003,10.065418640000075,0],[76.795073277000029,10.065194401000042,0],[76.794922513000074,10.064997335000044,0],[76.794806007000034,10.064868219000061,0],[76.794504407000034,10.064739053000039,0],[76.794223385000066,10.064569128000073,0],[76.793990349000069,10.064406010000027,0],[76.793818999000052,10.064283673000034,0],[76.793579061000059,10.06429040200004,0],[76.793352835000064,10.064290340000071,0],[76.793126643000051,10.064167987000076,0],[76.792969020000044,10.063991301000044,0],[76.792859364000037,10.063882567000064,0],[76.792715418000057,10.063828176000072,0],[76.792448060000083,10.063828103000048,0],[76.792235546000029,10.063828045000037,0],[76.792050449000044,10.063841582000066,0],[76.791851644000076,10.063841527000022,0],[76.791508436000072,10.063691965000032,0],[76.791261672000076,10.063589987000057,0],[76.79098747200004,10.06354914700006,0],[76.790733820000071,10.063569457000028,0],[76.790445863000059,10.063684875000035,0],[76.790144179000038,10.063861433000056,0],[76.789801364000084,10.064031186000022,0],[76.789362547000053,10.064296026000022,0],[76.788697476000038,10.064655917000039,0],[76.78844489800008,10.064784931000077,0],[76.78805409000006,10.064968256000043,0],[76.787704445000031,10.06504288800005,0],[76.78747136000004,10.065056409000022,0],[76.787279418000082,10.065029178000032,0],[76.786984632000042,10.065049474000034,0],[76.786751526000046,10.065130934000024,0],[76.786490987000036,10.065253149000057,0],[76.786264749000054,10.065293847000021,0],[76.785963093000078,10.065361698000061,0],[76.785798542000066,10.065436384000066,0],[76.785599708000063,10.065531440000029,0],[76.78542830400005,10.065599329000065,0],[76.78511979600006,10.065653589000021,0],[76.784557651000057,10.065673804000028,0],[76.783977633000063,10.065714395000043,0],[76.783401785000081,10.065707428000053,0],[76.782928776000062,10.065673314000037,0],[76.782531178000056,10.065632430000051,0],[76.782346081000071,10.065639168000075,0],[76.782277511000075,10.06569349800003,0],[76.782250031000046,10.065883721000034,0],[76.782297948000064,10.066107937000027,0],[76.78232519200003,10.066678639000031,0],[76.782242852000081,10.066923196000062,0],[76.782174243000043,10.06709981900002,0],[76.781975390000071,10.067249225000069,0],[76.781826813000066,10.067331846000059,0],[76.781552623000039,10.067250235000074,0],[76.781230477000065,10.067066698000076,0],[76.780894594000074,10.066971479000074,0],[76.780613525000035,10.066964598000027,0],[76.780229638000037,10.066916921000029,0],[76.779866338000033,10.066808104000074,0],[76.779646994000075,10.066719714000044,0],[76.779409814000076,10.066536203000055,0],[76.779272726000045,10.066475013000058,0],[76.779190477000043,10.066427430000033,0],[76.779128778000029,10.066427410000074,0],[76.779012222000063,10.066474932000062,0],[76.778813383000056,10.066576779000059,0],[76.778456864000077,10.066698957000028,0],[76.778264887000034,10.066780424000058,0],[76.777846701000044,10.066807467000046,0],[76.777346267000041,10.066780132000076,0],[76.77693497000007,10.066698472000041,0],[76.776400280000075,10.066609979000077,0],[76.775899891000051,10.066446761000066,0],[76.775447462000045,10.066371880000077,0],[76.774864760000071,10.066358102000038,0],[76.774312188000067,10.066317157000071,0],[76.774079114000074,10.06628990400003,0],[76.773688338000056,10.066350921000037,0],[76.773283866000043,10.066364375000035,0],[76.773002808000058,10.066330311000058,0],[76.772673749000035,10.066330201000028,0],[76.772070463000034,10.066370763000066,0],[76.771837388000051,10.066350303000036,0],[76.771549478000054,10.066302648000033,0],[76.771254699000053,10.066295754000066,0],[76.770884498000044,10.066329599000028,0],[76.770569132000048,10.06638384300004,0],[76.77021949400006,10.066424488000052,0],[76.770020689000035,10.066424420000033,0],[76.769737595000038,10.066268062000063,0],[76.769607393000058,10.066125344000056,0],[76.76953889400005,10.065969059000054,0],[76.769504650000044,10.065873931000056,0],[76.769504669000071,10.065819580000039,0],[76.769538965000038,10.065765240000076,0],[76.769634961000065,10.06570412700006,0],[76.769785799000033,10.065649827000072,0],[76.769964056000049,10.065595536000046,0],[76.77021084900008,10.065595621000057,0],[76.770491918000062,10.065595717000065,0],[76.770642746000078,10.065568592000034,0],[76.770916972000066,10.065534716000059,0],[76.771115802000054,10.06546005000007,0],[76.771410632000084,10.065317477000065,0],[76.771712335000075,10.065120552000053,0],[76.772157982000067,10.064978029000031,0],[76.772507604000054,10.064978147000033,0],[76.772864076000076,10.064991854000027,0],[76.773117770000056,10.064856059000022,0],[76.773307062000072,10.064663659000075,0],[76.773512766000067,10.064534642000069,0],[76.773821267000073,10.064500775000056,0],[76.774068077000038,10.064446504000045,0],[76.77422578900007,10.06433105900004,0],[76.774506921000068,10.064140921000046,0],[76.774678361000042,10.063971127000059,0],[76.774753815000054,10.063835273000052,0],[76.774747009000066,10.063685803000055,0],[76.774754016000031,10.063230610000062,0],[76.774719860000062,10.062870518000068,0],[76.77471308500003,10.06263272700005,0],[76.774726867000084,10.062415325000075,0],[76.774816064000049,10.062184359000071,0],[76.77508356800007,10.061736045000032,0],[76.775213920000056,10.061430359000042,0],[76.775275703000034,10.061172208000073,0],[76.775392457000066,10.060526819000074,0],[76.775447382000038,10.060275460000071,0],[76.775553419000062,10.05972687700006,0],[76.775773487000038,10.059863168000049,0],[76.77619827400008,10.059929659000034,0],[76.776517554000066,10.059965927000064,0],[76.777064906000078,10.059979664000025,0],[76.778164139000069,10.060115630000041,0],[76.778770817000066,10.06004349400007,0],[76.77946873500008,10.059926180000048,0],[76.780285322000054,10.059569314000044,0],[76.781088242000067,10.059153674000072,0],[76.781599241000038,10.058728903000031,0],[76.782269934000055,10.058136920000038,0],[76.782990881000046,10.057282759000032,0],[76.783301205000043,10.056767514000057,0],[76.783506637000073,10.056197990000044,0],[76.783798718000071,10.055673697000032,0],[76.784131823000052,10.055235306000043,0],[76.784506079000039,10.054462408000063,0],[76.784757187000082,10.053671391000023,0],[76.785291077000068,10.052916622000055,0],[76.785688085000061,10.05230646800004,0],[76.786071352000079,10.051886172000025,0],[76.785451629000079,10.049887918000024,0],[76.786099475000071,10.049354686000072,0],[76.786660677000043,10.048749100000066,0],[76.787075863000041,10.048337852000031,0],[76.787573212000041,10.04771416400007,0],[76.788376216000074,10.046878097000047,0],[76.789060561000042,10.04626802100006,0],[76.789722031000053,10.045893005000039,0],[76.79110423000003,10.045251478000068,0],[76.792299359000083,10.044822357000044,0],[76.793156981000038,10.044334374000073,0],[76.793708937000076,10.044099456000026,0],[76.794352100000083,10.043918808000058,0],[76.79505008600006,10.043403655000077,0],[76.795478937000041,10.042996921000054,0],[76.795807488000037,10.042422900000076,0],[76.796364092000033,10.041844419000029,0],[76.797303747000058,10.041550830000062,0],[76.798658507000084,10.041062960000033,0],[76.799287977000063,10.040882299000032,0],[76.79992203200004,10.040611227000056,0],[76.800478499000064,10.040529997000021,0],[76.800624446000029,10.040552636000029,0],[76.801490968000053,10.040855726000075,0],[76.802307435000046,10.040693188000034,0],[76.804346330000044,10.040237105000074,0],[76.805308806000085,10.039825965000034,0],[76.805810668000049,10.039202249000027,0],[76.806595360000074,10.038366133000068,0],[76.807904570000062,10.037498491000065,0],[76.808337949000077,10.037132426000028,0],[76.80846579100006,10.036544786000036,0],[76.808652880000068,10.036156062000032,0],[76.808885578000059,10.03577186900003,0],[76.809724899000059,10.035315483000034,0],[76.810336057000029,10.035369864000074,0],[76.810668931000066,10.035713497000074,0],[76.810819398000035,10.035916954000072,0],[76.811065683000038,10.035948652000059,0],[76.812041885000042,10.035248180000053,0],[76.812402172000077,10.035379353000053,0],[76.812566322000066,10.035587332000034,0],[76.813752147000059,10.035714157000029,0],[76.814609645000075,10.035547076000057,0],[76.816329238000037,10.035018525000055,0],[76.817218650000029,10.034901169000022,0],[76.817683926000029,10.034607427000026,0],[76.818609927000068,10.033965693000027,0],[76.820010337000042,10.032939802000044,0],[76.820571440000037,10.032374842000024,0],[76.821538467000039,10.031787353000027,0],[76.822847578000051,10.031095952000044,0],[76.824658516000056,10.029658747000042,0],[76.82545678200006,10.029030533000025,0],[76.825967647000084,10.028763910000066,0],[76.826834259000066,10.028501867000045,0],[76.827586850000046,10.028221721000023,0],[76.828357717000074,10.027742672000045,0],[76.829352103000076,10.027019550000034,0],[76.830278059000079,10.026386824000042,0],[76.831080836000069,10.025952979000067,0],[76.831947468000067,10.025487499000064,0],[76.832558647000042,10.025302251000028,0],[76.833593958000051,10.025279805000025,0],[76.834702224000068,10.025374900000031,0],[76.83577400300004,10.025483547000022,0],[76.836690733000069,10.025456554000073,0],[76.838118320000035,10.02511319000007,0],[76.839258581000081,10.024692934000029,0],[76.839628036000079,10.024475996000035,0],[76.839377281000054,10.023811444000046,0],[76.839308878000054,10.023743627000044,0],[76.838456102000066,10.023056392000058,0],[76.836809785000071,10.022147537000023,0],[76.837846533000061,10.011714278000056,0],[76.834594784000046,10.01182231100006,0],[76.833504811000068,10.011695575000033,0],[76.832013393000068,10.012273978000053,0],[76.830745493000052,10.012526930000035,0],[76.829924498000082,10.013010497000039,0],[76.829441054000029,10.013100830000042,0],[76.82633532400007,10.012666341000056,0],[76.82415515100007,10.013674041000058,0],[76.823001186000056,10.014311229000043,0],[76.819945214000029,10.015974220000032,0],[76.818070563000049,10.017004540000073,0],[76.817372634000037,10.017700565000041,0],[76.814343963000056,10.019377070000075,0],[76.813376878000042,10.020344263000027,0],[76.812496598000052,10.020592706000059,0],[76.811224072000073,10.020931473000076,0],[76.810521660000063,10.021175429000039,0],[76.80988745500008,10.022323506000021,0],[76.808683221000081,10.023145975000034,0],[76.80725999100008,10.024266745000034,0],[76.806935853000084,10.025640913000075,0],[76.805330157000071,10.026824920000024,0],[76.803081702000043,10.026657125000042,0],[76.798807530000033,10.029210167000031,0],[76.797443706000081,10.029670912000029,0],[76.79680516500008,10.029734033000068,0],[76.794310562000078,10.028992007000056,0],[76.793411424000055,10.03133340100004,0],[76.79162763100004,10.033032632000072,0],[76.78868555400004,10.033981119000032,0],[76.785711632000073,10.034599571000058,0],[76.784019102000059,10.035964269000033,0],[76.780945379000059,10.034774437000067,0],[76.779600300000084,10.033503750000023,0],[76.778556470000069,10.031555075000028,0],[76.777849831000083,10.03061910100007,0],[76.777836898000032,10.028300066000043,0],[76.779028723000067,10.023797993000073,0],[76.777282386000081,10.022409637000067,0],[76.775778720000062,10.021859882000058,0],[76.77412670800004,10.021255880000069,0],[76.772817684000074,10.021504077000031,0],[76.766870165000057,10.019569534000027,0],[76.766798620000031,10.019547123000052,0],[76.766165482000076,10.018127673000038,0],[76.765162226000029,10.015864338000029,0],[76.764712427000063,10.011045334000073,0],[76.767980738000063,10.002923070000065,0],[76.768884212000046,10.001440599000034,0],[76.768341975000055,10.000001793000024,0],[76.768253934000029,9.9998614090000615,0],[76.767975892000038,9.999463568000067,0],[76.767551965000052,9.9989887520000593,0],[76.76653080400007,9.9978989170000432,0],[76.766225309000049,9.9976185640000494,0],[76.766156994000085,9.9974150640000516,0],[76.766198153000062,9.9972343060000526,0],[76.766366893000054,9.9970173420000492,0],[76.766558478000036,9.9969270050000318,0],[76.766777438000076,9.9969406700000718,0],[76.767288132000033,9.9969498920000319,0],[76.767634799000064,9.996900227000026,0],[76.767840050000075,9.9967737450000413,0],[76.76784011400008,9.9966336170000432,0],[76.767634916000077,9.9964662830000748,0],[76.767261065000071,9.9962446960000761,0],[76.767138010000053,9.9960547750000615,0],[76.767179041000077,9.9959010500000431,0],[76.767384406000076,9.9956434800000693,0],[76.767607933000079,9.9954898700000285,0],[76.767949929000054,9.995453790000056,0],[76.768337575000032,9.9954267800000594,0],[76.768738876000043,9.9955806870000288,0],[76.769053481000071,9.9957751040000744,0],[76.769290620000049,9.9958113620000404,0],[76.769550588000072,9.995734672000026,0],[76.769673774000069,9.9955945230000225,0],[76.769646420000072,9.9954272380000475,0],[76.76948228100008,9.9952463970000736,0],[76.769619166000041,9.9950927040000579,0],[76.769801668000071,9.9949255690000314,0],[76.770143714000085,9.9949663320000468,0],[76.770380862000081,9.9949031430000446,0],[76.770463007000046,9.9947630300000583,0],[76.770449413000051,9.9944420750000518,0],[76.770184909000079,9.9944555060000653,0],[76.77002075200005,9.994288225000048,0],[76.769952486000079,9.9940938560000632,0],[76.769802006000077,9.9940440290000652,0],[76.769592173000035,9.9939806860000431,0],[76.769190992000063,9.9936460590000706,0],[76.769040629000074,9.9934154210000656,0],[76.768999655000073,9.9931577140000627,0],[76.769054525000058,9.9928141540000297,0],[76.769095695000033,9.992416424000055,0],[76.768265709000048,9.9922714840000708,0],[76.768074024000043,9.992899732000069,0],[76.767964401000029,9.9932207090000702,0],[76.767221111000083,9.9931706830000735,0],[76.767011352000054,9.9931208980000292,0],[76.766655545000049,9.9932338040000559,0],[76.765921264000042,9.9934505130000275,0],[76.765551861000063,9.9934775140000625,0],[76.765219014000081,9.9934005360000242,0],[76.76493174400008,9.9931834580000327,0],[76.764849790000085,9.9928352900000732,0],[76.764836333000062,9.9922340770000346,0],[76.764352964000068,9.9922339260000399,0],[76.764020102000075,9.9921705070000257,0],[76.763828528000033,9.9920935920000602,0],[76.763678166000034,9.9919127650000519,0],[76.763454779000085,9.9916187750000631,0],[76.763372787000037,9.991415345000064,0],[76.763331872000037,9.9911169530000734,0],[76.763372925000056,9.9910175610000351,0],[76.763496069000041,9.9908864550000658,0],[76.763815400000055,9.9906560380000542,0],[76.764367363000076,9.9902358040000649,0],[76.764837161000059,9.9899015270000291,0],[76.765110943000082,9.9896303980000312,0],[76.765193070000066,9.9895038480000267,0],[76.765152076000049,9.9893772270000341,0],[76.765042617000063,9.9893229300000712,0],[76.764919495000072,9.9893228590000263,0],[76.764627570000073,9.9894764680000208,0],[76.764353902000039,9.9896843130000548,0],[76.763651458000083,9.9901045300000533,0],[76.76267990000008,9.9905290630000536,0],[76.761626332000048,9.9909672270000556,0],[76.760800781000057,9.9913917970000625,0],[76.76028076800003,9.9915815040000666,0],[76.760139405000075,9.9915814380000256,0],[76.760052794000046,9.9914683460000333,0],[76.760116775000029,9.9912739990000432,0],[76.760281006000071,9.9910661020000475,0],[76.760572984000078,9.9907181250000576,0],[76.760842205000074,9.9902933340000573,0],[76.760965442000042,9.9898910100000649,0],[76.761129901000061,9.9892175250000719,0],[76.761650122000049,9.9882367690000251,0],[76.762165763000041,9.9873374020000369,0],[76.762745277000079,9.9865465440000207,0],[76.763178646000028,9.9861036160000367,0],[76.763488833000054,9.9858190060000425,0],[76.764004364000073,9.9852224050000586,0],[76.764337458000057,9.9847207910000293,0],[76.764688766000063,9.9841467560000297,0],[76.764771025000073,9.9837399490000394,0],[76.765122510000083,9.982759179000027,0],[76.765455819000067,9.9817060020000667,0],[76.765579145000061,9.9811861510000313,0],[76.765551825000045,9.980973663000043,0],[76.76499547700007,9.9809327620000658,0],[76.764106075000029,9.9812986390000447,0],[76.763111749000075,9.9818768890000342,0],[76.762432148000073,9.9823196710000275,0],[76.761871079000059,9.9827579400000559,0],[76.761560874000054,9.9829883950000635,0],[76.761045548000084,9.9831825970000523,0],[76.760794659000055,9.9831824760000245,0],[76.76052562700005,9.9833361400000626,0],[76.759969014000035,9.9840275180000617,0],[76.759763649000035,9.9843529760000251,0],[76.759658633000072,9.9847009590000653,0],[76.759412276000035,9.9849676000000613,0],[76.758604890000072,9.9855459360000509,0],[76.757920752000075,9.9858938120000289,0],[76.75690813500006,9.9864675320000629,0],[76.756205660000035,9.9868153190000726,0],[76.755685640000081,9.9872581540000738,0],[76.755234026000039,9.9875834620000319,0],[76.754590939000082,9.9878499310000279,0],[76.754262565000033,9.987908525000023,0],[76.753724438000063,9.9878495210000438,0],[76.753350509000029,9.9878313290000733,0],[76.752999429000056,9.9877543420000734,0],[76.752566169000033,9.9877948630000333,0],[76.752069050000046,9.9880026090000342,0],[76.75147154900003,9.9882329410000352,0],[76.750974351000082,9.9884090430000469,0],[76.75054102100006,9.9886755770000377,0],[76.750125964000063,9.9888290970000639,0],[76.749998034000043,9.9888679210000646,0],[76.749002945000029,9.9891595520000465,0],[76.74867641600008,9.9890688720000753,0],[76.748531348000029,9.9889215480000644,0],[76.747935164000069,9.9889213320000749,0],[76.747573179000085,9.9890055920000691,0],[76.747381554000071,9.9891743900000733,0],[76.746976827000083,9.9894697000000292,0],[76.746849085000065,9.9896806540000398,0],[76.746401831000071,9.990039290000027,0],[76.745656479000047,9.9904399890000377,0],[76.744740814000068,9.9907140160000267,0],[76.744080762000067,9.9906927020000467,0],[76.743633716000033,9.9906292270000563,0],[76.742739602000029,9.9902068280000549,0],[76.742228769000064,9.9897422810000762,0],[76.741973403000031,9.9894678770000382,0],[76.741824476000033,9.9891090200000576,0],[76.741654243000085,9.988876752000067,0],[76.741377558000067,9.9886234340000328,0],[76.740143040000078,9.9876943600000345,0],[76.739568345000066,9.9872931540000423,0],[76.73935549600003,9.9871242110000367,0],[76.739014853000072,9.9869341470000563,0],[76.738567898000042,9.986680720000038,0],[76.738142201000073,9.986342832000048,0],[76.737695206000069,9.9860471840000287,0],[76.737418455000068,9.9858149260000459,0],[76.737226978000081,9.98558276600005,0],[76.736971598000082,9.9852872030000412,0],[76.736609767000061,9.9849704960000736,0],[76.736418191000041,9.9848226850000401,0],[76.736269119000042,9.9848647770000412,0],[76.736077439000042,9.9850757900000531,0],[76.73550251000006,9.985265474000073,0],[76.734991511000032,9.9852652420000254,0],[76.734595132000038,9.985054941000044,0],[76.734084179000035,9.9848225420000745,0],[76.733402987000034,9.9847167860000354,0],[76.732657703000029,9.984822007000048,0],[76.732167964000041,9.9849271650000446,0],[76.731678062000071,9.985053477000065,0],[76.730847693000044,9.9848841190000712,0],[76.730400694000082,9.9846728100000632,0],[76.72997497700004,9.9843982850000543,0],[76.729634412000053,9.9841870540000741,0],[76.72912360600003,9.9837224820000756,0],[76.728463687000044,9.983257869000056,0],[76.728352981000057,9.983191090000048,0],[76.727675394000073,9.9827823470000681,0],[76.727378138000063,9.9826030740000533,0],[76.726808513000037,9.9824327150000727,0],[76.725871794000057,9.9820523420000313,0],[76.724807293000083,9.9817562540000608,0],[76.723849122000047,9.9815445950000594,0],[76.723380747000078,9.9814809290000426,0],[76.723146460000066,9.9815862890000631,0],[76.722741670000062,9.9820291160000352,0],[76.722443195000039,9.9826407260000565,0],[76.722144827000079,9.9829781310000385,0],[76.721910347000062,9.9834632910000209,0],[76.721441653000056,9.9838427110000225,0],[76.721100834000083,9.9841378430000418,0],[76.72073855800005,9.9846017840000627,0],[76.720227025000042,9.9854032640000696,0],[76.719822025000042,9.9861202950000347,0],[76.719204151000042,9.9867317440000534,0],[76.71884555500003,9.9867512240000451,0],[76.718696354000031,9.9868565940000735,0],[76.718419438000069,9.9870251860000394,0],[76.718100047000064,9.9870250240000473,0],[76.717525112000033,9.9871300590000374,0],[76.71707787400004,9.9871508980000385,0],[76.716673300000082,9.9871506320000663,0],[76.716332566000062,9.9871503080000252,0],[76.71626248900003,9.9870114460000536,0],[76.715949738000063,9.986411596000039,0],[76.715822359000072,9.9857574250000312,0],[76.71535411900004,9.9853773020000745,0],[76.715183980000063,9.9850184920000515,0],[76.715674258000035,9.9841326670000399,0],[76.715742084000055,9.9836291750000328,0],[76.715635790000078,9.9833337080000319,0],[76.71542286600004,9.9833124570000678,0],[76.715146048000065,9.9833122600000479,0],[76.714698856000041,9.983354140000074,0],[76.714038689000063,9.9834591650000561,0],[76.713783165000052,9.9834589820000588,0],[76.713400055000079,9.9831633160000592,0],[76.712719048000054,9.9825087450000751,0],[76.712229585000046,9.9820231060000424,0],[76.711697929000081,9.98088335500006,0],[76.711336738000057,9.9795538320000219,0],[76.711019458000067,9.9770782340000324,0],[76.711297793000085,9.9745465080000599,0],[76.711426452000069,9.9730485440000507,0],[76.711725074000071,9.9721836840000719,0],[76.712300325000058,9.9716144160000226,0],[76.713280050000037,9.9711931340000319,0],[76.714387430000045,9.9709407340000666,0],[76.715041041000063,9.970230683000068,0],[76.715233162000061,9.9694079430000215,0],[76.715297550000059,9.9685429140000679,0],[76.71534048400008,9.9679521620000742,0],[76.715468508000072,9.9674035600000366,0],[76.714915311000084,9.9666646390000437,0],[76.714915749000056,9.965714925000043,0],[76.715640376000067,9.9640268770000375,0],[76.717978303000052,9.9616317290000325,0],[76.71851097800004,9.9606611490000319,0],[76.719277833000035,9.9596906740000577,0],[76.720619439000075,9.958847080000055,0],[76.722003672000085,9.9578768720000426,0],[76.724430950000055,9.9571814730000483,0],[76.724750389000064,9.9569494580000537,0],[76.724046097000041,9.9558619070000418,0],[76.723684759000037,9.9545321490000447,0],[76.723025232000055,9.9535399380000626,0],[76.722578487000078,9.9528010750000249,0],[76.721961348000036,9.9522520800000507,0],[76.721642006000081,9.9522730440000373,0],[76.721556701000054,9.9526106830000458,0],[76.721279824000078,9.9528849240000454,0],[76.721066888000053,9.9529903530000752,0],[76.720811393000076,9.9530535540000642,0],[76.720577289000062,9.952884612000048,0],[76.72032207500007,9.9523146700000211,0],[76.71981138600006,9.9517657190000364,0],[76.719066389000034,9.9515121280000471,0],[76.718385070000068,9.9516806590000328,0],[76.718129517000079,9.9518704880000541,0],[76.718384813000057,9.9522504890000505,0],[76.719044456000063,9.9529472430000396,0],[76.719108209000069,9.9532005290000711,0],[76.719108077000044,9.953495996000072,0],[76.718895055000075,9.9537913670000648,0],[76.718618298000081,9.9537912420000225,0],[76.718043647000059,9.9534533070000748,0],[76.717703166000035,9.9531365810000239,0],[76.717213664000042,9.9528197880000562,0],[76.716751909000038,9.9525258420000569,0],[76.71626204100005,9.9530110280000486,0],[76.715942475000077,9.953517396000052,0],[76.715899684000078,9.9539816820000624,0],[76.715644080000061,9.95427703200005,0],[76.715154335000079,9.9544878550000249,0],[76.714750078000066,9.9539811540000755,0],[76.714388350000036,9.9535799960000304,0],[76.713685823000048,9.9535585650000371,0],[76.712600144000078,9.9534314310000696,0],[76.712047077000079,9.9524814570000331,0],[76.712068901000066,9.9513418090000414,0],[76.711579676000042,9.950455178000027,0],[76.711431102000063,9.9495053930000381,0],[76.711651285000073,9.9488162370000737,0],[76.713078159000077,9.9476772460000689,0],[76.714313358000084,9.9466858960000764,0],[76.71452645800008,9.9462216890000263,0],[76.714547971000059,9.9457362880000346,0],[76.714505521000035,9.9454619070000376,0],[76.714271592000046,9.9449341780000395,0],[76.71376084700006,9.944554055000026,0],[76.713526910000041,9.9440474320000476,0],[76.713591060000056,9.9434354230000395,0],[76.713165500000059,9.9429920240000342,0],[76.712888673000066,9.9431607330000702,0],[76.712271134000048,9.9435403300000758,0],[76.711589758000059,9.9438565820000235,0],[76.710802109000042,9.9438140010000211,0],[76.710163518000059,9.9436870680000311,0],[76.709746452000047,9.9434172400000307,0],[76.709342277000076,9.9427839040000663,0],[76.70904459500008,9.942045093000047,0],[76.708406231000083,9.9414538530000414,0],[76.707831613000053,9.9411158990000672,0],[76.707001425000044,9.9410099740000533,0],[76.706469159000051,9.9411363440000287,0],[76.705938226000058,9.9406808760000445,0],[76.70549152600006,9.9399630950000528,0],[76.705236359000082,9.9393720350000763,0],[76.704193317000033,9.9392237890000388,0],[76.703618727000048,9.9388436180000213,0],[76.703321125000059,9.9379781740000226,0],[76.702810592000048,9.9372181480000563,0],[76.702362949000076,9.9356875420000392,0],[76.701767325000048,9.9348219470000458,0],[76.701299185000039,9.9344418250000217,0],[76.701065201000063,9.9340829260000305,0],[76.700873972000068,9.9333652660000666,0],[76.700682639000036,9.9328586540000288,0],[76.700214663000054,9.9321619600000304,0],[76.700002312000038,9.931127717000038,0],[76.699662087000036,9.9303888750000624,0],[76.699236703000054,9.9296710960000496,0],[76.698917617000063,9.9292277320000721,0],[76.698640946000069,9.9291009620000636,0],[76.698406731000034,9.929206367000063,0],[76.698278746000085,9.9297128170000519,0],[76.698661705000063,9.930135109000048,0],[76.698640298000043,9.9303672510000638,0],[76.698533763000057,9.9305571400000758,0],[76.697681982000063,9.9311054300000592,0],[76.696936939000068,9.93106283700007,0],[76.695893960000035,9.9308512500000461,0],[76.695446922000031,9.9308510180000553,0],[76.694914734000065,9.9308507410000288,0],[76.694552835000081,9.9308716570000684,0],[76.694361137000044,9.931082606000075,0],[76.694169272000067,9.931610125000077,0],[76.69382833800006,9.9322430910000321,0],[76.693369251000036,9.9324939770000356,0],[76.692900957000063,9.9324304160000452,0],[76.69239010900003,9.9323246220000669,0],[76.691943283000057,9.9319233930000337,0],[76.69167449400004,9.9314615790000289,0],[76.69167374400007,9.9314602910000644,0],[76.691496683000082,9.9311633790000542,0],[76.690752004000046,9.9304454040000678,0],[76.689943661000029,9.9293686450000678,0],[76.689731126000083,9.9286087450000764,0],[76.689819281000041,9.9281954940000219,0],[76.68998986400004,9.9277101320000725,0],[76.689777181000068,9.9273301320000655,0],[76.68835103400005,9.9270128420000674,0],[76.687818940000057,9.9269913830000291,0],[76.687073989000055,9.9268221820000235,0],[76.685946063000074,9.9262095510000563,0],[76.68486090600004,9.9253647100000535,0],[76.683945919000053,9.9246466680000367,0],[76.683307569000078,9.9242452940000589,0],[76.683158702000071,9.9239497690000462,0],[76.683563305000064,9.9236123200000748,0],[76.684201916000063,9.9236548590000666,0],[76.684670167000036,9.9237817910000672,0],[76.685159722000037,9.9238664860000654,0],[76.685947332000069,9.9239090860000374,0],[76.686348968000061,9.9237234440000748,0],[76.686668506000046,9.9234070330000463,0],[76.687562472000081,9.9234919480000485,0],[76.688733365000076,9.9233448330000442,0],[76.689499853000029,9.9230919850000419,0],[76.690159891000064,9.9227969080000662,0],[76.690394126000058,9.9225437580000744,0],[76.690415725000037,9.9220793990000402,0],[76.690586186000075,9.9217840780000301,0],[76.690862884000069,9.9217209330000742,0],[76.691629246000048,9.9216580310000495,0],[76.692310458000065,9.9216161690000604,0],[76.692693834000067,9.9213208580000583,0],[76.693226176000053,9.9208779690000597,0],[76.693524424000032,9.9205193490000738,0],[76.693524626000055,9.9200972290000209,0],[76.69299277600004,9.919463798000038,0],[76.692865359000052,9.9189783130000251,0],[76.693121107000081,9.9183875570000737,0],[76.694228512000052,9.9174595240000372,0],[76.69460833200003,9.9168990610000378,0],[76.694651194000073,9.9163503340000716,0],[76.694651413000031,9.9159493710000675,0],[76.695098777000055,9.9151898470000219,0],[76.695630919000052,9.9152956480000398,0],[76.695822060000069,9.9160976920000508,0],[76.696034661000056,9.9166043520000358,0],[76.696268626000062,9.9169210460000272,0],[76.696428256000047,9.9170032340000489,0],[76.697353956000029,9.9175209600000471,0],[76.697673126000041,9.9177870520000511,0],[76.697928079000064,9.9187369010000452,0],[76.69816194100008,9.9193068510000444,0],[76.698715289000063,9.9195181820000471,0],[76.699120028000038,9.9189485570000215,0],[76.699609935000069,9.9183367660000386,0],[76.699972184000046,9.9175982800000497,0],[76.700547191000055,9.9170709510000279,0],[76.701058198000055,9.916817950000052,0],[76.701433690000044,9.9166658710000206,0],[76.701500507000048,9.9166470900000263,0],[76.701511722000077,9.916587618000051,0],[76.701356540000063,9.9161638500000322,0],[76.701101143000074,9.9160793030000605,0],[76.700207300000045,9.9156989640000575,0],[76.699249298000041,9.9159095270000535,0],[76.698759761000076,9.9158037540000237,0],[76.698015166000062,9.9149591800000394,0],[76.697526544000084,9.9130805980000218,0],[76.697250398000051,9.9119619000000512,0],[76.69699535500007,9.9112019940000664,0],[76.697016219000034,9.9101366840000651,0],[76.696952623000072,9.9096301360000325,0],[76.696356993000052,9.908891158000074,0],[76.695442010000079,9.9082786430000738,0],[76.694356842000047,9.9074760930000707,0],[76.692952111000068,9.907200992000071,0],[76.691334342000061,9.9072634500000731,0],[76.690716878000046,9.9075796930000593,0],[76.690218809000044,9.9076342930000578,0],[76.690184238000029,9.9076380830000517,0],[76.690142121000065,9.9076427000000535,0],[76.689375665000057,9.9079377560000239,0],[76.688297988000045,9.9084848970000508,0],[76.68761659200004,9.9089277290000268,0],[76.687169388000029,9.9092862680000735,0],[76.686871278000069,9.909476049000034,0],[76.686275139000031,9.9097078760000272,0],[76.685615024000072,9.9101507170000218,0],[76.684167481000031,9.9102976520000539,0],[76.683252022000033,9.9105715080000323,0],[76.68254932900004,9.9110143180000705,0],[76.681782561000034,9.9118369780000535,0],[76.681398753000053,9.9129975290000516,0],[76.68108324800005,9.9141088110000624,0],[76.681082975000038,9.914594222000062,0],[76.681103904000054,9.9152273790000436,0],[76.681188430000077,9.9163248780000686,0],[76.68152864700005,9.9169793200000527,0],[76.681379307000043,9.9175701720000689,0],[76.681102569000075,9.9175911210000436,0],[76.68059168800005,9.9175908330000766,0],[76.68003823600003,9.9175905210000224,0],[76.67935725500007,9.9172524570000746,0],[76.678612355000041,9.9170198800000549,0],[76.678045900000029,9.9168104050000352,0],[76.677066582000066,9.9170419970000694,0],[76.67659812900007,9.917294987000048,0],[76.675725242000055,9.9175266360000478,0],[76.675171543000033,9.9179484120000438,0],[76.674553982000077,9.9183701500000439,0],[76.673851186000036,9.9189395710000667,0],[76.673212497000065,9.919086931000038,0],[76.672871909000037,9.9190867310000499,0],[76.671796555000071,9.9190040820000718,0],[76.671765048000054,9.9190016610000384,0],[76.670594578000077,9.9184944510000719,0],[76.667580598000029,9.917330922000076,0],[76.666452585000059,9.9170347710000328,0],[76.665516077000063,9.9168653630000563,0],[76.664388134000035,9.9164636830000745,0],[76.662834131000068,9.9163569150000512,0],[76.661556739000048,9.916398000000072,0],[76.660577190000083,9.9167136340000752,0],[76.660002201000054,9.9169452240000737,0],[76.65957615700006,9.9172824410000544,0],[76.65914990300007,9.9178939510000532,0],[76.65872352000008,9.9186742560000312,0],[76.658446386000037,9.9191593000000466,0],[76.658105350000085,9.9196864850000566,0],[76.657870907000074,9.9200238700000227,0],[76.657657850000078,9.9202346760000637,0],[76.65744490600008,9.9202977860000487,0],[76.657168141000056,9.9202975410000249,0],[76.65689147300003,9.9201706980000495,0],[76.656551132000061,9.9197906040000703,0],[76.656232211000031,9.9192417340000247,0],[76.656029210000042,9.9186896970000475,0],[76.655582439000057,9.9182884090000698,0],[76.655114333000029,9.9179503980000732,0],[76.654773718000058,9.917928995000068,0],[76.654475666000053,9.9179287280000494,0],[76.654028473000039,9.918076023000026,0],[76.653687727000033,9.9182234140000674,0],[76.653091572000051,9.9182861770000272,0],[76.652686892000077,9.9185179080000694,0],[76.652367484000081,9.9186020180000583,0],[76.65206928300006,9.9187916440000663,0],[76.651792403000059,9.918939091000027,0],[76.65153676400007,9.919149854000068,0],[76.651536615000055,9.9193397500000628,0],[76.651536449000048,9.9195507440000483,0],[76.651153023000063,9.9198246910000307,0],[76.650833447000082,9.9201197940000725,0],[76.650599128000067,9.9202883780000661,0],[76.650471258000039,9.9204570580000677,0],[76.650343338000084,9.9206890360000557,0],[76.650108986000077,9.9208998180000663,0],[76.649832104000041,9.9210472630000481,0],[76.649576495000076,9.9212158260000365,0],[76.649107989000072,9.9213841950000301,0],[76.64880983300003,9.9215105210000729,0],[76.648469232000082,9.9214680110000586,0],[76.648128799000062,9.9212145060000694,0],[76.647809823000046,9.9207500260000643,0],[76.647074215000032,9.9202196660000368,0],[76.646180289000029,9.9199234520000346,0],[76.645562892000044,9.9199228830000266,0],[76.644945613000061,9.91977461700003,0],[76.644371016000036,9.9194997920000674,0],[76.643583747000037,9.9189504760000773,0],[76.643145602000061,9.918697489000067,0],[76.643105853000066,9.9186763000000724,0],[76.643051584000034,9.9186432020000552,0],[76.642668726000068,9.9184221380000395,0],[76.64192422900004,9.9176407640000548,0],[76.641370756000072,9.9175769480000326,0],[76.640391512000065,9.9174916340000436,0],[76.640278237000075,9.9175139760000661,0],[76.640278186000046,9.9175139820000595,0],[76.640278199000079,9.9175139580000291,0],[76.639055916000075,9.9176564540000527,0],[76.637682089000066,9.9174884900000393,0],[76.63718923700003,9.9174908960000607,0],[76.636520055000062,9.9174243640000554,0],[76.635781426000051,9.9175676520000593,0],[76.635464652000053,9.9175691960000449,0],[76.634302007000031,9.9174001890000341,0],[76.63359347200003,9.9164953670000386,0],[76.633345618000078,9.9162171130000729,0],[76.632535995000069,9.9162210540000615,0],[76.632042626000043,9.9161186670000347,0],[76.631759922000072,9.9159103780000351,0],[76.631404577000069,9.9152483960000382,0],[76.631227210000077,9.9149697960000367,0],[76.629459403000055,9.913441209000041,0],[76.629387457000064,9.9131271970000512,0],[76.629245118000028,9.912813437000068,0],[76.628996234000056,9.9123256090000496,0],[76.62888840200003,9.9118719950000695,0],[76.630048865000049,9.9116217970000662,0],[76.630364863000068,9.9114455870000597,0],[76.63057423500004,9.9110603210000363,0],[76.63067585500005,9.9102563400000463,0],[76.630634789000055,9.9090687130000674,0],[76.630703628000049,9.9087540170000352,0],[76.631122795000067,9.9080881800000498,0],[76.631402637000065,9.9077374700000291,0],[76.631575602000055,9.9071078170000533,0],[76.631571631000043,9.9063043490000382,0],[76.631639260000043,9.9057450970000218,0],[76.631495542000039,9.9051518810000516,0],[76.631176444000062,9.9046992950000572,0],[76.630541792000031,9.9044928020000498,0],[76.630294123000056,9.9042494410000472,0],[76.630256698000039,9.903816551000034,0],[76.630219778000082,9.9034673810000413,0],[76.629967718000046,9.9023157650000257,0],[76.629648625000073,9.9018631750000736,0],[76.629437106000069,9.9017943140000284,0],[76.628378818000044,9.9013453070000423,0],[76.628097162000074,9.9013466730000346,0],[76.627955347000068,9.9011377850000599,0],[76.628199994000056,9.900787249000075,0],[76.62837434100004,9.9004370530000756,0],[76.628619503000039,9.9001913010000635,0],[76.628667150000069,9.9000349290000713,0],[76.628758045000041,9.899736492000045,0],[76.62875735700004,9.8995967190000442,0],[76.629213782000079,9.8993500330000757,0],[76.629527701000029,9.8987545970000497,0],[76.629594990000044,9.8981254570000488,0],[76.629978781000034,9.8974248950000288,0],[76.63018650600003,9.8967251870000723,0],[76.630606524000029,9.8962341120000588,0],[76.631025851000061,9.8956032650000338,0],[76.631164734000038,9.8952182520000633,0],[76.631162217000053,9.8947083430000475,0],[76.631054392000067,9.8942547280000213,0],[76.630840811000041,9.8937666380000451,0],[76.631015233000085,9.8934514300000274,0],[76.631154460000062,9.8931363030000625,0],[76.630976936000081,9.8928228040000477,0],[76.630764816000067,9.8926491570000508,0],[76.630553476000046,9.8926151930000401,0],[76.630622831000039,9.892405282000027,0],[76.63083167700006,9.8919151430000625,0],[76.630864976000055,9.8915307320000352,0],[76.630651823000051,9.891147515000057,0],[76.630544172000043,9.8907287990000441,0],[76.630506567000054,9.8902398540000718,0],[76.630434800000046,9.8899607400000491,0],[76.63053883300006,9.8896458740000526,0],[76.630463966000036,9.8887379620000502,0],[76.630848954000044,9.8882818680000355,0],[76.631198311000048,9.8877562380000654,0],[76.631371955000077,9.8872838090000528,0],[76.631179175000057,9.8864458140000693,0],[76.631556684000032,9.8863042070000233,0],[76.632090446000063,9.8860651920000464,0],[76.632373425000083,9.8857989140000768,0],[76.632747761000076,9.8853473900000495,0],[76.63293021800007,9.8852570870000704,0],[76.633130910000034,9.8851668770000742,0],[76.633390845000065,9.8850902120000228,0],[76.63353217100007,9.8850903400000334,0],[76.633714570000052,9.8850994900000728,0],[76.633846768000069,9.8852080650000289,0],[76.634015235000049,9.8854974680000396,0],[76.634197427000061,9.8857597720000285,0],[76.634370680000075,9.8858366840000258,0],[76.634625932000063,9.885845932000052,0],[76.634808409000073,9.8857782310000744,0],[76.635109527000054,9.8855298540000263,0],[76.635211603000073,9.885392204000027,0],[76.635214368000049,9.8853885100000412,0],[76.635217182000076,9.8853844210000261,0],[76.63596859200004,9.884292083000048,0],[76.636142694000057,9.8839069590000577,0],[76.636105766000071,9.8835577950000584,0],[76.635962892000066,9.8831392780000442,0],[76.635750655000038,9.8829307030000564,0],[76.635569993000047,9.8819883540000433,0],[76.635461975000055,9.8814997980000499,0],[76.63559846000004,9.8806257760000449,0],[76.63576721000004,9.8791577150000762,0],[76.635659885000052,9.8788088930000413,0],[76.635762895000084,9.8782843770000568,0],[76.635901796000041,9.877899424000077,0],[76.636180112000034,9.8772343200000705,0],[76.636208378000049,9.8771870420000596,0],[76.636664348000068,9.8755098170000224,0],[76.636871918000054,9.8747751870000684,0],[76.637427854000066,9.8733052430000612,0],[76.635630283000069,9.8728248950000648,0],[76.634078420000037,9.872203607000074,0],[76.63219872600007,9.8713608940000768,0],[76.632134561000044,9.8710490500000674,0],[76.632134079000082,9.8710447630000431,0],[76.632133597000063,9.8710404750000293,0],[76.632133114000055,9.8710361880000619,0],[76.632132632000037,9.8710319010000376,0],[76.632132149000029,9.8710276130000238,0],[76.632131667000067,9.8710233260000564,0],[76.632131185000048,9.8710190400000215,0],[76.63213070200004,9.8710147520000646,0],[76.632130220000079,9.8710104640000509,0],[76.63212973800006,9.8710061770000266,0],[76.632129256000042,9.8710018900000591,0],[76.632128773000034,9.8709976030000348,0],[76.632128291000072,9.8709933150000211,0],[76.632127808000064,9.8709890280000536,0],[76.632127326000045,9.8709847410000293,0],[76.632126844000084,9.8709804540000619,0],[76.632126362000065,9.8709761660000481,0],[76.632125879000057,9.8709718800000701,0],[76.632125397000038,9.8709675920000564,0],[76.632124915000077,9.8709633050000321,0],[76.632124433000058,9.8709590170000752,0],[76.63212395000005,9.8709547300000509,0],[76.632123468000032,9.8709504430000266,0],[76.63212298500008,9.8709461550000697,0],[76.632122504000051,9.8709418680000454,0],[76.632122021000043,9.8709375810000211,0],[76.632121539000082,9.8709332940000536,0],[76.632121056000074,9.8709290060000399,0],[76.632120574000055,9.8709247200000618,0],[76.632120092000036,9.8709204320000481,0],[76.632119610000075,9.8709161450000238,0],[76.632119127000067,9.8709118570000669,0],[76.632118645000048,9.8709075700000426,0],[76.63211816200004,9.8709032830000751,0],[76.632117681000068,9.8708989950000614,0],[76.63211719800006,9.8708947080000371,0],[76.632116716000041,9.8708904210000696,0],[76.632116233000033,9.8708861340000453,0],[76.632115751000072,9.8708818460000316,0],[76.632115269000053,9.8708775600000536,0],[76.632114786000045,9.8708732720000398,0],[76.632114304000083,9.8708689850000724,0],[76.632113821000075,9.8708646970000586,0],[76.632113339000057,9.8708604100000343,0],[76.632112858000085,9.8708561230000669,0],[76.632112375000077,9.8708518360000426,0],[76.632111892000069,9.8708475480000288,0],[76.63211141000005,9.8708432610000614,0],[76.632110928000031,9.8708389740000371,0],[76.63211044600007,9.8708346860000233,0],[76.632109963000062,9.8708304000000453,0],[76.632109481000043,9.8708261120000316,0],[76.632108998000035,9.8708218250000641,0],[76.632108517000063,9.8708175370000504,0],[76.632108034000055,9.8708132510000723,0],[76.632107552000036,9.8708089630000586,0],[76.632107069000085,9.8708046750000449,0],[76.632106587000067,9.8708003890000668,0],[76.632106105000048,9.8707961010000531,0],[76.632105623000029,9.8707918140000288,0],[76.632105140000078,9.8707875260000719,0],[76.63210465800006,9.870783240000037,0],[76.632104175000052,9.8707789520000233,0],[76.632103694000079,9.8707746650000558,0],[76.632103211000071,9.8707703770000421,0],[76.632102729000053,9.8707660910000641,0],[76.632102246000045,9.8707618030000503,0],[76.632101764000083,9.8707575150000366,0],[76.632101314000067,9.8707532390000665,0],[76.632100997000066,9.8707490050000501,0],[76.632100819000073,9.8707448160000695,0],[76.632100779000041,9.870740670000032,0],[76.63210087200008,9.8707365680000407,0],[76.632101098000078,9.8707325070000707,0],[76.632101453000075,9.8707284890000437,0],[76.632101935000037,9.8707245090000697,0],[76.632102541000052,9.8707205710000494,0],[76.632103271000062,9.8707166710000251,0],[76.632104121000054,9.8707128090000538,0],[76.63210508800006,9.8707089840000322,0],[76.632106171000032,9.8707051950000277,0],[76.63210736700006,9.8707014430000299,0],[76.632108673000062,9.8706977240000242,0],[76.632110087000058,9.8706940390000568,0],[76.63211160700007,9.8706903870000247,0],[76.632113232000052,9.8706867680000414,0],[76.632114956000066,9.8706831800000714,0],[76.632116780000047,9.8706796220000683,0],[76.632118700000035,9.8706760940000322,0],[76.632120713000063,9.8706725950000305,0],[76.632122819000074,9.8706691230000274,0],[76.632125013000064,9.8706656790000693,0],[76.632127295000032,9.8706622610000636,0],[76.632129661000079,9.8706588690000672,0],[76.632132108000064,9.8706555000000549,0],[76.632134636000046,9.8706521570000518,0],[76.632137241000066,9.8706488350000541,0],[76.632139921000032,9.8706455360000405,0],[76.632142673000033,9.8706422580000321,0],[76.632145496000078,9.8706390010000291,0],[76.63214838600004,9.8706357630000525,0],[76.632151342000043,9.870632545000035,0],[76.632154361000062,9.8706293430000756,0],[76.632157440000071,9.8706261600000289,0],[76.632160578000082,9.870622992000051,0],[76.632163772000069,9.8706198400000744,0],[76.632167020000054,9.8706167020000635,0],[76.632170318000078,9.870613578000075,0],[76.632173665000039,9.8706104670000627,0],[76.63217706000006,9.8706073680000372,0],[76.632180497000036,9.870604280000066,0],[76.632183977000068,9.8706012030000352,0],[76.632187495000039,9.8705981350000229,0],[76.632191051000063,9.8705950760000292,0],[76.632194642000059,9.8705920250000645,0],[76.632198264000067,9.8705889820000721,0],[76.632201916000042,9.8705859440000268,0],[76.632205596000063,9.8705829110000423,0],[76.632209301000046,9.8705798830000617,0],[76.632213028000081,9.8705768600000283,0],[76.632216776000064,9.8705738380000412,0],[76.632220541000038,9.8705708190000223,0],[76.632224323000059,9.8705678010000497,0],[76.632228118000057,9.8705647840000665,0],[76.632231923000063,9.8705617660000371,0],[76.632235736000041,9.8705587460000288,0],[76.632239556000059,9.8705557250000311,0],[76.632243379000045,9.8705527010000651,0],[76.632247203000077,9.8705496730000277,0],[76.632251027000052,9.8705466400000432,0],[76.63225484700007,9.8705436020000548,0],[76.632258661000037,9.8705405580000729,0],[76.632262467000032,9.870537506000062,0],[76.63226626200003,9.8705344470000682,0],[76.632270045000041,9.8705313780000665,0],[76.632273812000051,9.8705283000000463,0],[76.63227756100008,9.8705252110000288,0],[76.632281290000037,9.8705221110000707,0],[76.632284997000056,9.870518999000069,0],[76.632288679000055,9.8705158740000343,0],[76.632292334000056,9.8705127350000339,0],[76.632295959000032,9.8705095820000679,0],[76.632299552000063,9.8705064130000437,0],[76.632303110000066,9.8705032270000288,0],[76.632306632000052,9.8705000250000694,0],[76.632310115000053,9.870496805000073,0],[76.632313556000042,9.8704935660000501,0],[76.632316953000043,9.8704903070000682,0],[76.632320305000064,9.8704870270000242,0],[76.632323608000036,9.8704837270000212,0],[76.632326859000045,9.8704804030000446,0],[76.632330057000047,9.8704770570000733,0],[76.632333200000062,9.8704736870000715,0],[76.632336284000075,9.8704702930000394,0],[76.632339308000041,9.8704668730000549,0],[76.632342270000038,9.8704634260000716,0],[76.63234516600005,9.8704599530000223,0],[76.632347994000042,9.8704564510000523,0],[76.632350752000036,9.8704529210000373,0],[76.632353438000052,9.8704493610000554,0],[76.632356049000066,9.8704457700000603,0],[76.632358583000041,9.8704421480000519,0],[76.632361037000067,9.8704384940000409,0],[76.632363410000039,9.8704348060000484,0],[76.632365699000047,9.8704310850000638,0],[76.632367900000077,9.8704273290000515,0],[76.63237001300007,9.8704235380000682,0],[76.63237203500006,9.8704197100000215,0],[76.632373962000031,9.870415845000025,0],[76.63237579500003,9.8704119430000219,0],[76.632377598000062,9.8704080280000426,0],[76.632379401000037,9.8704041130000633,0],[76.632381204000069,9.8704001990000734,0],[76.632383005000065,9.8703962830000478,0],[76.632384806000061,9.8703923670000222,0],[76.632386606000068,9.8703884510000535,0],[76.632388407000064,9.8703845340000385,0],[76.632390206000082,9.8703806180000697,0],[76.632392007000078,9.8703767000000653,0],[76.632393805000049,9.8703727830000503,0],[76.632395604000067,9.8703688650000458,0],[76.632397402000038,9.870364946000052,0],[76.632399199000076,9.8703610280000476,0],[76.632400996000058,9.8703571080000643,0],[76.63240279300004,9.8703531900000598,0],[76.632404589000032,9.8703492700000766,0],[76.632406385000081,9.8703453500000364,0],[76.632408180000084,9.8703414290000637,0],[76.63240997500003,9.8703375080000342,0],[76.632411769000043,9.8703335880000509,0],[76.632413563000057,9.8703296660000319,0],[76.632415356000081,9.8703257440000698,0],[76.632417150000038,9.8703218220000508,0],[76.632418942000072,9.8703179000000318,0],[76.63242073400005,9.8703139770000234,0],[76.632422526000084,9.8703100530000256,0],[76.632424317000073,9.8703061290000278,0],[76.632426108000061,9.87030220500003,0],[76.632427899000049,9.8702982810000321,0],[76.632429688000059,9.8702943550000555,0],[76.632431477000068,9.8702904300000682,0],[76.632433267000067,9.8702865050000241,0],[76.63243505500003,9.8702825790000475,0],[76.63243684300005,9.8702786520000245,0],[76.63243863100007,9.8702747260000478,0],[76.632440418000044,9.8702707980000355,0],[76.632442205000075,9.8702668710000694,0],[76.632443991000059,9.870262943000057,0],[76.632445777000044,9.8702590140000552,0],[76.632447563000085,9.8702550860000429,0],[76.63244934800008,9.8702511560000517,0],[76.632451132000085,9.8702472270000499,0],[76.63245291700008,9.8702432970000586,0],[76.632454700000039,9.8702393670000674,0],[76.632456483000055,9.8702354360000299,0],[76.632458267000061,9.8702315050000493,0],[76.632460048000041,9.8702275730000224,0],[76.632461830000068,9.8702236410000523,0],[76.632463612000038,9.8702197090000254,0],[76.632465393000075,9.8702157770000554,0],[76.632467174000055,9.8702118430000496,0],[76.632468954000046,9.8702079100000333,0],[76.632470734000037,9.8702039750000381,0],[76.632472513000039,9.8702000410000323,0],[76.63247429200004,9.8701961060000372,0],[76.632476070000052,9.870192171000042,0],[76.632477848000065,9.8701882350000574,0],[76.632479626000077,9.8701842990000728,0],[76.632481403000043,9.8701803620000419,0],[76.632483180000065,9.8701764250000679,0],[76.632484956000042,9.870172488000037,0],[76.632486732000075,9.8701685500000735,0],[76.632488507000062,9.8701646120000532,0],[76.632490283000038,9.8701606730000435,0],[76.632492057000036,9.8701567340000338,0],[76.632493831000033,9.8701527950000241,0],[76.632495605000031,9.8701488540000355,0],[76.632497378000039,9.8701449140000364,0],[76.632499151000047,9.8701409730000478,0],[76.632500923000066,9.8701370320000592,0],[76.632502695000085,9.8701330890000349,0],[76.632504467000047,9.8701291470000569,0],[76.632506238000076,9.8701252050000221,0],[76.632508009000048,9.8701212620000547,0],[76.632509779000031,9.870117318000041,0],[76.632511549000071,9.8701133740000273,0],[76.632513319000054,9.8701094300000705,0],[76.632515087000058,9.8701054850000673,0],[76.632516856000052,9.8701015390000748,0],[76.632518624000056,9.8700975930000254,0],[76.63252039200006,9.8700936470000329,0],[76.632522159000075,9.8700897000000509,0],[76.632523926000033,9.8700857540000584,0],[76.632525692000058,9.8700818060000302,0],[76.632527458000084,9.8700778580000588,0],[76.632529224000052,9.8700739090000411,0],[76.632530989000031,9.8700699600000235,0],[76.632532754000067,9.8700660100000732,0],[76.632534518000057,9.8700620610000556,0],[76.632536282000046,9.8700581100000591,0],[76.632538046000036,9.8700541590000626,0],[76.632539809000036,9.8700502070000766,0],[76.632541571000047,9.8700462560000233,0],[76.632543334000047,9.8700423030000479,0],[76.632545095000069,9.8700383500000726,0],[76.632546857000079,9.8700343970000404,0],[76.632548618000044,9.8700304430000756,0],[76.632550379000065,9.8700264880000645,0],[76.63255213900004,9.8700225340000429,0],[76.632553898000083,9.8700185780000425,0],[76.632555658000058,9.8700146230000314,0],[76.632557417000044,9.8700106660000415,0],[76.63255917500004,9.8700067090000516,0],[76.632560933000036,9.8700027520000617,0],[76.632562691000032,9.8699987940000256,0],[76.632564448000039,9.8699948370000357,0],[76.632566205000046,9.8699908780000669,0],[76.632567961000063,9.8699869180000519,0],[76.63256971800007,9.8699829590000263,0],[76.632571473000041,9.8699789980000219,0],[76.632573228000069,9.8699750370000743,0],[76.63257498300004,9.8699710760000698,0],[76.632576737000079,9.869967114000076,0],[76.632578491000061,9.8699631520000253,0],[76.632580245000042,9.8699591900000314,0],[76.632581998000035,9.8699552260000587,0],[76.632583751000084,9.8699512620000291,0],[76.632585504000076,9.8699472980000564,0],[76.632587259000047,9.8699433340000269,0],[76.632589021000058,9.8699393710000436,0],[76.632590789000062,9.8699354110000286,0],[76.632592564000049,9.8699314510000704,0],[76.63259434400004,9.8699274940000237,0],[76.632596130000081,9.8699235370000338,0],[76.632597922000059,9.8699195810000333,0],[76.632599719000041,9.8699156270000685,0],[76.632601521000083,9.8699116740000363,0],[76.632603328000073,9.8699077230000398,0],[76.632605140000067,9.8699037710000539,0],[76.632606957000064,9.8698998220000362,0],[76.63260877700003,9.8698958730000754,0],[76.632610602000057,9.8698919260000366,0],[76.632612431000041,9.8698879790000547,0],[76.63261426400004,9.8698840330000621,0],[76.632616099000074,9.869880088000059,0],[76.632617939000056,9.8698761440000453,0],[76.632619782000063,9.8698722000000316,0],[76.632621628000038,9.8698682580000536,0],[76.632623477000038,9.8698643160000756,0],[76.632625327000085,9.8698603750000302,0],[76.632627181000032,9.8698564330000522,0],[76.632629037000072,9.8698524930000531,0],[76.632630894000044,9.8698485540000434,0],[76.632632753000053,9.8698446140000442,0],[76.63263461400004,9.8698406750000345,0],[76.632636476000073,9.8698367360000248,0],[76.632638340000085,9.8698327980000613,0],[76.63264020400004,9.8698288590000516,0],[76.632642069000042,9.8698249220000207,0],[76.632643936000079,9.8698209840000573,0],[76.63264580200007,9.8698170470000264,0],[76.63264766900005,9.8698131090000629,0],[76.632649535000041,9.869809172000032,0],[76.632651401000032,9.8698052340000686,0],[76.63265326700008,9.8698012970000377,0],[76.632655132000082,9.8697973600000637,0],[76.632656997000083,9.869793421000054,0],[76.632658860000049,9.8697894840000231,0],[76.632660723000072,9.8697855450000702,0],[76.632662584000059,9.8697816070000499,0],[76.632664443000067,9.8697776690000296,0],[76.632666300000039,9.8697737290000305,0],[76.632668156000079,9.8697697900000207,0],[76.632670010000083,9.8697658500000216,0],[76.632671861000063,9.869761909000033,0],[76.632673709000073,9.8697579690000339,0],[76.632675555000048,9.8697540270000559,0],[76.632677399000045,9.869750085000021,0],[76.632679238000037,9.8697461420000536,0],[76.63268107500005,9.8697421980000399,0],[76.63268290700006,9.8697382540000262,0],[76.632684736000044,9.8697343090000231,0],[76.632686561000071,9.8697303630000306,0],[76.632688382000083,9.8697264160000486,0],[76.632690198000034,9.8697224680000772,0],[76.632692011000074,9.869718520000049,0],[76.632693818000064,9.8697145700000419,0],[76.632695621000039,9.8697106190000454,0],[76.632697417000031,9.8697066670000595,0],[76.632699209000066,9.8697027140000273,0],[76.63270099500005,9.8696987590000731,0],[76.632702777000077,9.869694804000062,0],[76.632704551000074,9.8696908470000722,0],[76.632706320000068,9.869686889000036,0],[76.632708082000079,9.869682929000021,0],[76.632709838000039,9.8696789680000734,0],[76.632711587000074,9.8696750050000333,0],[76.632713329000069,9.86967104200005,0],[76.632715064000081,9.8696670750000521,0],[76.632716792000053,9.8696631090000437,0],[76.632718512000054,9.8696591390000208,0],[76.632720224000082,9.8696551690000547,0],[76.632721930000059,9.8696511970000529,0],[76.632723626000029,9.869647222000026,0],[76.632725314000083,9.8696432470000559,0],[76.632726994000052,9.8696392680000713,0],[76.632728665000059,9.8696352890000298,0],[76.632730327000047,9.869631307000077,0],[76.632731980000074,9.869627324000021,0],[76.632733624000082,9.8696233380000535,0],[76.632735258000082,9.869619349000061,0],[76.632736883000064,9.8696153600000684,0],[76.632738498000037,9.8696113680000508,0],[76.632740102000071,9.8696073740000543,0],[76.632741697000029,9.8696033770000327,0],[76.632743281000046,9.8695993770000428,0],[76.632744854000066,9.8695953770000528,0],[76.632746417000078,9.869591372000059,0],[76.632747968000047,9.8695873660000757,0],[76.632749509000064,9.8695833580000567,0],[76.632751037000048,9.8695793460000232,0],[76.632752554000035,9.8695753320000676,0],[76.632754059000035,9.8695713160000764,0],[76.632755553000038,9.8695672960000707,0],[76.632757033000075,9.8695632740000292,0],[76.632758502000058,9.8695592500000657,0],[76.632759957000076,9.8695552220000309,0],[76.632761400000049,9.869551192000074,0],[76.632762830000047,9.8695471590000352,0],[76.632764247000068,9.8695431230000281,0],[76.632765650000067,9.8695390830000633,0],[76.632767040000033,9.8695350410000628,0],[76.632768416000033,9.8695309960000372,0],[76.632769778000068,9.8695269480000434,0],[76.63277112600008,9.869522896000035,0],[76.63277245900008,9.8695188410000583,0],[76.632773777000068,9.8695147840000459,0],[76.632775081000034,9.8695107220000295,0],[76.632776370000045,9.8695066570000449,0],[76.632777643000054,9.8695025890000352,0],[76.632778901000052,9.8694985170000677,0],[76.632780144000037,9.8694944430000646,0],[76.632781371000078,9.8694903640000575,0],[76.632782582000061,9.8694862820000253,0],[76.632783776000053,9.8694821960000354,0],[76.632784953000055,9.8694781060000309,0],[76.632786116000034,9.8694740140000476,0],[76.632787241000074,9.869469916000071,0],[76.632788278000078,9.8694658140000229,0],[76.632789227000046,9.8694617060000382,0],[76.632790087000046,9.8694575940000391,0],[76.632790862000036,9.8694534770000359,0],[76.632791553000061,9.86944935300005,0],[76.632792161000054,9.8694452250000495,0],[76.632792687000062,9.8694410930000345,0],[76.632793135000043,9.8694369560000723,0],[76.632793505000052,9.8694328140000493,0],[76.63279379800008,9.8694286670000224,0],[76.632794017000037,9.8694245150000484,0],[76.632794163000085,9.8694203600000492,0],[76.632794238000031,9.869416200000046,0],[76.632794244000081,9.8694120350000389,0],[76.632794181000065,9.8694078670000636,0],[76.632794051000076,9.8694036940000274,0],[76.63279385800007,9.8693995160000441,0],[76.63279360000007,9.8693953350000356,0],[76.63279328200008,9.8693911500000695,0],[76.632792902000062,9.8693869600000426,0],[76.632792466000069,9.8693827680000368,0],[76.632791972000064,9.8693785700000376,0],[76.632791423000072,9.8693743700000596,0],[76.632790821000071,9.869370166000067,0],[76.632790167000053,9.8693659580000599,0],[76.632789462000062,9.8693617460000382,0],[76.632788710000057,9.8693575320000377,0],[76.632787910000047,9.8693533140000227,0],[76.632787065000059,9.86934909200005,0],[76.632786177000071,9.8693448670000521,0],[76.632785245000036,9.8693406390000291,0],[76.632784274000073,9.8693364080000379,0],[76.632783264000068,9.8693321740000215,0],[76.632782216000066,9.8693279370000369,0],[76.632781134000084,9.8693236970000271,0],[76.632780017000073,9.8693194540000491,0],[76.63277886700007,9.8693152090000353,0],[76.632777688000033,9.8693109610000533,0],[76.632776478000039,9.8693067100000462,0],[76.632775242000037,9.8693024570000603,0],[76.632773979000035,9.8692982010000492,0],[76.632772693000049,9.8692939430000592,0],[76.632771383000033,9.8692896830000336,0],[76.632770053000058,9.8692854200000397,0],[76.632768703000067,9.869281155000067,0],[76.632767336000029,9.8692768880000585,0],[76.632765952000057,9.8692726190000712,0],[76.632764553000072,9.8692683480000483,0],[76.632763143000034,9.8692640750000464,0],[76.632761721000065,9.8692598010000552,0],[76.632760288000043,9.8692555240000388,0],[76.632758849000084,9.869251246000033,0],[76.632757402000038,9.8692469660000484,0],[76.632755951000036,9.8692426850000743,0],[76.632754497000064,9.8692384020000645,0],[76.632753041000058,9.8692341170000759,0],[76.63275158600004,9.869229831000041,0],[76.632750132000069,9.869225545000063,0],[76.632748681000066,9.8692212570000493,0],[76.632747235000068,9.8692169680000461,0],[76.632745796000052,9.8692126770000641,0],[76.632744365000065,9.8692083860000253,0],[76.632742944000029,9.8692040940000538,0],[76.632741535000036,9.8691998000000467,0],[76.632740138000031,9.869195507000029,0],[76.632738757000084,9.8691912120000325,0],[76.632737391000035,9.8691869170000359,0],[76.632736043000079,9.8691826210000499,0],[76.632734715000083,9.869178325000064,0],[76.632733408000036,9.8691740280000317,0],[76.632732125000075,9.8691697310000563,0],[76.632730865000042,9.8691654330000347,0],[76.632729632000064,9.8691611360000593,0],[76.632728426000085,9.8691568380000376,0],[76.632727249000084,9.8691525410000622,0],[76.632726103000039,9.8691482430000406,0],[76.632724990000042,9.8691439440000295,0],[76.632723911000085,9.8691396470000541,0],[76.63272286800003,9.8691353500000218,0],[76.632721862000039,9.869131052000057,0],[76.632720895000034,9.8691267560000711,0],[76.63271996900005,9.8691224590000388,0],[76.632719085000076,9.8691181630000528,0],[76.632718245000035,9.8691138680000563,0],[76.632717451000076,9.8691095730000598,0],[76.632716703000085,9.8691052790000526,0],[76.632716005000077,9.8691009850000455,0],[76.632715357000052,9.8690966930000741,0],[76.632714761000045,9.8690924020000352,0],[76.632714218000046,9.8690881110000532,0],[76.632713731000081,9.8690838210000607,0],[76.632713269000078,9.8690795310000681,0],[76.632712807000075,9.8690752420000649,0],[76.632712347000052,9.8690709530000618,0],[76.632711887000085,9.8690666640000586,0],[76.63271142900004,9.869062374000066,0],[76.632710972000041,9.8690580840000734,0],[76.632710515000042,9.8690537950000703,0],[76.632710059000033,9.8690495050000209,0],[76.63270960400007,9.8690452140000389,0],[76.63270914900005,9.8690409250000357,0],[76.632708696000066,9.8690366340000537,0],[76.632708243000081,9.8690323440000611,0],[76.63270779100003,9.8690280530000223,0],[76.632707340000081,9.8690237630000297,0],[76.632706889000076,9.8690194720000477,0],[76.632706438000071,9.8690151820000551,0],[76.632705988000055,9.8690108910000731,0],[76.632705539000085,9.8690066000000343,0],[76.632705091000048,9.8690023090000523,0],[76.632704642000078,9.8689980180000703,0],[76.632704195000031,9.8689937270000314,0],[76.63270374700005,9.8689894360000494,0],[76.63270330000006,9.8689851450000674,0],[76.632702854000058,9.8689808540000286,0],[76.632702408000057,9.8689765630000466,0],[76.632701962000056,9.8689722720000645,0],[76.632701517000044,9.8689679810000257,0],[76.632701071000042,9.8689636900000437,0],[76.63270062600003,9.8689593980000723,0],[76.632700181000075,9.868955106000044,0],[76.632699737000053,9.868950815000062,0],[76.632699292000041,9.8689465240000231,0],[76.632698848000075,9.8689422330000411,0],[76.632698404000053,9.8689379410000697,0],[76.63269796000003,9.8689336490000414,0],[76.632697516000064,9.8689293580000594,0],[76.632697072000042,9.8689250670000206,0],[76.632696628000076,9.8689207760000386,0],[76.632696184000054,9.8689164840000672,0],[76.632695740000031,9.8689121920000389,0],[76.632695296000065,9.8689079010000569,0],[76.632694851000053,9.8689036090000286,0],[76.632694407000031,9.8688993180000466,0],[76.632693962000076,9.8688950270000646,0],[76.632693518000053,9.8688907350000363,0],[76.632693073000041,9.8688864440000543,0],[76.63269262700004,9.8688821520000261,0],[76.632692183000074,9.868877861000044,0],[76.632691736000083,9.868873570000062,0],[76.632691291000071,9.8688692780000338,0],[76.632690844000081,9.8688649880000412,0],[76.632690397000033,9.8688606960000698,0],[76.632689950000042,9.8688564050000309,0],[76.632689503000051,9.8688521140000489,0],[76.632689054000082,9.8688478230000669,0],[76.632688606000045,9.8688435320000281,0],[76.632688157000075,9.8688392410000461,0],[76.63268770600007,9.8688349510000535,0],[76.632687256000054,9.8688306590000252,0],[76.632686805000048,9.8688263690000326,0],[76.632686354000043,9.8688220780000506,0],[76.632685902000048,9.868817788000058,0],[76.632685449000064,9.868813497000076,0],[76.63268499600008,9.8688092070000266,0],[76.63268454100006,9.8688049160000446,0],[76.63268408600004,9.8688006250000626,0],[76.632683631000077,9.8687963360000595,0],[76.632683173000032,9.8687920450000206,0],[76.632682716000033,9.868787755000028,0],[76.632682257000056,9.8687834660000249,0],[76.632681798000078,9.8687791760000323,0],[76.632681338000054,9.8687748860000397,0],[76.632680877000041,9.8687705960000471,0],[76.632680415000038,9.8687663060000546,0],[76.632679952000046,9.8687620170000514,0],[76.632679488000065,9.8687577280000482,0],[76.632679022000048,9.8687534390000451,0],[76.632678557000077,9.8687491500000419,0],[76.632678088000034,9.8687448610000388,0],[76.632677620000038,9.8687405720000356,0],[76.632677150000063,9.8687362840000219,0],[76.632676679000042,9.868731996000065,0],[76.632676207000031,9.8687277060000724,0],[76.632675733000042,9.8687234190000481,0],[76.632675259000052,9.8687191310000344,0],[76.632674783000084,9.8687148420000312,0],[76.632674306000069,9.8687105550000638,0],[76.632673827000076,9.86870626700005,0],[76.632673347000036,9.8687019800000257,0],[76.632672865000075,9.8686976930000583,0],[76.632672382000067,9.8686934050000445,0],[76.632671898000069,9.8686891180000771,0],[76.632671411000047,9.8686848320000422,0],[76.632670924000081,9.8686805450000747,0],[76.63267043500008,9.8686762590000399,0],[76.632669944000043,9.8686719730000618,0],[76.632669452000073,9.8686676860000375,0],[76.632668959000057,9.8686634010000489,0],[76.632668462000083,9.8686591140000246,0],[76.632667966000042,9.868654829000036,0],[76.632667469000069,9.8686505440000474,0],[76.632666973000084,9.8686462580000693,0],[76.632666476000054,9.8686419720000345,0],[76.63266598000007,9.8686376860000564,0],[76.632665483000039,9.8686334010000678,0],[76.632664986000066,9.8686291160000223,0],[76.632664490000082,9.8686248300000443,0],[76.632663992000062,9.8686205440000663,0],[76.632663495000031,9.8686162590000208,0],[76.632662999000047,9.8686119730000428,0],[76.632662502000073,9.8686076870000647,0],[76.632662004000053,9.8686034020000761,0],[76.63266150700008,9.8685991170000307,0],[76.632661010000049,9.8685948310000526,0],[76.632660513000076,9.8685905450000746,0],[76.632660015000056,9.8685862600000291,0],[76.632659517000036,9.8685819750000405,0],[76.632659020000062,9.8685776880000731,0],[76.632658523000032,9.8685734030000276,0],[76.632658025000069,9.868569118000039,0],[76.632657527000049,9.868564832000061,0],[76.632657029000029,9.8685605470000723,0],[76.632656532000055,9.8685562610000375,0],[76.632656034000036,9.8685519760000489,0],[76.632655537000062,9.8685476900000708,0],[76.632655038000053,9.8685434050000254,0],[76.632654540000033,9.8685391200000367,0],[76.63265404200007,9.8685348340000587,0],[76.632653545000039,9.8685305480000238,0],[76.632653047000076,9.8685262630000352,0],[76.632652549000056,9.8685219770000572,0],[76.632652050000047,9.8685176920000686,0],[76.632651552000084,9.8685134070000231,0],[76.632651054000064,9.8685091210000451,0],[76.632650555000055,9.868504835000067,0],[76.632650057000035,9.8685005500000216,0],[76.632649559000072,9.868496265000033,0],[76.632649061000052,9.8684919790000549,0],[76.632648562000043,9.8684876940000663,0],[76.632648063000033,9.8684834090000209,0],[76.632647564000081,9.8684791230000428,0],[76.632647066000061,9.8684748370000648,0],[76.632646568000041,9.8684705520000762,0],[76.632646069000032,9.8684662660000413,0],[76.632645570000079,9.8684619810000527,0],[76.632645072000059,9.8684576960000641,0],[76.63264457300005,9.8684534100000292,0],[76.632644074000041,9.8684491250000406,0],[76.632643575000031,9.868444840000052,0],[76.632643076000079,9.8684405540000739,0],[76.63264257700007,9.8684362690000285,0],[76.63264207800006,9.8684319840000398,0],[76.632641579000051,9.8684276980000618,0],[76.632641080000042,9.8684234120000269,0],[76.632640581000032,9.8684191270000383,0],[76.63264008200008,9.8684148410000603,0],[76.632639583000071,9.8684105560000717,0],[76.632639084000061,9.8684062710000262,0],[76.632638585000052,9.8684019850000482,0],[76.632638086000043,9.8683977000000596,0],[76.632637587000033,9.8683934150000709,0],[76.632637088000081,9.8683891290000361,0],[76.632636588000082,9.8683848440000475,0],[76.632636089000073,9.8683805590000588,0],[76.632635590000064,9.868376273000024,0],[76.632635091000054,9.8683719880000353,0],[76.632634592000045,9.8683677030000467,0],[76.632634092000046,9.8683634170000687,0],[76.632633593000037,9.8683591320000232,0],[76.632633094000084,9.8683548470000346,0],[76.632632594000029,9.8683505610000566,0],[76.632632095000076,9.868346276000068,0],[76.632631595000078,9.8683419900000331,0],[76.632631096000068,9.8683377050000445,0],[76.63263059600007,9.8683334200000559,0],[76.63263009700006,9.868329134000021,0],[76.632629597000061,9.8683248490000324,0],[76.632629098000052,9.8683205640000438,0],[76.632628598000053,9.8683162780000657,0],[76.632628099000044,9.8683119930000771,0],[76.632627599000045,9.8683077080000317,0],[76.632627099000047,9.8683034220000536,0],[76.632626600000037,9.868299137000065,0],[76.632626100000039,9.8682948520000764,0],[76.63262560000004,9.8682905660000415,0],[76.632625101000031,9.8682862810000529,0],[76.632624601000032,9.8682819950000749,0],[76.632624101000033,9.8682777100000294,0],[76.632623602000081,9.8682734250000408,0],[76.632623102000082,9.8682691390000628,0],[76.632622602000083,9.8682648540000741,0],[76.632622103000074,9.8682605690000287,0],[76.632621603000075,9.8682562830000506,0],[76.632621103000076,9.868251998000062,0],[76.632620604000067,9.8682477130000734,0],[76.632620104000068,9.8682434270000385,0],[76.63261960400007,9.8682391420000499,0],[76.632619104000071,9.8682348570000613,0],[76.632618605000062,9.8682305710000264,0],[76.632618105000063,9.8682262860000378,0],[76.632617605000064,9.8682220010000492,0],[76.632617105000065,9.8682177150000712,0],[76.632616606000056,9.8682134300000257,0],[76.632616106000057,9.8682091450000371,0],[76.632615606000059,9.8682048600000485,0],[76.63261510600006,9.8682005740000704,0],[76.63261460700005,9.868196289000025,0],[76.632614107000052,9.8681920040000364,0],[76.632613607000053,9.8681877190000478,0],[76.632613107000054,9.8681834330000697,0],[76.632612608000045,9.8681791480000243,0],[76.632612108000046,9.8681748620000462,0],[76.632611608000047,9.8681705770000576,0],[76.632611109000038,9.868166292000069,0],[76.632610609000039,9.8681620060000341,0],[76.632610109000041,9.8681577210000455,0],[76.632609609000042,9.8681534360000569,0],[76.632609110000033,9.868149150000022,0],[76.632608610000034,9.8681448650000334,0],[76.632608110000035,9.8681405800000448,0],[76.632607611000083,9.8681362940000668,0],[76.632607111000084,9.8681320090000213,0],[76.632606612000075,9.8681277240000327,0],[76.632606112000076,9.8681234380000546,0],[76.632605612000077,9.868119153000066,0],[76.632605113000068,9.8681148680000206,0],[76.632604613000069,9.8681105820000425,0],[76.63260411400006,9.8681062970000539,0],[76.632603614000061,9.8681020110000759,0],[76.632603115000052,9.8680977260000304,0],[76.632602615000053,9.8680934410000418,0],[76.632602116000044,9.8680891550000638,0],[76.632601616000045,9.8680848700000752,0],[76.632601117000036,9.8680805850000297,0],[76.632600618000083,9.8680762990000517,0],[76.632600118000084,9.8680720140000631,0],[76.632599619000075,9.8680677290000745,0],[76.632599119000076,9.8680634430000396,0],[76.632598620000067,9.868059158000051,0],[76.632598121000058,9.8680548730000623,0],[76.632597622000048,9.8680505870000275,0],[76.63259712200005,9.8680463020000388,0],[76.63259662300004,9.8680420170000502,0],[76.632596124000031,9.8680377310000722,0],[76.632595625000079,9.8680334460000267,0],[76.632595126000069,9.8680291610000381,0],[76.63259462700006,9.8680248750000601,0],[76.632594128000051,9.8680205900000715,0],[76.632593629000041,9.868016305000026,0],[76.632593130000032,9.8680120180000586,0],[76.63259263100008,9.8680077330000699,0],[76.63259213200007,9.8680034480000245,0],[76.632591633000061,9.8679991620000465,0],[76.632591134000052,9.8679948770000578,0],[76.632590634000053,9.8679905920000692,0],[76.632590136000033,9.8679863060000343,0],[76.632589637000081,9.8679820210000457,0],[76.632589138000071,9.8679777360000571,0],[76.632588639000062,9.8679734500000222,0],[76.632588141000042,9.8679691650000336,0],[76.632587642000033,9.867964880000045,0],[76.63258714400007,9.867960594000067,0],[76.632586643000081,9.8679563080000321,0],[76.632586127000081,9.8679520220000541,0],[76.632585594000034,9.8679477350000298,0],[76.632585048000067,9.8679434460000266,0],[76.632584486000042,9.8679391570000234,0],[76.63258391200003,9.8679348660000414,0],[76.632583328000067,9.8679305760000489,0],[76.632582733000049,9.8679262840000206,0],[76.63258212900007,9.8679219920000492,0],[76.632581517000062,9.8679176990000315,0],[76.632580898000072,9.8679134060000706,0],[76.632580274000077,9.8679091120000635,0],[76.632579646000067,9.8679048170000669,0],[76.632579015000033,9.8679005230000598,0],[76.632578382000077,9.8678962290000527,0],[76.632577748000074,9.8678919330000667,0],[76.632577115000061,9.8678876380000702,0],[76.632576483000037,9.8678833430000736,0],[76.632575855000084,9.8678790490000665,0],[76.632575231000033,9.8678747530000237,0],[76.632574612000042,9.8678704590000734,0],[76.632573999000044,9.8678661640000769,0],[76.632573394000076,9.8678618700000698,0],[76.63257279700008,9.8678575760000626,0],[76.632572212000071,9.8678532820000555,0],[76.632571637000069,9.8678489890000378,0],[76.632571074000055,9.8678446950000307,0],[76.632570526000052,9.8678404040000487,0],[76.632569992000072,9.8678361120000773,0],[76.632569475000082,9.8678318220000278,0],[76.632568974000037,9.8678275310000458,0],[76.632568491000029,9.8678232430000321,0],[76.632568028000037,9.867818954000029,0],[76.63256758700004,9.8678146670000615,0],[76.632567167000047,9.8678103810000266,0],[76.632566770000039,9.8678060950000486,0],[76.632566398000051,9.8678018110000494,0],[76.632566050000037,9.8677975280000396,0],[76.632565731000057,9.8677932470000655,0],[76.632565439000075,9.8677889670000241,0],[76.632565175000082,9.8677846880000288,0],[76.632564942000045,9.8677804110000693,0],[76.632564741000067,9.8677761350000424,0],[76.632564572000035,9.8677718610000511,0],[76.632564438000031,9.8677675890000387,0],[76.632564338000066,9.867763319000062,0],[76.63256427400006,9.8677590500000747,0],[76.63256424900004,9.8677547820000768,0],[76.632564287000037,9.8677505310000697,0],[76.632564411000033,9.8677463050000256,0],[76.63256461800006,9.8677421050000476,0],[76.632564907000074,9.8677379290000431,0],[76.632565277000083,9.8677337780000585,0],[76.632565727000042,9.8677296520000368,0],[76.632566257000065,9.8677255490000562,0],[76.632566864000069,9.8677214700000491,0],[76.632567549000044,9.8677174140000261,0],[76.632568309000078,9.8677133820000336,0],[76.632569145000048,9.8677093730000252,0],[76.632570053000052,9.867705385000022,0],[76.632571036000058,9.8677014200000599,0],[76.632572089000064,9.8676974760000462,0],[76.632573213000057,9.8676935540000272,0],[76.63257440700005,9.8676896540000598,0],[76.632575670000051,9.8676857740000514,0],[76.632576999000037,9.8676819150000483,0],[76.632578396000042,9.8676780760000611,0],[76.632579858000042,9.8676742560000434,0],[76.632581384000048,9.8676704570000311,0],[76.632582973000069,9.8676666770000452,0],[76.63258462500005,9.8676629150000394,0],[76.632586337000077,9.8676591730000496,0],[76.632588110000029,9.8676554490000399,0],[76.632589943000085,9.8676517430000672,0],[76.63259183200006,9.8676480550000747,0],[76.632593779000047,9.8676443840000729,0],[76.632595782000067,9.8676407290000725,0],[76.632597839000084,9.8676370920000522,0],[76.632599951000032,9.8676334710000333,0],[76.632602115000054,9.8676298670000619,0],[76.632604331000039,9.8676262780000457,0],[76.632606597000063,9.8676227040000413,0],[76.632608914000059,9.8676191460000382,0],[76.63261127800007,9.867615603000047,0],[76.632613690000085,9.8676120740000215,0],[76.632616148000068,9.8676085590000753,0],[76.632618652000076,9.8676050580000378,0],[76.632621200000074,9.8676015710000229,0],[76.632623791000071,9.8675980980000304,0],[76.632626425000069,9.8675946370000247,0],[76.632629099000042,9.8675911890000521,0],[76.632631814000035,9.8675877530000662,0],[76.632634568000071,9.8675843290000671,0],[76.632637359000057,9.8675809170000548,0],[76.63264018700005,9.8675775170000293,0],[76.632643051000059,9.8675741270000685,0],[76.63264595000004,9.8675707490000377,0],[76.632648884000048,9.8675673810000717,0],[76.632651849000069,9.8675640230000567,0],[76.632654847000083,9.8675606750000497,0],[76.632657874000074,9.8675573350000718,0],[76.632660932000078,9.8675540060000344,0],[76.632664017000081,9.8675506860000723,0],[76.632667130000073,9.8675473730000363,0],[76.632670270000062,9.8675440690000755,0],[76.632673434000083,9.8675407730000302,0],[76.632676623000066,9.8675374850000708,0],[76.632679836000079,9.8675342040000373,0],[76.632683070000041,9.8675309290000541,0],[76.632686325000066,9.8675276630000326,0],[76.632689601000038,9.8675244010000256,0],[76.632692895000048,9.8675211470000477,0],[76.632696208000084,9.8675178970000275,0],[76.632699538000054,9.8675146530000575,0],[76.632702882000046,9.8675114140000346,0],[76.63270624200004,9.8675081800000726,0],[76.632709615000067,9.8675049500000682,0],[76.63271300200006,9.8675017250000678,0],[76.63271639900006,9.8674985040000252,0],[76.632719808000047,9.8674952860000644,0],[76.632723225000063,9.867492071000072,0],[76.632726651000041,9.8674888590000478,0],[76.632730085000048,9.8674856500000487,0],[76.632733525000049,9.8674824430000285,0],[76.632736969000064,9.867479238000044,0],[76.632740419000072,9.8674760340000489,0],[76.632743872000049,9.8674728320000327,0],[76.632747326000072,9.8674696310000627,0],[76.632750782000073,9.8674664300000359,0],[76.632754237000029,9.8674632290000659,0],[76.632757691000052,9.8674600290000285,0],[76.632761144000085,9.8674568290000479,0],[76.632764593000047,9.8674536280000211,0],[76.632768038000052,9.8674504260000617,0],[76.632771478000052,9.8674472230000561,0],[76.63277491100007,9.867444019000061,0],[76.632778337000047,9.8674408120000408,0],[76.632781754000064,9.8674376030000417,0],[76.632785162000062,9.8674343930000532,0],[76.632788560000051,9.8674311790000502,0],[76.632791946000054,9.8674279610000326,0],[76.632795318000035,9.8674247410000362,0],[76.632798678000029,9.8674215170000252,0],[76.632802022000078,9.8674182890000566,0],[76.632805351000059,9.8674150570000734,0],[76.632808663000048,9.8674118190000399,0],[76.632811956000069,9.8674085760000594,0],[76.632815231000052,9.8674053290000643,0],[76.632818486000076,9.8674020760000758,0],[76.632821720000038,9.8673988170000371,0],[76.632824931000073,9.8673955510000724,0],[76.632828119000067,9.8673922790000574,0],[76.632831284000076,9.8673890000000597,0],[76.63283442200003,9.8673857150000686,0],[76.632837535000078,9.8673824210000589,0],[76.632840620000081,9.867379119000077,0],[76.63284367600005,9.8673758100000555,0],[76.632846703000041,9.867372491000026,0],[76.632849699000076,9.8673691650000706,0],[76.632852663000051,9.8673658290000503,0],[76.63285559600007,9.8673624840000684,0],[76.632858493000072,9.8673591290000218,0],[76.632861357000081,9.867355764000024,0],[76.632864184000084,9.8673523880000289,0],[76.632866974000081,9.8673490020000258,0],[76.63286972700007,9.8673456050000254,0],[76.632872439000039,9.8673421970000277,0],[76.632875114000058,9.8673387770000431,0],[76.632877777000033,9.867335358000048,0],[76.632880444000079,9.8673319460000357,0],[76.632883112000059,9.8673285390000274,0],[76.632885784000052,9.8673251390000587,0],[76.632888460000061,9.8673217460000728,0],[76.632891138000048,9.8673183580000341,0],[76.63289381800007,9.867314977000035,0],[76.632896502000051,9.8673116000000505,0],[76.632899188000067,9.8673082300000488,0],[76.632901877000052,9.8673048640000616,0],[76.632904569000061,9.8673015050000572,0],[76.63290726300005,9.8672981490000211,0],[76.632909959000074,9.8672947990000353,0],[76.632912657000077,9.8672914550000428,0],[76.632915359000037,9.8672881140000754,0],[76.632918062000044,9.8672847790000446,0],[76.632920768000076,9.867281447000039,0],[76.63292347600003,9.8672781210000267,0],[76.632926186000077,9.8672747980000395,0],[76.632928897000056,9.8672714790000668,0],[76.63293161200005,9.8672681650000413,0],[76.632934327000044,9.8672648540000409,0],[76.632937045000062,9.8672615460000657,0],[76.63293976500006,9.8672582430000375,0],[76.632942486000047,9.867254942000045,0],[76.632945210000059,9.8672516450000671,0],[76.632947934000072,9.8672483500000681,0],[76.632950661000052,9.8672450590000267,0],[76.632953389000079,9.867241770000021,0],[76.632956118000038,9.8672384840000404,0],[76.63295885000008,9.8672352010000282,0],[76.632961582000064,9.8672319200000516,0],[76.632964315000038,9.8672286420000432,0],[76.632967050000047,9.8672253640000349,0],[76.632969787000036,9.8672220900000411,0],[76.632972524000081,9.8672188170000368,0],[76.632975263000048,9.8672155460000681,0],[76.632978002000073,9.8672122770000215,0],[76.632980743000076,9.8672090090000211,0],[76.632983484000079,9.8672057410000207,0],[76.63298622700006,9.8672024760000454,0],[76.632988970000042,9.8671992110000701,0],[76.63299171400007,9.8671959470000274,0],[76.632994459000031,9.867192684000031,0],[76.632997204000048,9.8671894210000346,0],[76.632999951000045,9.8671861590000276,0],[76.633002697000052,9.8671828970000206,0],[76.633005444000048,9.8671796360000599,0],[76.633008192000034,9.8671763750000423,0],[76.63301093900003,9.8671731120000459,0],[76.633013688000062,9.8671698500000389,0],[76.633016436000048,9.8671665890000213,0],[76.63301918500008,9.8671633260000249,0],[76.633021934000055,9.867160062000039,0],[76.633024684000077,9.8671567980000532,0],[76.633027433000052,9.8671535330000211,0],[76.633030182000084,9.8671502660000669,0],[76.633032931000059,9.867146999000056,0],[76.633035679000045,9.8671437300000662,0],[76.633038428000077,9.8671404610000764,0],[76.633041177000052,9.867137188000072,0],[76.633043925000038,9.8671339150000676,0],[76.633046673000081,9.8671306390000382,0],[76.633049420000077,9.8671273610000299,0],[76.633052168000063,9.8671240820000321,0],[76.633054915000059,9.8671208000000661,0],[76.633057661000066,9.8671175160000644,0],[76.633060406000084,9.8671142280000481,0],[76.633063150000055,9.8671109390000424,0],[76.633065894000083,9.8671076460000222,0],[76.633068638000054,9.8671043500000337,0],[76.633071380000047,9.8671010520000664,0],[76.63307412100005,9.8670977500000276,0],[76.633076862000053,9.8670944450000206,0],[76.633079602000066,9.8670911360000559,0],[76.633082340000044,9.8670878230000767,0],[76.633085077000032,9.8670845070000723,0],[76.633087813000031,9.867081186000064,0],[76.633090548000041,9.8670778620000306,0],[76.633093282000061,9.86707453300005,0],[76.633096014000046,9.8670712000000549,0],[76.633098745000041,9.8670678630000452,0],[76.633101474000057,9.8670645210000316,0],[76.633104203000073,9.8670611730000246,0],[76.633106929000064,9.8670578210000599,0],[76.633109654000066,9.8670544640000344,0],[76.633112376000042,9.8670511020000617,0],[76.633115098000076,9.8670477340000389,0],[76.633117817000084,9.8670443620000583,0],[76.633120535000046,9.8670409830000381,0],[76.633123251000029,9.8670375990000707,0],[76.633125965000033,9.8670342080000637,0],[76.633128676000069,9.8670308120000527,0],[76.633131386000059,9.8670274090000589,0],[76.63313409400007,9.8670240010000612,0],[76.633136799000056,9.8670205860000237,0],[76.633139503000052,9.8670171630000709,0],[76.63314220400008,9.8670137350000573,0],[76.633144902000083,9.8670103000000609,0],[76.63314759900004,9.8670068580000247,0],[76.633150293000085,9.8670034080000733,0],[76.633152983000059,9.8669999510000252,0],[76.633155672000044,9.8669964870000513,0],[76.63315835800006,9.8669930150000482,0],[76.633161041000051,9.8669895360000623,0],[76.633163722000063,9.8669860490000474,0],[76.63316640000005,9.8669825540000602,0],[76.633169075000069,9.8669790510000439,0],[76.633171747000063,9.866975539000066,0],[76.633174415000042,9.8669720200000484,0],[76.633177082000032,9.8669684910000228,0],[76.633179745000064,9.866964954000025,0],[76.633182404000081,9.866961409000055,0],[76.633185061000063,9.8669578540000771,0],[76.633187715000076,9.8669542900000238,0],[76.633190365000075,9.8669507170000657,0],[76.63319301100006,9.8669471350000322,0],[76.633195655000065,9.8669435430000476,0],[76.633198294000067,9.8669399420000445,0],[76.633200931000033,9.8669363310000335,0],[76.633203564000041,9.8669327100000714,0],[76.633206193000035,9.8669290790000446,0],[76.63320881900006,9.8669254380000666,0],[76.633211440000082,9.8669217860000344,0],[76.633214058000078,9.8669181240000512,0],[76.63321667200006,9.8669144510000706,0],[76.633219282000084,9.8669107690000715,0],[76.633221888000037,9.8669070750000287,0],[76.633224491000078,9.866903369000056,0],[76.633227085000044,9.8668996520000292,0],[76.633229635000077,9.8668959150000433,0],[76.633232135000071,9.8668921550000732,0],[76.633234585000082,9.8668883730000516,0],[76.633236984000064,9.866884571000071,0],[76.633239336000031,9.8668807470000388,0],[76.633241639000062,9.8668769030000476,0],[76.633243892000053,9.8668730390000405,0],[76.633246098000029,9.8668691540000282,0],[76.633248256000059,9.8668652500000462,0],[76.633250367000073,9.8668613270000378,0],[76.633252432000063,9.8668573850000598,0],[76.633254450000038,9.8668534240000554,0],[76.633256423000034,9.8668494460000602,0],[76.633258350000062,9.866845450000028,0],[76.633260232000055,9.8668414360000725,0],[76.633262069000068,9.8668374050000693,0],[76.633263862000035,9.8668333570000755,0],[76.633265612000059,9.8668292930000234,0],[76.633267318000037,9.8668252130000269,0],[76.633268981000072,9.8668211170000291,0],[76.633270601000049,9.8668170070000656,0],[76.633272179000073,9.8668128810000439,0],[76.633273717000066,9.8668087400000672,0],[76.633275212000058,9.8668045850000681,0],[76.633276666000029,9.8668004170000358,0],[76.633278080000082,9.8667962340000486,0],[76.633279455000036,9.8667920380000282,0],[76.633280789000082,9.8667878300000211,0],[76.633282084000029,9.8667836090000378,0],[76.633283341000038,9.8667793760000677,0],[76.63328455900006,9.866775131000054,0],[76.633285740000076,9.8667708750000429,0],[76.63328688200005,9.866766607000045,0],[76.633287988000063,9.8667623280000498,0],[76.63328905700007,9.8667580400000361,0],[76.63329009000006,9.8667537420000713,0],[76.633291087000032,9.8667494340000417,0],[76.633292048000044,9.866745116000061,0],[76.633292975000074,9.8667407890000618,0],[76.633293867000077,9.8667364540000335,0],[76.633294724000052,9.866732111000033,0],[76.633295549000081,9.8667277590000708,0],[76.633296339000083,9.866723400000069,0],[76.633297096000035,9.8667190340000275,0],[76.633297822000031,9.8667146600000706,0],[76.633298516000082,9.8667102810000529,0],[76.633299177000083,9.8667058960000418,0],[76.633299807000071,9.8667015040000479,0],[76.633300406000046,9.8666971060000606,0],[76.633300976000044,9.8666927040000587,0],[76.633301514000038,9.8666882970000529,0],[76.633302023000056,9.8666838860000325,0],[76.633302504000085,9.8666794700000651,0],[76.633302955000033,9.8666750520000619,0],[76.63330337900004,9.8666706290000548,0],[76.633303774000069,9.8666662030000225,0],[76.633304142000043,9.8666617760000577,0],[76.633304483000074,9.8666573450000215,0],[76.633304797000051,9.8666529130000526,0],[76.633305085000075,9.8666484790000482,0],[76.633305347000032,9.8666440430000648,0],[76.633305584000084,9.8666396080000709,0],[76.633305796000059,9.8666351710000413,0],[76.633305983000071,9.8666307340000685,0],[76.633306146000052,9.8666262970000389,0],[76.63330628500006,9.866621862000045,0],[76.633306401000084,9.8666174260000616,0],[76.633306495000056,9.8666129930000466,0],[76.633306565000055,9.8666085600000315,0],[76.633306613000059,9.8666041300000416,0],[76.633306641000047,9.866599701000041,0],[76.633306646000051,9.8665952750000656,0],[76.633306632000028,9.8665908530000479,0],[76.633306596000068,9.8665864340000553,0],[76.633306540000035,9.8665820190000773,0],[76.633306466000079,9.8665776080000569,0],[76.63330637200005,9.8665732000000617,0],[76.633306259000051,9.8665687980000598,0],[76.633306128000072,9.8665644000000725,0],[76.633305979000056,9.866560009000068,0],[76.63330581300005,9.8665556230000675,0],[76.633305629000063,9.8665512430000604,0],[76.633305430000064,9.8665468700000361,0],[76.633305213000085,9.8665425040000514,0],[76.633304982000084,9.8665381440000601,0],[76.633304734000035,9.8665337930000305,0],[76.633304471000031,9.8665294490000406,0],[76.633304195000051,9.8665251130000229,0],[76.633303903000069,9.8665207860000237,0],[76.633303599000044,9.8665164690000324,0],[76.633303281000053,9.8665121600000703,0],[76.633302951000076,9.8665078620000486,0],[76.633302607000076,9.8665035730000454,0],[76.633302252000078,9.8664992940000502,0],[76.633301886000083,9.8664950270000418,0],[76.633301507000056,9.8664907690000518,0],[76.633301119000066,9.8664865240000381,0],[76.633300720000079,9.8664822920000574,0],[76.633300310000038,9.8664780700000279,0],[76.633299891000036,9.8664738610000313,0],[76.633299464000061,9.8664696650000678,0],[76.633299025000042,9.8664654820000237,0],[76.633298558000035,9.8664613000000259,0],[76.633298058000037,9.8664571210000531,0],[76.633297527000082,9.8664529420000235,0],[76.633296964000067,9.8664487640000402,0],[76.633296370000039,9.8664445890000252,0],[76.633295745000055,9.8664404130000207,0],[76.633295090000047,9.8664362400000414,0],[76.633294404000083,9.8664320680000515,0],[76.633293687000048,9.8664278980000404,0],[76.633292941000036,9.8664237280000293,0],[76.633292166000047,9.8664195610000434,0],[76.633291361000033,9.8664153950000468,0],[76.633290527000042,9.8664112310000291,0],[76.633289664000074,9.8664070680000577,0],[76.633288772000071,9.8664029070000652,0],[76.63328785300007,9.8663987490000409,0],[76.63328690600008,9.8663945920000629,0],[76.633285930000056,9.8663904360000743,0],[76.63328492800008,9.8663862830000539,0],[76.633283898000059,9.8663821320000693,0],[76.633282840000049,9.8663779820000741,0],[76.633281757000077,9.8663738340000577,0],[76.633280647000049,9.8663696890000665,0],[76.633279512000058,9.8663655460000541,0],[76.633278350000069,9.8663614050000206,0],[76.633277163000059,9.8663572660000227,0],[76.633275949000051,9.86635313000005,0],[76.633274712000059,9.8663489960000561,0],[76.633273449000058,9.8663448640000411,0],[76.633272163000072,9.8663407350000512,0],[76.633270851000077,9.8663366080000401,0],[76.633269516000041,9.8663324840000541,0],[76.633268157000032,9.866328362000047,0],[76.633266775000038,9.8663242430000651,0],[76.633265370000061,9.8663201260000619,0],[76.633263941000052,9.8663160130000733,0],[76.63326248900006,9.8663119020000636,0],[76.633261017000052,9.8663077930000327,0],[76.63325952100007,9.8663036870000269,0],[76.633258004000083,9.8662995850000357,0],[76.633256465000045,9.8662954850000233,0],[76.633254905000058,9.8662913890000254,0],[76.633253324000066,9.8662872950000633,0],[76.633251722000068,9.8662832040000694,0],[76.633250100000055,9.8662791160000438,0],[76.633248457000036,9.8662750320000328,0],[76.633246795000048,9.8662709510000468,0],[76.633245113000044,9.8662668730000291,0],[76.63324341200007,9.8662627980000366,0],[76.63324169100008,9.8662587270000586,0],[76.633239951000064,9.8662546590000488,0],[76.633238193000068,9.8662505950000536,0],[76.633236417000035,9.8662465330000373,0],[76.633234622000032,9.8662424750000355,0],[76.633232810000038,9.8662384210000482,0],[76.633230981000054,9.8662343710000755,0],[76.633229133000043,9.8662303240000711,0],[76.633227269000031,9.8662262810000243,0],[76.633225389000074,9.8662222410000595,0],[76.633223491000081,9.8662182060000418,0],[76.633221578000075,9.8662141740000493,0],[76.633219648000079,9.8662101460000713,0],[76.63321770400006,9.866206122000051,0],[76.633215743000051,9.8662021020000452,0],[76.633213768000076,9.866198086000054,0],[76.633211774000074,9.866194078000035,0],[76.63320974100003,9.8661901000000398,0],[76.633207666000033,9.8661861560000261,0],[76.633205549000081,9.8661822440000719,0],[76.633203393000031,9.866178365000053,0],[76.633201196000073,9.8661745180000366,0],[76.633198960000072,9.8661707010000441,0],[76.633196687000066,9.8661669170000437,0],[76.633194375000073,9.8661631610000313,0],[76.633192027000064,9.8661594350000428,0],[76.633189642000048,9.8661557380000318,0],[76.63318722300005,9.8661520700000551,0],[76.633184769000081,9.8661484290000772,0],[76.633182281000074,9.866144815000041,0],[76.633179759000029,9.8661412290000499,0],[76.633177206000084,9.8661376690000679,0],[76.633174620000034,9.8661341350000384,0],[76.633172004000073,9.8661306250000393,0],[76.633169358000032,9.8661271400000601,0],[76.633166682000081,9.8661236790000544,0],[76.633163977000038,9.8661202420000222,0],[76.633161244000064,9.8661168270000417,0],[76.633158484000035,9.8661134340000558,0],[76.633155697000063,9.8661100640000541,0],[76.633152885000072,9.8661067150000576,0],[76.633150048000061,9.8661033860000771,0],[76.633147185000041,9.866100078000045,0],[76.633144300000083,9.8660967880000499,0],[76.633141391000038,9.8660935180000706,0],[76.633138460000055,9.8660902660000716,0],[76.633135509000056,9.8660870330000421,0],[76.633132537000051,9.8660838160000708,0],[76.633129543000052,9.8660806170000228,0],[76.633126531000073,9.866077434000033,0],[76.633123501000057,9.8660742650000657,0],[76.63312045400005,9.8660711130000323,0],[76.633117388000073,9.8660679740000319,0],[76.633114306000039,9.8660648500000434,0],[76.633111210000038,9.8660617390000311,0],[76.633108098000037,9.8660586410000519,0],[76.633104972000069,9.8660555560000489,0],[76.633101833000069,9.8660524820000433,0],[76.633098681000035,9.866049419000035,0],[76.633095517000072,9.866046367000024,0],[76.633092343000044,9.8660433260000673,0],[76.63308915600004,9.8660402930000259,0],[76.633085961000063,9.86603726900006,0],[76.633082758000057,9.8660342540000556,0],[76.633079545000044,9.8660312470000235,0],[76.633076325000047,9.8660282480000205,0],[76.633073098000068,9.8660252540000215,0],[76.633069866000085,9.8660222670000621,0],[76.633066628000051,9.8660192860000393,0],[76.63306338600006,9.8660163110000667,0],[76.633060140000055,9.866013338000073,0],[76.633056890000034,9.8660103710000726,0],[76.633053638000035,9.8660074070000405,0],[76.633050384000057,9.8660044460000336,0],[76.63304713000008,9.8660014870000623,0],[76.633043876000045,9.8659985300000699,0],[76.633040622000067,9.8659955730000206,0],[76.633037369000078,9.8659926180000639,0],[76.633034119000058,9.8659896630000503,0],[76.633030870000084,9.8659867070000473,0],[76.633027626000057,9.8659837500000549,0],[76.633024386000045,9.8659807910000268,0],[76.633021150000047,9.8659778310000661,0],[76.633017921000032,9.8659748680000234,0],[76.633014697000078,9.8659719010000231,0],[76.633011482000029,9.8659689310000545,0],[76.63300827300003,9.865965956000025,0],[76.633005073000049,9.8659629760000485,0],[76.633001884000066,9.8659599910000679,0],[76.632998704000045,9.8659570000000372,0],[76.632995535000077,9.8659540020000236,0],[76.632992377000051,9.8659509970000272,0],[76.632989231000067,9.865947985000048,0],[76.63298609900005,9.8659449640000503,0],[76.632982980000065,9.8659419350000235,0],[76.632979876000036,9.8659388950000562,0],[76.632976788000065,9.8659358460000703,0],[76.632973714000059,9.865932788000066,0],[76.632970658000033,9.8659297170000286,0],[76.632967619000055,9.8659266350000507,0],[76.632964599000047,9.8659235410000292,0],[76.632961597000076,9.8659204340000315,0],[76.632958614000074,9.8659173140000576,0],[76.632955653000067,9.8659141800000612,0],[76.63295271100003,9.8659110320000423,0],[76.632949792000034,9.8659078690000683,0],[76.632946896000078,9.8659046900000362,0],[76.63294402300005,9.8659014950000596,0],[76.632941173000063,9.8658982850000712,0],[76.632938349000085,9.8658950550000668,0],[76.63293555000007,9.8658918090000611,0],[76.632932777000065,9.8658885450000753,0],[76.632930031000058,9.865885262000063,0],[76.632927313000039,9.8658819590000348,0],[76.632924623000065,9.8658786370000371,0],[76.632921962000069,9.865875294000034,0],[76.632919331000039,9.8658719300000257,0],[76.632916732000069,9.8658685440000227,0],[76.632914162000077,9.8658651370000712,0],[76.632911625000077,9.8658617060000324,0],[76.632909121000068,9.8658582520000664,0],[76.632906651000042,9.8658547750000594,0],[76.632904215000053,9.8658512730000325,0],[76.632901814000036,9.8658477460000427,0],[76.632899448000046,9.8658441930000436,0],[76.632897119000063,9.8658406150000246,0],[76.63289482700003,9.8658370100000639,0],[76.632892573000049,9.8658333770000581,0],[76.632890358000054,9.8658297170000537,0],[76.632888182000045,9.8658260300000507,0],[76.632886046000067,9.8658223130000238,0],[76.632883951000053,9.8658185670000762,0],[76.632881898000051,9.8658147900000586,0],[76.632879888000048,9.8658109840000634,0],[76.632877919000066,9.8658071450000762,0],[76.632875995000063,9.8658032760000651,0],[76.632874112000081,9.8657993760000409,0],[76.632872260000056,9.8657954460000497,0],[76.632870440000033,9.8657914880000703,0],[76.632868654000049,9.8657875030000355,0],[76.632866901000057,9.8657834900000694,0],[76.632865182000046,9.8657794520000266,0],[76.632863495000038,9.865775387000042,0],[76.632861844000047,9.8657712990000732,0],[76.632860226000048,9.865767187000074,0],[76.632858643000077,9.8657630510000445,0],[76.632857096000066,9.865758893000077,0],[76.632855583000037,9.865754713000058,0],[76.632854106000082,9.8657505130000231,0],[76.63285266500003,9.8657462920000398,0],[76.632851260000052,9.8657420510000406,0],[76.632849891000035,9.8657377920000613,0],[76.632848559000081,9.8657335160000343,0],[76.632847264000077,9.8657292200000484,0],[76.632846007000069,9.8657249100000399,0],[76.632844786000078,9.8657205830000407,0],[76.632843604000072,9.8657162420000759,0],[76.632842461000052,9.8657118870000318,0],[76.632841355000039,9.8657075170000326,0],[76.632840289000058,9.8657031340000572,0],[76.632839261000072,9.8656987400000276,0],[76.632838273000061,9.865694334000068,0],[76.632837325000082,9.8656899180000437,0],[76.632836417000078,9.8656854930000577,0],[76.632835549000049,9.8656810570000744,0],[76.632834721000052,9.8656766140000514,0],[76.632833936000054,9.8656721620000667,0],[76.632833191000032,9.8656677040000318,0],[76.632832486000041,9.8656632400000603,0],[76.632831825000039,9.8656587700000387,0],[76.632831205000059,9.8656542960000593,0],[76.632830628000079,9.8656498170000759,0],[76.632830093000052,9.8656453360000569,0],[76.632829602000072,9.8656408520000696,0],[76.632829153000046,9.8656363660000466,0],[76.632828749000055,9.8656318800000236,0],[76.632828387000075,9.865627393000068,0],[76.632828071000063,9.865622907000045,0],[76.63282779900004,9.865618421000022,0],[76.632827571000064,9.8656139380000241,0],[76.632827389000056,9.8656094580000513,0],[76.632827252000084,9.8656049800000574,0],[76.632827160000033,9.8656005080000568,0],[76.632827115000055,9.8655960400000708,0],[76.632827116000044,9.865591577000032,0],[76.632827164000048,9.8655871210000328,0],[76.632827259000067,9.8655826730000626,0],[76.632827400000053,9.8655782320000753,0],[76.632827589000044,9.8655738000000497,0],[76.632827827000085,9.8655693770000426,0],[76.632828112000084,9.8655649640000433,0],[76.63282844500003,9.8655605630000309,0],[76.632828827000083,9.8655561720000264,0],[76.632829258000072,9.865551794000055,0],[76.632829738000055,9.8655474290000598,0],[76.632830269000067,9.8655430780000302,0],[76.632830848000083,9.865538741000023,0],[76.632831478000071,9.8655344200000741,0],[76.632832159000031,9.8655301150000696,0],[76.632832890000032,9.8655258270000559,0],[76.632833672000061,9.8655215560000329,0],[76.632834506000052,9.8655173030000469,0],[76.632835391000071,9.8655130680000411,0],[76.632836328000053,9.8655088550000301,0],[76.632837317000053,9.8655046610000454,0],[76.632838359000061,9.8655004880000661,0],[76.632839454000077,9.8654963380000709,0],[76.632840602000044,9.8654922090000241,0],[76.632841804000066,9.865488105000054,0],[76.632843059000038,9.8654840250000575,0],[76.632844368000065,9.8654799690000345,0],[76.632845732000078,9.8654759390000208,0],[76.632847149000042,9.8654719360000627,0],[76.632848623000029,9.8654679600000463,0],[76.632850132000044,9.8654640010000207,0],[76.632851661000075,9.8654600490000348,0],[76.632853210000064,9.8654561050000211,0],[76.632854780000059,9.8654521690000365,0],[76.632856369000081,9.8654482400000347,0],[76.632857977000072,9.865444319000062,0],[76.632859606000068,9.8654404060000616,0],[76.632861254000034,9.8654365000000439,0],[76.632862922000072,9.8654326010000659,0],[76.63286461000007,9.8654287100000602,0],[76.632866316000047,9.8654248260000372,0],[76.63286804300003,9.865420949000054,0],[76.63286978900004,9.8654170790000535,0],[76.632871555000065,9.8654132160000358,0],[76.632873339000071,9.8654093610000473,0],[76.632875143000035,9.8654055120000521,0],[76.632876967000072,9.8654016690000503,0],[76.632878810000079,9.8653978340000208,0],[76.632880672000056,9.8653940060000309,0],[76.632882553000059,9.8653901850000238,0],[76.632884454000077,9.8653863690000207,0],[76.632886373000076,9.8653825610000467,0],[76.632888312000034,9.8653787580000767,0],[76.632890269000029,9.865374963000022,0],[76.63289224500005,9.8653711740000745,0],[76.632894241000031,9.8653673910000634,0],[76.632896255000048,9.8653636140000458,0],[76.632898288000035,9.8653598440000678,0],[76.632900340000049,9.865356079000037,0],[76.632902411000032,9.8653523210000458,0],[76.632904500000052,9.865348569000048,0],[76.632906608000042,9.8653448220000541,0],[76.632908734000068,9.8653410810000537,0],[76.632910880000054,9.8653373470000361,0],[76.63291304300003,9.865333617000033,0],[76.632915225000033,9.8653298940000695,0],[76.632917426000063,9.8653261760000532,0],[76.632919645000072,9.8653224640000303,0],[76.632921882000062,9.8653187570000682,0],[76.632924138000078,9.8653150550000532,0],[76.632926411000085,9.8653113600000211,0],[76.632928704000051,9.8653076690000603,0],[76.632931014000064,9.8653039830000466,0],[76.632933342000058,9.8653003030000264,0],[76.632935688000032,9.8652966280000669,0],[76.632938053000032,9.8652929570000651,0],[76.632940436000069,9.8652892920000568,0],[76.632942836000041,9.8652856320000524,0],[76.632945254000049,9.8652819760000625,0],[76.632947690000037,9.865278326000066,0],[76.632950145000052,9.8652746800000273,0],[76.632952615000079,9.8652710380000599,0],[76.632955105000065,9.8652674010000396,0],[76.632957612000041,9.8652637690000233,0],[76.632960138000044,9.8652601410000216,0],[76.632962680000048,9.8652565170000344,0],[76.632965239000043,9.8652528980000511,0],[76.632967817000065,9.8652492840000718,0],[76.632970412000077,9.8652456730000608,0],[76.632973025000069,9.8652420670000538,0],[76.632975654000063,9.8652384650000613,0],[76.632978302000083,9.8652348660000371,0],[76.632980966000048,9.8652312720000737,0],[76.632983648000049,9.8652276810000217,0],[76.632986346000052,9.8652240940000411,0],[76.632989062000036,9.8652205120000644,0],[76.632991795000066,9.8652169330000561,0],[76.632994545000031,9.8652133570000728,0],[76.632997312000043,9.8652097850000473,0],[76.633000097000036,9.8652062170000363,0],[76.633002898000029,9.8652026520000504,0],[76.633005708000042,9.8651990950000368,0],[76.633008509000035,9.8651955610000641,0],[76.633011298000042,9.8651920490000293,0],[76.633014079000077,9.8651885610000249,0],[76.633016851000036,9.8651850950000721,0],[76.63301961600007,9.865181653000036,0],[76.633022377000032,9.8651782320000621,0],[76.633025134000036,9.8651748340000722,0],[76.633027888000072,9.8651714580000771,0],[76.633030642000051,9.8651681040000767,0],[76.63303339600003,9.8651647710000248,0],[76.633036152000045,9.8651614600000244,0],[76.633038911000085,9.8651581700000293,0],[76.633041676000062,9.8651549020000289,0],[76.633044446000042,9.8651516540000443,0],[76.633047224000052,9.8651484280000545,0],[76.63305001100008,9.8651452220000238,0],[76.63305280700007,9.8651420360000657,0],[76.633055616000036,9.8651388700000666,0],[76.633058438000035,9.8651357250000729,0],[76.633061274000056,9.8651325990000487,0],[76.633064127000068,9.8651294930000404,0],[76.633066997000071,9.8651264070000479,0],[76.633069885000054,9.8651233400000251,0],[76.633072794000043,9.8651202920000287,0],[76.633075724000037,9.8651172640000482,0],[76.633078678000061,9.8651142530000584,0],[76.633081656000059,9.8651112620000276,0],[76.633084659000076,9.8651082880000445,0],[76.633087690000082,9.8651053340000772,0],[76.633090749000075,9.8651023970000438,0],[76.633093839000082,9.8650994780000474,0],[76.633096960000046,9.8650965770000312,0],[76.633100114000058,9.8650936930000626,0],[76.633103301000062,9.8650908270000741,0],[76.633106525000073,9.8650879780000764,0],[76.633109785000045,9.8650851450000232,0],[76.633113084000058,9.8650823290000744,0],[76.633116424000036,9.865079531000049,0],[76.633119804000046,9.8650767480000354,0],[76.633123226000066,9.8650739810000232,0],[76.633126694000055,9.8650712310000586,0],[76.633130206000033,9.8650684970000384,0],[76.633133765000082,9.8650657780000301,0],[76.633137373000068,9.8650630750000232,0],[76.633141030000047,9.8650603870000282,0],[76.633144738000055,9.8650577140000451,0],[76.633148500000061,9.8650550560000738,0],[76.633152315000075,9.8650524130000576,0],[76.633156185000075,9.8650497840000639,0],[76.633160110000063,9.8650471710000716,0],[76.63316405300003,9.8650445860000673,0],[76.633168002000048,9.8650420350000445,0],[76.633171956000069,9.8650395170000706,0],[76.633175917000074,9.865037032000032,0],[76.633179884000072,9.8650345820000211,0],[76.633183857000063,9.8650321660000486,0],[76.633187836000047,9.8650297830000682,0],[76.633191820000036,9.8650274370000375,0],[76.633195811000064,9.8650251240000557,0],[76.633199808000029,9.8650228460000449,0],[76.633203810000055,9.8650206030000618,0],[76.633207817000084,9.8650183970000285,0],[76.63321183100004,9.8650162240000441,0],[76.633215851000045,9.8650140890000557,0],[76.633219877000045,9.8650119890000383,0],[76.633223908000048,9.8650099260000275,0],[76.633227945000044,9.8650078990000338,0],[76.633231988000034,9.8650059080000574,0],[76.633236037000074,9.865003955000077,0],[76.633240091000062,9.8650020390000464,0],[76.633244151000042,9.8650001610000686,0],[76.633248216000084,9.8649983190000512,0],[76.633252287000062,9.8649965160000761,0],[76.633256363000044,9.8649947500000508,0],[76.633260446000065,9.8649930240000572,0],[76.633264533000045,9.8649913350000702,0],[76.633268627000064,9.8649896850000687,0],[76.63327272600003,9.8649880730000632,0],[76.633276830000057,9.8649865010000326,0],[76.633280941000066,9.8649849680000443,0],[76.633285056000034,9.8649834750000309,0],[76.633289177000051,9.8649820220000493,0],[76.633293303000073,9.8649806080000531,0],[76.633297434000042,9.8649792340000317,0],[76.63330157200005,9.8649779010000316,0],[76.633305715000063,9.8649766090000526,0],[76.633309862000033,9.8649753570000485,0],[76.633314015000053,9.8649741460000655,0],[76.633318174000067,9.8649729760000469,0],[76.633322337000038,9.8649718490000282,0],[76.633326507000049,9.8649707630000307,0],[76.633330681000075,9.8649697180000544,0],[76.633334861000037,9.8649687160000212,0],[76.633339045000071,9.8649677560000555,0],[76.63334323600003,9.8649668380000435,0],[76.633347431000061,9.8649659640000209,0],[76.633351631000039,9.8649651330000552,0],[76.633355837000067,9.8649643440000432,0],[76.633360047000053,9.8649635990000206,0],[76.633364264000079,9.8649628980000443,0],[76.633368484000073,9.864962240000068,0],[76.63337271000006,9.8649616270000706,0],[76.633376941000051,9.8649610580000626,0],[76.633381177000047,9.8649605330000441,0],[76.633385418000046,9.8649600530000612,0],[76.633389663000059,9.8649596180000572,0],[76.633393914000067,9.864959228000032,0],[76.633398171000067,9.864958884000032,0],[76.633402431000036,9.8649585850000676,0],[76.633406697000055,9.8649583320000716,0],[76.633410968000078,9.8649581250000438,0],[76.633415244000048,9.8649579640000411,0],[76.633419524000033,9.864957850000053,0],[76.633423809000078,9.8649577820000331,0],[76.633428099000071,9.8649577610000279,0],[76.633432394000067,9.8649577720000252,0],[76.633436693000078,9.864957797000045,0],[76.633440995000058,9.8649578400000451,0],[76.63344530300003,9.8649578990000464,0],[76.633449614000085,9.8649579760000279,0],[76.633453927000062,9.8649580670000319,0],[76.633458246000032,9.8649581760000729,0],[76.633462567000038,9.8649583010000583,0],[76.633466891000069,9.8649584430000345,0],[76.633471217000078,9.8649586010000689,0],[76.633475547000046,9.8649587760000372,0],[76.633479879000049,9.8649589680000531,0],[76.633484214000077,9.8649591750000241,0],[76.633488550000038,9.8649594010000214,0],[76.633492889000081,9.8649596420000307,0],[76.633497230000046,9.864959901000077,0],[76.633501572000057,9.8649601760000678,0],[76.633505915000057,9.8649604680000493,0],[76.633510261000083,9.8649607770000216,0],[76.633514607000052,9.8649611020000521,0],[76.633518955000056,9.8649614440000732,0],[76.633523303000061,9.8649618040000746,0],[76.633527652000055,9.8649621800000205,0],[76.633532001000049,9.8649625740000602,0],[76.633536351000032,9.8649629830000549,0],[76.633540701000072,9.8649634100000299,0],[76.633545051000056,9.8649638540000524,0],[76.633549401000039,9.8649643160000551,0],[76.633553750000033,9.8649647940000591,0],[76.633558099000084,9.8649652890000539,0],[76.633562447000031,9.8649658020000288,0],[76.633566794000046,9.8649663320000514,0],[76.633571140000072,9.8649668780000752,0],[76.633575485000051,9.8649674420000224,0],[76.633579828000052,9.864968023000074,0],[76.633584170000063,9.864968622000049,0],[76.633588510000038,9.8649692380000715,0],[76.633592848000035,9.8649698700000386,0],[76.633597185000042,9.864970521000032,0],[76.633601519000081,9.8649711880000268,0],[76.633605850000038,9.864971874000048,0],[76.633610179000073,9.8649725760000706,0],[76.633614505000082,9.8649732960000733,0],[76.633618828000067,9.8649740330000668,0],[76.633623149000073,9.8649747880000405,0],[76.633627465000075,9.8649755610000511,0],[76.633631778000051,9.8649763510000525,0],[76.63363608800006,9.8649771580000447,0],[76.633640394000054,9.8649779820000276,0],[76.633644696000033,9.864978825000037,0],[76.633648993000065,9.8649796850000371,0],[76.633653287000072,9.8649805630000742,0],[76.633657576000076,9.8649814580000452,0],[76.633661860000075,9.8649823710000533,0],[76.63366613900007,9.8649833030000309,0],[76.633670414000051,9.8649842510000667,0],[76.633674683000038,9.8649852180000721,0],[76.633678947000078,9.8649862030000577,0],[76.633683205000068,9.8649872040000446,0],[76.633687458000054,9.8649882240000579,0],[76.633691705000047,9.8649892620000514,0],[76.633695946000046,9.8649903170000357,0],[76.633700180000062,9.8649913910000464,0],[76.633704409000075,9.8649924830000373,0],[76.633708630000058,9.8649935930000652,0],[76.633712846000037,9.8649947180000481,0],[76.633717060000038,9.8649958490000245,0],[76.633721272000059,9.8649969830000259,0],[76.633725483000035,9.8649981210000419,0],[76.633729692000031,9.8649992610000368,0],[76.633733901000085,9.8650004050000462,0],[76.633738108000045,9.8650015520000238,0],[76.633742313000084,9.8650027030000729,0],[76.633746517000077,9.8650038570000333,0],[76.63375072000008,9.8650050130000295,0],[76.633754922000037,9.8650061730000402,0],[76.633759122000072,9.8650073370000655,0],[76.63376332100006,9.8650085020000233,0],[76.63376751900006,9.8650096710000525,0],[76.63377171500008,9.86501084300005,0],[76.633775910000054,9.8650120180000727,0],[76.633780105000085,9.8650131940000279,0],[76.63378429800008,9.8650143750000439,0],[76.633788490000029,9.8650155580000387,0],[76.633792681000045,9.8650167430000693,0],[76.633796871000072,9.8650179310000681,0],[76.633801059000064,9.8650191220000352,0],[76.633805247000055,9.8650203140000485,0],[76.633809434000057,9.8650215100000764,0],[76.63381361900008,9.8650227080000263,0],[76.633817804000046,9.8650239080000688,0],[76.633821987000033,9.8650251110000227,0],[76.633826170000077,9.8650263170000585,0],[76.633830352000075,9.8650275230000375,0],[76.633834533000083,9.865028733000031,0],[76.633838712000056,9.8650299440000708,0],[76.633842891000029,9.8650311580000221,0],[76.633847069000069,9.8650323740000658,0],[76.633851246000063,9.8650335910000422,0],[76.633855422000067,9.8650348120000331,0],[76.633859598000072,9.865036033000024,0],[76.633863772000041,9.8650372560000505,0],[76.633867946000066,9.8650384820000454,0],[76.633872120000035,9.8650397090000297,0],[76.633876292000082,9.8650409370000602,0],[76.633880463000082,9.8650421680000591,0],[76.633884635000072,9.8650434010000367,0],[76.633888805000083,9.8650446340000713,0],[76.633892975000037,9.8650458690000278,0],[76.63389714300007,9.8650471060000768,0],[76.633901312000035,9.8650483440000585,0],[76.633905479000077,9.8650495840000758,0],[76.633909647000053,9.8650508250000257,0],[76.63391381200006,9.8650520680000682,0],[76.633917979000046,9.8650533110000538,0],[76.633922144000053,9.8650545560000751,0],[76.633926308000071,9.865055802000029,0],[76.633930473000078,9.8650570490000291,0],[76.633934637000038,9.865058298000065,0],[76.633938800000067,9.8650595470000439,0],[76.633942963000038,9.8650607970000692,0],[76.633947125000077,9.8650620490000733,0],[76.633951288000048,9.8650633010000206,0],[76.633955449000041,9.865064554000071,0],[76.63395961100008,9.8650658070000645,0],[76.633963771000083,9.8650670620000369,0],[76.633967931000029,9.8650683180000556,0],[76.633972092000079,9.865069573000028,0],[76.633976251000036,9.865070830000036,0],[76.633980411000039,9.8650720870000441,0],[76.633984570000052,9.8650733450000416,0],[76.633988729000066,9.8650746040000286,0],[76.63399288800008,9.8650758620000261,0],[76.633997047000037,9.8650771210000698,0],[76.634001205000061,9.8650783800000568,0],[76.634005363000028,9.8650796400000331,0],[76.634009521000053,9.8650809000000663,0],[76.634013679000077,9.8650821600000427,0],[76.634017837000044,9.8650834210000653,0],[76.634021994000079,9.8650846810000417,0],[76.634026152000047,9.8650859420000643,0],[76.634030309000082,9.8650872030000301,0],[76.63403446600006,9.8650884640000527,0],[76.634038624000084,9.865089724000029,0],[76.634042781000062,9.8650909850000517,0],[76.634046939000029,9.865092245000028,0],[76.634051096000064,9.8650935050000612,0],[76.634055253000042,9.865094766000027,0],[76.634059410000077,9.8650960250000708,0],[76.634063568000045,9.8650972840000577,0],[76.634067725000079,9.8650985430000446,0],[76.634071883000047,9.8650998010000421,0],[76.634076041000071,9.8651010600000291,0],[76.634080199000039,9.8651023170000371,0],[76.634084357000063,9.8651035740000452,0],[76.63408851500003,9.8651048310000533,0],[76.634092673000055,9.8651060860000257,0],[76.634096832000068,9.8651073410000549,0],[76.634100991000082,9.8651085960000273,0],[76.634105150000039,9.8651098480000314,0],[76.634109309000053,9.865111101000025,0],[76.634113469000056,9.8651123520000397,0],[76.634117629000059,9.8651136040000438,0],[76.634121789000062,9.865114854000069,0],[76.634125950000055,9.8651161020000586,0],[76.634130111000047,9.8651173500000482,0],[76.634134273000029,9.8651185960000589,0],[76.634138435000068,9.8651198420000696,0],[76.63414259700005,9.8651210860000447,0],[76.634146759000032,9.8651223290000303,0],[76.63415092200006,9.8651235710000265,0],[76.634155086000078,9.8651248110000438,0],[76.634159250000039,9.8651260500000717,0],[76.634163414000056,9.8651272880000533,0],[76.634167579000064,9.8651285240000561,0],[76.634171744000071,9.8651297580000232,0],[76.634175911000057,9.8651309910000577,0],[76.634180078000043,9.865132223000046,0],[76.634184245000029,9.865133452000066,0],[76.634188413000061,9.8651346800000397,0],[76.634192581000036,9.8651359060000345,0],[76.634196750000058,9.8651371300000505,0],[76.634200921000058,9.8651383530000771,0],[76.634205092000059,9.865139574000068,0],[76.63420926200007,9.8651407920000338,0],[76.63421343400006,9.865142009000067,0],[76.634217607000039,9.8651432230000751,0],[76.634221781000065,9.8651444360000369,0],[76.634225955000034,9.8651456470000767,0],[76.634230131000038,9.8651468550000345,0],[76.634234306000053,9.8651480610000704,0],[76.634238483000047,9.8651492650000705,0],[76.634242660000041,9.8651504660000455,0],[76.63424683900007,9.8651516650000417,0],[76.634251018000043,9.865152862000059,0],[76.634255199000052,9.8651540560000512,0],[76.634259379000071,9.8651552480000646,0],[76.634263561000068,9.8651564380000423,0],[76.634267745000045,9.8651576240000622,0],[76.634271929000079,9.8651588080000465,0],[76.634276114000045,9.8651599890000625,0],[76.634280299000068,9.8651611680000428,0],[76.63428448600007,9.8651623440000549,0],[76.63428867500005,9.8651635170000418,0],[76.634292865000077,9.8651646880000499,0],[76.634297055000047,9.865165854000054,0],[76.634301246000064,9.8651670190000686,0],[76.634305440000048,9.8651681810000582,0],[76.634309638000047,9.8651693400000227,0],[76.634313837000036,9.8651704970000651,0],[76.63431803900005,9.8651716500000362,0],[76.634322244000032,9.8651728010000284,0],[76.634326451000049,9.8651739490000523,0],[76.634330661000035,9.8651750940000511,0],[76.634334873000057,9.8651762360000248,0],[76.634339087000058,9.8651773740000408,0],[76.634343304000083,9.8651785100000211,0],[76.634347523000031,9.8651796420000437,0],[76.63435174500006,9.8651807700000518,0],[76.634355969000069,9.8651818960000242,0],[76.634360194000067,9.8651830170000494,0],[76.634364421000043,9.8651841340000601,0],[76.634368652000035,9.8651852480000457,0],[76.634372883000083,9.8651863580000736,0],[76.634377117000042,9.8651874640000301,0],[76.634381353000038,9.8651885670000752,0],[76.634385590000079,9.8651896650000594,0],[76.634389830000032,9.8651907580000398,0],[76.634394071000031,9.8651918480000518,0],[76.634398314000066,9.8651929340000493,0],[76.63440255900008,9.8651940140000534,0],[76.634406805000083,9.8651950910000323,0],[76.634411054000054,9.8651961630000642,0],[76.634415303000083,9.8651972290000458,0],[76.634419554000033,9.8651982920000592,0],[76.634423807000076,9.8651993500000685,0],[76.634428061000051,9.8652004030000739,0],[76.634432316000073,9.8652014500000291,0],[76.634436573000073,9.8652024920000372,0],[76.634440832000053,9.8652035300000307,0],[76.634445091000032,9.8652045620000308,0],[76.634449352000047,9.865205589000027,0],[76.634453613000062,9.8652066100000297,0],[76.634457877000045,9.8652076260000285,0],[76.634462141000029,9.8652086360000339,0],[76.634466406000058,9.8652096410000354,0],[76.634470672000077,9.8652106400000434,0],[76.634474939000029,9.8652116330000581,0],[76.634479208000073,9.8652126200000225,0],[76.634483476000071,9.8652136010000504,0],[76.634487746000048,9.865214576000028,0],[76.634492017000071,9.8652155450000691,0],[76.634496287000047,9.86521650800006,0],[76.634500560000049,9.865217464000068,0],[76.634504832000061,9.8652184150000721,0],[76.634509105000063,9.8652193580000471,0],[76.634513380000044,9.8652202940000393,0],[76.634517654000035,9.8652212250000275,0],[76.634521928000083,9.8652221490000329,0],[76.634526204000053,9.8652230650000661,0],[76.63453048000008,9.865223975000049,0],[76.63453475600005,9.8652248780000491,0],[76.634539032000077,9.8652257750000558,0],[76.634543309000037,9.865226663000044,0],[76.634547585000064,9.8652275450000388,0],[76.63455186300007,9.8652284190000614,0],[76.634556140000029,9.8652292860000443,0],[76.634560417000046,9.8652301460000444,0],[76.634564694000062,9.865230997000026,0],[76.634568971000078,9.8652318410000248,0],[76.634573249000084,9.8652326780000408,0],[76.634577525000054,9.8652335060000382,0],[76.634581802000071,9.8652343270000529,0],[76.634586080000076,9.8652351400000384,0],[76.634590356000047,9.8652359450000517,0],[76.634594633000063,9.8652367410000465,0],[76.634598909000033,9.8652375290000691,0],[76.634603184000071,9.865238310000052,0],[76.634607459000051,9.8652390820000733,0],[76.634611734000032,9.8652398460000654,0],[76.63461600800008,9.8652406000000497,0],[76.634620282000071,9.8652413470000511,0],[76.634624555000073,9.8652420840000445,0],[76.634628828000075,9.8652428130000658,0],[76.63463310000003,9.8652435330000685,0],[76.634637371000053,9.8652442440000527,0],[76.634641642000076,9.865244945000029,0],[76.634645912000053,9.8652456380000331,0],[76.634650180000051,9.8652463220000755,0],[76.634654448000049,9.8652469960000531,0],[76.634658715000057,9.865247661000069,0],[76.634662982000066,9.865248316000077,0],[76.634667247000039,9.8652489630000559,0],[76.634671511000079,9.8652495990000375,0],[76.634675774000073,9.8652502260000574,0],[76.634680036000077,9.8652508430000694,0],[76.634684296000046,9.8652514490000272,0],[76.634688555000082,9.8652520470000695,0],[76.634692813000072,9.8652526350000471,0],[76.634697070000072,9.8652532110000379,0],[76.634701326000084,9.8652537780000671,0],[76.634705580000059,9.8652543350000315,0],[76.634709833000045,9.8652548810000553,0],[76.634714084000052,9.8652554170000712,0],[76.63471833300008,9.865255942000033,0],[76.634722581000062,9.8652564570000436,0],[76.634726827000065,9.8652569610000569,0],[76.634731076000037,9.8652574020000543,0],[76.634735331000059,9.8652577110000266,0],[76.634739592000074,9.8652578890000768,0],[76.634743856000057,9.865257937000024,0],[76.63474812100003,9.8652578570000742,0],[76.634752387000049,9.8652576520000252,0],[76.634756651000032,9.8652573220000477,0],[76.634760911000058,9.8652568680000741,0],[76.634765167000069,9.8652562930000727,0],[76.63476941600004,9.8652555980000329,0],[76.634773657000039,9.8652547850000474,0],[76.634777887000041,9.865253856000038,0],[76.634782106000046,9.8652528100000723,0],[76.634786311000084,9.8652516520000404,0],[76.634790501000055,9.8652503820000561,0],[76.634794674000034,9.8652490030000308,0],[76.634798829000033,9.865247514000032,0],[76.634802963000084,9.8652459190000741,0],[76.634807076000072,9.8652442180000435,0],[76.634811166000077,9.8652424140000221,0],[76.634815229000083,9.8652405070000668,0],[76.634819266000079,9.8652385000000322,0],[76.634823275000031,9.8652363940000214,0],[76.634827253000083,9.86523419100007,0],[76.634831200000065,9.8652318920000539,0],[76.634835112000076,9.8652295000000549,0],[76.634838989000059,9.8652270140000269,0],[76.634842829000036,9.8652244380000411,0],[76.634846631000073,9.8652217730000302,0],[76.634850392000033,9.8652190200000405,0],[76.634854110000049,9.8652161820000401,0],[76.634857786000055,9.8652132580000398,0],[76.634861415000046,9.8652102530000434,0],[76.634864998000069,9.8652071660000615,0],[76.634868532000041,9.8652040000000625,0],[76.634872016000031,9.8652007550000462,0],[76.63487544700007,9.8651974350000273,0],[76.634878824000054,9.8651940400000626,0],[76.634882146000052,9.8651905710000278,0],[76.634885411000084,9.8651870320000512,0],[76.634888616000069,9.8651834220000296,0],[76.634891762000052,9.865179744000045,0],[76.63489484400003,9.8651759990000301,0],[76.634897863000049,9.8651721900000666,0],[76.634900816000084,9.865168317000041,0],[76.634903702000031,9.8651643830000353,0],[76.634906519000083,9.8651603880000494,0],[76.634909265000033,9.8651563350000515,0],[76.634911939000062,9.8651522250000312,0],[76.634914538000032,9.8651480600000241,0],[76.634917022000081,9.8651438660000395,0],[76.634919370000034,9.8651396590000218,0],[76.63492158400004,9.8651354400000741,0],[76.634923668000056,9.865131209000026,0],[76.634925623000072,9.8651269670000374,0],[76.634927452000056,9.8651227120000726,0],[76.634929157000045,9.8651184480000325,0],[76.634930742000051,9.8651141730000518,0],[76.634932209000056,9.8651098880000632,0],[76.634933560000036,9.865105594000056,0],[76.634934797000085,9.8651012910000304,0],[76.634935924000047,9.8650969790000431,0],[76.634936943000071,9.8650926580000373,0],[76.634937856000079,9.8650883310000381,0],[76.634938666000039,9.8650839970000561,0],[76.634939374000055,9.8650796560000344,0],[76.634939987000052,9.86507530800003,0],[76.634940502000063,9.8650709550000215,0],[76.63494092500008,9.8650665960000765,0],[76.634941258000083,9.8650622320000707,0],[76.63494150300005,9.8650578640000504,0],[76.634941663000063,9.8650534920000723,0],[76.634941740000045,9.8650491160000229,0],[76.63494173600003,9.865044737000062,0],[76.63494165600008,9.8650403560000655,0],[76.634941500000082,9.8650359720000438,0],[76.634941271000059,9.8650315860000433,0],[76.634940972000038,9.8650271990000533,0],[76.634940606000043,9.8650228110000739,0],[76.634940175000054,9.8650184220000483,0],[76.634939682000038,9.8650140340000689,0],[76.634939128000042,9.8650096470000221,0],[76.63493851800007,9.8650052590000428,0],[76.634937853000054,9.8650008730000422,0],[76.63493713500003,9.8649964900000668,0],[76.634936368000069,9.864992108000024,0],[76.634935554000037,9.8649877280000737,0],[76.634934695000084,9.8649833530000706,0],[76.634933794000062,9.8649789800000462,0],[76.634932853000066,9.8649746120000259,0],[76.634931876000053,9.8649702470000307,0],[76.634930864000069,9.8649658880000288,0],[76.634929820000082,9.864961534000031,0],[76.63492874700006,9.8649571860000265,0],[76.63492764700004,9.8649528440000722,0],[76.634926523000047,9.8649485090000439,0],[76.634925378000048,9.8649441820000447,0],[76.634924212000044,9.8649398610000389,0],[76.634923031000085,9.8649355490000517,0],[76.634921835000057,9.864931246000026,0],[76.634920627000042,9.8649269510000295,0],[76.634919411000055,9.864922664000062,0],[76.634918188000029,9.8649183890000245,0],[76.634916962000034,9.8649141240000517,0],[76.63491573400006,9.8649098690000301,0],[76.634914507000076,9.8649056260000521,0],[76.634913284000049,9.8649013930000251,0],[76.634912067000073,9.8648971730000312,0],[76.634910859000058,9.8648929660000704,0],[76.63490966300003,9.8648887720000289,0],[76.634908479000046,9.864884590000031,0],[76.634907314000031,9.8648804230000451,0],[76.634906166000064,9.8648762700000248,0],[76.634905039000046,9.8648721320000732,0],[76.634903911000038,9.8648679990000687,0],[76.634902770000053,9.8648638690000325,0],[76.634901615000047,9.8648597400000426,0],[76.634900447000064,9.8648556130000316,0],[76.634899268000083,9.8648514880000562,0],[76.63489807600007,9.8648473650000597,0],[76.63489687200007,9.864843244000042,0],[76.634895657000072,9.8648391230000243,0],[76.634894430000031,9.8648350040000423,0],[76.634893193000039,9.8648308880000286,0],[76.634891945000049,9.8648267720000717,0],[76.634890686000062,9.8648226580000369,0],[76.634889417000068,9.8648185450000483,0],[76.634888138000065,9.8648144340000385,0],[76.634886850000044,9.8648103240000751,0],[76.634885552000071,9.8648062150000442,0],[76.63488424600007,9.8648021070000596,0],[76.63488293100005,9.8647980000000643,0],[76.634881607000068,9.864793895000048,0],[76.634880276000047,9.8647897910000211,0],[76.634878936000064,9.864785687000051,0],[76.634877590000031,9.8647815850000597,0],[76.634876236000082,9.8647774830000685,0],[76.634874874000047,9.8647733820000667,0],[76.634873507000066,9.8647692820000543,0],[76.634872133000044,9.8647651830000314,0],[76.63487075300003,9.8647610850000547,0],[76.634869367000078,9.8647569870000211,0],[76.634867975000077,9.8647528890000444,0],[76.63486658000005,9.8647487930000466,0],[76.634865178000041,9.8647446970000487,0],[76.634863772000074,9.8647406020000403,0],[76.634862362000035,9.8647365060000425,0],[76.63486094700005,9.8647324110000341,0],[76.634859530000085,9.8647283170000719,0],[76.63485810800006,9.8647242230000529,0],[76.634856684000056,9.8647201280000445,0],[76.634855256000037,9.8647160350000718,0],[76.63485382600004,9.8647119410000528,0],[76.634852394000063,9.8647078480000232,0],[76.634850960000051,9.8647037540000611,0],[76.634849523000071,9.8646996610000315,0],[76.634848086000034,9.8646955670000693,0],[76.634846647000074,9.8646914740000398,0],[76.634845208000058,9.8646873800000208,0],[76.634843769000042,9.8646832860000586,0],[76.634842329000037,9.8646791920000396,0],[76.634840888000042,9.8646750980000206,0],[76.634839449000083,9.8646710040000585,0],[76.634838010000067,9.8646669080000606,0],[76.63483657200004,9.8646628130000522,0],[76.63483513400007,9.8646587170000544,0],[76.634833699000069,9.8646546200000671,0],[76.634832266000046,9.864650523000023,0],[76.63483083400007,9.8646464260000357,0],[76.634829404000072,9.8646423270000696,0],[76.634827978000033,9.8646382290000361,0],[76.634826555000075,9.8646341290000237,0],[76.634825134000039,9.8646300280000219,0],[76.634823717000074,9.8646259270000769,0],[76.634822305000057,9.8646218240000394,0],[76.634820896000065,9.8646177220000482,0],[76.63481949100003,9.8646136180000212,0],[76.634818091000056,9.8646095120000723,0],[76.634816697000076,9.8646054060000665,0],[76.634815307000054,9.8646012990000713,0],[76.634813923000081,9.8645971900000404,0],[76.634812546000035,9.8645930810000664,0],[76.634811174000049,9.8645889690000672,0],[76.634809808000057,9.864584857000068,0],[76.634808450000037,9.8645807440000226,0],[76.634807098000067,9.8645766280000657,0],[76.63480575400007,9.864572512000052,0],[76.634804417000055,9.8645683940000595,0],[76.634803088000069,9.8645642740000312,0],[76.634801767000056,9.8645601530000704,0],[76.634800455000061,9.8645560300000739,0],[76.634799151000038,9.8645519060000311,0],[76.634797857000081,9.8645477790000768,0],[76.634796572000084,9.8645436520000658,0],[76.63479529600005,9.8645395220000296,0],[76.63479403000008,9.8645353900000714,0],[76.634792775000051,9.8645312560000207,0],[76.634791531000076,9.8645271210000374,0],[76.634790297000052,9.8645229830000289,0],[76.634789074000082,9.8645188440000311,0],[76.634787863000042,9.864514702000065,0],[76.634786663000057,9.8645105570000737,0],[76.634785475000058,9.8645064120000256,0],[76.634784300000035,9.8645022630000767,0],[76.634783136000067,9.8644981120000352,0],[76.634781987000054,9.8644939590000718,0],[76.634780850000084,9.8644898040000726,0],[76.634779725000044,9.8644856460000483,0],[76.634778615000073,9.8644814850000557,0],[76.634777520000057,9.8644773230000737,0],[76.634776438000074,9.8644731570000772,0],[76.634775371000046,9.864468989000045,0],[76.634774318000041,9.8644648180000445,0],[76.634773282000083,9.8644606450000651,0],[76.634772260000034,9.8644564690000607,0],[76.634771253000054,9.8644522900000311,0],[76.634770264000053,9.8644481070000438,0],[76.634769290000065,9.8644439230000671,0],[76.634768334000057,9.8644397350000759,0],[76.63476739400005,9.8644355440000595,0],[76.634766470000045,9.8644313500000749,0],[76.634765566000056,9.8644271540000545,0],[76.634764678000067,9.8644229530000302,0],[76.634763808000059,9.8644187500000271,0],[76.634762949000049,9.8644145430000663,0],[76.634762102000082,9.8644103340000697,0],[76.634761266000055,9.8644061220000481,0],[76.634760440000036,9.8644019070000581,0],[76.634759625000072,9.8643976890000431,0],[76.634758821000048,9.8643934680000598,0],[76.634758026000043,9.8643892460000302,0],[76.634757242000035,9.8643850190000535,0],[76.634756467000045,9.8643807910000305,0],[76.634755703000053,9.8643765590000498,0],[76.634754947000033,9.8643723250000335,0],[76.634754201000078,9.8643680890000383,0],[76.634753464000084,9.8643638510000642,0],[76.634752737000042,9.8643596090000756,0],[76.634752018000029,9.8643553650000513,0],[76.634751308000034,9.8643511200000376,0],[76.634750605000079,9.8643468720000556,0],[76.634749912000075,9.8643426210000484,0],[76.634749226000054,9.8643383680000625,0],[76.634748549000051,9.8643341140000302,0],[76.634747880000077,9.864329858000076,0],[76.63474721700004,9.8643255990000398,0],[76.634746562000032,9.8643213380000248,0],[76.634745916000043,9.8643170750000309,0],[76.634745275000057,9.8643128110000475,0],[76.634744642000044,9.8643085450000285,0],[76.634744015000081,9.8643042760000412,0],[76.634743395000044,9.8643000070000539,0],[76.634742781000057,9.8642957350000415,0],[76.634742174000053,9.8642914610000503,0],[76.634741573000042,9.8642871860000696,0],[76.634740977000035,9.8642829090000532,0],[76.634740388000068,9.8642786320000369,0],[76.634739803000059,9.8642743520000522,0],[76.634739225000033,9.8642700710000213,0],[76.634738651000077,9.8642657880000684,0],[76.634738083000059,9.8642615050000586,0],[76.634737519000055,9.86425722000007,0],[76.634736960000055,9.8642529330000457,0],[76.634736405000069,9.8642486460000214,0],[76.634735854000041,9.8642443570000751,0],[76.634735309000064,9.8642400670000256,0],[76.634734767000054,9.8642357770000331,0],[76.63473422800007,9.8642314850000616,0],[76.634733693000044,9.8642271920000439,0],[76.634733163000078,9.8642228980000368,0],[76.634732635000034,9.8642186040000297,0],[76.634732110000073,9.8642143080000437,0],[76.634731589000069,9.8642100120000578,0],[76.634731069000054,9.8642057150000255,0],[76.634730553000054,9.8642014170000607,0],[76.634730039000033,9.864197119000039,0],[76.634729527000047,9.864192820000028,0],[76.634729017000041,9.8641885200000274,0],[76.63472850900007,9.8641842200000269,0],[76.634728004000067,9.864179919000037,0],[76.634727499000064,9.8641756190000365,0],[76.63472699600004,9.8641713170000571,0],[76.634726495000052,9.8641670160000672,0],[76.634725994000064,9.864162714000031,0],[76.634725494000065,9.8641584110000622,0],[76.634724995000056,9.864154109000026,0],[76.634724496000047,9.8641498070000466,0],[76.634723998000084,9.864145504000021,0],[76.634723500000064,9.8641412010000522,0],[76.634723002000044,9.8641368990000728,0],[76.634722503000035,9.8641325960000472,0],[76.634722005000071,9.8641282940000679,0],[76.634721506000062,9.8641239910000422,0],[76.634721006000063,9.8641196890000629,0],[76.634720506000065,9.8641153870000267,0],[76.63472000400003,9.8641110850000473,0],[76.634719501000063,9.8641067840000574,0],[76.63471899700005,9.8641024830000674,0],[76.634718492000047,9.8640981830000669,0],[76.634717984000076,9.864093882000077,0],[76.634717475000059,9.8640895820000765,0],[76.634716963000074,9.8640852830000654,0],[76.634716450000042,9.8640809850000437,0],[76.634715934000042,9.864076687000022,0],[76.634715415000073,9.8640723890000572,0],[76.634714894000069,9.8640680930000713,0],[76.63471437000004,9.8640637970000284,0],[76.634713843000043,9.8640595020000319,0],[76.634713311000041,9.8640552080000248,0],[76.634712778000051,9.8640509160000533,0],[76.634712240000056,9.8640466230000357,0],[76.634711699000036,9.8640423320000536,0],[76.634711153000069,9.8640380420000611,0],[76.634710604000077,9.8640337530000579,0],[76.634710050000081,9.8640294650000442,0],[76.63470949200007,9.8640251790000661,0],[76.634708928000066,9.8640208940000207,0],[76.634708361000037,9.8640166090000321,0],[76.634707788000071,9.8640123260000223,0],[76.634707211000034,9.8640080450000482,0],[76.634706627000071,9.8640037650000636,0],[76.634706039000037,9.8639994870000578,0],[76.634705444000076,9.8639952100000414,0],[76.634704843000065,9.8639909340000713,0],[76.634704237000051,9.8639866600000232,0],[76.634703624000053,9.8639823880000677,0],[76.634703005000063,9.8639781170000447,0],[76.634702380000078,9.8639738490000468,0],[76.634701748000055,9.8639695820000384,0],[76.634701109000048,9.8639653170000656,0],[76.634700463000058,9.8639610530000255,0],[76.63469980900004,9.8639567920000673,0],[76.634699149000085,9.8639525330000311,0],[76.634698480000054,9.8639482750000411,0],[76.634697804000041,9.8639440210000657,0],[76.634697120000055,9.8639397670000335,0],[76.634696428000041,9.8639355170000727,0],[76.634695728000054,9.8639312680000444,0],[76.634695018000059,9.8639270210000518,0],[76.634694301000081,9.8639227770000275,0],[76.634693574000039,9.8639185350000389,0],[76.634692839000081,9.8639142950000291,0],[76.634692095000048,9.8639100590000339,0],[76.634691341000064,9.8639058240000281,0],[76.634690578000061,9.8639015920000475,0],[76.63468980500005,9.8638973630000351,0],[76.634689023000078,9.8638931360000583,0],[76.634688229000062,9.8638889120000499,0],[76.634687427000074,9.8638846900000772,0],[76.634686613000042,9.8638804720000621,0],[76.634685790000049,9.8638762560000259,0],[76.634684955000068,9.8638720430000717,0],[76.63468411000008,9.8638678330000289,0],[76.634683254000038,9.8638636250000218,0],[76.634682386000065,9.8638594220000755,0],[76.634681486000034,9.8638552240000763,0],[76.634680547000073,9.8638510330000599,0],[76.634679568000081,9.8638468490000264,0],[76.634678553000072,9.8638426720000325,0],[76.634677499000077,9.8638385030000677,0],[76.634676410000054,9.8638343400000394,0],[76.63467528700005,9.8638301830000614,0],[76.634674129000075,9.8638260340000556,0],[76.634672938000051,9.8638218900000538,0],[76.634671715000081,9.863817751000056,0],[76.634670461000042,9.8638136180000515,0],[76.634669177000035,9.8638094920000299,0],[76.63466786400005,9.8638053700000228,0],[76.634666523000078,9.8638012530000765,0],[76.63466515600004,9.8637971430000562,0],[76.634663762000059,9.863793036000061,0],[76.634662343000059,9.8637889350000592,0],[76.634660900000029,9.8637848380000719,0],[76.634659433000081,9.8637807450000423,0],[76.634657945000072,9.8637766560000273,0],[76.634656436000057,9.8637725710000268,0],[76.634654906000037,9.8637684900000409,0],[76.634653358000037,9.8637644130000695,0],[76.634651791000067,9.8637603400000557,0],[76.634650208000039,9.8637562690000209,0],[76.634648608000077,9.863752201000068,0],[76.634646993000047,9.8637481370000728,0],[76.634645363000061,9.8637440750000565,0],[76.634643721000032,9.8637400170000546,0],[76.634642066000083,9.8637359590000528,0],[76.63464040100007,9.8637319050000656,0],[76.634638725000059,9.8637278530000572,0],[76.63463703900004,9.8637238020000382,0],[76.634635346000039,9.8637197530000549,0],[76.634633645000065,9.863715705000061,0],[76.634631938000041,9.863711659000046,0],[76.63463022600007,9.8637076140000772,0],[76.634628509000038,9.8637035700000411,0],[76.634626789000038,9.8636995260000617,0],[76.634625067000059,9.8636954840000612,0],[76.634623343000044,9.8636914420000608,0],[76.634621620000075,9.8636874000000603,0],[76.63461989700005,9.8636833580000598,0],[76.63461817600006,9.8636793160000593,0],[76.63461645700005,9.8636752740000588,0],[76.634614742000053,9.8636712310000689,0],[76.634613031000072,9.8636671870000328,0],[76.634611326000083,9.8636631430000534,0],[76.634609629000067,9.8636590980000278,0],[76.634607938000045,9.8636550520000696,0],[76.634606256000041,9.8636510040000758,0],[76.634604583000055,9.8636469550000356,0],[76.634602921000067,9.8636429050000629,0],[76.634601271000065,9.8636388520000651,0],[76.63459963300005,9.8636347970000315,0],[76.634598009000058,9.863630740000076,0],[76.634596399000031,9.8636266810000279,0],[76.634594805000063,9.8636226190000684,0],[76.634593227000039,9.863618554000027,0],[76.634591667000052,9.8636144870000635,0],[76.634590125000045,9.8636104160000286,0],[76.634588603000054,9.8636063420000255,0],[76.634587101000079,9.8636022640000647,0],[76.634585621000042,9.8635981840000682,0],[76.634584163000056,9.8635940990000677,0],[76.634582729000044,9.8635900090000632,0],[76.634581318000073,9.8635859160000336,0],[76.634579934000044,9.8635818190000464,0],[76.634578575000035,9.8635777170000551,0],[76.63457724500006,9.8635736100000599,0],[76.634575942000083,9.8635694980000608,0],[76.634574669000074,9.8635653820000471,0],[76.634573426000031,9.86356126000004,0],[76.634572215000048,9.8635571330000289,0],[76.634571036000068,9.863552999000035,0],[76.634569891000069,9.8635488610000266,0],[76.634568780000052,9.8635447170000248,0],[76.634567703000073,9.8635405660000401,0],[76.634566663000044,9.8635364090000621,0],[76.634565661000067,9.8635322460000339,0],[76.63456469700003,9.8635280750000334,0],[76.634563772000035,9.8635238980000395,0],[76.634562886000083,9.8635197140000628,0],[76.634562044000063,9.8635155230000464,0],[76.634561243000064,9.8635113250000472,0],[76.634560484000076,9.8635071180000295,0],[76.634559770000067,9.8635029050000753,0],[76.634559102000082,9.8634986830000457,0],[76.634558479000077,9.8634944530000439,0],[76.634557904000076,9.8634902150000698,0],[76.634557377000078,9.8634859690000667,0],[76.634556899000074,9.8634817130000556,0],[76.634556471000053,9.8634774490000723,0],[76.63455609500005,9.8634731770000599,0],[76.634555770000077,9.8634688950000395,0],[76.634555499000044,9.8634646030000681,0],[76.634555282000065,9.8634603030000676,0],[76.634555115000069,9.8634559930000592,0],[76.634554956000045,9.8634516820000613,0],[76.634554797000078,9.8634473710000634,0],[76.634554639000044,9.8634430600000655,0],[76.634554481000066,9.8634387490000677,0],[76.634554323000032,9.8634344380000698,0],[76.634554165000054,9.8634301270000719,0],[76.634554007000077,9.8634258150000278,0],[76.634553849000042,9.8634215040000299,0],[76.634553691000065,9.8634171940000215,0],[76.634553534000077,9.8634128830000236,0],[76.634553376000042,9.8634085710000363,0],[76.634553219000054,9.8634042600000384,0],[76.634553062000066,9.8633999490000406,0],[76.634552906000067,9.8633956380000427,0],[76.634552749000079,9.8633913270000448,0],[76.63455259300008,9.863387016000047,0],[76.634552435000046,9.8633827040000597,0],[76.634552279000047,9.8633783930000618,0],[76.634552123000049,9.8633740830000534,0],[76.63455196700005,9.8633697720000555,0],[76.634551811000051,9.8633654610000576,0],[76.634551655000053,9.8633611500000598,0],[76.634551499000054,9.8633568380000725,0],[76.634551344000045,9.8633525270000746,0],[76.634551187000056,9.8633482160000767,0],[76.634551032000047,9.863343905000022,0],[76.634550877000038,9.8633395940000241,0],[76.634550722000029,9.8633352830000263,0],[76.634550567000076,9.8633309720000284,0],[76.634550412000067,9.8633266610000305,0],[76.634550257000058,9.8633223490000432,0],[76.634550102000048,9.8633180380000454,0],[76.634549948000029,9.8633137270000475,0],[76.634549793000076,9.8633094160000496,0],[76.634549639000056,9.8633051050000518,0],[76.634549484000047,9.8633007940000539,0],[76.634549330000084,9.863296483000056,0],[76.634549176000064,9.8632921710000687,0],[76.634549022000044,9.8632878610000603,0],[76.634548868000081,9.863283549000073,0],[76.634548714000061,9.8632792370000288,0],[76.634548561000031,9.863274926000031,0],[76.634548407000068,9.8632706150000331,0],[76.634548254000038,9.8632663040000352,0],[76.634548100000075,9.8632619930000374,0],[76.634547947000044,9.8632576820000395,0],[76.634547794000071,9.8632533710000416,0],[76.63454764100004,9.8632490600000438,0],[76.634547487000077,9.8632447480000565,0],[76.634547334000047,9.8632404370000586,0],[76.634547182000063,9.8632361260000607,0],[76.634547029000032,9.8632318150000629,0],[76.634546877000048,9.863227504000065,0],[76.634546724000074,9.8632231930000671,0],[76.634546571000044,9.863218881000023,0],[76.63454641900006,9.8632145700000251,0],[76.634546266000029,9.8632102580000378,0],[76.634546115000035,9.8632059470000399,0],[76.634545962000061,9.8632016360000421,0],[76.634545810000077,9.8631973250000442,0],[76.634545659000082,9.8631930140000463,0],[76.634545506000052,9.8631887030000485,0],[76.634545355000057,9.8631843910000612,0],[76.634545203000073,9.8631800800000633,0],[76.634545052000078,9.8631757690000654,0],[76.634544900000037,9.8631714580000676,0],[76.634544748000053,9.8631671470000697,0],[76.634544597000058,9.8631628360000718,0],[76.634544446000064,9.8631585240000277,0],[76.634544294000079,9.8631542130000298,0],[76.634544143000085,9.8631499020000319,0],[76.634543992000033,9.8631455900000446,0],[76.634543841000038,9.8631412790000468,0],[76.634543690000044,9.8631369680000489,0],[76.634543539000049,9.863132657000051,0],[76.634543389000044,9.8631283460000532,0],[76.634543238000049,9.8631240340000659,0],[76.634543087000054,9.863119723000068,0],[76.634542936000059,9.8631154120000701,0],[76.634542785000065,9.8631111010000723,0],[76.634542635000059,9.8631067890000281,0],[76.634542485000054,9.8631024780000303,0],[76.634542334000059,9.8630981670000324,0],[76.634542184000054,9.8630938560000345,0],[76.634542034000049,9.8630895440000472,0],[76.634541883000054,9.8630852330000494,0],[76.634541733000049,9.8630809220000515,0],[76.634541584000033,9.8630766100000642,0],[76.634541433000038,9.8630722990000663,0],[76.634541283000033,9.8630679880000685,0],[76.634541133000084,9.8630636770000706,0],[76.634540983000079,9.8630593650000264,0],[76.634540833000074,9.8630550540000286,0],[76.634540684000058,9.8630507430000307,0],[76.634540534000053,9.8630464310000434,0],[76.634540384000047,9.8630421200000455,0],[76.634540234000042,9.8630378090000477,0],[76.634540086000072,9.8630334980000498,0],[76.634539936000067,9.8630291870000519,0],[76.634539786000062,9.8630248760000541,0],[76.634539637000046,9.8630205640000668,0],[76.63453948700004,9.8630162530000689,0],[76.634539338000081,9.863011942000071,0],[76.634539189000066,9.8630076300000269,0],[76.63453903900006,9.863003319000029,0],[76.634538890000044,9.8629990080000312,0],[76.634538741000028,9.8629946970000333,0],[76.63453859100008,9.862990385000046,0],[76.634538443000054,9.8629860740000481,0],[76.634538293000048,9.8629817630000503,0],[76.634538144000032,9.862977451000063,0],[76.634537995000073,9.8629731400000651,0],[76.634537846000057,9.8629688280000209,0],[76.634537697000042,9.8629645170000231,0],[76.634537548000083,9.8629602060000252,0],[76.634537399000067,9.8629558950000273,0],[76.634537250000051,9.8629515840000295,0],[76.634537101000035,9.8629472730000316,0],[76.634536953000065,9.8629429610000443,0],[76.634536804000049,9.8629386500000464,0],[76.634536655000034,9.8629343380000591,0],[76.634536507000064,9.8629300270000613,0],[76.634536358000048,9.8629257160000634,0],[76.634536209000032,9.8629214040000761,0],[76.634536060000073,9.8629170930000214,0],[76.634535912000047,9.8629127820000235,0],[76.634535763000031,9.8629084700000362,0],[76.634535614000072,9.8629041590000384,0],[76.634535466000045,9.8628998480000405,0],[76.634535317000029,9.8628955360000532,0],[76.63453516900006,9.8628912260000448,0],[76.634535020000044,9.8628869140000575,0],[76.634534872000074,9.8628826030000596,0],[76.634534723000058,9.8628782920000617,0],[76.634534575000032,9.8628739800000744,0],[76.634534426000073,9.8628696690000766,0],[76.634534277000057,9.8628653570000324,0],[76.634534129000031,9.8628610460000345,0],[76.634533980000072,9.8628567350000367,0],[76.634533832000045,9.8628524230000494,0],[76.634533684000075,9.8628481120000515,0],[76.63453353500006,9.8628438000000642,0],[76.634533387000033,9.8628394890000664,0],[76.634533238000074,9.8628351780000685,0],[76.634533089000058,9.8628308670000706,0],[76.634532940000042,9.8628265560000727,0],[76.634532792000073,9.8628222440000286,0],[76.634532643000057,9.8628179330000307,0],[76.63453249500003,9.8628136210000434,0],[76.634532346000071,9.8628093100000456,0],[76.634532198000045,9.8628049990000477,0],[76.634532049000029,9.8628006870000604,0],[76.634531901000059,9.8627963760000625,0],[76.634531752000044,9.8627920640000752,0],[76.634531604000074,9.8627877530000205,0],[76.634531455000058,9.8627834420000227,0],[76.634531307000032,9.8627791310000248,0],[76.634531158000073,9.8627748200000269,0],[76.634531010000046,9.8627705080000396,0],[76.63453086100003,9.8627661970000418,0],[76.634530713000061,9.8627618860000439,0],[76.634530564000045,9.8627575740000566,0],[76.634530415000029,9.8627532630000587,0],[76.634530267000059,9.8627489510000714,0],[76.634530118000043,9.8627446400000736,0],[76.634529969000084,9.8627403280000294,0],[76.634529820000068,9.8627360170000316,0],[76.634529672000042,9.8627317060000337,0],[76.634529523000083,9.8627273950000358,0],[76.634529374000067,9.8627230840000379,0],[76.634529225000051,9.8627187720000506,0],[76.634529077000082,9.8627144610000528,0],[76.634528928000066,9.8627101490000655,0],[76.63452877900005,9.8627058380000676,0],[76.634528630000034,9.8627015270000697,0],[76.634528481000075,9.8626972150000256,0],[76.634528332000059,9.8626929040000277,0],[76.634528183000043,9.8626885920000404,0],[76.634528034000084,9.8626842810000426,0],[76.634527885000068,9.8626799690000553,0],[76.634527736000052,9.8626756580000574,0],[76.634527588000083,9.8626713470000595,0],[76.634527439000067,9.8626670360000617,0],[76.63452729100004,9.8626627250000638,0],[76.634527143000071,9.8626584130000765,0],[76.634526995000044,9.8626541020000218,0],[76.634526846000028,9.8626497900000345,0],[76.634526698000059,9.8626454790000366,0],[76.634526550000032,9.8626411670000493,0],[76.634526401000073,9.8626368560000515,0],[76.634526254000036,9.8626325440000642,0],[76.634526106000067,9.8626282330000663,0],[76.63452595800004,9.8626239230000579,0],[76.63452581100006,9.8626196110000706,0],[76.634525663000034,9.8626153000000727,0],[76.634525516000053,9.8626109880000286,0],[76.634525368000084,9.8626066760000413,0],[76.634525220000057,9.8626023650000434,0],[76.634525073000077,9.8625980530000561,0],[76.634523982000076,9.8625782260000392,0],[76.632732698000041,9.8625184520000744,0],[76.63240102900005,9.8623831770000265,0],[76.632178211000053,9.8619462360000512,0],[76.632009751000055,9.8613447740000311,0],[76.632144028000084,9.8606049660000394,0],[76.632279651000033,9.8601389140000606,0],[76.632608487000084,9.8596993030000704,0],[76.632744244000037,9.859260627000026,0],[76.632796714000051,9.8587128480000388,0],[76.632794290000049,9.8582200880000528,0],[76.632654491000039,9.8578374980000376,0],[76.631849752000051,9.8568558470000767,0],[76.630439553000031,9.8561508820000654,0],[76.628857123000046,9.8555843570000548,0],[76.62856148700007,9.854598764000059,0],[76.627947174000042,9.8529756080000652,0],[76.627096100000074,9.850927390000038,0],[76.627507454000067,9.8495083770000633,0],[76.627950140000053,9.8488894440000649,0],[76.62854756400003,9.8486412690000407,0],[76.62929986100005,9.8485830480000232,0],[76.630193437000059,9.8485972480000328,0],[76.630635762000054,9.848471001000064,0],[76.631557097000041,9.8479202050000367,0],[76.632355411000049,9.8472608370000216,0],[76.633477145000029,9.8461329880000221,0],[76.633527936000064,9.8460819200000742,0],[76.633573187000081,9.8460751730000311,0],[76.63401004800005,9.8460100310000485,0],[76.634945959000049,9.8458704720000583,0],[76.636227316000031,9.8455052390000333,0],[76.637604274000068,9.8453389520000769,0],[76.638712296000051,9.8450956320000387,0],[76.639492150000081,9.844730041000048,0],[76.640304158000049,9.8440119030000233,0],[76.641654281000058,9.843072644000074,0],[76.642534512000054,9.8425805520000722,0],[76.642785536000076,9.8421739130000674,0],[76.644476904000044,9.8422202550000293,0],[76.646223994000081,9.8407569140000533,0],[76.646675385000037,9.8406848930000592,0],[76.648398719000056,9.8406408350000447,0],[76.649360780000052,9.8404742260000262,0],[76.650171791000048,9.8412205740000331,0],[76.659741655000062,9.8404447350000623,0],[76.661259899000072,9.8402920000000336,0],[76.663207277000083,9.8391903030000663,0],[76.666697359000068,9.8426412720000371,0],[76.667891075000057,9.8438805000000684,0],[76.671267456000066,9.8433540110000308,0],[76.671312962000059,9.8433469140000511,0],[76.671328883000058,9.8433444320000376,0],[76.674734838000063,9.8428132950000418,0],[76.675273390000029,9.8418101470000465,0],[76.67577102000007,9.8406126100000506,0],[76.676141124000083,9.8391935150000336,0],[76.677116979000061,9.838791790000073,0],[76.67775535100003,9.8385932730000718,0],[76.679360339000084,9.8381964210000206,0],[76.680258222000077,9.8386082600000577,0],[76.682400628000039,9.8391699580000704,0],[76.68315356100004,9.8379183130000456,0],[76.683395573000041,9.8372268730000769,0],[76.68365153600007,9.8360427500000469,0],[76.683861792000073,9.8350665270000377,0],[76.684911291000049,9.8333630320000225,0],[76.690677638000068,9.8346137170000247,0],[76.690805688000069,9.8338679700000284,0],[76.691707117000078,9.8337460280000641,0],[76.693801109000049,9.8334627510000701,0],[76.695601705000058,9.8337936620000619,0],[76.696044351000069,9.8329667150000546,0],[76.696555519000071,9.8318685960000494,0],[76.697422724000035,9.8299028030000386,0],[76.697778917000051,9.8287368020000372,0],[76.697847705000072,9.8279503400000294,0],[76.699038776000066,9.825577901000031,0],[76.700402096000062,9.8251085050000597,0],[76.701396098000032,9.8247428790000413,0],[76.702362738000033,9.8243907980000245,0],[76.703607341000065,9.8242829370000209,0],[76.704432633000067,9.823975980000057,0],[76.706320437000045,9.8230186490000619,0],[76.706891402000053,9.8228748740000356,0],[76.707081844000072,9.8228269180000325,0],[76.707264567000038,9.8227809060000482,0],[76.707843251000043,9.8226351840000348,0],[76.710273339000082,9.822075863000066,0],[76.71029720100006,9.8198429460000511,0],[76.71295536100007,9.8189401870000665,0],[76.715494914000033,9.8181819960000212,0],[76.716242747000081,9.8177348510000684,0],[76.716799244000072,9.8170028510000407,0],[76.717378255000085,9.8168765540000322,0],[76.717893637000032,9.8163253370000234,0],[76.718604963000075,9.8159459720000655,0],[76.719567176000055,9.8152051110000684,0],[76.720575190000034,9.8139760980000688,0],[76.721099559000038,9.8136960870000394,0],[76.72196586900003,9.813316784000051,0],[76.723315485000057,9.8127252480000493,0],[76.724893075000068,9.8120208020000632,0],[76.725700109000059,9.81165502500005,0],[76.726338368000029,9.8115287380000495,0],[76.727222811000047,9.8113618740000561,0],[76.727861086000075,9.8111949040000468,0],[76.729971224000053,9.8123755430000301,0],[76.730258565000042,9.8120230960000754,0],[76.730514006000078,9.8116435140000249,0],[76.730769400000042,9.8113769360000447,0],[76.731097686000055,9.8112188690000721,0],[76.731621972000084,9.8111060850000626,0],[76.731977554000082,9.8110791120000727,0],[76.732273876000079,9.8110475940000583,0],[76.732529208000074,9.8109256570000412,0],[76.73295789000008,9.8105054650000625,0],[76.733240737000074,9.8099812500000212,0],[76.733610345000045,9.809095462000073,0],[76.734002603000079,9.8085532110000599,0],[76.735297425000056,9.8080881670000508,0],[76.736432722000075,9.807550734000074,0],[76.737157606000039,9.807365700000048,0],[76.737472184000069,9.8072709030000738,0],[76.738292817000058,9.8070316640000215,0],[76.738858138000069,9.8068782040000428,0],[76.739186429000029,9.806683969000062,0],[76.739583200000084,9.8062321150000571,0],[76.740148650000037,9.8057396460000632,0],[76.741046952000033,9.8050348600000348,0],[76.741243089000079,9.8047230500000637,0],[76.741585189000034,9.8041762510000581,0],[76.741913537000073,9.8038238100000399,0],[76.74218254200008,9.8036837900000364,0],[76.742806960000053,9.8039371550000283,0],[76.743686656000079,9.8041906160000281,0],[76.745956557000056,9.804824285000052,0],[76.746364207000056,9.804929894000054,0],[76.746435676000033,9.8049423370000568,0],[76.746461440000076,9.8049550840000279,0],[76.747633932000042,9.8052588360000641,0],[76.749022208000042,9.8053661410000359,0],[76.749805953000077,9.8058343480000758,0],[76.749999605000085,9.8059504080000579,0],[76.750533421000057,9.8062703370000577,0],[76.749999652000042,9.8109992550000698,0],[76.749855308000065,9.8122780640000542,0],[76.749670213000059,9.8146219520000386,0],[76.749999698000067,9.8148312180000516,0],[76.750001159000078,9.8148321460000716,0],[76.75441212100003,9.8176336290000563,0],[76.757482307000032,9.815505020000046,0],[76.762106721000066,9.8132455570000729,0],[76.765376532000062,9.8117317670000261,0],[76.765384216000029,9.8117282100000693,0],[76.768661448000046,9.8102087920000258,0],[76.770038009000075,9.8096168040000293,0],[76.770632822000039,9.8095242210000606,0],[76.773641065000049,9.8090522520000718,0],[76.778618314000084,9.808329613000069,0],[76.784302317000083,9.804749963000063,0],[76.792219598000031,9.7998413580000374,0],[76.79487722500005,9.7982748710000465,0],[76.80307416100004,9.7928283930000362,0],[76.808130958000049,9.7896212560000322,0],[76.811416383000051,9.7849074700000642,0],[76.811419962000059,9.7849023350000266,0],[76.814712267000061,9.7801824240000315,0],[76.818472179000082,9.7772847650000472,0],[76.823460228000044,9.7734445110000365,0],[76.827687104000063,9.7701195490000714,0],[76.827367974000083,9.7639059800000609,0],[76.827368171000046,9.7639058490000252,0],[76.830861015000039,9.7615642220000609,0],[76.832451432000084,9.7603526500000726,0],[76.835351975000037,9.7580651120000539,0],[76.83897707400007,9.7560510080000427,0],[76.839150183000072,9.7549344090000432,0],[76.840699479000079,9.752936213000055,0],[76.843132876000084,9.7517313210000225,0],[76.843283968000037,9.7514269870000589,0],[76.843682638000075,9.7503623570000286,0],[76.843823413000052,9.7500011220000715,0],[76.844012990000067,9.7495147060000704,0],[76.84428630900004,9.7485563160000765,0],[76.844890005000082,9.7466915700000527,0],[76.845101886000066,9.7460789410000643,0],[76.845716929000048,9.7450527980000743,0],[76.846614566000085,9.7436965120000423,0],[76.848708256000066,9.7404189320000683,0],[76.850943205000078,9.7386556340000539,0],[76.853560983000079,9.7364018930000498,0],[76.856235523000066,9.7340870790000622,0],[76.860482108000042,9.7304859510000483,0],[76.86720402800006,9.7358849400000622,0],[76.867203671000084,9.7328357870000559,0],[76.86714207700004,9.7321645300000341,0],[76.86716472300003,9.7315496760000428,0],[76.867419808000079,9.7309145670000703,0],[76.867465369000058,9.7305370710000716,0],[76.867763713000045,9.7300126480000699,0],[76.868351517000065,9.7294972180000627,0],[76.868526860000031,9.7291400770000678,0],[76.868809373000033,9.7287354320000645,0],[76.869909710000059,9.7281317660000468,0],[76.870912056000066,9.7273427700000639,0],[76.873399758000062,9.725303608000047,0],[76.87406721900004,9.7246140740000442,0],[76.875482297000076,9.7238523650000275,0],[76.877120518000083,9.7232198760000301,0],[76.87807758100007,9.7226662460000739,0],[76.880183031000058,9.7213760410000418,0],[76.881525145000069,9.7204608520000306,0],[76.885261587000059,9.7201564120000512,0],[76.886667540000076,9.718913513000075,0],[76.887419543000078,9.7178060230000369,0],[76.887772729000062,9.7174331600000414,0],[76.888556565000044,9.7172095210000293,0],[76.889217354000039,9.7166716950000591,0],[76.889775630000031,9.7159710800000312,0],[76.889866812000037,9.7157224260000703,0],[76.890425523000033,9.7127298840000549,0],[76.89052844400004,9.7102706920000514,0],[76.89097055700006,9.7092332540000257,0],[76.89236057800008,9.7071766460000504,0],[76.894568547000063,9.7048465690000398,0],[76.895940300000063,9.7028374240000517,0],[76.896974938000085,9.7009298540000373,0],[76.897168729000043,9.7000370740000221,0],[76.897305536000033,9.6991216460000373,0],[76.897442550000051,9.6970443930000556,0],[76.898454248000064,9.6952250010000398,0],[76.900033416000042,9.6924721540000291,0],[76.901364177000062,9.6899272460000248,0],[76.90203637500008,9.6887745340000606,0],[76.902457960000049,9.6875314540000659,0],[76.903112073000045,9.6853208900000709,0],[76.903875493000044,9.6832686430000763,0],[76.903682036000077,9.6816299500000582,0],[76.902750548000029,9.6798689680000507,0],[76.902454636000073,9.6781872680000447,0],[76.902999320000049,9.6763000410000473,0],[76.903443578000065,9.6758819190000622,0],[76.905878953000069,9.67443783300007,0],[76.908139013000039,9.6717822650000471,0],[76.909913604000053,9.6711721510000643,0],[76.910526406000031,9.6708693400000243,0],[76.911113884000031,9.6705351200000678,0],[76.911790801000052,9.6700512420000564,0],[76.911934315000053,9.6699744170000486,0],[76.912057381000068,9.669890745000032,0],[76.912200891000055,9.6697325610000462,0],[76.912280603000056,9.6695382100000415,0],[76.912317161000033,9.6690589780000664,0],[76.912380932000076,9.6687199870000313,0],[76.912415102000068,9.6685436070000605,0],[76.912415105000036,9.6683989680000764,0],[76.912312666000048,9.6681186660000549,0],[76.912178253000036,9.6678225420000672,0],[76.91207582100003,9.6674948700000414,0],[76.91206444900007,9.6673524640000323,0],[76.912080384000035,9.6671738350000282,0],[76.912157904000082,9.666913958000066,0],[76.912214870000071,9.6665636130000507,0],[76.912203475000069,9.6662720470000636,0],[76.912210357000049,9.6660550500000681,0],[76.912394928000083,9.6657634780000308,0],[76.912752588000046,9.6651961290000372,0],[76.912820977000081,9.6651102310000283,0],[76.912914323000052,9.6650876540000468,0],[76.91298265000006,9.6651034550000645,0],[76.913178550000055,9.6652368790000764,0],[76.913265161000083,9.6652639700000691,0],[76.913356240000041,9.6652594850000355,0],[76.913431420000052,9.6652143190000288,0],[76.913490671000034,9.6651396800000384,0],[76.91349523000008,9.6649791960000471,0],[76.913479292000034,9.6648187350000399,0],[76.913577233000069,9.6646582730000432,0],[76.913768613000059,9.6645724130000303,0],[76.91390076700003,9.6644368010000221,0],[76.913946366000062,9.6642355880000537,0],[76.914003260000072,9.6641791340000509,0],[76.914142255000058,9.6641091140000412,0],[76.914604675000078,9.6635892730000705,0],[76.915135471000042,9.6632230920000666,0],[76.916062669000041,9.6626332230000571,0],[76.91773018300006,9.6614987260000476,0],[76.918265506000068,9.6610806270000467,0],[76.919864776000054,9.6598511320000284,0],[76.920718966000038,9.659290588000033,0],[76.922511784000051,9.6580724790000545,0],[76.923233898000035,9.6575978250000389,0],[76.923593829000083,9.6572746250000705,0],[76.923903687000063,9.657181951000041,0],[76.924076812000067,9.6571232170000485,0],[76.924265815000069,9.6570373660000541,0],[76.924539199000037,9.656874564000077,0],[76.924675896000053,9.6568022940000446,0],[76.924819401000036,9.6567096470000706,0],[76.925028947000044,9.6565514510000412,0],[76.925145176000058,9.6564361740000209,0],[76.925268184000061,9.6561513620000596,0],[76.925354724000044,9.6558936930000527,0],[76.925518752000073,9.6556450810000456,0],[76.925705589000074,9.655450672000029,0],[76.925792169000033,9.6553444210000521,0],[76.925808054000072,9.6552382040000566,0],[76.925821770000084,9.6550867990000597,0],[76.925821725000048,9.6548222920000626,0],[76.925851421000061,9.6546934870000314,0],[76.925915203000045,9.6545352940000271,0],[76.926051856000072,9.6543431540000597,0],[76.926117949000059,9.6542708270000617,0],[76.926297870000042,9.6541419950000318,0],[76.926600859000075,9.6539634800000727,0],[76.92668743400003,9.653904687000022,0],[76.926824129000067,9.6538481460000298,0],[76.926960733000044,9.6537916950000522,0],[76.927076958000043,9.6536922390000655,0],[76.927199955000049,9.6535339850000241,0],[76.927307054000039,9.6533035000000496,0],[76.927350303000082,9.6530910010000639,0],[76.927357162000078,9.6529033850000587,0],[76.927336684000068,9.6528107500000715,0],[76.92724559800007,9.6526050600000417,0],[76.927145375000066,9.6524106300000767,0],[76.927079334000041,9.6523315390000448,0],[76.926922096000055,9.652139418000047,0],[76.92684237800006,9.6520105030000423,0],[76.926783243000045,9.6518161140000416,0],[76.926712586000065,9.6513098240000659,0],[76.926696678000042,9.6512307150000538,0],[76.926669349000065,9.6511380400000348,0],[76.926619240000036,9.6510792690000358,0],[76.926386907000051,9.6509368560000439,0],[76.926200130000041,9.6508306100000709,0],[76.926063471000077,9.6506294340000522,0],[76.925774210000043,9.6502067380000653,0],[76.925186566000036,9.6495783330000222,0],[76.922245857000064,9.6498652030000471,0],[76.921617434000041,9.6462373460000208,0],[76.919478488000038,9.6472181670000623,0],[76.918308019000051,9.6431766230000449,0],[76.919900287000075,9.6420059020000508,0],[76.920137245000035,9.6411176140000521,0],[76.920303602000047,9.6400733590000414,0],[76.920447164000052,9.6392528730000322,0],[76.921483680000051,9.6374401720000265,0],[76.922456365000073,9.6362490510000498,0],[76.923378902000081,9.6355258100000469,0],[76.92470004900008,9.634630808000054,0],[76.925510969000072,9.6338894720000212,0],[76.926816187000043,9.6325356150000516,0],[76.928264879000039,9.6313987510000629,0],[76.929180547000044,9.6308766630000378,0],[76.92987983200004,9.6303048360000503,0],[76.930724914000052,9.629149850000033,0],[76.93080377800004,9.6290111900000284,0],[76.931590484000083,9.628132742000048,0],[76.932149318000029,9.6264387180000313,0],[76.932500124000057,9.6253447370000345,0],[76.932928364000077,9.6244021990000306,0],[76.933411265000075,9.6234732240000653,0],[76.933618553000031,9.6229194540000549,0],[76.933675507000032,9.6225668450000512,0],[76.934126492000075,9.6223046640000689,0],[76.934443093000084,9.6221148070000595,0],[76.934873578000065,9.6218639250000706,0],[76.934862193000072,9.6217509100000598,0],[76.934841708000079,9.621344051000051,0],[76.934853104000069,9.6210886350000351,0],[76.934864497000035,9.6209575360000485,0],[76.934818978000067,9.6207518230000346,0],[76.934796200000051,9.6206546830000548,0],[76.934664077000036,9.6204715520000263,0],[76.934260975000029,9.6202432930000441,0],[76.933627781000041,9.6199358670000379,0],[76.933204114000034,9.6197753400000465,0],[76.932857933000037,9.619689410000035,0],[76.932536767000045,9.6195809200000326,0],[76.93247985000005,9.6195356780000338,0],[76.932261199000038,9.6192734790000713,0],[76.93220430000008,9.6191831270000421,0],[76.931858067000064,9.6186225120000586,0],[76.930660113000044,9.6179940660000511,0],[76.930038342000046,9.6173385330000656,0],[76.930154492000042,9.6169226800000729,0],[76.930407322000065,9.6162898310000742,0],[76.930616967000049,9.6155755020000697,0],[76.93028483300003,9.6148817380000651,0],[76.930088444000035,9.6144483770000306,0],[76.928297430000043,9.6153163540000719,0],[76.928188310000053,9.615397961000042,0],[76.927593173000048,9.6159690790000241,0],[76.926897857000029,9.6165766430000303,0],[76.926900307000039,9.6165728070000682,0],[76.926739584000075,9.6167133190000413,0],[76.926352825000038,9.617300417000024,0],[76.926125403000071,9.617797276000033,0],[76.925913535000063,9.6179779780000558,0],[76.925735939000049,9.6180412990000264,0],[76.925464853000051,9.6181611430000657,0],[76.92523015900008,9.618285348000029,0],[76.924970575000032,9.6184458470000322,0],[76.924476286000072,9.6187600270000644,0],[76.923827126000049,9.619243607000044,0],[76.923455856000032,9.6195193900000504,0],[76.923014024000054,9.6197025290000511,0],[76.922444582000082,9.6197521180000649,0],[76.921968633000063,9.6198222750000468,0],[76.92189793700004,9.6198605530000236,0],[76.92165878000003,9.62000301300003,0],[76.921330767000029,9.62021988500004,0],[76.920886540000083,9.6205747990000532,0],[76.920670213000051,9.6207329520000258,0],[76.920191897000052,9.6209409370000571,0],[76.920100845000036,9.6209635500000559,0],[76.919440287000043,9.6209747990000665,0],[76.919198813000037,9.6209680310000749,0],[76.918996077000031,9.620940790000077,0],[76.91879577900005,9.6209001910000325,0],[76.918686355000034,9.620900147000043,0],[76.918490442000063,9.6209114850000219,0],[76.918347034000078,9.6209159890000251,0],[76.918116978000057,9.6209791350000273,0],[76.917946121000057,9.6210199130000547,0],[76.917761616000064,9.6210875840000654,0],[76.917372209000064,9.6212593310000329,0],[76.917251452000073,9.621345265000059,0],[76.917009909000058,9.6215102130000218,0],[76.916723040000079,9.6217046790000609,0],[76.916458790000036,9.6218740790000652,0],[76.916258301000084,9.6220051920000742,0],[76.915982645000042,9.6222334590000287,0],[76.915515750000054,9.622588305000022,0],[76.91524925300007,9.6227759590000232,0],[76.91518097800008,9.6228278860000387,0],[76.915019184000073,9.6230517190000455,0],[76.914388169000063,9.6239850780000324,0],[76.913984969000069,9.6245908840000425,0],[76.913750250000078,9.624927509000031,0],[76.91352482700006,9.6251084330000367,0],[76.913271958000053,9.6252868750000289,0],[76.913212778000059,9.6253050340000641,0],[76.912684354000078,9.6253728410000576,0],[76.912534023000035,9.6253772590000608,0],[76.912247020000052,9.6253094470000633,0],[76.912144602000069,9.6252800850000426,0],[76.91187801500007,9.6253658510000264,0],[76.911745855000049,9.6255150820000495,0],[76.911390557000061,9.6259264680000456,0],[76.911012421000066,9.6263762200000542,0],[76.910976027000061,9.6263988330000529,0],[76.910916732000032,9.6264236150000215,0],[76.910861453000052,9.626437228000043,0],[76.909667819000049,9.6265624390000539,0],[76.909544828000037,9.6267545870000504,0],[76.909421845000054,9.6268833640000366,0],[76.908635989000061,9.6275026120000575,0],[76.908146243000033,9.6279207090000227,0],[76.907779441000059,9.6283004290000349,0],[76.907330626000032,9.6289513490000331,0],[76.907086883000034,9.6293943920000515,0],[76.906968461000076,9.6297356730000274,0],[76.906802028000072,9.6308228420000432,0],[76.90667447900006,9.6310149230000661,0],[76.906321395000077,9.6314375970000583,0],[76.906091273000072,9.6317110630000684,0],[76.90581789600003,9.6318737570000508,0],[76.905369154000084,9.63206815500007,0],[76.904902265000032,9.6322104930000592,0],[76.904626572000041,9.6324477800000636,0],[76.904116328000043,9.6328839760000733,0],[76.903840671000069,9.6333065810000562,0],[76.903617403000055,9.6335846190000325,0],[76.903353158000073,9.6338332320000291,0],[76.903066182000032,9.6339755690000288,0],[76.902719969000032,9.6340975310000658,0],[76.902193779000072,9.6341924610000547,0],[76.901911308000081,9.6341471910000678,0],[76.901558333000082,9.6340703090000375,0],[76.901298699000051,9.6339549430000488,0],[76.901075461000062,9.6340273190000403,0],[76.900745172000029,9.6340973020000433,0],[76.900485528000047,9.6341266660000429,0],[76.900262267000073,9.6340972510000711,0],[76.899886500000036,9.6339683310000623,0],[76.899656418000063,9.6338756720000447,0],[76.899590408000051,9.6338982740000461,0],[76.899157583000033,9.6340405980000696,0],[76.899002669000083,9.6340970470000684,0],[76.898822735000067,9.6341264240000442,0],[76.898606357000062,9.6341061000000536,0],[76.898333063000052,9.634040437000067,0],[76.898073410000052,9.6338889980000317,0],[76.897560977000069,9.6335115030000225,0],[76.897207997000066,9.6332379040000546,0],[76.897014354000078,9.6331452240000317,0],[76.896854948000055,9.63306609600005,0],[76.896761533000074,9.6330751080000709,0],[76.896704602000057,9.6331247790000702,0],[76.896428913000079,9.6334457710000265,0],[76.89626495300007,9.6336604700000521,0],[76.89607354900005,9.6337892580000357,0],[76.89592090900004,9.6338616040000602,0],[76.895791157000076,9.6338887150000687,0],[76.895670362000033,9.6338886550000211,0],[76.895438074000083,9.6338252950000651,0],[76.895294540000066,9.6337823310000772,0],[76.895171607000066,9.6337258730000599,0],[76.895028125000067,9.6336761270000579,0],[76.894811767000078,9.6335449690000701,0],[76.894552087000079,9.6333391980000442,0],[76.894249186000081,9.6329956210000205,0],[76.894026034000035,9.6326588380000544,0],[76.893866677000062,9.6324575770000251,0],[76.89372319000006,9.632292570000061,0],[76.893484023000042,9.6320733050000626,0],[76.893224433000057,9.6317364500000622,0],[76.893064998000057,9.6314719990000413,0],[76.892914763000078,9.6312074970000481,0],[76.892755325000053,9.630893325000045,0],[76.892655133000062,9.6307486000000608,0],[76.892395546000046,9.630477375000055,0],[76.89214276000007,9.6302332330000695,0],[76.891589375000081,9.6298284700000636,0],[76.891177153000058,9.6295481360000394,0],[76.890990414000044,9.6293039930000646,0],[76.890933454000049,9.6292339730000549,0],[76.890817326000047,9.6289265230000751,0],[76.890810506000037,9.6287321080000652,0],[76.890860720000035,9.6284247400000709,0],[76.89097012700006,9.6280156190000525,0],[76.89115014600003,9.627608824000049,0],[76.89146450800007,9.6268380610000577,0],[76.891569372000049,9.6264967650000699,0],[76.891740946000084,9.6264347210000665,0],[76.891720502000055,9.6260911490000467,0],[76.891715984000029,9.6258538150000277,0],[76.89168868400003,9.6256549020000648,0],[76.891656843000078,9.6253633150000724,0],[76.891618171000061,9.6250604270000508,0],[76.89158632200008,9.6248163060000707,0],[76.891609145000075,9.6245337700000277,0],[76.891622832000053,9.6244004130000462,0],[76.89174360700008,9.6240365210000505,0],[76.891796017000047,9.62388960800007,0],[76.891805152000074,9.6237313860000313,0],[76.891837089000035,9.6234194670000761,0],[76.891864462000058,9.623166316000038,0],[76.891887258000054,9.6230420010000444,0],[76.891971566000052,9.6228250240000648,0],[76.892003465000073,9.6227504380000255,0],[76.892126490000066,9.6225515490000362,0],[76.892288239000038,9.6223300630000494,0],[76.892418114000066,9.6220204190000231,0],[76.892431787000078,9.6219797350000249,0],[76.892404499000065,9.6217017110000711,0],[76.892231433000063,9.6214756520000719,0],[76.892008236000038,9.6213919850000593,0],[76.891315817000077,9.6214800290000539,0],[76.891199654000047,9.6214980930000706,0],[76.890892171000075,9.6214980440000772,0],[76.890516360000049,9.6214934640000251,0],[76.889908220000052,9.6215363110000567,0],[76.889564291000056,9.6215588580000713,0],[76.889163429000064,9.6215361890000395,0],[76.888703350000071,9.6214976870000442,0],[76.888471042000049,9.621420798000031,0],[76.888136250000059,9.6212919040000315,0],[76.887908501000084,9.6211991920000628,0],[76.887266270000055,9.6208216100000641,0],[76.886993004000033,9.6205232000000365,0],[76.886956573000077,9.620462165000049,0],[76.88676990600004,9.6198857510000266,0],[76.886760805000051,9.6198315010000215,0],[76.88678361500007,9.619637118000071,0],[76.88684971400005,9.6193636310000556,0],[76.886872513000071,9.6192370560000313,0],[76.886918086000037,9.6191217870000401,0],[76.887029723000069,9.6189342000000693,0],[76.88711402000007,9.6187895540000454,0],[76.887271200000043,9.6186517000000435,0],[76.887644781000063,9.6183647030000543,0],[76.887760950000029,9.6183104750000439,0],[76.888077557000031,9.6182088140000701,0],[76.888672051000071,9.6180100050000306,0],[76.889236919000041,9.6179129050000256,0],[76.88957629600003,9.6178496720000339,0],[76.889945272000034,9.6178406900000368,0],[76.890111560000037,9.6177141390000429,0],[76.890182207000066,9.6174677760000691,0],[76.890173123000068,9.617302771000027,0],[76.890168607000078,9.6170676960000492,0],[76.890223312000046,9.6168145480000362,0],[76.890250663000074,9.6166902350000214,0],[76.890257501000065,9.6166585920000216,0],[76.890298509000047,9.6165907890000426,0],[76.890462524000043,9.61643259300007,0],[76.890667535000034,9.6162721430000602,0],[76.891079829000034,9.6159941890000482,0],[76.891191466000066,9.6157817360000308,0],[76.891164183000058,9.6154788490000556,0],[76.891114093000056,9.6153726050000614,0],[76.891043509000042,9.6152347150000423,0],[76.890988856000035,9.6151781980000237,0],[76.890688261000037,9.6148797870000635,0],[76.890371703000085,9.6146966510000311,0],[76.889649778000035,9.6142444680000381,0],[76.889510869000048,9.6140952640000705,0],[76.889146527000037,9.6136521810000772,0],[76.889082773000041,9.613536894000049,0],[76.888914298000032,9.61314131000006,0],[76.888616051000042,9.6124428210000588,0],[76.888524977000031,9.6122687610000526,0],[76.888267687000052,9.6118121330000577,0],[76.888117415000067,9.611527307000074,0],[76.887896548000072,9.6111837000000264,0],[76.887641525000049,9.610797142000024,0],[76.887571004000051,9.6103111610000269,0],[76.887575580000032,9.6101913640000589,0],[76.887669021000079,9.609836509000047,0],[76.887748767000062,9.6096534360000305,0],[76.887739705000058,9.6096488850000696,0],[76.887949214000059,9.6093573270000547,0],[76.888038077000033,9.6092692030000535,0],[76.888274938000052,9.6091223920000743,0],[76.888589287000059,9.6089212010000438,0],[76.88864860700005,9.6089031720000548,0],[76.888862565000068,9.608880604000035,0],[76.889261266000062,9.6088377480000418,0],[76.889397907000046,9.6088557770000307,0],[76.889862465000078,9.6090277510000419,0],[76.890181222000081,9.6091972660000238,0],[76.890333928000075,9.609258283000031,0],[76.890527421000058,9.6093872210000768,0],[76.890782576000049,9.6095432500000584,0],[76.891069453000057,9.6097602030000644,0],[76.891319211000052,9.6100177790000316,0],[76.891711070000042,9.6101358900000378,0],[76.891723001000059,9.6100292970000396,0],[76.891686766000078,9.6099596290000591,0],[76.891459470000029,9.6097402410000541,0],[76.890803078000033,9.6093781720000493,0],[76.890511565000054,9.6091814770000497,0],[76.890279301000078,9.6089667150000651,0],[76.890185827000039,9.6088468580000495,0],[76.890072054000029,9.60869768200007,0],[76.889787408000075,9.6083359670000732,0],[76.889639420000037,9.6081144180000706,0],[76.889573384000073,9.6079471780000745,0],[76.889518776000045,9.6077595420000534,0],[76.889368479000041,9.6073481030000494,0],[76.889313863000041,9.6069978990000209,0],[76.889261525000052,9.6065977930000486,0],[76.889266158000055,9.6065367450000281,0],[76.889386875000071,9.6062180160000707,0],[76.889439345000085,9.606127577000052,0],[76.889680773000066,9.6058881180000526,0],[76.889847041000053,9.6057411560000219,0],[76.890061228000036,9.6056213560000288,0],[76.890525819000061,9.6053999820000513,0],[76.890680769000085,9.6052530700000602,0],[76.890792301000033,9.6051513910000494,0],[76.890917590000072,9.6050858630000562,0],[76.891099841000084,9.6050135190000674,0],[76.891507544000035,9.6049502960000268,0],[76.89189465100003,9.60488934600005,0],[76.891988092000076,9.6048441380000327,0],[76.892113302000041,9.6047809330000291,0],[76.892168057000049,9.6046814490000543,0],[76.892133904000048,9.6045095900000206,0],[76.891899411000054,9.6037230570000247,0],[76.89181297600004,9.60347437300004,0],[76.891797051000083,9.6030697300000725,0],[76.891815351000048,9.602999642000043,0],[76.891899619000071,9.6028707970000369,0],[76.892052233000072,9.6026630260000729,0],[76.892141029000072,9.6025386860000594,0],[76.892257241000038,9.6023171720000278,0],[76.892357466000078,9.602131876000044,0],[76.892393985000069,9.601731791000077,0],[76.89240310100007,9.601639103000025,0],[76.892373586000076,9.6015600100000711,0],[76.892230052000059,9.6011598660000459,0],[76.892179979000048,9.6010355470000377,0],[76.892020607000063,9.6005970190000767,0],[76.891761117000044,9.5999233220000519,0],[76.891742885000042,9.5997335580000254,0],[76.891765837000037,9.5993424930000515,0],[76.891774884000029,9.5992226250000385,0],[76.891877522000073,9.598804532000031,0],[76.891923020000036,9.5986644310000315,0],[76.892203165000069,9.5981942440000694,0],[76.892396892000079,9.5978891560000648,0],[76.89271804100008,9.5972315200000367,0],[76.892766006000045,9.5971162140000388,0],[76.892834328000049,9.5966550570000209,0],[76.892863928000054,9.5964720890000308,0],[76.892873054000063,9.59629570900006,0],[76.892880056000081,9.5959860690000482,0],[76.892895890000034,9.5957984640000404,0],[76.892946123000058,9.5956131700000356,0],[76.892991715000051,9.5954096730000629,0],[76.893103307000047,9.5952402360000519,0],[76.893374393000045,9.5949577510000381,0],[76.893481372000053,9.5948605600000292,0],[76.893479121000041,9.5948582830000646,0],[76.893930156000067,9.594541854000056,0],[76.894055484000035,9.5941305670000361,0],[76.894121501000029,9.5939135150000538,0],[76.894128326000043,9.5938796680000564,0],[76.894146652000074,9.5936694760000591,0],[76.894153562000042,9.5929619600000251,0],[76.89415364000007,9.5923855640000397,0],[76.89415598800008,9.592168589000039,0],[76.894267662000061,9.5915786540000454,0],[76.89435426600005,9.5910995080000703,0],[76.894500042000061,9.5907129700000269,0],[76.894711979000078,9.590102689000048,0],[76.894803120000063,9.5898337910000464,0],[76.89487598900007,9.5896371310000745,0],[76.894916372000068,9.589474348000067,0],[76.895017288000076,9.5890675560000318,0],[76.895097073000045,9.5887714180000216,0],[76.895115323000084,9.5884821260000308,0],[76.89518139300003,9.5879961310000681,0],[76.89520196400008,9.5877475060000279,0],[76.895208872000069,9.5874988660000326,0],[76.895177012000033,9.5869609740000215,0],[76.895190782000043,9.5866196360000231,0],[76.895183882000083,9.5865744730000415,0],[76.89513160000007,9.5864433160000431,0],[76.89498588400005,9.5860364050000726,0],[76.89465565200004,9.5857153890000291,0],[76.894311857000048,9.58560914800006,0],[76.893947444000048,9.5856610420000266,0],[76.893808462000038,9.5857288780000545,0],[76.893188948000045,9.5861469330000659,0],[76.892870136000056,9.5862259680000648,0],[76.892287086000067,9.5863705390000291,0],[76.89186576700007,9.5863772690000246,0],[76.891462627000067,9.5863772100000233,0],[76.89031942400004,9.5860809660000541,0],[76.889552041000059,9.5858186480000427,0],[76.889003224000078,9.5856150740000317,0],[76.888137866000079,9.5851109210000232,0],[76.887258854000038,9.5846902810000643,0],[76.886550630000045,9.5843692340000644,0],[76.885122790000082,9.5836592160000578,0],[76.884708332000059,9.5834896170000547,0],[76.884257510000054,9.5832996930000718,0],[76.883583476000069,9.5828022610000403,0],[76.883492358000069,9.5827299830000356,0],[76.883333003000075,9.5825062010000579,0],[76.88300283500007,9.5820788590000348,0],[76.882970942000043,9.5820268710000391,0],[76.882923444000085,9.581804198000043,0],[76.882923369000082,9.581803910000076,0],[76.882923165000079,9.5818031150000706,0],[76.882877675000032,9.5814821650000681,0],[76.882916472000034,9.5812335310000663,0],[76.88296431100008,9.5809893680000755,0],[76.882996201000083,9.5808921940000573,0],[76.883301513000049,9.5804131250000637,0],[76.883590843000036,9.5799927240000216,0],[76.884274153000035,9.5791678040000647,0],[76.884524773000066,9.5788468730000318,0],[76.884948387000065,9.5784649750000312,0],[76.88551551900008,9.577979148000054,0],[76.88582081800007,9.5775813500000595,0],[76.885861749000071,9.5774886470000524,0],[76.88591423400004,9.5773439900000312,0],[76.885921068000073,9.5772785030000591,0],[76.885814054000036,9.5770818290000648,0],[76.88565006400006,9.5769257830000356,0],[76.885333591000062,9.5766025100000434,0],[76.88527896800008,9.5764917940000487,0],[76.885226610000075,9.5761640120000493,0],[76.885167525000043,9.5758882470000231,0],[76.88519487800005,9.5757119060000377,0],[76.885326999000029,9.5750610210000673,0],[76.885472904000039,9.5744982020000293,0],[76.885632362000081,9.5740642220000609,0],[76.885771331000058,9.5736641640000357,0],[76.885810132000074,9.5732844480000381,0],[76.885844322000082,9.5729770780000649,0],[76.885830701000032,9.572753318000025,0],[76.885817142000064,9.5724255060000587,0],[76.885785278000071,9.5720977930000686,0],[76.88578530500007,9.5719870510000646,0],[76.885906099000067,9.5714626090000365,0],[76.886077062000084,9.570852374000026,0],[76.886136273000034,9.5706557910000356,0],[76.886136308000061,9.5705630390000351,0],[76.886150116000067,9.5698465320000423,0],[76.886132051000061,9.5689492160000214,0],[76.88613203400007,9.5689627760000349,0],[76.886113832000035,9.5686349890000315,0],[76.886218696000071,9.5682936960000688,0],[76.886562687000037,9.567448382000066,0],[76.886767717000055,9.5669217650000746,0],[76.886822371000051,9.5667907470000273,0],[76.886947777000046,9.5662934900000209,0],[76.887027538000041,9.5659589340000366,0],[76.88706628400007,9.5658007010000574,0],[76.887073094000073,9.5657306930000345,0],[76.887093668000034,9.5652830950000407,0],[76.88708687500008,9.5651249290000351,0],[76.887034491000065,9.5648581690000469,0],[76.887009532000036,9.5647586810000575,0],[76.886891122000065,9.5645756290000463,0],[76.886606512000071,9.564148312000043,0],[76.886381121000056,9.5638725460000273,0],[76.886012253000047,9.563492783000072,0],[76.885773216000075,9.5632033500000375,0],[76.885377091000066,9.5627195920000645,0],[76.885304253000072,9.5625093530000527,0],[76.885140411000066,9.5618990370000461,0],[76.885122178000074,9.5614990190000526,0],[76.885133636000035,9.5614130760000648,0],[76.885161004000054,9.5612888050000606,0],[76.885279438000055,9.5609475300000213,0],[76.885379671000067,9.5607576850000555,0],[76.885577889000047,9.5604163390000281,0],[76.885716854000066,9.5601813540000649,0],[76.886033456000064,9.5598536480000575,0],[76.886595989000057,9.5592818780000357,0],[76.886689370000056,9.5591710820000344,0],[76.886926237000068,9.5588027650000527,0],[76.886980926000035,9.558678437000026,0],[76.887145037000039,9.5580817110000567,0],[76.88735007300005,9.5576228950000655,0],[76.887509492000049,9.5572160360000566,0],[76.887561925000057,9.5571120610000548,0],[76.888124573000084,9.5561990240000227,0],[76.88835690500008,9.5555706480000708,0],[76.888575638000077,9.5549536450000687,0],[76.888719133000052,9.5545332230000213,0],[76.888860454000053,9.5541151620000733,0],[76.888860488000034,9.5537082650000684,0],[76.888867429000072,9.5532494410000481,0],[76.888874241000053,9.5531635230000234,0],[76.888728610000044,9.5526842820000297,0],[76.888259758000061,9.5510658410000246,0],[76.888193733000037,9.5508353150000289,0],[76.888182395000058,9.5506454430000645,0],[76.888234842000031,9.5504283760000703,0],[76.888398817000052,9.5500554840000405,0],[76.88873826300005,9.5493796980000525,0],[76.888843077000047,9.5491627080000399,0],[76.889029753000045,9.5489593760000275,0],[76.889510372000075,9.5484010680000324,0],[76.889742672000068,9.5480485060000433,0],[76.890034267000033,9.5476146230000722,0],[76.890291651000041,9.5472032540000669,0],[76.890391855000075,9.5470586110000681,0],[76.890562700000032,9.5466111000000637,0],[76.890776875000029,9.5460934730000417,0],[76.890808740000068,9.5459759590000317,0],[76.890781407000077,9.5458584050000468,0],[76.890710928000033,9.5454311900000448,0],[76.890603928000075,9.5451689750000241,0],[76.890405884000074,9.5447305190000407,0],[76.89031256700008,9.5445382900000482,0],[76.890041644000064,9.5440794390000292,0],[76.889752585000053,9.5435685230000331,0],[76.889593189000038,9.5432679000000462,0],[76.889527173000033,9.5430057330000295,0],[76.88946128300006,9.5425513720000481,0],[76.889402116000042,9.5423253270000714,0],[76.889304128000049,9.5422439560000498,0],[76.889058281000075,9.5419884600000273,0],[76.888714526000058,9.5415996100000484,0],[76.888616579000029,9.5414097560000641,0],[76.888534723000078,9.5411814850000383,0],[76.888220560000036,9.5404603390000489,0],[76.888088585000048,9.540143927000031,0],[76.88791113800005,9.5388464530000761,0],[76.887804176000031,9.538457673000039,0],[76.887706394000077,9.5380326840000293,0],[76.887660823000033,9.5377117340000268,0],[76.888895655000056,9.5376778320000426,0],[76.888895841000078,9.5376778270000386,0],[76.889808137000045,9.5377165410000657,0],[76.890313669000079,9.5377483300000563,0],[76.890746292000074,9.5377709320000577,0],[76.891518249000057,9.5377936790000604,0],[76.891871180000066,9.5377824500000656,0],[76.892294721000042,9.5377598990000365,0],[76.89312129700005,9.5376628350000487,0],[76.893811285000083,9.5375364100000297,0],[76.894196183000076,9.5374595540000655,0],[76.894344124000042,9.537450523000075,0],[76.894603798000048,9.5374392570000737,0],[76.894851955000036,9.5374370920000615,0],[76.895384767000053,9.5375275770000485,0],[76.895831035000072,9.537613560000068,0],[76.896288729000048,9.537690441000052,0],[76.896680385000082,9.5376995170000214,0],[76.896894469000074,9.5376950060000354,0],[76.89708119800008,9.5376679540000282,0],[76.897286135000058,9.5376069010000606,0],[76.897898697000073,9.5374781770000254,0],[76.898326764000046,9.5374511640000605,0],[76.898971233000054,9.5374602160000563,0],[76.899262670000041,9.5374783340000704,0],[76.89945622700003,9.5374512430000209,0],[76.899763644000075,9.5373947830000247,0],[76.900030054000069,9.5373338460000241,0],[76.900335185000074,9.5371936860000233,0],[76.900647172000049,9.5370581000000243,0],[76.900847586000054,9.5369700400000283,0],[76.901225659000033,9.5367960340000764,0],[76.901610494000067,9.5366920510000455,0],[76.901888281000083,9.5365971500000342,0],[76.902040853000074,9.5365859210000394,0],[76.902200261000075,9.5366085550000435,0],[76.902557770000044,9.536651531000075,0],[76.902680730000043,9.536637932000076,0],[76.902696606000063,9.5366266350000615,0],[76.902883412000051,9.536531779000029,0],[76.902900341000077,9.5363802690000625,0],[76.90291760100007,9.5362265800000614,0],[76.902826539000046,9.5356366700000308,0],[76.902760503000081,9.5354377880000243,0],[76.902674001000037,9.5351778160000435,0],[76.902585237000039,9.5349201160000234,0],[76.902596681000034,9.5348160930000745,0],[76.902913179000052,9.5345585300000266,0],[76.903029362000041,9.5344229260000475,0],[76.903186538000057,9.5342239990000621,0],[76.903309557000057,9.5338103770000657,0],[76.90330949500003,9.5337335360000566,0],[76.903238944000066,9.5334758280000642,0],[76.903120602000058,9.5331231880000473,0],[76.902817837000043,9.5328022020000276,0],[76.902678879000064,9.5326733260000651,0],[76.902626547000068,9.5325806800000237,0],[76.902565128000049,9.5324586120000276,0],[76.902599280000061,9.5323930660000542,0],[76.902911221000068,9.532381780000037,0],[76.903120754000042,9.532345651000071,0],[76.903334790000031,9.53230045600003,0],[76.903428084000041,9.5322417280000309,0],[76.903469087000076,9.5321964850000427,0],[76.90356702400004,9.5320224710000616,0],[76.903587512000058,9.5319727290000742,0],[76.903596714000059,9.5318914080000354,0],[76.903558000000032,9.5316924670000276,0],[76.903519336000045,9.5315025660000288,0],[76.903530713000066,9.5312878930000693,0],[76.903523893000056,9.5312403790000531,0],[76.903492010000036,9.5311567520000722,0],[76.90327577100004,9.5309193650000452,0],[76.902802178000059,9.530650387000037,0],[76.902774798000053,9.5306232360000536,0],[76.902715598000043,9.5305237570000259,0],[76.902654157000029,9.5303813500000274,0],[76.90267009300004,9.5302660910000441,0],[76.902704275000076,9.5302389660000699,0],[76.902941082000041,9.5301124680000271,0],[76.903123297000036,9.5299949460000448,0],[76.903398877000029,9.5296671850000507,0],[76.903426129000081,9.5296220160000757,0],[76.903496842000038,9.5292355290000614,0],[76.90349678900003,9.5291766780000557,0],[76.903353394000078,9.5287562840000533,0],[76.903137180000044,9.5282273540000233,0],[76.903141685000037,9.5281527490000713,0],[76.903144051000083,9.527856674000077,0],[76.90312743800007,9.5278002640000636,0],[76.903062114000079,9.5276802970000745,0],[76.902952782000057,9.5274904190000598,0],[76.90292781800008,9.5274226650000742,0],[76.90247464600003,9.5272552760000622,0],[76.902406405000079,9.5272168660000602,0],[76.902253844000029,9.5270811930000718,0],[76.902240121000034,9.5270699680000348,0],[76.902244703000065,9.5270586430000321,0],[76.902244744000029,9.5270496020000337,0],[76.902420044000053,9.5270157400000244,0],[76.90284125200003,9.527117492000059,0],[76.903144128000065,9.5271966570000473,0],[76.903394565000042,9.5272621860000299,0],[76.904155097000057,9.5275290540000697,0],[76.904225671000063,9.5275448510000729,0],[76.904567234000069,9.527522283000053,0],[76.904735710000068,9.5275222660000622,0],[76.904792730000054,9.5270318020000673,0],[76.904790458000036,9.5269504540000298,0],[76.904583277000029,9.5265888070000528,0],[76.904371558000037,9.526213536000057,0],[76.904271374000075,9.5259490280000705,0],[76.90426001600008,9.5257071780000615,0],[76.904287384000042,9.525551268000072,0],[76.904337560000045,9.5252551120000248,0],[76.904364903000044,9.5251444030000698,0],[76.90439445700008,9.5251037420000557,0],[76.90459489400007,9.5248732100000666,0],[76.904813482000066,9.5247466300000383,0],[76.905170946000055,9.5245703850000609,0],[76.90555583400004,9.5243307990000403,0],[76.905776702000082,9.5241883860000485,0],[76.905842755000037,9.5241115460000287,0],[76.905938451000054,9.5238132430000633,0],[76.905947580000031,9.5237679930000354,0],[76.905947568000045,9.5237001930000247,0],[76.905854180000063,9.5234131390000698,0],[76.905826955000066,9.5233317460000535,0],[76.905765411000061,9.5232526200000507,0],[76.905451216000074,9.5230695580000315,0],[76.905303224000079,9.5229858420000255,0],[76.905150728000081,9.5227304790000744,0],[76.905082466000067,9.5224252980000301,0],[76.905066519000059,9.5220455210000523,0],[76.905050584000037,9.5219799770000577,0],[76.90487988600006,9.5217923340000539,0],[76.904517825000084,9.5215166000000409,0],[76.904274274000045,9.5213944430000765,0],[76.90400554200005,9.5212475620000419,0],[76.904005596000047,9.5212407820000635,0],[76.904185488000053,9.5211978540000359,0],[76.904401740000083,9.5211594280000327,0],[76.904654523000033,9.5211232430000337,0],[76.904879944000072,9.5210961580000344,0],[76.905182792000062,9.5209741810000423,0],[76.905624565000039,9.5207459460000337,0],[76.905843148000031,9.5206351860000495,0],[76.906052662000036,9.5204001750000771,0],[76.906200672000068,9.5202079880000383,0],[76.906228059000057,9.520137959000067,0],[76.906241723000051,9.5200566140000547,0],[76.906246267000029,9.5198577070000283,0],[76.906303182000045,9.5198576680000428,0],[76.906412452000041,9.5199051640000221,0],[76.90667202800006,9.5199119720000454,0],[76.906799565000028,9.5198871380000583,0],[76.907084231000056,9.519853218000037,0],[76.907166219000032,9.5198419220000687,0],[76.907464443000038,9.5196747680000726,0],[76.907658037000033,9.5195413630000303,0],[76.907812895000063,9.5193854790000501,0],[76.908213642000078,9.5189854350000473,0],[76.908352637000064,9.5188430170000515,0],[76.908721507000052,9.5185740460000261,0],[76.909129084000085,9.5182893140000715,0],[76.909350010000082,9.5179615790000298,0],[76.909502650000036,9.5174394940000298,0],[76.909723478000046,9.5171433990000764,0],[76.909828263000065,9.5171049480000534,0],[76.910340562000044,9.5169513550000602,0],[76.910736755000073,9.5168473960000597,0],[76.91109655300005,9.5165852530000734,0],[76.911446166000076,9.5163094250000313,0],[76.911481403000039,9.5162756030000537,0],[76.911572508000063,9.5161354350000238,0],[76.911791160000064,9.5157105300000353,0],[76.911884539000084,9.5155207200000405,0],[76.91195735000008,9.5154641830000628,0],[76.912009774000069,9.5154754670000443,0],[76.912114483000039,9.5154890860000592,0],[76.912321699000074,9.5154642670000271,0],[76.912574428000084,9.5154032170000278,0],[76.912649538000039,9.5153670970000235,0],[76.912925094000059,9.5151206930000285,0],[76.913410163000037,9.5145420940000349,0],[76.913455724000073,9.5145308140000679,0],[76.913849636000066,9.5144268640000291,0],[76.913952105000078,9.5143816440000251,0],[76.91428221700005,9.5141533810000283,0],[76.914717156000052,9.5138618960000372,0],[76.915224985000066,9.5134957010000676,0],[76.915425342000049,9.5132696860000578,0],[76.91566672700003,9.5129872160000559,0],[76.916047026000058,9.5125487680000447,0],[76.916406810000069,9.5121712700000671,0],[76.916709670000046,9.5118412750000516,0],[76.916766560000042,9.5118368030000511,0],[76.917158186000052,9.5118955840000581,0],[76.917233368000041,9.5118888420000758,0],[76.917538509000053,9.5117396330000474,0],[76.917620414000055,9.5116650560000267,0],[76.917782087000035,9.5113283310000725,0],[76.91788917000008,9.5110819450000577,0],[76.917900516000032,9.5110751930000674,0],[76.918121358000064,9.5112084950000622,0],[76.918246622000083,9.5112831110000684,0],[76.918467508000049,9.511326102000055,0],[76.918813605000082,9.5113690380000548,0],[76.918900131000044,9.5113555450000717,0],[76.91904806000008,9.5112651460000279,0],[76.91913921500003,9.5111837380000566,0],[76.919236993000084,9.5111174030000711,0],[76.918652566000048,9.5102274720000537,0],[76.918540445000076,9.5101167820000683,0],[76.918515919000072,9.5100193920000606,0],[76.918494908000071,9.5099359600000639,0],[76.91851769200008,9.5099066360000393,0],[76.919146160000082,9.5098817580000627,0],[76.919610573000057,9.5098479260000772,0],[76.919703956000035,9.5098230950000584,0],[76.92007060800006,9.5096332280000411,0],[76.920122898000045,9.5095880120000515,0],[76.920173051000063,9.5095021270000757,0],[76.920248162000064,9.5091404760000273,0],[76.920334709000031,9.5090003320000278,0],[76.920494178000069,9.5086770890000594,0],[76.921338967000054,9.5078295530000219,0],[76.921395845000063,9.5078070020000496,0],[76.921475530000066,9.5077753760000405,0],[76.921755551000047,9.507971992000023,0],[76.922117675000038,9.5077708480000638,0],[76.922267963000081,9.5075651750000247,0],[76.922393168000042,9.5072871390000273,0],[76.922607163000066,9.5071402360000548,0],[76.92272785800003,9.5071470750000344,0],[76.922889581000049,9.5071629090000442,0],[76.92323336100003,9.5072646140000643,0],[76.923319905000085,9.507287189000067,0],[76.923458750000066,9.5072827190000453,0],[76.923659164000071,9.5071990800000208,0],[76.923889117000044,9.5070725190000758,0],[76.923941485000057,9.5070250430000556,0],[76.924075823000067,9.5067357460000608,0],[76.924214773000074,9.5064080040000363,0],[76.924239826000075,9.5061819570000239,0],[76.924292241000046,9.5055400110000505,0],[76.924305871000058,9.5054044270000304,0],[76.924362836000057,9.5051693450000698,0],[76.924401550000084,9.5050902130000736,0],[76.924522167000077,9.5049365920000355,0],[76.924622406000083,9.5048190620000241,0],[76.924836428000049,9.5047263980000594,0],[76.925050475000035,9.5047196140000665,0],[76.925180250000039,9.5047218820000694,0],[76.925321412000073,9.5046924470000249,0],[76.925692544000071,9.5045727020000754,0],[76.92591337500005,9.5045252910000499,0],[76.925913363000063,9.5045230300000298,0],[76.926009007000062,9.504495835000057,0],[76.926095542000041,9.5044846010000583,0],[76.926159311000049,9.5044891310000708,0],[76.92627768400007,9.5045207510000296,0],[76.926348244000053,9.504599823000035,0],[76.926660192000043,9.5049366500000474,0],[76.926710283000034,9.5049705450000488,0],[76.926796839000076,9.5049954690000504,0],[76.92696305100003,9.5049999770000682,0],[76.927124649000064,9.5049773890000324,0],[76.927202049000073,9.504993235000029,0],[76.92735009300003,9.5050384320000489,0],[76.927418427000077,9.505045196000026,0],[76.927507214000059,9.5050294280000571,0],[76.927862418000075,9.5048621280000702,0],[76.927935216000037,9.5047717780000767,0],[76.928090076000046,9.5044892390000655,0],[76.928124249000064,9.5044123910000735,0],[76.928210788000058,9.5040438970000309,0],[76.928304151000077,9.503625735000071,0],[76.928372491000061,9.503422320000027,0],[76.928474977000064,9.5033160780000685,0],[76.928643458000067,9.5031081320000226,0],[76.928816482000059,9.5028008140000679,0],[76.928955363000057,9.5025431310000386,0],[76.929372072000035,9.5021724530000711,0],[76.929774871000063,9.5018381010000326,0],[76.930055129000039,9.5019961080000712,0],[76.931041011000048,9.5024301840000476,0],[76.93265076800003,9.5030947610000567,0],[76.935772257000053,9.5044782190000205,0],[76.936598765000042,9.5040487630000712,0],[76.937999105000074,9.5027084250000371,0],[76.93904649600006,9.5016122210000731,0],[76.940556771000047,9.4999566780000464,0],[76.942298559000051,9.4980851470000403,0],[76.943562299000064,9.4967990710000549,0],[76.945852737000052,9.4943736790000344,0],[76.947275697000066,9.4927146270000549,0],[76.950062470000034,9.4900066720000495,0],[76.951954515000068,9.4917109810000397,0],[76.953580129000045,9.4905355870000676,0],[76.954764063000084,9.4919052890000444,0],[76.954622916000062,9.4926263720000748,0],[76.954657132000079,9.4930242040000508,0],[76.954720847000033,9.493774606000045,0],[76.954764128000079,9.4941972480000345,0],[76.954889395000066,9.4946742120000636,0],[76.955039636000038,9.4951872860000321,0],[76.955278792000058,9.4958043640000369,0],[76.955492772000071,9.4963332630000536,0],[76.955715961000067,9.4968960990000255,0],[76.956018786000072,9.4974679830000355,0],[76.956205465000039,9.4978228360000685,0],[76.956435465000084,9.4981573790000766,0],[76.95834740500004,9.5000000160000582,0],[76.958928663000052,9.5005826290000641,0],[76.958432360000074,9.5012969330000487,0],[76.958265379000068,9.5014447660000769,0],[76.957978513000057,9.5017115110000532,0],[76.957559583000034,9.5018291160000672,0],[76.957004028000028,9.5026450870000758,0],[76.956673848000037,9.502821405000077,0],[76.956746711000051,9.5029525260000582,0],[76.956753592000041,9.5029615270000249,0],[76.957060957000067,9.5032893070000455,0],[76.957545908000043,9.5035243380000338,0],[76.958292791000076,9.5038633940000636,0],[76.95845668000004,9.5039243990000273,0],[76.959050981000075,9.5045572880000577,0],[76.959164839000039,9.5046431610000468,0],[76.959620199000085,9.5048623530000214,0],[76.959843412000055,9.5052669880000735,0],[76.960155271000076,9.5053754340000296,0],[76.96078599100008,9.5053189210000255,0],[76.961107084000048,9.5054500030000213,0],[76.961236830000075,9.5057031130000382,0],[76.961109342000043,9.5059902090000605,0],[76.961177655000029,9.5063609090000227,0],[76.961120785000048,9.5067361090000304,0],[76.960918132000074,9.5070638540000232,0],[76.960786123000048,9.507468493000033,0],[76.960806582000032,9.5079906070000675,0],[76.961006971000074,9.5081285150000667,0],[76.961355378000064,9.5081623550000245,0],[76.961774261000073,9.5082595310000215,0],[76.962370874000044,9.5085127290000742,0],[76.96281028900006,9.5088087530000394,0],[76.963466034000078,9.5089082100000724,0],[76.963925956000082,9.5088403570000537,0],[76.964583984000058,9.5085419590000697,0],[76.96530578200003,9.5078818820000492,0],[76.965884075000076,9.5073190660000364,0],[76.96679247700007,9.5066002620000631,0],[76.967557488000068,9.5060780670000327,0],[76.967953596000029,9.5057276240000306,0],[76.969089705000044,9.5045431610000719,0],[76.969292384000084,9.5043012900000576,0],[76.969442589000039,9.5040232850000734,0],[76.969592859000045,9.5037249390000511,0],[76.96966113600007,9.5031169020000448,0],[76.969711218000043,9.5027348710000297,0],[76.969847749000053,9.5021042120000629,0],[76.969681105000063,9.501465860000053,0],[76.969680412000059,9.50121727100003,0],[76.96967098500005,9.5011133670000731,0],[76.969748358000061,9.5010769530000516,0],[76.969962187000078,9.5010176220000631,0],[76.970408403000079,9.5010073320000288,0],[76.97094591900003,9.5010555570000292,0],[76.971465211000066,9.5011174430000551,0],[76.971829720000073,9.5011978290000343,0],[76.972044114000084,9.5013327580000464,0],[76.972417922000034,9.501494449000063,0],[76.972609308000074,9.5015392000000247,0],[76.973196906000055,9.5015872280000622,0],[76.973617138000066,9.5016031160000693,0],[76.973982481000064,9.501622477000069,0],[76.974130450000075,9.501622454000028,0],[76.97422178100004,9.5016224800000373,0],[76.974280786000065,9.5016224190000571,0],[76.974324770000067,9.5016069830000447,0],[76.974428729000067,9.5015704180000284,0],[76.97452105900004,9.5015062560000274,0],[76.974610848000054,9.5014438270000596,0],[76.975843761000078,9.4999980070000447,0],[76.976097037000045,9.4997678710000741,0],[76.976809610000032,9.4990783600000555,0],[76.977774876000069,9.4982487490000267,0],[76.978032166000048,9.4980362160000595,0],[76.978273458000047,9.4977175570000441,0],[76.978815307000048,9.4967455250000512,0],[76.979240979000053,9.4959340620000603,0],[76.979944371000045,9.4947110770000336,0],[76.98046111900004,9.4939516180000396,0],[76.980672879000053,9.4935175990000289,0],[76.98075252700005,9.4933864330000688,0],[76.981118976000062,9.4928552650000597,0],[76.981572032000031,9.4922630390000222,0],[76.982018217000075,9.491616524000051,0],[76.982346042000074,9.4911463200000412,0],[76.982648801000039,9.4907507450000708,0],[76.982951584000034,9.4903438700000606,0],[76.983120022000037,9.4901041780000241,0],[76.983183710000048,9.4897787490000383,0],[76.983251926000037,9.488847455000041,0],[76.983261006000077,9.4886688700000263,0],[76.983349824000072,9.4883592090000661,0],[76.983591080000053,9.4876720020000676,0],[76.983839151000041,9.4869825850000211,0],[76.983982522000076,9.4867068750000385,0],[76.984062221000045,9.4865056530000516,0],[76.984071313000072,9.4863451470000655,0],[76.983991566000043,9.4860942950000435,0],[76.983875460000036,9.4858388590000686,0],[76.983725172000049,9.4856082950000769,0],[76.983581713000035,9.4853619630000594,0],[76.983226466000076,9.4849731890000726,0],[76.982604906000063,9.4843810850000523,0],[76.982176834000029,9.4839471630000389,0],[76.982017403000043,9.4837098700000411,0],[76.981785131000038,9.4833934390000536,0],[76.981892158000051,9.4833052380000709,0],[76.98217666100004,9.4830136350000771,0],[76.982292845000075,9.4829503320000299,0],[76.982443108000041,9.4829073570000446,0],[76.982622897000056,9.4828372750000653,0],[76.982764094000061,9.4827219420000688,0],[76.982880123000029,9.4825366050000639,0],[76.982968926000069,9.4823670600000582,0],[76.983075890000066,9.4819511710000484,0],[76.983112327000072,9.4816844740000761,0],[76.983255684000085,9.481374775000063,0],[76.983387711000034,9.4811373690000664,0],[76.983574382000029,9.480934004000062,0],[76.983806565000066,9.4807123910000541,0],[76.983913566000069,9.4805090250000603,0],[76.984020567000073,9.4802897490000646,0],[76.984072896000043,9.4800952800000573,0],[76.984118438000053,9.4797495250000452,0],[76.984100113000068,9.4794759980000549,0],[76.984027222000066,9.4791663490000246,0],[76.983949857000084,9.4788543760000721,0],[76.98395886000003,9.4785989540000628,0],[76.984011258000066,9.4781469440000592,0],[76.984090891000051,9.4778395050000768,0],[76.984136379000063,9.4776269950000369,0],[76.984099936000064,9.477353570000048,0],[76.98416364600007,9.4771749470000373,0],[76.984332093000035,9.4768743280000649,0],[76.984509617000072,9.4766007750000654,0],[76.984598368000036,9.4763272740000275,0],[76.98463479000003,9.4760899570000561,0],[76.984625661000052,9.4758481070000471,0],[76.984564178000085,9.4756537400000411,0],[76.984422960000074,9.4754163440000525,0],[76.98422714000003,9.4751677770000242,0],[76.984154327000056,9.4750615210000433,0],[76.984083713000075,9.4748942340000326,0],[76.984047257000043,9.4746818270000404,0],[76.984074612000029,9.4745145280000429,0],[76.984208824000063,9.4741348250000215,0],[76.984447873000079,9.4736668430000464,0],[76.984609490000082,9.47336626200007,0],[76.984768842000051,9.4731311420000566,0],[76.984794695000062,9.4730351750000636,0],[76.984686619000058,9.4729875140000672,0],[76.984530626000037,9.4728882380000528,0],[76.98444722000005,9.4727128890000358,0],[76.984452531000045,9.4727183660000378,0],[76.984422585000061,9.4726658110000699,0],[76.984361094000064,9.4724944240000468,0],[76.98431948800004,9.4722206940000433,0],[76.984293735000051,9.4719142760000636,0],[76.984331264000048,9.4717175030000362,0],[76.984433458000069,9.4713004310000315,0],[76.984574241000075,9.4709418610000284,0],[76.98462236000006,9.4707582240000647,0],[76.984628153000074,9.4705793140000765,0],[76.984551721000059,9.4704107310000722,0],[76.984258286000056,9.4699841540000307,0],[76.983493578000036,9.4687597340000593,0],[76.983018521000076,9.4680501420000382,0],[76.982930364000083,9.4679224310000336,0],[76.982491499000048,9.467413428000043,0],[76.982201331000056,9.4671161030000235,0],[76.982035052000072,9.4669865990000517,0],[76.981798895000054,9.4668889320000744,0],[76.981665684000063,9.4669119460000388,0],[76.981326999000032,9.4669449020000229,0],[76.981050451000044,9.4670615660000408,0],[76.980677583000045,9.4672467120000761,0],[76.980284573000063,9.4674507290000633,0],[76.980014918000052,9.4675371880000512,0],[76.979797484000073,9.4675639380000689,0],[76.978922400000044,9.4675038710000763,0],[76.977858489000084,9.4673960930000476,0],[76.977651886000046,9.4673594050000247,0],[76.977427177000038,9.467296612000041,0],[76.977117744000054,9.467182532000038,0],[76.976822646000073,9.4670414960000357,0],[76.976571824000075,9.4668732030000342,0],[76.976356508000038,9.4667963610000356,0],[76.975554297000031,9.4664977600000384,0],[76.975121664000085,9.4663507300000447,0],[76.97489194800005,9.4663267410000458,0],[76.974794576000079,9.4663176860000249,0],[76.97467572000005,9.4663570320000758,0],[76.974544172000037,9.46646830800006,0],[76.974186065000083,9.466670261000047,0],[76.973542504000079,9.4670112550000454,0],[76.973162910000042,9.4672184670000661,0],[76.972934966000082,9.4672876360000373,0],[76.972707997000043,9.4673272980000434,0],[76.972380856000029,9.4673144170000683,0],[76.971987009000031,9.4672683140000231,0],[76.971727534000081,9.4672049850000235,0],[76.971468682000079,9.4670817310000643,0],[76.97128185300005,9.466940027000021,0],[76.970637703000079,9.4662872980000543,0],[76.970348064000063,9.4658405300000368,0],[76.97017623000005,9.4655741460000513,0],[76.969952899000077,9.4653382890000444,0],[76.969640491000064,9.4650418380000474,0],[76.969371545000058,9.4647935860000416,0],[76.969199765000042,9.4646917790000771,0],[76.969042338000065,9.464631943000029,0],[76.96891405000008,9.464632047000066,0],[76.969696684000041,9.4637375790000533,0],[76.970529923000072,9.4634134070000755,0],[76.971218180000051,9.4628732910000508,0],[76.971978897000042,9.4623331560000565,0],[76.97248594000007,9.4615771060000498,0],[76.973065441000074,9.4608210360000271,0],[76.973898548000079,9.4600289040000689,0],[76.975238958000034,9.4595246090000273,0],[76.976579374000039,9.4590563050000469,0],[76.977195152000036,9.4585161970000513,0],[76.978716675000044,9.4579038520000722,0],[76.980057010000053,9.4571835600000327,0],[76.981505909000077,9.4560312780000686,0],[76.98312522100008,9.4544217840000329,0],[76.984030708000034,9.4534856220000734,0],[76.985008723000078,9.4528014110000527,0],[76.986530090000031,9.4517930720000436,0],[76.988124103000075,9.4514326390000747,0],[76.989971646000072,9.4508201490000374,0],[76.991735672000061,9.4492851780000251,0],[76.992858387000069,9.4479889630000571,0],[76.993872542000076,9.4471247360000348,0],[76.995466515000032,9.4467282730000761,0],[76.99727787300003,9.4463677300000768,0],[76.99923400800003,9.4463465770000425,0],[76.999680503000036,9.4464080460000446,0],[77.00001667500004,9.4465265930000442,0],[77.000096717000076,9.4465452630000755,0],[77.000102557000048,9.44655933100006,0],[77.000486824000063,9.4474849260000724,0],[77.00083403900004,9.4478366760000654,0],[77.001012191000029,9.4478356620000454,0],[77.001345398000069,9.4476899870000466,0],[77.001871778000066,9.4474020810000638,0],[77.00209951000005,9.4472665460000371,0],[77.002550244000076,9.4472169720000352,0],[77.002982787000064,9.447248767000076,0],[77.003251489000036,9.4472081840000328,0],[77.003766076000034,9.4469280960000219,0],[77.004294256000037,9.4467158170000403,0],[77.00461757000005,9.446657205000065,0],[77.004616545000033,9.4466575440000611,0],[77.005019575000063,9.4465864790000751,0],[77.005018281000048,9.4465850430000273,0],[77.005159356000036,9.4465624520000233,0],[77.005541857000082,9.4464270260000376,0],[77.005956443000059,9.4459207940000738,0],[77.006316264000077,9.445532207000042,0],[77.00692652500004,9.445093919000044,0],[77.00762768900006,9.4448680840000634,0],[77.007832583000038,9.4448455800000488,0],[77.008552117000079,9.4444750960000761,0],[77.009330753000029,9.4442177180000613,0],[77.009904513000038,9.4440642000000707,0],[77.01001827500005,9.4440733130000467,0],[77.010496401000069,9.4439288380000335,0],[77.010874332000071,9.4438069020000626,0],[77.011370740000075,9.4435810560000277,0],[77.011766826000041,9.4434817050000674,0],[77.012686573000053,9.4435227230000578,0],[77.013201021000043,9.4436133370000448,0],[77.01351973800007,9.4435636920000547,0],[77.013893170000074,9.443278977000034,0],[77.014303067000071,9.4429400860000214,0],[77.014530699000034,9.4428045440000687,0],[77.014831192000031,9.4427368340000726,0],[77.015386681000052,9.442746125000042,0],[77.015851088000034,9.44270106700003,0],[77.016147169000078,9.4423756630000639,0],[77.016579844000034,9.4419779730000641,0],[77.017153633000078,9.4416436540000745,0],[77.017395026000031,9.441354360000048,0],[77.017458863000058,9.441028933000041,0],[77.017336155000066,9.4404366440000445,0],[77.017058569000085,9.4399347340000759,0],[77.017099719000043,9.4395279000000301,0],[77.01714983100004,9.4393470930000376,0],[77.017404920000047,9.4389086590000488,0],[77.017641827000034,9.4384431200000449,0],[77.01778764800008,9.4380950760000246,0],[77.017847006000068,9.4376882270000237,0],[77.017787903000055,9.437403459000052,0],[77.017774387000031,9.4369423400000301,0],[77.017847287000052,9.4365942620000283,0],[77.018125246000068,9.4360970310000312,0],[77.01819813000003,9.4359027140000649,0],[77.018362143000047,9.4355365770000503,0],[77.018680975000052,9.435179584000025,0],[77.018844984000054,9.4347501700000294,0],[77.018790593000062,9.4341172630000756,0],[77.018731532000061,9.4336516150000307,0],[77.018845473000056,9.4332854030000703,0],[77.019027710000046,9.4329690580000261,0],[77.019232726000041,9.4325622790000239,0],[77.01932843600008,9.4322232000000668,0],[77.019060060000072,9.4316444920000322,0],[77.01875056800003,9.431165184000065,0],[77.018591369000035,9.4307312050000291,0],[77.018058819000032,9.4303422140000634,0],[77.017348628000036,9.430355506000069,0],[77.016879657000061,9.4303327920000584,0],[77.016356123000037,9.4302105020000226,0],[77.016060273000051,9.4300883560000557,0],[77.015322671000035,9.4301785450000466,0],[77.015049527000031,9.4302824360000272,0],[77.014371100000062,9.4304042850000656,0],[77.013756470000033,9.4304131350000375,0],[77.013437699000065,9.4304672070000493,0],[77.013050776000057,9.4303857140000673,0],[77.012477189000037,9.4303448800000638,0],[77.011953542000072,9.4303447100000426,0],[77.011616662000051,9.4302586800000654,0],[77.011143292000042,9.4301680960000454,0],[77.01080638600007,9.4300775460000636,0],[77.010578814000041,9.4299554560000729,0],[77.01009169200006,9.4297382140000536,0],[77.009795845000042,9.4296793380000281,0],[77.009203999000079,9.4296294740000235,0],[77.008903545000067,9.4294665780000742,0],[77.008639543000072,9.4292314270000475,0],[77.008393823000063,9.428883269000039,0],[77.008330215000058,9.4284944780000615,0],[77.008394172000067,9.4280152860000612,0],[77.008599199000059,9.4275768720000315,0],[77.008817925000074,9.4268943110000691,0],[77.008868116000031,9.4266004190000672,0],[77.008836423000048,9.4262206660000629,0],[77.008818319000056,9.4258138070000541,0],[77.008891344000062,9.4254386100000715,0],[77.008996171000035,9.4251629380000281,0],[77.009110024000051,9.4249685700000327,0],[77.009274047000076,9.4246340740000392,0],[77.009306149000054,9.4239831310000568,0],[77.009192434000056,9.4236033940000539,0],[77.008878554000034,9.4230697700000405,0],[77.008705593000059,9.4228662810000401,0],[77.008628379000072,9.4222966850000489,0],[77.008687709000071,9.4218672380000612,0],[77.00885173000006,9.4215011040000718,0],[77.009084163000068,9.4208908720000295,0],[77.009220957000082,9.4202716040000496,0],[77.009216476000063,9.4200493330000654,0],[77.009234698000057,9.420050146000051,0],[77.00994950200004,9.4200820470000508,0],[77.010759912000083,9.419928632000051,0],[77.011447480000072,9.419485838000071,0],[77.012026044000038,9.4184869170000525,0],[77.01203541700005,9.4176686930000528,0],[77.011826227000029,9.4170719190000227,0],[77.011516810000046,9.4164750840000693,0],[77.010547530000053,9.4154123160000722,0],[77.010206354000047,9.4146120890000589,0],[77.010170204000076,9.4138074110000503,0],[77.010434820000057,9.4123246780000613,0],[77.010403220000057,9.4113934200000244,0],[77.010257873000057,9.4106745160000287,0],[77.009748246000072,9.4099601300000586,0],[77.009425111000041,9.409539551000023,0],[77.009302453000032,9.4089654230000406,0],[77.009471010000084,9.4086444610000513,0],[77.009885317000055,9.408490959000062,0],[77.010650051000084,9.4086765230000537,0],[77.01115530800007,9.4088711580000677,0],[77.012402702000031,9.4089800230000264,0],[77.013490812000043,9.4085419040000602,0],[77.014829482000039,9.4079230070000222,0],[77.015280235000034,9.4077604320000319,0],[77.015571609000062,9.4076791300000764,0],[77.016687085000058,9.4072681450000459,0],[77.017670617000078,9.4068977770000402,0],[77.017725183000039,9.4068887870000708,0],[77.018376327000055,9.4066539220000323,0],[77.019177593000052,9.4064371800000686,0],[77.019728479000037,9.4063694850000275,0],[77.020329403000062,9.4062340690000497,0],[77.020889416000045,9.4061393810000595,0],[77.021499487000085,9.4061214240000481,0],[77.02212761100003,9.4063748190000638,0],[77.022605573000078,9.4066190400000664,0],[77.022874044000048,9.4069988780000244,0],[77.023351855000044,9.4075143740000726,0],[77.023488336000071,9.407722404000026,0],[77.024389481000071,9.4086358290000476,0],[77.024926566000033,9.4090745070000708,0],[77.025750454000047,9.40917879400007,0],[77.026292333000072,9.408799186000067,0],[77.026579333000029,9.4083426700000246,0],[77.02706210100007,9.4077234950000275,0],[77.027658558000041,9.4072128610000618,0],[77.028173121000066,9.4069734310000399,0],[77.028719356000067,9.4070142230000329,0],[77.029729888000077,9.407593175000045,0],[77.030348782000033,9.4081358700000237,0],[77.031350150000037,9.4089996130000486,0],[77.03210570400006,9.4093117340000276,0],[77.032733979000056,9.4092621930000746,0],[77.033266628000035,9.4092985360000512,0],[77.034186267000052,9.4092761490000498,0],[77.035064850000083,9.4092538170000353,0],[77.035419946000047,9.4093759700000419,0],[77.035961501000031,9.4099231660000555,0],[77.036393639000039,9.4112478430000692,0],[77.036762021000072,9.4124413630000276,0],[77.03705784400006,9.412794090000034,0],[77.037535837000064,9.4130564550000599,0],[77.038100316000055,9.4132419360000767,0],[77.03880134700006,9.4132421330000398,0],[77.039711878000048,9.4132333420000691,0],[77.041510163000055,9.4131659870000703,0],[77.042520815000046,9.4132792740000468,0],[77.04391836800005,9.4134423830000742,0],[77.044965396000066,9.413673144000029,0],[77.046344765000072,9.413994538000054,0],[77.046941061000041,9.4141257630000723,0],[77.047364431000062,9.4144016280000642,0],[77.047664767000072,9.4147769170000402,0],[77.048183678000044,9.4154008740000563,0],[77.048902754000039,9.4160068530000558,0],[77.049826830000029,9.4165811760000224,0],[77.050259218000065,9.4168570730000738,0],[77.05115599100003,9.4172777010000459,0],[77.051820644000031,9.4175761990000524,0],[77.052498921000051,9.4178385490000665,0],[77.053295562000073,9.4180738140000244,0],[77.054338136000069,9.4180876240000657,0],[77.055403424000076,9.4180787920000739,0],[77.055867776000071,9.4180020520000767,0],[77.056500607000032,9.417798772000026,0],[77.057142566000039,9.4176000480000539,0],[77.057670784000038,9.417378574000054,0],[77.057980402000055,9.4171978780000245,0],[77.058686134000084,9.4166238280000698,0],[77.059451034000062,9.4163573100000235,0],[77.060174990000064,9.4161404760000664,0],[77.061171990000048,9.4160231030000432,0],[77.062123480000082,9.4160142840000276,0],[77.062997550000034,9.4160597000000621,0],[77.063671302000046,9.4163264840000238,0],[77.064832059000082,9.4168828340000346,0],[77.065606022000054,9.4170547460000762,0],[77.066225136000071,9.4169960680000599,0],[77.066265345000033,9.4169666970000208,0],[77.066389530000038,9.4168759820000218,0],[77.066038088000084,9.4190665270000409,0],[77.065792094000074,9.4200113080000278,0],[77.06557805500006,9.4203593990000627,0],[77.065459685000064,9.4204768810000701,0],[77.064603530000056,9.4214260520000721,0],[77.064070714000081,9.4222215580000466,0],[77.063861260000067,9.4224837490000368,0],[77.063615321000043,9.4229177200000436,0],[77.063337448000084,9.4236002770000482,0],[77.062736382000082,9.4242782200000761,0],[77.062381180000045,9.4247393150000676,0],[77.062349232000031,9.4250466560000632,0],[77.062271773000077,9.4253088880000746,0],[77.062180646000058,9.4258603670000412,0],[77.062016687000039,9.4263033490000225,0],[77.061798062000037,9.426646857000037,0],[77.061679629000082,9.4267237510000541,0],[77.061452020000047,9.426796042000035,0],[77.060709923000047,9.4266285490000428,0],[77.060145487000057,9.4263933940000584,0],[77.059808588000067,9.4264113650000354,0],[77.059175677000042,9.4265876260000709,0],[77.058870566000053,9.426854262000063,0],[77.058693021000067,9.4271254860000226,0],[77.058533532000069,9.4275865190000445,0],[77.058483387000081,9.4281109120000224,0],[77.058870268000078,9.4284003490000714,0],[77.059439289000068,9.4289474240000573,0],[77.059744142000056,9.4295577820000744,0],[77.059894308000082,9.430118425000046,0],[77.060003449000078,9.4307151040000576,0],[77.060057943000061,9.4312304780000318,0],[77.060180799000079,9.4317142660000286,0],[77.06004861100007,9.4321120450000535,0],[77.059934738000038,9.4326048110000329,0],[77.059656848000031,9.433178898000051,0],[77.059506590000069,9.4334771700000601,0],[77.059401792000074,9.433888530000047,0],[77.059123879000083,9.4344897330000208,0],[77.05891441700004,9.4349055920000637,0],[77.058663871000078,9.4353938250000624,0],[77.058650201000034,9.4355294040000217,0],[77.058631915000035,9.435669530000041,0],[77.058741147000035,9.436035706000041,0],[77.058882241000049,9.4364019670000516,0],[77.058950335000077,9.4371071770000299,0],[77.058977520000042,9.4376993640000251,0],[77.059214242000053,9.4380565670000465,0],[77.05972395200007,9.4388070990000301,0],[77.059942364000051,9.4392999080000664,0],[77.059851301000037,9.4396480030000589,0],[77.059404930000085,9.4402582390000589,0],[77.058771877000083,9.4411350520000497,0],[77.058403008000084,9.4417814440000711,0],[77.058170720000078,9.4422787000000312,0],[77.058170639000082,9.4425409310000532,0],[77.058152266000036,9.4429883940000536,0],[77.058539008000082,9.4443854150000561,0],[77.058689194000067,9.444656708000025,0],[77.058903058000055,9.4452263790000757,0],[77.059167009000078,9.4456603460000679,0],[77.059512943000072,9.4460718670000574,0],[77.059972679000055,9.4466370210000719,0],[77.060236688000032,9.4469579960000374,0],[77.060546244000079,9.4474825390000206,0],[77.060719164000034,9.4476724350000723,0],[77.060923966000075,9.4479572380000718,0],[77.061178909000034,9.4481923900000311,0],[77.061474778000047,9.4484818110000219,0],[77.062012022000033,9.4488526130000423,0],[77.062230484000054,9.448893273000067,0],[77.063113675000068,9.4493094090000227,0],[77.063564425000038,9.4495717030000606,0],[77.063987801000053,9.4497164650000514,0],[77.064925648000042,9.4502139000000511,0],[77.06580878300008,9.4508334120000654,0],[77.066373316000067,9.4512449030000312,0],[77.06753866300005,9.4522125670000605,0],[77.068007582000064,9.4527414960000442,0],[77.068205142000068,9.4530177390000745,0],[77.068476707000059,9.4537460000000237,0],[77.06852454400007,9.4542986430000724,0],[77.070709890000046,9.4548165700000482,0],[77.071935107000058,9.4548978110000235,0],[77.07587129500007,9.4558918700000731,0],[77.080533347000085,9.4572355180000613,0],[77.082564841000078,9.4580860280000252,0],[77.083613791000062,9.458477905000052,0],[77.086138907000077,9.4599447300000747,0],[77.087233868000055,9.4605796050000208,0],[77.090147681000076,9.461889271000075,0],[77.091465192000044,9.4625006870000448,0],[77.091999874000066,9.4625417330000232,0],[77.092777355000067,9.4622274630000334,0],[77.093223235000039,9.4623132700000383,0],[77.093492449000053,9.4626434130000234,0],[77.093630605000044,9.4633945550000362,0],[77.094878644000062,9.4635640380000723,0],[77.094860931000085,9.464316110000027,0],[77.09537415300008,9.4644899770000279,0],[77.098216557000057,9.4650258380000309,0],[77.098215215000039,9.4648046800000429,0],[77.098167459000081,9.4642741670000419,0],[77.097962492000079,9.4635234290000767,0],[77.098181407000084,9.4629028550000385,0],[77.098402871000076,9.4627024820000543,0],[77.09878141300004,9.4627002170000765,0],[77.099185444000057,9.4632285980000574,0],[77.099323612000035,9.4639797350000663,0],[77.099660843000038,9.4645085140000447,0],[77.10028808800007,9.465124023000044,0],[77.100915335000082,9.4657395300000644,0],[77.100877789000037,9.4668898160000481,0],[77.100751442000046,9.4680848670000728,0],[77.101442944000041,9.468279773000063,0],[77.101552937000065,9.4680579480000233,0],[77.101773595000054,9.4677248770000233,0],[77.102016520000063,9.4673916730000656,0],[77.102261327000065,9.4673680890000469,0],[77.103040821000036,9.4673855310000476,0],[77.103619774000038,9.4673820590000446,0],[77.104220320000081,9.467267874000072,0],[77.104600616000084,9.4675531060000253,0],[77.10466903400004,9.4678180930000622,0],[77.104671323000048,9.4681940610000765,0],[77.104435171000034,9.4691656420000641,0],[77.105304900000078,9.4692560530000378,0],[77.106056194000075,9.4693329830000721,0],[77.106666347000044,9.46930138700003,0],[77.10722639200003,9.4691296240000611,0],[77.107841072000042,9.4689895310000338,0],[77.108382918000075,9.4688494210000727,0],[77.109302727000056,9.4684788040000285,0],[77.110090500000069,9.4679996970000389,0],[77.110436545000084,9.467656120000072,0],[77.110627742000077,9.467389403000027,0],[77.110805414000083,9.4670548850000387,0],[77.111401821000072,9.4672628970000687,0],[77.111761522000052,9.4674708890000261,0],[77.111961846000042,9.4675658570000678,0],[77.111993088000077,9.4674864550000279,0],[77.112247809000053,9.4672637570000688,0],[77.112612650000074,9.4668413480000595,0],[77.112976882000055,9.4663194180000687,0],[77.113597793000054,9.4658954660000632,0],[77.114075182000079,9.4656714250000391,0],[77.114753380000082,9.4655125210000506,0],[77.115549974000032,9.465604011000039,0],[77.116078173000062,9.4646637530000248,0],[77.116738370000064,9.4640942000000337,0],[77.117512443000066,9.4635969960000352,0],[77.118145413000036,9.4635472560000267,0],[77.118737291000059,9.4634478690000492,0],[77.119456735000085,9.4633665110000607,0],[77.119848250000075,9.4632399500000588,0],[77.120836315000076,9.4630636850000656,0],[77.121350894000045,9.4629190230000404,0],[77.122229602000061,9.4627698990000226,0],[77.12242088000005,9.4627110740000262,0],[77.123062837000077,9.4626432840000234,0],[77.123581960000081,9.4626161890000731,0],[77.124993387000075,9.4621641930000351,0],[77.126058906000083,9.4619562610000685,0],[77.126555174000032,9.4614996800000313,0],[77.126914932000034,9.4610657100000708,0],[77.127288257000032,9.460839644000032,0],[77.127866537000045,9.4606181190000598,0],[77.12862231400004,9.4600666800000681,0],[77.129050336000034,9.4597049680000396,0],[77.129532959000073,9.4593252980000671,0],[77.129938242000037,9.4597953930000358,0],[77.130484585000033,9.4601389890000291,0],[77.131304200000045,9.4604192810000427,0],[77.131996216000061,9.4600259530000699,0],[77.132770263000054,9.459619109000073,0],[77.133298488000037,9.4593569350000735,0],[77.134327435000046,9.4587873750000426,0],[77.134709951000048,9.4586652840000625,0],[77.135069619000035,9.4586471880000431,0],[77.135625067000035,9.4587105150000639,0],[77.136012122000068,9.4587783020000415,0],[77.136462881000057,9.4589455800000337,0],[77.13711397000003,9.4591941620000739,0],[77.137546517000033,9.4596553110000627,0],[77.138265931000035,9.4601027820000354,0],[77.138953504000085,9.4602293840000584,0],[77.139636408000058,9.4601751460000401,0],[77.140182817000039,9.4600575630000208,0],[77.140724625000075,9.4600350050000657,0],[77.141439486000081,9.4603197970000679,0],[77.142004101000055,9.4603197850000242,0],[77.14250488600004,9.4601705700000593,0],[77.143406488000039,9.461472532000073,0],[77.147071944000061,9.4645961710000392,0],[77.148478887000067,9.4657443420000504,0],[77.149699197000075,9.4666710240000498,0],[77.150696411000069,9.4675886740000692,0],[77.151110774000074,9.467932228000052,0],[77.151939508000055,9.4685470220000525,0],[77.152358401000072,9.4688137160000565,0],[77.153109745000052,9.4695143990000474,0],[77.153729020000071,9.4700296920000255,0],[77.154462184000067,9.4706173170000625,0],[77.155340982000041,9.4711416760000589,0],[77.15641546300003,9.4703731010000638,0],[77.158291383000062,9.4697400530000664,0],[77.160458708000078,9.469310470000039,0],[77.161296495000045,9.4691431510000257,0],[77.162603298000079,9.4690752570000427,0],[77.164110447000041,9.4695407610000757,0],[77.165644937000081,9.4698073280000585,0],[77.166414502000066,9.4697077570000374,0],[77.16681509600005,9.4691743490000704,0],[77.167051790000073,9.4687086580000255,0],[77.16732045200007,9.4681435260000626,0],[77.167252092000069,9.4677095490000625,0],[77.167115467000031,9.4671761160000756,0],[77.166445992000035,9.4658426150000423,0],[77.166313826000078,9.4651193410000474,0],[77.166618907000043,9.4650198390000355,0],[77.167288258000042,9.4650559260000477,0],[77.168194438000057,9.4656209370000397,0],[77.169032238000057,9.4662853440000276,0],[77.169432934000042,9.4659869390000608,0],[77.169665097000063,9.4653224250000676,0],[77.168726904000039,9.4637900230000582,0],[77.168089339000062,9.4622892030000685,0],[77.168057379000061,9.4618235460000619,0],[77.168125699000029,9.4615252080000687,0],[77.168562842000028,9.4616246440000396,0],[77.169500750000054,9.4619229070000301,0],[77.171508836000044,9.4628223070000672,0],[77.172469607000039,9.4633827220000626,0],[77.173038897000083,9.4642144580000718,0],[77.173576358000048,9.4656158270000219,0],[77.174582719000057,9.4666780480000625,0],[77.175657423000075,9.4681109680000759,0],[77.176595497000051,9.4690105460000495,0],[77.177934332000063,9.470041042000048,0],[77.179605589000062,9.4713653890000273,0],[77.181987152000033,9.4726625270000682,0],[77.182118793000029,9.4702982010000483,0],[77.182150403000037,9.4682683850000444,0],[77.18218657500006,9.4663696900000218,0],[77.182354998000051,9.4657503110000221,0],[77.182823847000066,9.4653479770000217,0],[77.183525011000029,9.4651172860000656,0],[77.184121374000028,9.464393919000031,0],[77.184490021000045,9.4632908130000715,0],[77.184590096000079,9.4624590010000702,0],[77.184457975000043,9.4617627670000388,0],[77.18408901600003,9.4608270370000582,0],[77.183483262000038,9.4596292150000636,0],[77.18251314500003,9.4571971740000436,0],[77.182380954000052,9.4565462210000533,0],[77.183355033000055,9.4544122960000436,0],[77.183682849000036,9.4542540700000472,0],[77.184251964000055,9.4543217540000342,0],[77.18532200900006,9.4546878490000381,0],[77.186205401000052,9.4552934480000772,0],[77.186756375000073,9.4556595150000362,0],[77.187393923000059,9.4560255830000415,0],[77.18765340200008,9.4561747300000434,0],[77.187771788000077,9.4562244270000519,0],[77.18789928700005,9.4562470430000758,0],[77.188017699000056,9.4562289500000247,0],[77.188122443000054,9.4561656600000674,0],[77.188240806000067,9.4560390160000338,0],[77.188632172000041,9.4553066200000444,0],[77.188950758000033,9.4544522050000523,0],[77.189578879000067,9.4529105570000524,0],[77.189815531000079,9.452444860000071,0],[77.189997480000045,9.4512603960000661,0],[77.190152119000061,9.4501483200000393,0],[77.190475337000066,9.4496961840000608,0],[77.191171870000062,9.4495739770000569,0],[77.19189126200007,9.4497411320000424,0],[77.19316628100006,9.450391904000071,0],[77.193803726000056,9.4507715190000567,0],[77.195442968000066,9.4513498670000331,0],[77.196613117000084,9.4517837220000729,0],[77.19740545500008,9.4519689370000606,0],[77.198074704000078,9.4519370910000475,0],[77.198461664000035,9.4518195180000362,0],[77.198980637000034,9.4513176150000504,0],[77.199617887000045,9.4502325270000256,0],[77.200282455000035,9.4496221520000745,0],[77.200769684000079,9.4495406450000701,0],[77.20118857600005,9.4497214130000771,0],[77.202163082000084,9.4505394360000423,0],[77.202600240000038,9.4510728590000213,0],[77.202932654000051,9.4513394890000768,0],[77.203201304000061,9.4514704890000303,0],[77.203387991000056,9.4514388580000741,0],[77.203893316000062,9.4511539570000309,0],[77.204394081000032,9.4505390000000489,0],[77.204794689000039,9.4503354700000273,0],[77.205464020000079,9.4504032140000618,0],[77.206133302000069,9.4505205790000559,0],[77.206502138000076,9.4505883110000468,0],[77.206939181000052,9.4504028970000604,0],[77.207526309000059,9.4494850580000502,0],[77.207895053000072,9.4490102990000651,0],[77.209301760000074,9.4484404390000236,0],[77.209538475000045,9.4480606000000762,0],[77.20953832500004,9.4475090740000383,0],[77.209219422000047,9.4464919930000519,0],[77.209082668000065,9.4457596520000493,0],[77.209032420000085,9.445217208000031,0],[77.208932206000043,9.4449188450000747,0],[77.208545137000044,9.4445030680000741,0],[77.208244559000036,9.4443177700000547,0],[77.207506889000058,9.4439517350000415,0],[77.207620603000066,9.4433685820000619,0],[77.207857147000084,9.4423332760000562,0],[77.207907076000083,9.4416687250000564,0],[77.207989010000063,9.4414698170000406,0],[77.208157413000038,9.4413838880000753,0],[77.20846249300007,9.4414334900000654,0],[77.208813130000067,9.4416323930000772,0],[77.209418784000036,9.4420526730000347,0],[77.210069980000071,9.4428481220000435,0],[77.210507202000031,9.4435487460000331,0],[77.210839616000044,9.4438018110000712,0],[77.211144743000034,9.4439012120000712,0],[77.211613636000038,9.4439011550000487,0],[77.212132616000076,9.4436478860000648,0],[77.212351159000036,9.4433313400000429,0],[77.212701565000032,9.4426667070000576,0],[77.212956362000057,9.4419976140000585,0],[77.213720942000066,9.4405056150000632,0],[77.214189569000041,9.4394386600000644,0],[77.214590129000044,9.438760425000055,0],[77.215163590000031,9.4379601650000495,0],[77.21543207700006,9.4376255890000493,0],[77.21603304000007,9.4373406180000643,0],[77.216806931000065,9.437123429000053,0],[77.219247169000084,9.4365939360000652,0],[77.220735773000058,9.4360601340000585,0],[77.221760071000062,9.4356439550000459,0],[77.222634128000038,9.4353770440000631,0],[77.223221379000051,9.4350423480000245,0],[77.223735704000035,9.4345494890000623,0],[77.223922326000036,9.4342826710000622,0],[77.224040630000047,9.4339797690000751,0],[77.22392214100006,9.4334870230000547,0],[77.223585084000035,9.4328496870000436,0],[77.22323435800007,9.432266668000068,0],[77.222965626000075,9.4317513700000291,0],[77.223133791000066,9.4308200760000318,0],[77.222983381000063,9.4301464910000732,0],[77.222409484000082,9.4292108450000569,0],[77.22200870100005,9.4285283550000258,0],[77.221589601000062,9.4276287870000601,0],[77.221152353000036,9.4267519280000442,0],[77.220951846000048,9.4261145400000714,0],[77.220969918000037,9.4256670250000525,0],[77.220983549000039,9.4254500170000597,0],[77.22147054800007,9.4248984040000323,0],[77.222075877000066,9.4242472560000579,0],[77.222358073000066,9.4238809570000512,0],[77.22235805300005,9.4236503870000661,0],[77.222157589000062,9.4233611580000343,0],[77.221032801000035,9.4221634320000476,0],[77.220613802000059,9.4215623080000341,0],[77.220663817000059,9.4213271750000445,0],[77.220750271000043,9.4211961160000328,0],[77.221938413000032,9.4205448200000319,0],[77.222625723000078,9.4200609070000496,0],[77.223567961000072,9.4196583580000492,0],[77.224086973000055,9.4195451760000424,0],[77.225093057000038,9.4193912270000624,0],[77.226117372000033,9.4194407050000564,0],[77.227292035000062,9.4195579220000241,0],[77.228015870000036,9.4196617160000642,0],[77.228534944000046,9.4197429420000276,0],[77.228835362000041,9.41969313900006,0],[77.229003745000057,9.41940826900003,0],[77.229422290000059,9.4183909750000225,0],[77.229877361000035,9.4176901550000593,0],[77.229977402000031,9.4172516130000758,0],[77.229845124000065,9.4160988850000535,0],[77.229689981000035,9.4148150630000487,0],[77.229307187000074,9.4134725760000606,0],[77.22908847900004,9.4128216610000663,0],[77.228687620000073,9.4120396640000763,0],[77.228336861000059,9.4111356040000373,0],[77.228232018000085,9.4108960270000352,0],[77.228818972000056,9.409598476000042,0],[77.229355904000045,9.4086625040000627,0],[77.230043155000033,9.4078621520000638,0],[77.230511848000049,9.4072291260000611,0],[77.23120364600004,9.4066276770000741,0],[77.231481237000082,9.4062704440000289,0],[77.231617758000084,9.4059855960000505,0],[77.231585758000051,9.4056511080000291,0],[77.231380656000056,9.4046656880000228,0],[77.231416995000075,9.4042859380000436,0],[77.231498814000076,9.4040010740000639,0],[77.231648992000032,9.4037026720000654,0],[77.231935670000041,9.4034855660000289,0],[77.232959804000075,9.4028479410000614,0],[77.234835141000076,9.4019432660000462,0],[77.236328058000083,9.4008895230000462,0],[77.237119961000076,9.4003602830000546,0],[77.238043916000038,9.3997588030000543,0],[77.238480826000057,9.3994241470000475,0],[77.238981467000031,9.3989085910000654,0],[77.239268132000063,9.3984926380000502,0],[77.239786776000074,9.3974934170000211,0],[77.240473786000052,9.3959832790000632,0],[77.241010626000048,9.3949840330000711,0],[77.241347291000068,9.3944324590000292,0],[77.241547380000043,9.3936322040000277,0],[77.242070229000035,9.3916474210000729,0],[77.242438764000042,9.3909149700000398,0],[77.242770970000038,9.3905622660000745,0],[77.243763182000066,9.3900647370000456,0],[77.244618936000052,9.389662071000032,0],[77.244996709000077,9.3895173190000492,0],[77.24521511100005,9.3892867210000759,0],[77.245647335000058,9.388368850000063,0],[77.245851913000081,9.3875324140000771,0],[77.246251954000059,9.3858009420000599,0],[77.246465484000055,9.3845034070000679,0],[77.247051447000047,9.3806651070000271,0],[77.247237444000064,9.3788658530000362,0],[77.247487669000066,9.3782780410000441,0],[77.248206632000063,9.3775409230000264,0],[77.247919785000079,9.3772607510000512,0],[77.246531073000085,9.3761445750000689,0],[77.245488341000055,9.375191055000073,0],[77.244718793000061,9.3745583750000492,0],[77.244081355000048,9.3740613340000323,0],[77.243557714000076,9.3734421850000444,0],[77.243056651000074,9.3723844440000335,0],[77.242355209000038,9.3709470970000552,0],[77.241890534000049,9.3699707390000526,0],[77.241503371000078,9.369089334000023,0],[77.241166170000042,9.3680225970000492,0],[77.241047736000041,9.3676202380000291,0],[77.241101954000044,9.366268577000028,0],[77.241065284000058,9.3654322220000381,0],[77.24121522300004,9.3644466400000397,0],[77.241251298000066,9.3636148870000397,0],[77.241319290000035,9.3625660130000483,0],[77.241250622000052,9.3612097970000718,0],[77.241200336000077,9.3606764020000242,0],[77.240931706000083,9.36031033200004,0],[77.239656843000034,9.3593070890000263,0],[77.239119636000055,9.3588235880000639,0],[77.238345500000037,9.3578925560000243,0],[77.238081278000038,9.3570336840000436,0],[77.237479877000055,9.3551350890000435,0],[77.237124528000038,9.3541994230000682,0],[77.23648694700006,9.3528886350000562,0],[77.236036055000056,9.3521247540000445,0],[77.235648978000029,9.3514919780000696,0],[77.235111629000073,9.3507552120000241,0],[77.234847527000056,9.3502264140000761,0],[77.234829128000058,9.3496251180000627,0],[77.234947241000043,9.3489108860000556,0],[77.235484057000065,9.3478257060000374,0],[77.235902534000047,9.3467496750000691,0],[77.236070713000061,9.3461664560000486,0],[77.236220766000031,9.3454521140000679,0],[77.23632069100006,9.3447830080000358,0],[77.236288622000075,9.3439647880000507,0],[77.237057547000063,9.3431463130000338,0],[77.237526230000071,9.3425946430000408,0],[77.237931103000051,9.3419119560000468,0],[77.23803091700006,9.3406416210000316,0],[77.237925863000044,9.3396380330000284,0],[77.237224672000082,9.3387205380000751,0],[77.236232148000056,9.3377533550000749,0],[77.235394445000054,9.3369896430000381,0],[77.234370142000046,9.3362033300000462,0],[77.233450420000054,9.3352768030000561,0],[77.232189275000053,9.3339073670000516,0],[77.231592769000031,9.3330485790000353,0],[77.230900688000077,9.3319276430000286,0],[77.230568202000029,9.3313445840000213,0],[77.230431588000044,9.3308111820000477,0],[77.230349483000055,9.3302777990000436,0],[77.230531480000082,9.3300200580000592,0],[77.231305015000032,9.3292693580000332,0],[77.231992159000072,9.3287854700000707,0],[77.233097989000044,9.3281884130000208,0],[77.233953559000042,9.3278039710000371,0],[77.234781767000072,9.3275098130000629,0],[77.234781663000035,9.3271075150000229,0],[77.23488149700006,9.3260089070000731,0],[77.234917711000037,9.3252223420000746,0],[77.235104048000039,9.3242322850000505,0],[77.234484967000071,9.3238843090000501,0],[77.233110242000066,9.3232201220000661,0],[77.23237277700008,9.3227005220000478,0],[77.231398439000031,9.3215344440000649,0],[77.230660830000033,9.3205039000000625,0],[77.229764015000057,9.3197220020000486,0],[77.228607757000077,9.3188226900000473,0],[77.227984014000072,9.318239730000073,0],[77.22760157700003,9.3175391150000451,0],[77.227482837000082,9.3161196520000544,0],[77.227332440000055,9.3154189410000754,0],[77.226626759000055,9.314569223000035,0],[77.225975703000074,9.3137375990000351,0],[77.225151739000069,9.312802027000032,0],[77.224778360000073,9.3121647100000473,0],[77.224564351000083,9.3116629660000285,0],[77.224495934000061,9.311161218000052,0],[77.224477550000074,9.3106141470000239,0],[77.224763980000034,9.3092307430000574,0],[77.224982184000055,9.3085119100000497,0],[77.225568862000046,9.3067215310000506,0],[77.225819025000078,9.3060207570000557,0],[77.22608725300006,9.3049538130000542,0],[77.225968616000046,9.3040361590000771,0],[77.225686238000037,9.3030099820000487,0],[77.225317412000038,9.3022415760000285,0],[77.224830093000037,9.3009081030000402,0],[77.224529403000076,9.2998051200000305,0],[77.224460855000075,9.2987202110000453,0],[77.224374149000084,9.2977708120000671,0],[77.224342040000067,9.296735568000031,0],[77.224560280000048,9.2959218330000226,0],[77.225411376000068,9.2962923460000297,0],[77.226872416000049,9.2969565040000361,0],[77.227814640000076,9.2972907390000614,0],[77.228247030000034,9.2974352750000548,0],[77.228633871000056,9.2974849200000449,0],[77.229603059000056,9.2970190810000304,0],[77.231063703000075,9.2960828840000431,0],[77.232829192000054,9.29495216600003,0],[77.233734698000035,9.2944184780000683,0],[77.23437167000003,9.2939527210000392,0],[77.235277193000059,9.2934370160000412,0],[77.235700338000072,9.2929713300000572,0],[77.235932310000067,9.292519134000031,0],[77.236014115000046,9.2921619670000268,0],[77.236082255000042,9.2918591170000582,0],[77.235795302000042,9.290959517000033,0],[77.235763292000058,9.2905753150000692,0],[77.235881280000058,9.2892236100000218,0],[77.236031182000033,9.2881838010000592,0],[77.236281147000057,9.2872840930000393,0],[77.236667770000054,9.2863979000000541,0],[77.236913381000079,9.2858734020000497,0],[77.237081614000033,9.2855433520000474,0],[77.237167954000029,9.2851409660000286,0],[77.237117585000078,9.2840424860000326,0],[77.23708094300008,9.2830569910000236,0],[77.237217301000044,9.2827223500000287,0],[77.237718043000029,9.2830884330000458,0],[77.238273391000064,9.2836714540000571,0],[77.239006453000059,9.2847154920000321,0],[77.239343334000068,9.2851674680000542,0],[77.239625520000061,9.285316549000072,0],[77.240012302000082,9.2853164740000693,0],[77.240212543000041,9.285198896000054,0],[77.24054921100003,9.2848009050000542,0],[77.240849432000061,9.2844663210000249,0],[77.241481859000032,9.2839914560000238,0],[77.242155296000078,9.2837562110000249,0],[77.24255577100007,9.2836204730000418,0],[77.242892509000058,9.2836203480000563,0],[77.24306099100005,9.2837740270000495,0],[77.243411455000057,9.2841581250000331,0],[77.243798592000076,9.2850576300000398,0],[77.243980787000055,9.2855503390000536,0],[77.24411301300006,9.2863685620000638,0],[77.244049655000083,9.2875213470000517,0],[77.244232004000082,9.2886378810000565,0],[77.244633018000059,9.2901432250000653,0],[77.245775227000081,9.2899077350000425,0],[77.246812736000038,9.2895910150000418,0],[77.247950441000057,9.2896629400000279,0],[77.248824270000057,9.2897756600000321,0],[77.249999389000038,9.2887878890000479,0],[77.250838874000067,9.2882754460000569,0],[77.252181832000076,9.2871503000000644,0],[77.252982856000074,9.2869200160000673,0],[77.253715557000078,9.2867620150000221,0],[77.256655805000037,9.2858589690000599,0],[77.257825565000076,9.2853982190000579,0],[77.25869044600006,9.2847837570000706,0],[77.25945531800005,9.2839115200000606,0],[77.260789382000041,9.281832424000072,0],[77.261431233000053,9.2813715710000224,0],[77.262901241000066,9.2812409750000597,0],[77.265117413000041,9.2812958990000425,0],[77.266287118000037,9.2810296300000346,0],[77.268499038000073,9.2803250810000577,0],[77.270337762000054,9.2797379470000578,0],[77.272481332000041,9.2792594940000299,0],[77.27328697300004,9.2788482880000629,0],[77.274352215000079,9.2777501560000246,0],[77.275126116000081,9.2768055360000403,0],[77.275972936000073,9.2754450590000488,0],[77.277306654000029,9.2743198170000483,0],[77.27823055600004,9.2738951060000545,0],[77.280592484000067,9.2736652200000549,0],[77.281188720000046,9.2733896410000511,0],[77.282008059000077,9.2728067000000465,0],[77.283154669000055,9.2734082800000692,0],[77.284724552000057,9.2737477600000489,0],[77.287600556000029,9.2739610250000624,0],[77.288528844000041,9.2741737180000428,0],[77.287690896000072,9.2765152400000375,0],[77.287649517000034,9.2779211960000225,0],[77.288044802000059,9.280231418000028,0],[77.287880725000036,9.2813479470000289,0],[77.287384329000076,9.2824147250000237,0],[77.286933677000036,9.2830158380000398,0],[77.285886598000047,9.2841593470000703,0],[77.285367510000071,9.2853481030000466,0],[77.285189739000032,9.2863743400000658,0],[77.28563543100006,9.2873508550000565,0],[77.285689921000085,9.2879386140000406,0],[77.284775020000041,9.2885757780000517,0],[77.283632227000055,9.290410859000076,0],[77.283222375000037,9.2913149400000634,0],[77.28320386300004,9.2924315340000589,0],[77.283863264000047,9.2939235720000397,0],[77.282738407000068,9.296576850000065,0],[77.28220086500005,9.2985432730000639,0],[77.282614680000052,9.2994701030000329,0],[77.282987344000048,9.3013327290000234,0],[77.28431187800004,9.3008177540000361,0],[77.284812478000049,9.3007455870000513,0],[77.285563374000048,9.3008678520000672,0],[77.28661905000007,9.3015598190000333,0],[77.28715602300008,9.3017362340000318,0],[77.288102697000056,9.3015602470000545,0],[77.288494078000042,9.3016507370000454,0],[77.288853614000061,9.3018813410000689,0],[77.289208234000057,9.3031743990000564,0],[77.289440213000034,9.3036717190000218,0],[77.28976318000008,9.3040289990000247,0],[77.291674689000047,9.3040475380000771,0],[77.292798776000041,9.3042602980000311,0],[77.293681539000033,9.3047623770000314,0],[77.294304878000048,9.3055265080000709,0],[77.295287557000051,9.3068241880000642,0],[77.296056371000077,9.308225822000054,0],[77.297289680000063,9.308316479000041,0],[77.297503565000056,9.3086601720000317,0],[77.297771785000066,9.3096186390000639,0],[77.298304238000071,9.3100617730000295,0],[77.29953742500004,9.3109119750000673,0],[77.299377658000083,9.3126523670000552,0],[77.299482011000066,9.31418037800006,0],[77.299782224000069,9.3147003830000585,0],[77.300637592000044,9.3160296780000635,0],[77.302048014000036,9.3179286610000531,0],[77.302334603000077,9.3185345200000711,0],[77.302516402000037,9.3195336660000407,0],[77.302138417000037,9.3205461950000768,0],[77.30190598400003,9.3217893340000728,0],[77.302051397000071,9.3229286230000525,0],[77.301800755000045,9.3242395750000355,0],[77.301085920000048,9.3253922010000565,0],[77.299656526000035,9.3266169610000702,0],[77.297994907000032,9.3278416810000522,0],[77.297189059000061,9.3287998520000315,0],[77.29702958200005,9.3295140700000729,0],[77.297439174000033,9.3299211160000368,0],[77.298636060000035,9.3302739980000524,0],[77.299582850000036,9.3299397070000509,0],[77.300529654000059,9.3296912760000623,0],[77.300993782000035,9.3301163120000297,0],[77.300993696000035,9.3306858850000367,0],[77.300260525000056,9.3320691000000693,0],[77.300401316000034,9.3333349520000297,0],[77.299973041000044,9.3350752730000295,0],[77.299972745000048,9.3366530340000509,0],[77.301451779000047,9.33739930400003,0],[77.30227558100006,9.3375261030000729,0],[77.303140549000034,9.3369521000000759,0],[77.304460239000036,9.3378068500000495,0],[77.305802951000032,9.3377891010000553,0],[77.309125788000074,9.3370619330000295,0],[77.310017930000072,9.3366371380000714,0],[77.310109071000056,9.3361896210000737,0],[77.310823839000079,9.3354303080000705,0],[77.312635436000051,9.3351097010000217,0],[77.315616697000053,9.3348616320000701,0],[77.317205105000085,9.3351105770000231,0],[77.318402044000038,9.3357844070000624,0],[77.32009951200007,9.3375252270000715,0],[77.320750303000068,9.3375930990000597,0],[77.324109458000066,9.3370421610000562,0],[77.325288320000084,9.3371147040000437,0],[77.325155726000048,9.3405142440000759,0],[77.325050559000033,9.3434797890000709,0],[77.325373465000041,9.3448994140000536,0],[77.326033230000064,9.3465495540000347,0],[77.326761350000083,9.3475985000000605,0],[77.329027704000055,9.3496060240000247,0],[77.33027012000008,9.3514416670000742,0],[77.331771770000046,9.3540367600000422,0],[77.333328178000045,9.3563244670000358,0],[77.334342869000068,9.3582820550000747,0],[77.335785433000069,9.3610399130000701,0],[77.335821770000052,9.362161077000053,0],[77.335443890000079,9.3626582930000382,0],[77.335425584000063,9.3631736550000255,0],[77.335730416000047,9.3639196110000285,0],[77.336695445000032,9.3641864600000417,0],[77.337323486000059,9.3649821570000427,0],[77.337409685000068,9.3668492360000641,0],[77.337819297000067,9.3676810770000429,0],[77.337769079000054,9.3684993230000373,0],[77.337054158000058,9.3704702900000711,0],[77.336088916000051,9.3722287140000731,0],[77.336630210000067,9.3751265270000772,0],[77.336643589000062,9.3769212420000372,0],[77.336429602000067,9.3773100120000663,0],[77.334572241000046,9.3782139340000299,0],[77.334358178000059,9.3791361120000261,0],[77.334553647000064,9.381215672000053,0],[77.335140805000037,9.3817853310000601,0],[77.335463728000036,9.383543932000066,0],[77.336005061000037,9.3862383910000631,0],[77.336596687000053,9.3873234380000667,0],[77.338972911000042,9.3872333440000375,0],[77.339487372000065,9.3874097000000347,0],[77.341398955000045,9.3898058630000492,0],[77.34048828300007,9.3914784460000647,0],[77.339828115000046,9.3925090500000579,0],[77.339773364000052,9.393747759000064,0],[77.340451417000054,9.3949729380000235,0],[77.342094530000054,9.3978347680000525,0],[77.343596458000036,9.4008366110000452,0],[77.343664569000055,9.4024370030000455,0],[77.342385082000078,9.4040372140000272,0],[77.339903757000059,9.4064870740000401,0],[77.33829647400006,9.4082589990000542,0],[77.336853003000044,9.4105191370000512,0],[77.336388483000064,9.4119024550000745,0],[77.336493009000037,9.413358100000039,0],[77.33729859400006,9.4149856950000412,0],[77.338135936000072,9.4175038310000332,0],[77.338850437000076,9.4192262860000255,0],[77.339373886000033,9.4201349860000505,0],[77.339710749000062,9.420718210000075,0],[77.340739576000033,9.421378359000073,0],[77.343903440000076,9.4232231490000231,0],[77.344599852000044,9.4244167280000397,0],[77.345396283000071,9.4266590900000438,0],[77.34551894100008,9.4292539780000766,0],[77.346442954000054,9.4311392200000341,0],[77.347175795000055,9.4327215240000442,0],[77.348568753000052,9.434511895000071,0],[77.348568595000074,9.4364377250000757,0],[77.348659380000072,9.439009952000049,0],[77.348905095000077,9.4403074700000502,0],[77.349405855000043,9.4411754430000769,0],[77.350848968000037,9.442662877000032,0],[77.352492433000066,9.4445797850000304,0],[77.354149542000073,9.4457959940000364,0],[77.356384972000058,9.4475682840000559,0],[77.356740026000068,9.4483143050000535,0],[77.357418280000047,9.4501135640000484,0],[77.358041921000051,9.4521388540000544,0],[77.358706502000075,9.4535584400000516,0],[77.360295389000044,9.4554391430000351,0],[77.36199818700004,9.4572429720000741,0],[77.366000163000081,9.4600821760000713,0],[77.371031541000036,9.4576412610000489,0],[77.372889210000039,9.4566287110000644,0],[77.373695184000042,9.4543412100000523,0],[77.374227903000076,9.4534868210000695,0],[77.377196535000053,9.4527771780000762,0],[77.37818005400004,9.4533512650000375,0],[77.379896490000078,9.4545221830000514,0],[77.380934625000066,9.4550556730000608,0],[77.381594770000049,9.4551957950000656,0],[77.383311305000063,9.4543956320000575,0],[77.384522459000038,9.4548476830000254,0],[77.386325463000048,9.4554353350000611,0],[77.386967449000053,9.4556478680000282,0],[77.388629399000081,9.4569904530000599,0],[77.390628164000077,9.4582833770000434,0],[77.392613363000066,9.4593501730000753,0],[77.391666328000042,9.4606611720000728,0],[77.391397803000075,9.4618185180000296,0],[77.391684628000064,9.4621756170000708,0],[77.392522468000038,9.4639341760000661,0],[77.392472431000044,9.4650824410000496,0],[77.39202619200006,9.4666420790000529,0],[77.391470790000085,9.4686854170000743,0],[77.393109972000047,9.4694222530000616,0],[77.395787303000077,9.4705794510000487,0],[77.397130551000032,9.4713388910000731,0],[77.398232495000059,9.4724916520000306,0],[77.398892875000058,9.4741416830000276,0],[77.399839950000057,9.4754707300000405,0],[77.400855433000061,9.4763340630000243,0],[77.401716013000055,9.4768991400000573,0],[77.40198478800005,9.4786486320000449,0],[77.400500437000062,9.4795031630000608,0],[77.399448644000074,9.4798738510000362,0],[77.39921636300005,9.4800863730000628,0],[77.398624506000033,9.4816324640000289,0],[77.398838538000064,9.4823693450000519,0],[77.399608199000056,9.4845708880000643,0],[77.39925308800008,9.4855383240000606,0],[77.398592911000037,9.4875229230000286,0],[77.398538291000079,9.4887661070000604,0],[77.398342643000035,9.4922695830000521,0],[77.398898257000042,9.4938337430000388,0],[77.398898329000076,9.4954656980000323,0],[77.399308188000077,9.4965687790000288,0],[77.400842877000059,9.4992313810000724,0],[77.40143927400004,9.5000014900000451,0],[77.402975952000077,9.5014760390000674,0],[77.404190041000049,9.5023733110000421,0],[77.405301193000071,9.5032729130000462,0],[77.406266607000077,9.5040684110000484,0],[77.407232057000044,9.5048685130000763,0],[77.407732999000075,9.5052437210000562,0],[77.409003584000061,9.5054561010000498,0],[77.40971391800008,9.5055600090000212,0],[77.410948124000072,9.5066087550000589,0],[77.411719128000072,9.5076474310000663,0],[77.411968229000081,9.50798295900006,0],[77.412396415000046,9.5089774370000555,0],[77.412273494000033,9.5094024030000242,0],[77.411959384000056,9.5104874110000424,0],[77.411645243000066,9.5115679020000243,0],[77.411467602000073,9.5117984030000571,0],[77.410502256000029,9.5121465870000748,0],[77.409536899000045,9.5124947690000567,0],[77.409350221000068,9.5128247410000313,0],[77.408312028000068,9.5147597280000582,0],[77.408029729000077,9.5149540790000628,0],[77.406964083000048,9.5150355370000739,0],[77.405898527000033,9.5151169910000704,0],[77.40491490900007,9.5153295490000573,0],[77.404181756000071,9.5162879420000763,0],[77.40341223300004,9.5169796230000543,0],[77.402756416000045,9.517359458000044,0],[77.400684482000031,9.5177347610000425,0],[77.400415772000031,9.5178568060000543,0],[77.401308419000031,9.5195023140000217,0],[77.401558914000077,9.5200176110000712,0],[77.402182878000076,9.5206414950000635,0],[77.403203029000053,9.5217580680000538,0],[77.403312322000033,9.5230012030000353,0],[77.403184846000045,9.5235979080000561,0],[77.40247000200003,9.5250536770000735,0],[77.401809660000083,9.5262607260000323,0],[77.400507319000042,9.5273638410000672,0],[77.400006394000059,9.5270609270000364,0],[77.397952347000057,9.5247012410000593,0],[77.39730568300007,9.5240593410000542,0],[77.395953127000041,9.5233044450000648,0],[77.391900017000069,9.5211798550000708,0],[77.389286014000049,9.5200270760000762,0],[77.386968053000032,9.5194078030000355,0],[77.385893367000051,9.5191229770000518,0],[77.385178373000031,9.5192315260000555,0],[77.384873276000064,9.5195163020000564,0],[77.383880469000076,9.5207459360000257,0],[77.380524209000043,9.5250947940000401,0],[77.380132489000061,9.5253615420000415,0],[77.37692652800007,9.5248280690000229,0],[77.376498410000067,9.5250585490000503,0],[77.375423653000041,9.5261615730000244,0],[77.375141306000046,9.5263153260000308,0],[77.373747796000032,9.5265096340000355,0],[77.373337912000068,9.5268487090000349,0],[77.373137494000048,9.5283586040000614,0],[77.372959779000041,9.5298866000000544,0],[77.371998876000077,9.5312246300000538,0],[77.36967160100005,9.5332498580000333,0],[77.369261753000046,9.5337290110000481,0],[77.368742480000037,9.5347778160000303,0],[77.368605880000075,9.5348772540000368,0],[77.365618381000047,9.5349991410000712,0],[77.365563732000055,9.5350895260000357,0],[77.365477100000078,9.5357812110000282,0],[77.365135416000044,9.5386608880000381,0],[77.365135409000061,9.5396237420000602,0],[77.365367501000037,9.5415269960000728,0],[77.365276381000058,9.5421101720000365,0],[77.364597733000039,9.543656128000066,0],[77.364529436000055,9.5440901200000212,0],[77.364615839000066,9.5467030840000575,0],[77.365048384000033,9.5486921860000393,0],[77.365371616000061,9.5497094150000521,0],[77.365799683000034,9.5509164410000267,0],[77.365672166000081,9.5514498870000466,0],[77.365084541000044,9.5527291640000271,0],[77.36413261000007,9.554415347000031,0],[77.363285444000041,9.5556493940000564,0],[77.361531852000041,9.5577785310000536,0],[77.361263069000074,9.5579367060000209,0],[77.359659926000063,9.5580270370000449,0],[77.35706387700003,9.5579726300000516,0],[77.356029990000081,9.5581307500000321,0],[77.353934905000074,9.5590572920000341,0],[77.352905533000069,9.5595816640000635,0],[77.352349773000071,9.5608428240000762,0],[77.352317838000033,9.5617469770000412,0],[77.352440685000033,9.5627957670000683,0],[77.352212938000037,9.5633880040000463,0],[77.350440878000029,9.5665160660000765,0],[77.350263200000029,9.5670811230000368,0],[77.350349680000079,9.5673297940000452,0],[77.351155787000039,9.5686815950000437,0],[77.351706742000033,9.5698976620000735,0],[77.352335115000074,9.57156589300007,0],[77.352972657000066,9.5728588190000323,0],[77.353724140000054,9.5735866660000397,0],[77.354402709000055,9.5739076840000621,0],[77.35584652700004,9.5739937700000723,0],[77.358137520000071,9.5739079810000476,0],[77.358155780000061,9.5740482090000683,0],[77.358278682000048,9.5749025950000259,0],[77.358547324000085,9.5756575700000326,0],[77.359066532000043,9.576227197000037,0],[77.359745175000057,9.5770047760000239,0],[77.359890817000064,9.5773800160000633,0],[77.359995540000057,9.5785146850000729,0],[77.359690322000063,9.5794639830000392,0],[77.358883922000075,9.5824159700000564,0],[77.358296197000072,9.5839257990000419,0],[77.35761748200008,9.584866072000068,0],[77.356565242000045,9.5856887760000404,0],[77.355007403000059,9.5865565780000566,0],[77.354971027000033,9.5866831700000716,0],[77.355294368000045,9.5870900090000646,0],[77.355972929000075,9.5881569750000608,0],[77.356437396000047,9.5897618610000563,0],[77.356992912000067,9.5917870940000398,0],[77.357225075000031,9.5935456600000748,0],[77.35747550800005,9.5944317090000482,0],[77.358582234000039,9.5960999950000314,0],[77.360067062000041,9.5974652900000592,0],[77.360850570000082,9.5978359960000716,0],[77.361119250000058,9.5978179860000523,0],[77.361228653000069,9.597533191000025,0],[77.361515659000077,9.5963080990000549,0],[77.361834513000076,9.5959736150000481,0],[77.362390229000084,9.5955622320000771,0],[77.363123592000079,9.5953859660000376,0],[77.364608525000051,9.5952956620000691,0],[77.365715329000068,9.5955805520000581,0],[77.366143557000044,9.5959557520000658,0],[77.36584279300007,9.5976103070000249,0],[77.365806246000034,9.5997440300000676,0],[77.36408902800008,9.5998660250000398,0],[77.362772591000066,9.6002004570000281,0],[77.362198620000072,9.6005394860000592,0],[77.361715798000034,9.6009463060000257,0],[77.361269279000055,9.6021216070000719,0],[77.361128102000066,9.6022617480000463,0],[77.360535911000056,9.6023521880000544,0],[77.359105586000055,9.6027588730000275,0],[77.357611501000065,9.6032560910000484,0],[77.354586912000059,9.6040695570000594,0],[77.352532953000036,9.6002810820000377,0],[77.35060195300008,9.5968452050000224,0],[77.349385965000067,9.5950684540000566,0],[77.348939615000063,9.5942139990000328,0],[77.348511639000037,9.5926950670000224,0],[77.347937890000082,9.5906878280000569,0],[77.347277511000073,9.5898921170000335,0],[77.346029580000049,9.5888793260000398,0],[77.345478552000031,9.5879615850000732,0],[77.344923068000071,9.5864877900000351,0],[77.344494996000037,9.5854932080000594,0],[77.34363434100004,9.5835220550000599,0],[77.342910275000065,9.5823059700000499,0],[77.342227263000041,9.5810084480000342,0],[77.341940406000049,9.5799415070000578,0],[77.341958820000059,9.5786034540000742,0],[77.342123017000063,9.5770392900000729,0],[77.341904398000054,9.5764561240000603,0],[77.341084680000051,9.5752309150000769,0],[77.339937141000064,9.5737073230000647,0],[77.339490823000062,9.5733139420000271,0],[77.337951138000051,9.5753209180000454,0],[77.337349815000039,9.5759220880000271,0],[77.336470674000054,9.5765232320000564,0],[77.335974168000064,9.5767536930000574,0],[77.335149780000052,9.5766134670000724,0],[77.334594064000044,9.5766676380000604,0],[77.334307078000052,9.5768981330000429,0],[77.333974586000068,9.5773185440000361,0],[77.333222903000035,9.5783310310000616,0],[77.332507729000042,9.5788101400000301,0],[77.331614990000048,9.5790224750000448,0],[77.33009364000003,9.5792030630000227,0],[77.327078354000037,9.5797134290000372,0],[77.32645446500004,9.5798299010000392,0],[77.325361162000036,9.5800340410000331,0],[77.325060357000041,9.5808432170000515,0],[77.324882623000065,9.5816207500000701,0],[77.325310621000085,9.5822265690000563,0],[77.325647557000082,9.5829363890000536,0],[77.325615646000074,9.5834517530000767,0],[77.325310400000035,9.5839309010000306,0],[77.324075859000061,9.5847669490000271,0],[77.323825267000075,9.5851557140000523,0],[77.323929984000074,9.5854495520000569,0],[77.325487495000061,9.5871360220000383,0],[77.325915544000054,9.5877600040000743,0],[77.326184080000075,9.5886279900000204,0],[77.326092893000066,9.5891704130000335,0],[77.325719272000072,9.5900790420000703,0],[77.324839940000061,9.5914622030000487,0],[77.324552914000037,9.5920769780000228,0],[77.324429747000067,9.5928590250000525,0],[77.324534464000067,9.593338225000025,0],[77.325003475000074,9.5940119090000735,0],[77.325468013000034,9.5945634330000757,0],[77.325786715000049,9.5952552070000365,0],[77.326219279000043,9.5959650140000576,0],[77.327253139000049,9.5967020470000648,0],[77.329521320000083,9.598085731000026,0],[77.329899276000049,9.5986915120000731,0],[77.329899252000075,9.5989944550000246,0],[77.329434623000054,9.5993108290000464,0],[77.328468765000082,9.6000927640000668,0],[77.328149903000053,9.6001513950000685,0],[77.32600035400003,9.5981123070000649,0],[77.325002829000084,9.5976826700000402,0],[77.324447133000035,9.5977187580000418,0],[77.322406361000048,9.5982879180000396,0],[77.32164107400007,9.5987443970000754,0],[77.319622898000034,9.6005748800000674,0],[77.318716222000035,9.6016009570000733,0],[77.318060166000066,9.602265381000052,0],[77.317818742000043,9.6025048730000435,0],[77.316980759000046,9.6017949680000356,0],[77.315368454000065,9.6007097530000465,0],[77.314530397000055,9.6004970990000515,0],[77.313350652000054,9.6005239690000508,0],[77.312166263000051,9.6005508660000487,0],[77.311232560000064,9.6004963700000303,0],[77.310617616000059,9.6003245130000323,0],[77.307834705000062,9.5993473910000375,0],[77.303808263000064,9.598740762000034,0],[77.303175217000046,9.5982343380000543,0],[77.30200945100006,9.5971761710000578,0],[77.300415556000075,9.5957337530000473,0],[77.299987507000083,9.5952679840000314,0],[77.299846454000033,9.5944180980000624,0],[77.299523305000037,9.5936540140000375,0],[77.299099727000055,9.5933374290000302,0],[77.297578662000035,9.5923063630000343,0],[77.296649587000047,9.5916913520000548,0],[77.295775417000073,9.5905202360000317,0],[77.29455957600004,9.5892406640000445,0],[77.294008527000074,9.5889240110000742,0],[77.290410187000077,9.5887784530000317,0],[77.290068646000066,9.5886878920000527,0],[77.290337620000059,9.5875713760000281,0],[77.290483811000058,9.5859485540000264,0],[77.29033841200004,9.584773139000049,0],[77.289609796000036,9.584280146000026,0],[77.285497384000053,9.5820955240000671,0],[77.285055679000038,9.5818423010000515,0],[77.281671966000033,9.5801189060000524,0],[77.280478837000032,9.579580591000024,0],[77.280210186000033,9.579264040000055,0],[77.278224995000073,9.5770438010000589,0],[77.27692729000006,9.5757460600000286,0],[77.272354140000061,9.576472433000049,0],[77.272012532000076,9.5764542450000363,0],[77.271621011000036,9.5759387500000344,0],[77.270123419000072,9.5733886180000241,0],[77.269713722000063,9.5727691190000428,0],[77.269426759000055,9.5728052510000339,0],[77.267914487000041,9.5732115490000638,0],[77.265983082000048,9.5736900830000309,0],[77.263851524000074,9.5737435860000346,0],[77.263696590000052,9.5738610980000658,0],[77.262407020000069,9.5756553480000548,0],[77.261445519000063,9.5768259070000568,0],[77.260124619000067,9.5769836460000306,0],[77.25915455300003,9.5768069450000439,0],[77.258334786000034,9.5764857370000414,0],[77.257801258000029,9.5781672280000407,0],[77.257300081000039,9.5787366400000451,0],[77.256192863000081,9.5797307190000538,0],[77.255108491000044,9.5807655910000449,0],[77.253604703000065,9.5825914050000733,0],[77.253067079000061,9.5829663680000294,0],[77.250000004000071,9.5832746170000291,0],[77.249033313000041,9.5836994420000678,0],[77.248680485000079,9.5838307970000756,0],[77.245745443000033,9.5846141890000354,0],[77.244007144000079,9.5850768180000614,0],[77.243433939000056,9.5852506280000398,0],[77.242773314000033,9.5852168540000662,0],[77.242485790000046,9.5850596420000329,0],[77.242111172000079,9.5847582010000565,0],[77.241686356000059,9.5844117140000549,0],[77.238676576000046,9.5821354590000283,0],[77.237799486000029,9.5814334290000716,0],[77.237128631000076,9.5810606840000219,0],[77.236722991000079,9.580998859000033,0],[77.236267673000043,9.5810412030000407,0],[77.235553201000073,9.5812109400000622,0],[77.23483901600008,9.5814665380000292,0],[77.234301796000068,9.5815452900000651,0],[77.234166068000036,9.5818033930000297,0],[77.234022221000032,9.5823236580000639,0],[77.233936549000077,9.5825634540000237,0],[77.233672345000059,9.5825734710000461,0],[77.233460051000066,9.58307140200003,0],[77.233192657000075,9.5834429710000677,0],[77.232688755000083,9.5838966850000702,0],[77.231357952000053,9.5849453790000325,0],[77.230249093000054,9.5856634690000533,0],[77.229167146000066,9.5862502380000478,0],[77.228698995000059,9.5865321710000444,0],[77.22813188300006,9.5871533150000232,0],[77.226974769000037,9.5883776710000461,0],[77.225786319000065,9.5897694360000401,0],[77.225532975000078,9.5902448520000689,0],[77.22518853300005,9.5907297100000619,0],[77.224861754000074,9.5910743620000289,0],[77.224052408000034,9.5914613380000446,0],[77.223420525000051,9.5918160830000261,0],[77.222911926000052,9.592251741000041,0],[77.222494708000056,9.5927774670000758,0],[77.222327668000048,9.5932074980000266,0],[77.222147660000076,9.5938136790000499,0],[77.221982144000037,9.5946594630000277,0],[77.221861414000045,9.5952926490000436,0],[77.221936484000082,9.5958980060000272,0],[77.222024634000036,9.5963723140000639,0],[77.222139711000068,9.5966882780000446,0],[77.222213887000066,9.5970586440000716,0],[77.222184282000057,9.5977141130000518,0],[77.22191170900004,9.59790937300005,0],[77.22137615500003,9.598444536000045,0],[77.220963052000059,9.5988483090000614,0],[77.220295527000076,9.5994381860000431,0],[77.219740605000084,9.5996570400000678,0],[77.21928127700005,9.5998575640000468,0],[77.218954542000063,9.6002111600000717,0],[77.218469041000048,9.6007281040000407,0],[77.217597003000037,9.601436245000059,0],[77.217137553000043,9.6016186010000411,0],[77.216858985000044,9.601425248000055,0],[77.216580333000081,9.6011912230000576,0],[77.216128590000039,9.6009622830000581,0],[77.214437772000053,9.6007105450000267,0],[77.214169771000059,9.6009239390000403,0],[77.213048645000072,9.6020532260000664,0],[77.212209262000044,9.6029962360000241,0],[77.211638367000035,9.6038569970000367,0],[77.211102867000079,9.6044328210000458,0],[77.209843004000049,9.6049705230000768,0],[77.209695104000048,9.6056444670000474,0],[77.209687088000067,9.6072444940000423,0],[77.20973562000006,9.6080849350000221,0],[77.210136951000038,9.609511790000056,0],[77.21030783100008,9.6101891190000401,0],[77.210469666000051,9.6108619850000423,0],[77.210242052000069,9.6122051890000648,0],[77.21001528000005,9.6124861970000666,0],[77.209347768000043,9.6130851010000242,0],[77.208957290000058,9.6134435290000511,0],[77.208679712000048,9.6135303550000231,0],[77.208328423000069,9.6133597860000464,0],[77.207762652000042,9.6130906230000619,0],[77.207489314000043,9.6130870370000707,0],[77.206433788000083,9.6134567610000659,0],[77.205478327000037,9.6137945700000387,0],[77.204300104000083,9.6142324970000459,0],[77.203622020000068,9.6144246420000741,0],[77.202847852000048,9.6144905880000238,0],[77.202310173000058,9.6144246910000675,0],[77.201617713000076,9.6144225060000394,0],[77.199563201000046,9.6143889530000592,0],[77.198597547000077,9.6144058550000295,0],[77.198201056000073,9.6143574920000674,0],[77.198145590000081,9.6141317020000656,0],[77.197656618000053,9.612370687000066,0],[77.197357065000062,9.6113818860000606,0],[77.19726019400008,9.6110342500000456,0],[77.19705915600008,9.610845088000076,0],[77.196657747000074,9.610697329000061,0],[77.196183538000071,9.6105588010000247,0],[77.195271891000061,9.6103766830000268,0],[77.194861402000072,9.6102469660000338,0],[77.194660365000061,9.6100578020000285,0],[77.194199167000079,9.6097475470000404,0],[77.193897584000069,9.6094593250000457,0],[77.193733450000082,9.6094282800000315,0],[77.193456323000078,9.6096280720000209,0],[77.192814945000066,9.6099060080000527,0],[77.192537145000074,9.6099024370000734,0],[77.191889693000064,9.6097463810000363,0],[77.191438005000066,9.609526537000022,0],[77.190822016000084,9.6092212340000742,0],[77.190388318000032,9.6089380040000378,0],[77.189865904000044,9.6080584330000534,0],[77.189471877000074,9.6073863850000407,0],[77.189087320000056,9.6068272580000666,0],[77.188853148000078,9.6062856160000365,0],[77.188679377000085,9.6061009740000713,0],[77.187918737000075,9.6061306440000749,0],[77.187162966000074,9.6062236410000423,0],[77.186084406000077,9.6065120120000529,0],[77.185243276000051,9.6069849830000749,0],[77.182756820000066,9.6084713490000695,0],[77.18220186800005,9.608721785000057,0],[77.181947641000079,9.6089576690000627,0],[77.181861986000058,9.6092065900000421,0],[77.180082067000058,9.6095561330000692,0],[77.179021789000046,9.6098580170000218,0],[77.178033975000062,9.6100556800000732,0],[77.177661282000031,9.6103100240000572,0],[77.177015252000047,9.6105472880000207,0],[77.176755658000047,9.6105571480000549,0],[77.176436118000083,9.6103503700000488,0],[77.176002982000057,9.610225291000063,0],[77.175643064000042,9.6102129140000443,0],[77.175274037000065,9.6102005940000481,0],[77.174906039000064,9.6104775020000375,0],[77.174825758000054,9.6109839880000436,0],[77.174093063000043,9.6111853670000755,0],[77.173478156000044,9.6112055040000541,0],[77.173122432000071,9.6110801160000392,0],[77.172607079000045,9.6108875800000533,0],[77.172373891000063,9.6106397610000727,0],[77.171972101000051,9.6103743820000318,0],[77.171547274000034,9.6100097220000293,0],[77.171259521000081,9.6098028280000563,0],[77.170648764000077,9.6096737970000277,0],[77.170302564000053,9.6096704570000497,0],[77.17011171200005,9.6098202500000411,0],[77.169747518000065,9.6098802020000562,0],[77.16934810500004,9.6103019200000404,0],[77.16898950500007,9.6106827080000699,0],[77.168702339000049,9.6106249460000299,0],[77.168329809000056,9.6109063960000753,0],[77.168098741000051,9.6112913540000591,0],[77.167789443000061,9.6114053730000251,0],[77.167202819000067,9.6117057000000727,0],[77.166339840000035,9.6124453190000736,0],[77.165862978000064,9.6128627290000281,0],[77.165729936000048,9.6139253320000648,0],[77.166067917000078,9.6141818090000584,0],[77.167158253000082,9.6146617030000243,0],[77.167614471000036,9.6148635660000537,0],[77.167778930000054,9.6150167330000613,0],[77.167802280000046,9.6151793720000569,0],[77.16789926000007,9.6155767330000685,0],[77.167969137000057,9.6160375360000216,0],[77.168139708000069,9.6166064410000445,0],[77.168274908000058,9.6175416320000409,0],[77.16835859300005,9.6180249450000588,0],[77.168388037000057,9.6186576440000522,0],[77.16843005100003,9.6189331490000427,0],[77.168741265000051,9.619361523000066,0],[77.168874403000075,9.6196728810000423,0],[77.168884585000058,9.6199982980000414,0],[77.168704418000061,9.6205819680000673,0],[77.168497531000071,9.6213600460000634,0],[77.168325693000043,9.6217357760000368,0],[77.168244826000034,9.622066013000051,0],[77.168436863000068,9.6222867950000364,0],[77.168811893000054,9.6227239880000752,0],[77.168972308000036,9.622999109000034,0],[77.168981965000057,9.6231708730000491,0],[77.169056132000037,9.6235321320000367,0],[77.169107776000033,9.6239749710000524,0],[77.169391090000033,9.6242406430000642,0],[77.169852594000076,9.6246548740000435,0],[77.170346252000058,9.6251549500000237,0],[77.170784516000083,9.6254381750000562,0],[77.171168496000064,9.625821075000033,0],[77.171369650000031,9.6260283300000538,0],[77.171716398000058,9.6261717600000338,0],[77.172518212000057,9.6261916600000745,0],[77.173024154000075,9.6262758780000581,0],[77.173348041000054,9.6264193590000673,0],[77.174104342000078,9.6264575290000494,0],[77.174427818000083,9.6264654330000212,0],[77.174601316000064,9.626577864000069,0],[77.174816633000034,9.626934254000048,0],[77.175132417000043,9.6273625000000607,0],[77.175265265000064,9.6275700030000735,0],[77.175407914000061,9.6279853300000582,0],[77.175582161000079,9.6283282390000409,0],[77.175811171000078,9.6286890610000455,0],[77.17613173500007,9.6291806360000578,0],[77.176260336000041,9.6294784590000404,0],[77.176078952000069,9.6297277120000331,0],[77.175707464000084,9.6303300350000427,0],[77.175127886000041,9.6313353460000712,0],[77.174507146000053,9.6323137090000728,0],[77.174307876000057,9.6326578890000292,0],[77.174153644000057,9.6328663870000355,0],[77.174104470000032,9.6331241160000332,0],[77.174097360000076,9.6337207970000236,0],[77.17420360400007,9.6341543410000554,0],[77.174246180000068,9.6346016640000585,0],[77.174256820000039,9.6350399680000578,0],[77.174248848000047,9.635388004000049,0],[77.174131583000076,9.6357228990000294,0],[77.174132277000069,9.6359307820000595,0],[77.174074219000033,9.6362519270000462,0],[77.17409798400007,9.6365636990000212,0],[77.174012821000076,9.6369617530000369,0],[77.174046048000037,9.6373052750000738,0],[77.174256309000043,9.637548448000075,0],[77.17473138500003,9.6379445940000323,0],[77.17537100900006,9.6384621740000398,0],[77.17564062200006,9.6387188860000492,0],[77.175965645000076,9.6391652370000429,0],[77.176213217000054,9.639620935000039,0],[77.176580256000079,9.6403835510000704,0],[77.176912431000062,9.6415891850000435,0],[77.176982471000031,9.6420996030000765,0],[77.177097193000066,9.6423342420000608,0],[77.177425520000043,9.6424145090000479,0],[77.177699132000043,9.6425130170000557,0],[77.177895689000081,9.6427112550000516,0],[77.178069587000039,9.6429411820000723,0],[77.178298422000069,9.64322960100003,0],[77.178482015000043,9.6436358080000559,0],[77.178848454000047,9.6442040040000734,0],[77.179269823000084,9.6448579890000588,0],[77.179380606000052,9.6452869800000371,0],[77.17939063700004,9.6455580740000642,0],[77.17941933700007,9.6459422110000332,0],[77.179420905000029,9.6463986470000691,0],[77.179327898000054,9.6471628130000227,0],[77.179181107000034,9.6481892550000339,0],[77.179096566000055,9.6487680760000671,0],[77.179166613000064,9.6492785820000222,0],[77.179242146000036,9.6500331840000513,0],[77.179352874000074,9.6504531360000669,0],[77.179418375000068,9.6509364650000293,0],[77.179438607000066,9.6515330620000555,0],[77.179354040000078,9.6520937160000244,0],[77.179334016000041,9.6528893250000465,0],[77.179532963000042,9.6537835130000644,0],[77.179604532000042,9.6547143010000696,0],[77.179584623000039,9.6555415440000729,0],[77.179737471000067,9.6562642010000559,0],[77.179985569000053,9.6568689350000341,0],[77.180187422000074,9.6572795420000261,0],[77.18058598500005,9.6579245360000527,0],[77.180711086000031,9.6582130480000501,0],[77.180994451000061,9.6587773530000618,0],[77.18114623300005,9.6592062640000336,0],[77.181566812000085,9.6596341920000555,0],[77.182005108000055,9.6598993130000395,0],[77.182466377000083,9.6602096620000566,0],[77.183237993000034,9.6606905850000544,0],[77.183985962000065,9.6609366540000678,0],[77.184719760000064,9.6610335870000767,0],[77.185886488000051,9.6611561470000424,0],[77.186975565000068,9.661215655000035,0],[77.187509426000076,9.6614398490000326,0],[77.18768835000003,9.6617962740000394,0],[77.187458415000037,9.6625111450000531,0],[77.187082521000036,9.6631361980000747,0],[77.186692502000085,9.6636618270000554,0],[77.186397849000059,9.6640741390000358,0],[77.18629003500007,9.664530998000032,0],[77.186346558000082,9.6650460130000511,0],[77.18646749100003,9.6657597370000303,0],[77.186815947000071,9.6664138960000514,0],[77.187026330000037,9.6666481910000357,0],[77.187820062000071,9.666925683000045,0],[77.188326805000031,9.6672087060000536,0],[77.188668956000072,9.667352137000023,0],[77.189617911000084,9.6677285110000639,0],[77.190315886000064,9.6679882570000473,0],[77.191552374000082,9.6685128310000437,0],[77.19202234100004,9.6687146450000228,0],[77.192839786000036,9.6692767730000355,0],[77.193520976000059,9.6699252740000361,0],[77.194110871000078,9.6705560060000266,0],[77.194331000000034,9.6709574450000559,0],[77.194500885000082,9.6713365160000535,0],[77.194588330000045,9.6716028630000324,0],[77.194618136000031,9.672307852000074,0],[77.194533908000039,9.6729725360000316,0],[77.194522043000063,9.6734742450000226,0],[77.194546013000036,9.6738132150000524,0],[77.194569899000044,9.6741249790000552,0],[77.194703007000044,9.67440920100006,0],[77.195138287000077,9.675117293000028,0],[77.195652370000062,9.6761912070000449,0],[77.196230934000084,9.6774728640000376,0],[77.196648546000063,9.6783346280000728,0],[77.196841443000039,9.6787633520000327,0],[77.19707515500005,9.6791647890000263,0],[77.197428354000067,9.6798279380000736,0],[77.198014036000075,9.6805490690000511,0],[77.198403589000065,9.6811850480000317,0],[77.198655611000049,9.6815999250000573,0],[77.199032275000036,9.6824664650000614,0],[77.199362673000053,9.683152261000032,0],[77.199683968000045,9.6838246480000407,0],[77.199922389000051,9.6842486490000397,0],[77.200222407000069,9.6853323280000723,0],[77.20055278600006,9.6860000450000712,0],[77.200781756000083,9.686329201000035,0],[77.20100579800004,9.6865589660000637,0],[77.201257229000078,9.6867840360000628,0],[77.201581703000045,9.6870766960000765,0],[77.20186104000004,9.6874599380000745,0],[77.202017452000064,9.6878932300000429,0],[77.20221065000004,9.6884078100000579,0],[77.202445645000068,9.6891573010000229,0],[77.202657353000063,9.6897440700000743,0],[77.202900570000054,9.6902313940000226,0],[77.203239119000045,9.6906279030000633,0],[77.203737198000056,9.6910555620000309,0],[77.203902150000033,9.6913171570000713,0],[77.205041597000047,9.6927007480000498,0],[77.206002174000048,9.6937549490000379,0],[77.206615148000083,9.6944352990000766,0],[77.206716162000077,9.6946563600000673,0],[77.206804060000081,9.6950448050000659,0],[77.206856594000044,9.6957089680000763,0],[77.206739265000067,9.6960438720000752,0],[77.206403311000031,9.696365902000025,0],[77.20591672200004,9.696652388000075,0],[77.205630521000046,9.6968793760000267,0],[77.205468340000039,9.6973906360000228,0],[77.205210561000058,9.69795195100005,0],[77.205049967000036,9.6989152100000524,0],[77.204885511000043,9.7000818570000433,0],[77.20476620200003,9.7011173380000741,0],[77.204576485000075,9.7015834940000332,0],[77.20428183000007,9.7020229390000736,0],[77.203509631000031,9.7026990070000352,0],[77.202973307000036,9.703071494000028,0],[77.202199259000054,9.7032143090000318,0],[77.202035973000079,9.7034318280000207,0],[77.201946430000078,9.703893181000069,0],[77.201989101000038,9.704345007000029,0],[77.202172973000074,9.7047962860000325,0],[77.202366182000048,9.7053379800000243,0],[77.202468616000033,9.705943254000033,0],[77.202721218000079,9.7065118600000346,0],[77.202910313000075,9.7071484830000259,0],[77.203057951000062,9.7076587440000708,0],[77.203218733000085,9.7080332530000533,0],[77.203371531000073,9.7087332870000296,0],[77.203382464000072,9.7092349370000761,0],[77.203538693000041,9.7096095660000401,0],[77.203592384000046,9.7106172710000465,0],[77.203657861000067,9.7110870260000297,0],[77.20387769000007,9.7113936380000609,0],[77.204279575000044,9.711649818000069,0],[77.204677742000058,9.7121591860000649,0],[77.205085461000067,9.7127633950000245,0],[77.205300794000038,9.7130925400000478,0],[77.205301661000078,9.7133502180000733,0],[77.205266668000036,9.7137661190000699,0],[77.205173650000063,9.7145167220000417,0],[77.205047500000035,9.7149103430000423,0],[77.204846549000081,9.7160680970000612,0],[77.204707021000047,9.7165612260000671,0],[77.204871528000069,9.7166826350000406,0],[77.20518670000007,9.7168985190000399,0],[77.205647780000049,9.7171364180000523,0],[77.205912964000049,9.7173840760000303,0],[77.206104974000084,9.7175732760000528,0],[77.206092525000031,9.7179258520000644,0],[77.206144288000075,9.7183730980000291,0],[77.205915200000049,9.7192959460000452,0],[77.205713411000033,9.7202141000000211,0],[77.20537293600006,9.7205723170000624,0],[77.204122734000066,9.7213812700000517,0],[77.203740880000055,9.7216537080000762,0],[77.203459302000056,9.7219078740000668,0],[77.20355571500005,9.722106368000027,0],[77.204019178000067,9.723026740000023,0],[77.204307953000068,9.7235093350000739,0],[77.204604971000037,9.7237342820000663,0],[77.20496094300006,9.7238912410000466,0],[77.205776527000069,9.7238658220000502,0],[77.206596402000059,9.7237724960000378,0],[77.206997461000071,9.7238027170000692,0],[77.207143779000035,9.7239423180000699,0],[77.207258269000079,9.7241046300000562,0],[77.207317001000035,9.7244765210000423,0],[77.207534055000053,9.7247590330000548,0],[77.207876042000066,9.7248391640000591,0],[77.208399161000045,9.7245887650000213,0],[77.20894940900007,9.7242659740000477,0],[77.20990579100004,9.7241224990000319,0],[77.211031622000064,9.7241999070000702,0],[77.211633342000084,9.7242656080000529,0],[77.212212547000036,9.7244262660000231,0],[77.213143117000072,9.7246941020000577,0],[77.213763849000031,9.7249766860000477,0],[77.214284073000044,9.7252008100000467,0],[77.215240556000083,9.7263454580000257,0],[77.215642762000073,9.7266740140000252,0],[77.216471833000071,9.7266213660000744,0],[77.218379190000064,9.7260812410000312,0],[77.218894952000085,9.7263189440000701,0],[77.219146778000038,9.726652538000053,0],[77.219399138000085,9.727121703000023,0],[77.220249639000031,9.7292248070000369,0],[77.220670367000082,9.7296391880000215,0],[77.221523192000063,9.7298304960000337,0],[77.222316181000053,9.7298457640000606,0],[77.223451370000078,9.7299998890000552,0],[77.223908364000067,9.7303733570000759,0],[77.223918361000074,9.7306174150000402,0],[77.223919217000059,9.730856923000033,0],[77.223929301000055,9.731128095000031,0],[77.223811872000056,9.7314042550000295,0],[77.223494127000038,9.7317533940000658,0],[77.223013251000054,9.7323426550000249,0],[77.223038624000083,9.7330656410000529,0],[77.222867531000077,9.733644752000032,0],[77.222700581000083,9.7341064280000751,0],[77.222640262000084,9.7350557470000467,0],[77.22262286800003,9.7352772080000705,0],[77.222507026000073,9.736027957000033,0],[77.222213089000036,9.7366436580000482,0],[77.221837597000047,9.7373951940000438,0],[77.221789260000037,9.7378834850000544,0],[77.221936682000035,9.7383394990000625,0],[77.222129953000035,9.7388676110000461,0],[77.22234121200006,9.739305224000077,0],[77.222560990000034,9.7395982590000472,0],[77.222711878000041,9.7397378210000625,0],[77.222676260000071,9.7399865140000657,0],[77.222531230000072,9.7401949780000336,0],[77.221990090000077,9.7405041750000692,0],[77.220689827000058,9.741349494000076,0],[77.220089551000058,9.7416860090000341,0],[77.219844919000082,9.7420846520000737,0],[77.219800663000058,9.7424463810000361,0],[77.22006226600007,9.7429606740000736,0],[77.220512647000078,9.7440257030000339,0],[77.220637089000036,9.7444230290000746,0],[77.220638006000058,9.744658017000063,0],[77.220392575000062,9.7448396580000463,0],[77.220233815000029,9.7450390810000727,0],[77.220339826000043,9.7453912450000644,0],[77.220583421000072,9.7459508450000385,0],[77.221029550000083,9.7470882060000577,0],[77.221391676000053,9.747674509000035,0],[77.22179098600003,9.7484685390000436,0],[77.222002814000064,9.7490733550000641,0],[77.222371304000035,9.7500022230000241,0],[77.222439696000038,9.7501746200000525,0],[77.222759733000032,9.7504582320000281,0],[77.22339439600006,9.7507994440000516,0],[77.223586678000061,9.7509485660000337,0],[77.22440092100004,9.7517372830000681,0],[77.224803848000079,9.7522781220000638,0],[77.225142762000075,9.7527694880000695,0],[77.225133428000049,9.7539715440000236,0],[77.224983201000043,9.7552509830000531,0],[77.224948418000054,9.7557211080000457,0],[77.226542991000031,9.7569039170000451,0],[77.226685134000036,9.7571519910000575,0],[77.226474317000054,9.7593353770000704,0],[77.226244834000056,9.7613833120000209,0],[77.227124359000072,9.7626726470000449,0],[77.227471689000083,9.7642078660000493,0],[77.228169183000034,9.7655385160000492,0],[77.229019544000039,9.7663171930000772,0],[77.230105432000073,9.7666838990000429,0],[77.231169557000044,9.767366991000074,0],[77.232193734000077,9.7683032280000361,0],[77.23239972600004,9.7685736550000684,0],[77.231737503000033,9.7693939670000418,0],[77.230040383000073,9.770105013000034,0],[77.229026077000071,9.7706102980000651,0],[77.228230888000041,9.771223237000072,0],[77.227728426000056,9.7721333320000667,0],[77.227063893000036,9.7736089240000297,0],[77.226588999000057,9.7745821950000504,0],[77.226052999000046,9.7750405080000746,0],[77.224988555000039,9.7755594900000347,0],[77.224547063000045,9.7769530000000486,0],[77.22408305600004,9.778427822000026,0],[77.224247815000069,9.7798687930000483,0],[77.224543920000031,9.7810969570000452,0],[77.223975782000082,9.7827665120000233,0],[77.223182050000048,9.7850423820000287,0],[77.223652300000083,9.7865319670000304,0],[77.222663456000078,9.7877917720000482,0],[77.223120035000079,9.7880477280000378,0],[77.223827225000036,9.7882667040000229,0],[77.225446562000059,9.7887082780000583,0],[77.226408287000083,9.7887680430000614,0],[77.227796566000052,9.7883247430000324,0],[77.228424987000039,9.78822309800006,0],[77.22949251600005,9.7885446290000573,0],[77.230253119000054,9.7884243980000747,0],[77.231444650000071,9.7890166160000263,0],[77.232124928000076,9.7893530650000571,0],[77.23355999000006,9.7892575850000298,0],[77.234545186000048,9.7894889880000733,0],[77.235503528000038,9.7898741220000716,0],[77.236010021000084,9.7900576060000617,0],[77.237577568000063,9.79126751900003,0],[77.238108595000085,9.7919163920000756,0],[77.23875371400004,9.7938572360000649,0],[77.239116461000037,9.7958397080000736,0],[77.240040559000079,9.7968080100000634,0],[77.240159408000068,9.796920473000057,0],[77.241727534000063,9.7957940890000259,0],[77.245730129000037,9.797429007000062,0],[77.24666602700006,9.7978865560000372,0],[77.246204674000069,9.8000663450000616,0],[77.245782893000069,9.8018303000000628,0],[77.245093720000057,9.8027772650000315,0],[77.246123407000084,9.8039529900000275,0],[77.246264556000085,9.8063610680000579,0],[77.24679014600008,9.8079950130000384,0],[77.245630099000039,9.8085460720000697,0],[77.244735080000055,9.8105376700000306,0],[77.244133525000052,9.8117645090000565,0],[77.244084431000033,9.8118310030000657,0],[77.243584844000054,9.8125076400000353,0],[77.242100887000049,9.812973980000038,0],[77.241686947000062,9.8144170320000512,0],[77.24115365800003,9.815634560000035,0],[77.240199730000029,9.816460538000058,0],[77.235719595000035,9.8164180200000715,0],[77.23475794400008,9.8164079180000385,0],[77.23258788000004,9.8174235680000379,0],[77.232548360000067,9.819086670000047,0],[77.232980799000075,9.8201787010000317,0],[77.233017049000068,9.8213715890000231,0],[77.232725835000053,9.82148567400003,0],[77.231786888000045,9.8214664680000396,0],[77.228286136000065,9.8212892450000595,0],[77.227169820000029,9.8213610340000628,0],[77.226832586000057,9.821366777000037,0],[77.225567608000063,9.8206573740000636,0],[77.225010316000066,9.82029779100003,0],[77.224468474000048,9.8216916090000268,0],[77.224310081000056,9.8220040170000402,0],[77.223645564000037,9.8222368690000508,0],[77.222625076000043,9.8223308810000276,0],[77.221777820000057,9.8224514090000525,0],[77.222796724000034,9.8231708500000536,0],[77.223851993000039,9.8238493760000551,0],[77.223952315000076,9.8263706470000329,0],[77.223783088000062,9.8287030750000213,0],[77.225253022000061,9.8293530170000736,0],[77.226148840000064,9.8300457750000305,0],[77.226552344000083,9.8307221580000714,0],[77.226551827000037,9.8318157830000246,0],[77.226375991000054,9.8323406130000421,0],[77.225599412000065,9.8330980650000583,0],[77.225436069000068,9.8332975280000596,0],[77.22650948200004,9.8351961630000346,0],[77.226881674000083,9.8360263100000225,0],[77.227527359000078,9.8380936970000334,0],[77.225592148000032,9.8410786570000255,0],[77.224880523000081,9.840909540000041,0],[77.223342372000047,9.8440331460000721,0],[77.222935280000058,9.8448797230000764,0],[77.225281421000034,9.8458337990000473,0],[77.226327029000061,9.8463362100000609,0],[77.227082550000034,9.8473004820000369,0],[77.228137595000078,9.8491404720000446,0],[77.230841697000074,9.8494876650000265,0],[77.234303622000084,9.8501756190000265,0],[77.235536231000083,9.8507133610000324,0],[77.237184029000048,9.8513807540000471,0],[77.236049186000059,9.853856768000071,0],[77.235905779000063,9.8545125300000223,0],[77.236267079000072,9.8548411110000416,0],[77.23630748100004,9.8596039350000524,0],[77.232686505000061,9.8615422050000348,0],[77.229640716000063,9.8612640100000704,0],[77.226138716000037,9.8608563900000377,0],[77.224059946000068,9.8620072020000293,0],[77.221329240000046,9.8631332880000286,0],[77.219611975000078,9.8646894110000289,0],[77.21878418700004,9.8676659050000239,0],[77.21739031900006,9.8682635850000224,0],[77.216945544000055,9.8684543000000531,0],[77.21612112300005,9.8698536900000704,0],[77.214694207000036,9.8723126180000236,0],[77.213889140000049,9.8740191790000722,0],[77.213169420000042,9.8754045020000376,0],[77.21245005600008,9.8768848150000395,0],[77.212247625000032,9.8776356870000654,0],[77.215268844000036,9.8773899550000692,0],[77.21663482200006,9.8794818090000263,0],[77.216506222000078,9.8804764990000535,0],[77.216424855000071,9.8818957660000706,0],[77.216559822000079,9.8826544490000288,0],[77.217083306000063,9.8837190480000459,0],[77.217523192000044,9.884345660000065,0],[77.219401489000063,9.8844157030000588,0],[77.220746462000079,9.8844832010000232,0],[77.220743661000029,9.8849621530000604,0],[77.220637287000045,9.885803137000039,0],[77.220485096000061,9.8865538610000385,0],[77.22014295300005,9.8877254820000644,0],[77.219483642000057,9.889431547000072,0],[77.219154619000051,9.890440394000052,0],[77.218759387000034,9.892055148000054,0],[77.218677826000032,9.8934427800000435,0],[77.218553976000067,9.8944781120000584,0],[77.21829355300008,9.8955500440000606,0],[77.218086850000077,9.8963687350000669,0],[77.218089123000084,9.8969923570000446,0],[77.218346452000048,9.8987990220000484,0],[77.218403719000037,9.8995083240000668,0],[77.218455580000068,9.8999690210000608,0],[77.218308034000074,9.9007468290000702,0],[77.217884267000045,9.9020634210000367,0],[77.217826384000034,9.9024296710000499,0],[77.217992882000033,9.9030752550000329,0],[77.218252564000068,9.904294420000042,0],[77.218873151000082,9.9044458680000389,0],[77.219822702000045,9.9048265170000604,0],[77.221329130000072,9.9053995170000348,0],[77.22258021600004,9.9059554010000284,0],[77.22292189500007,9.9071245770000473,0],[77.223263424000038,9.9082576000000699,0],[77.223735359000045,9.9089247450000357,0],[77.224390025000048,9.9096679540000423,0],[77.224980946000073,9.9099748180000233,0],[77.225591272000031,9.9102917570000386,0],[77.227961141000037,9.9113632300000631,0],[77.229139090000047,9.9118424730000356,0],[77.229801171000076,9.9121292820000235,0],[77.230062245000056,9.9124672910000413,0],[77.230338128000085,9.9131079780000277,0],[77.230227165000031,9.9139127480000298,0],[77.229981530000032,9.9153054400000542,0],[77.230574875000059,9.9167087310000284,0],[77.230846515000053,9.9174488640000504,0],[77.23098612900003,9.9194366850000506,0],[77.230984092000085,9.9201055190000602,0],[77.230943811000031,9.9203089650000607,0],[77.23036608700005,9.9206635790000632,0],[77.230560310000044,9.92138587900007,0],[77.231217918000084,9.921708863000049,0],[77.231450946000052,9.9230863480000266,0],[77.231700729000067,9.9240434490000666,0],[77.23252344000008,9.9246233690000736,0],[77.233026861000042,9.925141242000052,0],[77.234389391000036,9.9249916180000355,0],[77.234886789000029,9.9263410330000283,0],[77.235639133000063,9.9263699070000371,0],[77.235826423000049,9.9277068370000734,0],[77.235672341000054,9.9291669760000332,0],[77.235125466000056,9.9292322640000634,0],[77.234807344000046,9.9294910690000506,0],[77.234904759000074,9.9299425950000568,0],[77.23432813800008,9.9305818210000325,0],[77.234890101000076,9.9321207850000519,0],[77.236472136000032,9.9345958770000493,0],[77.236228829000083,9.935374055000068,0],[77.236937909000062,9.9360221380000553,0],[77.23696785900006,9.9366998850000527,0],[77.237228902000084,9.9370288430000642,0],[77.238067406000084,9.9369353880000517,0],[77.239770320000048,9.9388000290000491,0],[77.241909724000038,9.9403150330000472,0],[77.242271705000064,9.9408198220000372,0],[77.24262628300005,9.9417493590000277,0],[77.243092599000079,9.9420866060000321,0],[77.243353995000064,9.9424923790000435,0],[77.243806327000073,9.942757322000034,0],[77.243754068000044,9.9434217880000233,0],[77.24508559800006,9.9447047510000743,0],[77.245795027000042,9.9454252000000452,0],[77.247467642000061,9.9464854200000445,0],[77.247897569000031,9.9468454070000689,0],[77.248159257000054,9.9473324230000344,0],[77.24797875400003,9.9478256660000284,0],[77.247197466000046,9.9485832430000301,0],[77.246993920000079,9.9490132840000456,0],[77.246747959000061,9.9502930940000738,0],[77.246542361000081,9.9513964820000638,0],[77.248849180000036,9.9522205100000747,0],[77.249579664000066,9.9525502560000518,0],[77.249594517000048,9.9525095910000232,0],[77.249999413000069,9.9516334050000523,0],[77.25021064200007,9.9511762910000243,0],[77.251628293000067,9.952284387000077,0],[77.252963855000075,9.9534512100000256,0],[77.25525299800006,9.9531673010000645,0],[77.255239614000061,9.9524078440000494,0],[77.257610826000075,9.95211942800006,0],[77.257665269000029,9.9528382160000319,0],[77.260711386000082,9.9524098940000272,0],[77.261012305000065,9.952486853000039,0],[77.261800640000047,9.9538704290000624,0],[77.262999766000064,9.9541692180000609,0],[77.263555722000035,9.9551142120000691,0],[77.26463132400005,9.9565611710000326,0],[77.266541106000034,9.9588175980000528,0],[77.267420751000031,9.9599977670000612,0],[77.267504622000047,9.9600663700000496,0],[77.267506496000067,9.9600679020000484,0],[77.268537611000056,9.9609113020000564,0],[77.269713840000065,9.9615807460000383,0],[77.271045051000044,9.9624310580000497,0],[77.271838855000055,9.9613328310000497,0],[77.272444851000046,9.9627434430000221,0],[77.27285475900004,9.9641946750000443,0],[77.272877178000044,9.9653248190000454,0],[77.272680750000063,9.9663599590000445,0],[77.272324298000058,9.9686427170000229,0],[77.272177867000039,9.9701480100000595,0],[77.271863142000029,9.9703874940000219,0],[77.270873429000062,9.9709115460000248,0],[77.271269699000072,9.9722497600000679,0],[77.271556491000069,9.973696430000075,0],[77.271638225000061,9.9747181010000645,0],[77.27184786600003,9.9750843350000764,0],[77.272668266000039,9.9763367990000233,0],[77.271258767000063,9.9775523550000571,0],[77.26891878400005,9.9793326540000749,0],[77.267960943000048,9.9799064340000427,0],[77.268371074000072,9.9807247930000358,0],[77.268142930000067,9.9811044410000704,0],[77.267577225000082,9.9817823260000296,0],[77.267102777000048,9.9823065430000497,0],[77.267339743000036,9.9827722420000669,0],[77.266956469000036,9.983377861000065,0],[77.267102245000046,9.9838073630000395,0],[77.265943419000052,9.9852670920000719,0],[77.265035536000084,9.9863471800000525,0],[77.264401357000054,9.9871742130000598,0],[77.265417962000072,9.9881193680000706,0],[77.266393501000039,9.9891458740000303,0],[77.266776423000067,9.9895528560000457,0],[77.266931310000075,9.9900185260000285,0],[77.266826323000032,9.9902942420000613,0],[77.266561773000035,9.9904388070000323,0],[77.26551739000007,9.990619261000063,0],[77.264062556000056,9.9908538120000685,0],[77.262863151000033,9.9909437910000634,0],[77.261768610000047,9.9911016130000689,0],[77.261385474000065,9.9912822950000759,0],[77.261093445000029,9.9917297200000235,0],[77.260910676000037,9.9926789670000744,0],[77.260777812000072,9.9943153530000473,0],[77.260804634000067,9.9957619340000292,0],[77.261675242000081,9.9969195110000442,0],[77.262623351000059,9.9981675230000633,0],[77.263480249000054,9.9994426240000394,0],[77.263880519000054,10.000000541000077,0],[77.264308691000053,10.000371403000031,0],[77.266156860000081,10.001424203000056,0],[77.266131276000067,10.001889738000045,0],[77.265379543000051,10.002077876000044,0],[77.264952282000081,10.002459202000068,0],[77.26463031600008,10.002930371000048,0],[77.264376216000073,10.003261261000034,0],[77.263880412000049,10.003606630000036,0],[77.263152561000084,10.004097461000072,0],[77.261621846000082,10.00568959900005,0],[77.260639753000078,10.006479683000066,0],[77.259871883000073,10.007223753000062,0],[77.259157791000064,10.007741689000056,0],[77.258675293000067,10.007969470000035,0],[77.25782883100004,10.008451699000034,0],[77.257127353000044,10.008684851000055,0],[77.256658368000046,10.00886292000007,0],[77.255975858000056,10.009294775000058,0],[77.25520758600004,10.009930385000075,0],[77.254654088000052,10.010691791000056,0],[77.253450999000052,10.012137980000034,0],[77.253193599000042,10.012812329000042,0],[77.253515143000072,10.013412257000027,0],[77.254119305000074,10.013965891000055,0],[77.254763450000041,10.014261760000068,0],[77.255863611000052,10.014533294000046,0],[77.256739552000056,10.016993164000041,0],[77.25743710100005,10.019300054000041,0],[77.25743751300007,10.019300011000041,0],[77.257438640000032,10.019303721000028,0],[77.257894672000077,10.019353636000062,0],[77.258482995000065,10.019358376000071,0],[77.259367876000056,10.01920046400005,0],[77.259537556000055,10.019247404000055,0],[77.259728110000083,10.019300079000061,0],[77.260288762000073,10.019803658000058,0],[77.260886170000049,10.020340186000055,0],[77.261592774000064,10.021203939000031,0],[77.261658967000074,10.021392543000047,0],[77.261838764000061,10.021904680000034,0],[77.262039114000061,10.02277721400003,0],[77.262258517000078,10.023685928000077,0],[77.262330578000046,10.023984341000073,0],[77.26233493400008,10.024581033000061,0],[77.262238753000076,10.025598124000055,0],[77.262389063000057,10.026181297000051,0],[77.262417882000079,10.027321450000045,0],[77.26243398500003,10.027957881000077,0],[77.262283299000046,10.028437001000043,0],[77.261899708000044,10.029725211000027,0],[77.261780004000059,10.029930332000049,0],[77.261493544000075,10.030421262000061,0],[77.260138239000071,10.032269632000066,0],[77.260120696000058,10.032299076000072,0],[77.259435461000066,10.03344921200005,0],[77.258860522000077,10.034068336000075,0],[77.258176156000047,10.034723500000041,0],[77.258176113000047,10.034723528000029,0],[77.257496365000065,10.035148202000073,0],[77.256984512000031,10.035317091000024,0],[77.256634192000035,10.035432699000069,0],[77.256150646000037,10.035578459000021,0],[77.255840532000036,10.03567195200003,0],[77.255397998000035,10.035979177000058,0],[77.254804799000055,10.03667058800005,0],[77.254284589000065,10.037393637000037,0],[77.253919325000084,10.038324727000031,0],[77.25391931300004,10.03832475400003,0],[77.253376156000058,10.039323578000051,0],[77.253138352000065,10.039738014000022,0],[77.252919740000038,10.040119025000024,0],[77.252309926000066,10.040831024000056,0],[77.25218049700004,10.040982142000075,0],[77.251947792000067,10.041117703000054,0],[77.250784338000074,10.042193099000031,0],[77.250782903000072,10.042194914000049,0],[77.250323445000049,10.042776025000023,0],[77.249885230000075,10.043666374000054,0],[77.249563278000039,10.04467730600004,0],[77.249515275000078,10.044828037000059,0],[77.249463437000031,10.044905605000054,0],[77.24930992000003,10.04513537400004,0],[77.249068119000071,10.045293481000044,0],[77.24901548400004,10.045324747000052,0],[77.248588842000061,10.045298158000037,0],[77.248151096000072,10.045705152000039,0],[77.247604025000044,10.046446682000067,0],[77.247553663000076,10.046532631000048,0],[77.247408009000083,10.046781257000021,0],[77.247151602000031,10.047130394000021,0],[77.247139021000066,10.047147529000028,0],[77.246979518000046,10.047387171000025,0],[77.246541815000057,10.047884604000046,0],[77.246368549000067,10.048038341000051,0],[77.245953639000049,10.048517618000062,0],[77.245885757000053,10.048712245000047,0],[77.245830624000064,10.048870320000049,0],[77.245690747000083,10.049123207000036,0],[77.24559811000006,10.049290764000034,0],[77.245551461000048,10.04940524400007,0],[77.24551156800004,10.049503227000059,0],[77.245470576000059,10.049693124000044,0],[77.245288242000072,10.050095518000035,0],[77.245137900000032,10.050511454000059,0],[77.244990038000083,10.05086648300005,0],[77.244878081000081,10.051135379000073,0],[77.244850754000083,10.05125292200006,0],[77.244636533000062,10.051705046000052,0],[77.244528854000066,10.051823927000044,0],[77.244394889000034,10.051971850000029,0],[77.244021014000054,10.052288394000072,0],[77.243368901000053,10.052699983000025,0],[77.243090699000049,10.052862814000036,0],[77.242666542000052,10.053061897000021,0],[77.242388306000066,10.053125258000023,0],[77.242288871000085,10.053154513000038,0],[77.241850173000046,10.053283632000046,0],[77.241530953000051,10.053478119000033,0],[77.241084083000032,10.053867030000049,0],[77.240919931000064,10.054025301000024,0],[77.240377265000063,10.054387119000069,0],[77.239733252000065,10.05484513600004,0],[77.239684134000072,10.054880071000071,0],[77.239601672000049,10.05493350100005,0],[77.239000078000061,10.055323308000027,0],[77.238791752000054,10.055514016000075,0],[77.238525891000052,10.055757414000027,0],[77.238229456000056,10.055929329000037,0],[77.237709578000079,10.056245916000023,0],[77.237230753000063,10.056666499000073,0],[77.237012822000054,10.056882579000046,0],[77.236966276000032,10.056928736000032,0],[77.23682911700007,10.057122822000053,0],[77.236592439000049,10.057457773000067,0],[77.236505862000058,10.057674768000027,0],[77.236407745000065,10.057810634000077,0],[77.236218591000068,10.05807266100004,0],[77.235986064000031,10.058380129000057,0],[77.235648637000054,10.058723792000023,0],[77.235365906000084,10.058940865000068,0],[77.235042166000085,10.059298085000023,0],[77.234795925000071,10.059519666000028,0],[77.234680924000031,10.059632125000064,0],[77.234467625000036,10.059840742000063,0],[77.234378735000064,10.059980845000041,0],[77.234289808000085,10.060121049000031,0],[77.234039065000047,10.060537014000033,0],[77.233911455000055,10.060885133000056,0],[77.233777659000054,10.061263805000067,0],[77.233756517000074,10.061323657000059,0],[77.233656235000069,10.061536161000049,0],[77.23364261100005,10.061689900000033,0],[77.233464361000074,10.062052707000021,0],[77.233382755000036,10.062218846000064,0],[77.233205353000074,10.062556470000061,0],[77.233045407000077,10.062860905000036,0],[77.232939455000064,10.063058294000029,0],[77.232894976000068,10.06314117200003,0],[77.232702049000068,10.063499897000042,0],[77.232676154000046,10.06354809100003,0],[77.232393453000043,10.063887214000033,0],[77.232188312000062,10.064280560000043,0],[77.232133696000062,10.064678382000068,0],[77.232106927000075,10.064901392000024,0],[77.232074578000038,10.065171156000076,0],[77.231934213000045,10.065419876000021,0],[77.231860280000035,10.065550923000046,0],[77.231698638000069,10.065812058000063,0],[77.231577603000062,10.066007618000071,0],[77.231436302000077,10.06626983700005,0],[77.231084295000073,10.066504579000025,0],[77.230920953000066,10.066613524000047,0],[77.230706610000084,10.066753723000033,0],[77.230411347000029,10.066935110000031,0],[77.23019127200007,10.067070319000038,0],[77.229393027000071,10.067246872000055,0],[77.22875453100005,10.067305832000045,0],[77.228154304000043,10.06743734500003,0],[77.228011030000062,10.067468749000057,0],[77.227714551000076,10.06751403800007,0],[77.227003041000046,10.06775834900003,0],[77.226864291000084,10.067813173000047,0],[77.226442087000066,10.067980016000035,0],[77.226381641000046,10.068010824000055,0],[77.226282425000079,10.068061427000032,0],[77.225885123000069,10.068388494000033,0],[77.225799063000068,10.068459349000022,0],[77.225799030000076,10.06845936700006,0],[77.225792334000062,10.068462810000028,0],[77.22555277400005,10.068586057000061,0],[77.225133102000029,10.068831033000038,0],[77.225064753000083,10.068870941000057,0],[77.225022486000057,10.068892212000037,0],[77.224759216000052,10.069024764000062,0],[77.22350029100005,10.069178792000059,0],[77.223421582000071,10.069273045000045,0],[77.223390835000032,10.069309886000042,0],[77.223369967000053,10.06945565500007,0],[77.223263357000064,10.070200468000053,0],[77.223254471000075,10.071050327000023,0],[77.223231846000033,10.071710329000041,0],[77.223177232000069,10.072153354000022,0],[77.223045080000077,10.072628044000055,0],[77.222989754000082,10.072748754000031,0],[77.222885549000068,10.072976207000067,0],[77.222415916000045,10.073690562000024,0],[77.221978089000061,10.074185008000029,0],[77.221727313000031,10.074468249000063,0],[77.221509996000066,10.074740089000045,0],[77.221430909000048,10.074839031000067,0],[77.221329036000043,10.074979391000056,0],[77.221079810000049,10.075322799000048,0],[77.220902317000082,10.075631884000074,0],[77.220892854000056,10.075648365000063,0],[77.220749280000064,10.075844105000044,0],[77.22034569300007,10.076394355000048,0],[77.219917062000036,10.076968574000034,0],[77.219835006000039,10.077162977000057,0],[77.219483850000074,10.077479505000042,0],[77.219324778000043,10.07753781200006,0],[77.219274083000073,10.077556407000031,0],[77.219055081000079,10.077615274000038,0],[77.218703976000029,10.077927248000037,0],[77.218547684000043,10.078045379000059,0],[77.218339091000075,10.078203085000041,0],[77.217841969000062,10.07853773100004,0],[77.217651927000077,10.07866335500006,0],[77.217609397000047,10.078691470000024,0],[77.217294715000037,10.078949252000029,0],[77.217222121000077,10.079025984000054,0],[77.217157876000044,10.079093928000077,0],[77.217088224000065,10.079182723000031,0],[77.216966389000049,10.079338114000052,0],[77.216682670000068,10.079608328000063,0],[77.216501186000073,10.079781213000047,0],[77.21635068900008,10.079916866000076,0],[77.216225326000085,10.080003876000035,0],[77.21621385900005,10.080011841000044,0],[77.215873032000047,10.080032049000067,0],[77.215525076000063,10.08005268900007,0],[77.215270836000059,10.080017760000032,0],[77.215196647000084,10.080007572000056,0],[77.214599128000032,10.080089078000071,0],[77.214516715000059,10.080113528000027,0],[77.214019804000031,10.080261005000068,0],[77.213581957000031,10.080527822000022,0],[77.213353278000056,10.080662453000059,0],[77.212998196000058,10.080871567000031,0],[77.212811188000046,10.080998128000033,0],[77.212450889000081,10.08130114100004,0],[77.212090610000075,10.081563356000061,0],[77.21165729900008,10.081956781000031,0],[77.211632751000081,10.081980157000032,0],[77.211228659000085,10.082365026000048,0],[77.21122785700004,10.082364856000027,0],[77.210964249000085,10.082614358000058,0],[77.21019975400003,10.08311883600004,0],[77.209553662000076,10.083573172000058,0],[77.209376475000056,10.083777175000023,0],[77.208825737000041,10.084104609000065,0],[77.208539013000063,10.084268311000073,0],[77.208211811000069,10.084622086000024,0],[77.207929676000049,10.084790276000035,0],[77.207452240000066,10.085221428000068,0],[77.207179257000064,10.085421280000048,0],[77.20656057900004,10.085884468000074,0],[77.206292124000072,10.086066213000038,0],[77.205737035000084,10.086452421000047,0],[77.204981736000036,10.086983944000053,0],[77.204658681000069,10.087197505000063,0],[77.203976341000043,10.087728811000034,0],[77.203567728000053,10.088250062000043,0],[77.203282394000041,10.088807004000046,0],[77.203201707000062,10.089186877000031,0],[77.20315319000008,10.089643540000054,0],[77.203190602000063,10.089887502000067,0],[77.203209589000039,10.090104383000039,0],[77.203238655000064,10.090542633000041,0],[77.203235554000059,10.090944943000068,0],[77.203200750000065,10.091419592000022,0],[77.20325224700008,10.091776437000021,0],[77.203433048000079,10.093778006000036,0],[77.203430568000044,10.094338391000065,0],[77.203859735000037,10.095683660000077,0],[77.20397544900004,10.096121692000054,0],[77.204011601000047,10.097278520000032,0],[77.203817996000055,10.097966175000067,0],[77.203548578000039,10.099133272000074,0],[77.203300714000079,10.099943125000038,0],[77.203084495000041,10.100712276000024,0],[77.203158590000044,10.102244117000055,0],[77.203080423000074,10.103302019000068,0],[77.202928450000059,10.104156694000039,0],[77.202597815000047,10.104813271000069,0],[77.202334558000075,10.105171317000043,0],[77.201888541000073,10.105439571000034,0],[77.201405794000038,10.105671826000048,0],[77.201264888000082,10.10582144600005,0],[77.201325634000057,10.106209954000064,0],[77.201593462000062,10.107072217000052,0],[77.201906616000031,10.107866480000041,0],[77.202623923000033,10.109396008000033,0],[77.202955264000082,10.110181199000067,0],[77.203423202000067,10.110893622000049,0],[77.203983005000055,10.111754829000063,0],[77.204387101000066,10.112467496000022,0],[77.204620839000029,10.112755876000051,0],[77.205027157000075,10.112831244000063,0],[77.205802156000061,10.112679271000047,0],[77.206481447000044,10.112563820000048,0],[77.207037357000047,10.113614848000054,0],[77.207309647000045,10.114458994000074,0],[77.207677864000061,10.115325454000072,0],[77.207720253000048,10.115682268000057,0],[77.207639887000084,10.116161649000048,0],[77.207739008000033,10.117065253000021,0],[77.207891947000064,10.117701959000044,0],[77.208252885000036,10.117836195000052,0],[77.209349102000033,10.118184757000051,0],[77.209823902000039,10.118295991000025,0],[77.210849953000036,10.118161207000071,0],[77.211510537000038,10.117910207000023,0],[77.212211159000049,10.117392400000028,0],[77.212884164000059,10.116811422000069,0],[77.213293412000041,10.116448319000028,0],[77.213949682000077,10.116274257000043,0],[77.214615070000036,10.116086487000075,0],[77.21542667600005,10.115965968000069,0],[77.216434536000065,10.115853796000067,0],[77.21677478600003,10.116562171000055,0],[77.216990768000073,10.116986230000066,0],[77.217265629000053,10.117297006000058,0],[77.21782339400005,10.117602351000073,0],[77.218599940000047,10.117875127000048,0],[77.219504082000071,10.11807970600006,0],[77.220590361000063,10.118215810000038,0],[77.221539479000057,10.118275652000023,0],[77.222100798000042,10.118327806000025,0],[77.222798831000034,10.11831161300006,0],[77.223104766000063,10.118405439000071,0],[77.223878686000035,10.119157327000039,0],[77.224633673000085,10.119755604000034,0],[77.225584636000065,10.120294437000041,0],[77.226220262000083,10.120698837000077,0],[77.226896962000069,10.121080542000072,0],[77.227171101000067,10.121192475000043,0],[77.228310361000069,10.120849356000065,0],[77.229176466000069,10.120656308000036,0],[77.229974420000076,10.120540364000021,0],[77.230380241000034,10.120502635000037,0],[77.230264635000083,10.121289457000046,0],[77.230072014000029,10.122230267000077,0],[77.22991804000003,10.122520077000047,0],[77.230511643000057,10.122676115000047,0],[77.231329405000054,10.122957795000048,0],[77.232120799000029,10.123515221000048,0],[77.23276118900003,10.123960335000049,0],[77.232394380000073,10.124680264000062,0],[77.23204533300003,10.125278149000053,0],[77.232704450000085,10.125858704000052,0],[77.233358783000085,10.12636698600005,0],[77.233404642000039,10.126416565000056,0],[77.233573890000059,10.127726559000052,0],[77.233725350000043,10.127970008000034,0],[77.234091446000036,10.128266949000022,0],[77.234333986000081,10.128451394000024,0],[77.235110469000062,10.128697009000064,0],[77.235845746000052,10.128893193000067,0],[77.236288663000039,10.128981916000043,0],[77.236754771000051,10.129179025000042,0],[77.237239156000044,10.129394176000062,0],[77.237482089000082,10.129700537000076,0],[77.237839062000035,10.129970421000053,0],[77.238240878000056,10.130077315000051,0],[77.239016782000078,10.130146773000035,0],[77.239947362000066,10.130120728000065,0],[77.241521294000052,10.130083153000044,0],[77.242009854000059,10.130189812000026,0],[77.242018912000049,10.130180712000026,0],[77.242041809000057,10.13019420300003,0],[77.242973129000063,10.130353423000031,0],[77.243858455000066,10.130417874000045,0],[77.24430114900008,10.130447839000055,0],[77.244374961000062,10.130673555000044,0],[77.24445776400006,10.130854019000026,0],[77.244595061000041,10.130948432000025,0],[77.244763804000058,10.130947731000049,0],[77.245250034000037,10.13044424900005,0],[77.245618271000069,10.130103894000058,0],[77.245827890000044,10.130026272000066,0],[77.246142662000068,10.130011558000035,0],[77.246398444000079,10.130105521000075,0],[77.246649757000057,10.130199424000068,0],[77.246837127000049,10.130280117000041,0],[77.24731685900008,10.130468079000025,0],[77.24744015400006,10.130490282000039,0],[77.247645476000059,10.130503068000053,0],[77.247809425000071,10.130416538000077,0],[77.248027811000043,10.130262032000076,0],[77.248131827000066,10.130017658000043,0],[77.248235841000053,10.129773193000062,0],[77.248707619000072,10.127877694000063,0],[77.248721140000043,10.127841541000066,0],[77.248945240000069,10.126805707000074,0],[77.249031822000063,10.126769234000051,0],[77.249364219000029,10.126614309000047,0],[77.249678269000071,10.12640519100006,0],[77.24999942900007,10.126260646000048,0],[77.251126575000058,10.125753494000037,0],[77.251490012000033,10.125354422000044,0],[77.251521187000037,10.125155373000041,0],[77.251771653000048,10.125036978000026,0],[77.252690879000056,10.124445929000046,0],[77.253183042000046,10.124285930000042,0],[77.25376686900006,10.124242974000026,0],[77.254172972000049,10.124259532000053,0],[77.254885866000052,10.124582267000051,0],[77.25537037600003,10.12481546500004,0],[77.256512358000066,10.123993044000031,0],[77.256872368000074,10.123887813000067,0],[77.25789461200003,10.123969727000031,0],[77.258314105000068,10.123918493000076,0],[77.260464958000057,10.123250456000051,0],[77.262971417000074,10.122553931000027,0],[77.266581383000073,10.121694968000043,0],[77.267776409000078,10.121613613000022,0],[77.26712647100004,10.123423850000052,0],[77.267069487000072,10.124011611000071,0],[77.267140725000047,10.124738936000028,0],[77.267247196000085,10.125145355000029,0],[77.26769267700007,10.125898387000063,0],[77.267995800000051,10.12640792600007,0],[77.268359037000039,10.127138657000046,0],[77.268409294000037,10.127138491000039,0],[77.268897482000057,10.127141086000051,0],[77.269691715000079,10.127251106000074,0],[77.270563739000067,10.127423942000064,0],[77.271312993000038,10.127687730000048,0],[77.271889546000068,10.128114847000063,0],[77.273284165000064,10.128913995000062,0],[77.274052919000042,10.129485015000057,0],[77.274177148000035,10.129769206000049,0],[77.274369025000055,10.130993311000054,0],[77.274369884000066,10.131205692000037,0],[77.274499662000039,10.131720399000073,0],[77.274772106000057,10.13254646300004,0],[77.274591187000055,10.132967429000075,0],[77.274528762000045,10.133324673000061,0],[77.274383624000052,10.133542223000063,0],[77.274330889000055,10.134057651000035,0],[77.274169726000082,10.134835563000024,0],[77.27411789100006,10.135595005000027,0],[77.274228366000045,10.135829674000036,0],[77.274212116000058,10.136344939000026,0],[77.274716784000077,10.137052536000056,0],[77.274683026000048,10.137762235000025,0],[77.27465329000006,10.138318173000073,0],[77.274558017000061,10.138454128000035,0],[77.274531173000071,10.139755844000035,0],[77.274303477000046,10.139856204000068,0],[77.272848900000042,10.140069628000049,0],[77.272557561000042,10.140251586000034,0],[77.272394804000044,10.140622811000071,0],[77.272068865000051,10.141279402000066,0],[77.271797885000069,10.141994449000038,0],[77.271814709000068,10.142776282000057,0],[77.272203567000076,10.144211953000024,0],[77.272279387000083,10.144925774000058,0],[77.272472643000071,10.146511288000056,0],[77.273123375000068,10.147245529000031,0],[77.273623271000076,10.147894411000038,0],[77.273438611000074,10.148509717000024,0],[77.273089187000039,10.150142553000023,0],[77.272896401000082,10.15101558200007,0],[77.273526472000071,10.151121656000043,0],[77.273576667000043,10.152287451000063,0],[77.273473737000074,10.152812085000051,0],[77.273371929000064,10.153598896000062,0],[77.273374852000074,10.154335544000048,0],[77.273625356000082,10.155383091000033,0],[77.273379245000058,10.155460897000069,0],[77.273215458000038,10.155583500000034,0],[77.274065816000075,10.157171050000045,0],[77.274140787000078,10.15767248700007,0],[77.273942877000081,10.158400859000039,0],[77.27369918800008,10.159079748000067,0],[77.273300235000079,10.159732061000057,0],[77.273056517000043,10.160419899000033,0],[77.273031378000042,10.16098041500004,0],[77.273147965000078,10.161626259000059,0],[77.27332769700007,10.162068494000039,0],[77.27292514700008,10.162973890000046,0],[77.272831964000034,10.163638631000026,0],[77.27278885700008,10.164289650000057,0],[77.272916133000081,10.165337599000054,0],[77.272990598000035,10.165689827000051,0],[77.273546774000067,10.167893169000024,0],[77.273888085000067,10.168827381000028,0],[77.274187878000077,10.169630744000074,0],[77.27425346800004,10.170068890000039,0],[77.273907994000069,10.172723059000077,0],[77.274606856000048,10.17290121700006,0],[77.274702900000079,10.175268983000024,0],[77.276205616000084,10.175660893000043,0],[77.276274263000062,10.175705784000058,0],[77.275378773000057,10.177724901000033,0],[77.275316825000061,10.178213280000023,0],[77.275377240000068,10.180816272000072,0],[77.27533982500006,10.182886266000025,0],[77.275316113000031,10.183826447000058,0],[77.275304802000051,10.18441849800007,0],[77.275610029000063,10.185456799000065,0],[77.276113020000082,10.186864901000035,0],[77.276476437000042,10.187604729000043,0],[77.277162998000051,10.188139861000025,0],[77.277241645000061,10.188410715000032,0],[77.277403607000053,10.188993063000055,0],[77.277529512000058,10.189674985000067,0],[77.277596655000082,10.190483755000059,0],[77.277620300000081,10.190691549000064,0],[77.277476294000053,10.191211860000067,0],[77.277583523000033,10.191794407000032,0],[77.277911698000082,10.192837152000038,0],[77.278565112000081,10.194213016000049,0],[77.279226067000081,10.195173090000026,0],[77.280724235000037,10.194398945000046,0],[77.28127190400005,10.195553844000074,0],[77.28245610700003,10.196145763000061,0],[77.282964398000047,10.196586683000021,0],[77.28312971500003,10.196843645000058,0],[77.283447318000071,10.19753841000005,0],[77.28474073700005,10.200330863000033,0],[77.284819223000056,10.200552007000056,0],[77.284959957000069,10.201518597000074,0],[77.284915327000078,10.201771873000041,0],[77.285098702000084,10.203126964000035,0],[77.285154452000029,10.203370772000028,0],[77.285420502000079,10.203717763000043,0],[77.28587476000007,10.204357702000038,0],[77.285110476000057,10.204930170000068,0],[77.284605935000059,10.205451923000055,0],[77.283899944000041,10.206932448000032,0],[77.283671816000037,10.208090326000047,0],[77.283224525000037,10.208069507000062,0],[77.283117347000029,10.208648399000026,0],[77.284039403000065,10.208717137000065,0],[77.287299851000057,10.209251190000032,0],[77.287234340000055,10.211127054000031,0],[77.287546589000044,10.211604854000029,0],[77.288455371000055,10.212916439000026,0],[77.289538954000079,10.214557207000041,0],[77.289790652000079,10.214732487000049,0],[77.292900295000038,10.215208331000042,0],[77.293366113000047,10.215292448000071,0],[77.29434926700003,10.216906516000051,0],[77.294955628000082,10.217898373000025,0],[77.294662379000044,10.218735603000027,0],[77.293719600000031,10.22149166500003,0],[77.292857476000052,10.222710764000055,0],[77.291932216000077,10.224147027000072,0],[77.290963035000061,10.225999240000021,0],[77.290088553000032,10.227584538000031,0],[77.289898359000063,10.227946838000037,0],[77.289196590000074,10.229341582000075,0],[77.288273852000032,10.231401513000037,0],[77.288127738000071,10.231765672000051,0],[77.288088564000077,10.231863193000038,0],[77.287931958000058,10.231934607000028,0],[77.287678586000084,10.232050081000068,0],[77.285499307000066,10.232614521000073,0],[77.285289463000083,10.232628918000046,0],[77.285134870000036,10.232765116000053,0],[77.284220140000059,10.233424058000026,0],[77.283165917000076,10.234558003000075,0],[77.281838226000048,10.23580602100003,0],[77.281937020000044,10.236555907000024,0],[77.281403522000062,10.236670903000061,0],[77.280893105000075,10.236849181000025,0],[77.280158052000047,10.235636323000051,0],[77.279100725000035,10.236006505000034,0],[77.27830369600008,10.236425472000064,0],[77.278075707000085,10.236480572000062,0],[77.277723648000062,10.235157748000063,0],[77.276545916000032,10.235085555000069,0],[77.27315924100003,10.235008281000034,0],[77.271653634000074,10.235136197000031,0],[77.271376307000082,10.235412971000073,0],[77.269260649000046,10.237043594000056,0],[77.268754663000038,10.234894330000031,0],[77.268598282000085,10.234587594000061,0],[77.264748896000071,10.235217138000053,0],[77.264550369000062,10.232325435000064,0],[77.259723053000073,10.230274146000056,0],[77.259553643000061,10.231309700000054,0],[77.259202168000058,10.234777509000025,0],[77.258964046000074,10.238068566000038,0],[77.25893254600004,10.238181667000049,0],[77.25869266400008,10.241043440000055,0],[77.258628136000084,10.242033439000068,0],[77.258422537000058,10.244298478000076,0],[77.258005087000072,10.248435366000024,0],[77.258005884000056,10.24862515500007,0],[77.25787987700005,10.250004568000065,0],[77.257800190000069,10.250876639000069,0],[77.257750678000036,10.251062077000029,0],[77.257469062000041,10.251406658000064,0],[77.257401686000037,10.255703794000055,0],[77.257190302000083,10.259392422000076,0],[77.258330984000054,10.260337616000072,0],[77.259079356000029,10.260803458000055,0],[77.259823048000044,10.261355282000068,0],[77.261511397000049,10.262436281000021,0],[77.262925960000075,10.263331916000027,0],[77.262473859000067,10.263955512000052,0],[77.260811720000049,10.266052387000059,0],[77.259391587000039,10.267792295000049,0],[77.258067218000065,10.269437179000022,0],[77.256473484000082,10.271497866000061,0],[77.255354689000058,10.272898830000031,0],[77.253358976000072,10.275660026000025,0],[77.252783577000059,10.276351444000056,0],[77.252578020000044,10.276731015000053,0],[77.251130400000079,10.278416598000035,0],[77.250427049000052,10.279365577000021,0],[77.250001216000044,10.279972170000065,0],[77.249690914000041,10.280415193000067,0],[77.249320865000072,10.281046977000074,0],[77.248950815000057,10.281678852000027,0],[77.248525000000029,10.282245498000066,0],[77.247765807000064,10.283030283000073,0],[77.24718888600006,10.283742041000039,0],[77.246530399000051,10.284598789000029,0],[77.246407312000031,10.284653509000066,0],[77.246367173000067,10.284875034000038,0],[77.24631335600003,10.285123859000066,0],[77.246241927000085,10.285553472000061,0],[77.246174480000036,10.285797781000042,0],[77.24606088400003,10.285942813000077,0],[77.245929301000047,10.286151236000023,0],[77.24558872700004,10.286590940000053,0],[77.245466105000048,10.286763149000024,0],[77.245261712000058,10.28701247500004,0],[77.24473097300006,10.287868697000022,0],[77.24470562700003,10.288388550000036,0],[77.24469304400003,10.288686888000029,0],[77.244598455000073,10.289003598000022,0],[77.244475892000082,10.289171287000045,0],[77.244289192000053,10.289302998000039,0],[77.244061517000034,10.289434992000054,0],[77.243542193000053,10.289699064000047,0],[77.243450707000079,10.289654237000036,0],[77.243391754000072,10.28974484400004,0],[77.24325976700004,10.289844814000048,0],[77.243127779000076,10.289944693000052,0],[77.242995724000082,10.290022068000042,0],[77.242863673000045,10.290112911000051,0],[77.242572891000066,10.290471108000077,0],[77.242436737000048,10.290665914000044,0],[77.242346048000059,10.290824434000058,0],[77.242255554000053,10.291023624000047,0],[77.24216126500005,10.291421763000073,0],[77.242121433000079,10.291751832000045,0],[77.24209019400007,10.29194175300006,0],[77.242050022000058,10.292158851000067,0],[77.241918338000062,10.292353626000022,0],[77.241822949000039,10.292466989000047,0],[77.241677240000058,10.292562444000055,0],[77.241440640000064,10.292762194000034,0],[77.240653829000053,10.293492843000024,0],[77.240553685000066,10.293579124000075,0],[77.24009519100008,10.294213596000077,0],[77.240004141000043,10.29429529600003,0],[77.239876276000075,10.294268616000068,0],[77.239844599000037,10.294332010000062,0],[77.23931314500004,10.295025551000037,0],[77.239245201000074,10.295161410000048,0],[77.239229101000035,10.29569927600005,0],[77.239202292000073,10.295857535000039,0],[77.238978914000029,10.295939789000045,0],[77.239212646000055,10.296173880000026,0],[77.239372876000061,10.296286288000033,0],[77.239496906000056,10.296493662000046,0],[77.239580237000041,10.296805164000034,0],[77.239779193000061,10.297477832000027,0],[77.239834783000049,10.297699058000035,0],[77.239850235000063,10.298155454000039,0],[77.239815161000081,10.298526252000045,0],[77.239701686000046,10.298689358000047,0],[77.239460550000047,10.298893657000065,0],[77.239255617000083,10.299016455000071,0],[77.239059975000032,10.299175340000033,0],[77.238796022000031,10.299379797000029,0],[77.237876042000039,10.299930065000069,0],[77.237616984000056,10.300220348000039,0],[77.237407586000074,10.300370289000057,0],[77.237234225000066,10.300389022000047,0],[77.237084380000056,10.300597479000032,0],[77.236938966000082,10.300774273000059,0],[77.236761836000085,10.30099638400003,0],[77.236558161000062,10.301440109000055,0],[77.236531018000051,10.301512509000077,0],[77.236476892000042,10.301679904000025,0],[77.236418268000079,10.301856458000032,0],[77.23634123100004,10.302010365000058,0],[77.236218962000066,10.302272948000052,0],[77.23610128100006,10.302512905000071,0],[77.236033733000056,10.302757216000032,0],[77.235813035000035,10.303530942000066,0],[77.235710245000064,10.304109808000021,0],[77.23567489900006,10.304403695000076,0],[77.23568995100004,10.304765198000041,0],[77.235704768000062,10.305054400000074,0],[77.235691970000062,10.305271398000059,0],[77.235621018000074,10.305809464000049,0],[77.235626581000076,10.306080563000023,0],[77.235528778000059,10.306745346000071,0],[77.235465293000061,10.306854059000045,0],[77.235475515000076,10.307138774000066,0],[77.23541239900004,10.307351420000032,0],[77.235353477000046,10.30746010200005,0],[77.235276603000045,10.307650159000048,0],[77.235104096000043,10.30788136700005,0],[77.234963409000045,10.308107836000033,0],[77.234845266000036,10.308243861000051,0],[77.234717896000063,10.308352835000051,0],[77.234594930000071,10.308439184000065,0],[77.23446739600007,10.308511918000022,0],[77.234280408000075,10.308553339000071,0],[77.23412079600007,10.308581104000041,0],[77.233919728000046,10.308541191000074,0],[77.233695708000084,10.308456156000034,0],[77.233284433000051,10.308335630000045,0],[77.232886484000062,10.308124724000038,0],[77.232712628000058,10.308035004000033,0],[77.232475019000049,10.307977175000076,0],[77.232283400000085,10.307995942000048,0],[77.23197777300004,10.308051377000027,0],[77.231717972000069,10.308147256000041,0],[77.231599601000084,10.308238092000067,0],[77.231413175000057,10.308424114000047,0],[77.231213163000064,10.308650811000064,0],[77.231081690000053,10.308877306000056,0],[77.231006100000059,10.309392810000077,0],[77.230875328000081,10.309822653000026,0],[77.230954318000045,10.310165821000055,0],[77.230964473000029,10.310441499000035,0],[77.230951177000065,10.310536398000067,0],[77.230954223000083,10.311331807000045,0],[77.230971086000068,10.312145287000021,0],[77.230927076000057,10.312570283000071,0],[77.230799807000039,10.312719927000046,0],[77.23069991400007,10.312855915000057,0],[77.230563880000034,10.313095908000037,0],[77.230427882000072,10.313354066000045,0],[77.230305240000064,10.313512716000048,0],[77.230145955000069,10.313626248000048,0],[77.229918097000052,10.313735644000076,0],[77.229199064000056,10.314303219000067,0],[77.229062304000081,10.314362549000066,0],[77.228893697000046,10.314435474000049,0],[77.228693345000067,10.314562755000054,0],[77.22825144400008,10.314799435000054,0],[77.228074139000057,10.314985395000065,0],[77.227828687000056,10.315266541000028,0],[77.227747140000076,10.315416049000021,0],[77.22769823200008,10.315755129000024,0],[77.227703727000062,10.316017282000075,0],[77.227664566000044,10.316496474000076,0],[77.227642809000031,10.31677680100006,0],[77.227639503000034,10.317111228000044,0],[77.227773293000041,10.317485832000045,0],[77.227920371000039,10.317738332000033,0],[77.228012658000068,10.31798660100003,0],[77.228004224000074,10.318162899000072,0],[77.227987165000059,10.318488384000034,0],[77.227956017000054,10.318705420000072,0],[77.227933925000059,10.31888624100003,0],[77.227825726000049,10.319230158000039,0],[77.227739026000052,10.319244043000026,0],[77.227703152000061,10.31942495900006,0],[77.227639894000049,10.319592417000024,0],[77.227608511000085,10.319737151000027,0],[77.227618526000072,10.319954083000027,0],[77.227738034000083,10.320179569000061,0],[77.22786183900007,10.320328293000046,0],[77.227981276000037,10.320517627000072,0],[77.228311319000056,10.320868914000073,0],[77.228623109000068,10.321220235000055,0],[77.228811093000047,10.321422924000046,0],[77.22942975400008,10.322048776000031,0],[77.229512585000066,10.322211159000062,0],[77.229572503000043,10.322360052000022,0],[77.229572967000081,10.322477542000058,0],[77.229555247000064,10.32263130900003,0],[77.229350923000084,10.322907746000055,0],[77.229273780000085,10.323034629000063,0],[77.229137507000075,10.323202320000064,0],[77.229079447000061,10.323550592000061,0],[77.229089662000035,10.323821660000021,0],[77.22910451000007,10.32411538100007,0],[77.229201100000068,10.324300353000069,0],[77.229274977000046,10.324526063000064,0],[77.229385558000047,10.324792280000054,0],[77.229459467000083,10.325022508000075,0],[77.229465786000048,10.325478880000048,0],[77.229416446000073,10.325691523000046,0],[77.229371711000056,10.325935766000043,0],[77.229171284000074,10.326040454000065,0],[77.229021125000031,10.326167571000042,0],[77.228434511000046,10.326775359000067,0],[77.22822122000008,10.327088009000022,0],[77.228167092000035,10.327269052000076,0],[77.228173307000077,10.327684755000064,0],[77.228270632000033,10.328077594000035,0],[77.228536568000038,10.328383951000035,0],[77.22905408500003,10.328811305000045,0],[77.229398294000077,10.329280074000053,0],[77.229258849000075,10.329813825000031,0],[77.229201743000033,10.330388038000024,0],[77.229211930000076,10.330654677000041,0],[77.229354921000038,10.331038254000021,0],[77.229901184000084,10.331813548000071,0],[77.230135021000081,10.332097439000052,0],[77.230200165000042,10.332404459000031,0],[77.230338264000068,10.332702208000057,0],[77.230619059000048,10.333302282000034,0],[77.230902492000041,10.333409680000045,0],[77.231085826000083,10.333598751000068,0],[77.231571238000072,10.333963054000037,0],[77.231973658000072,10.334155849000069,0],[77.232257484000058,10.334344584000064,0],[77.232875284000045,10.334739962000072,0],[77.23317297400007,10.334991866000053,0],[77.233343780000041,10.335461287000044,0],[77.233317169000031,10.335673773000053,0],[77.233223098000053,10.336130568000044,0],[77.233130063000033,10.336863103000042,0],[77.233168870000043,10.33745951700007,0],[77.233064674000047,10.337658803000068,0],[77.233046355000056,10.337649802000044,0],[77.233284285000082,10.337775496000063,0],[77.233732242000031,10.337927393000029,0],[77.234148255000036,10.338079509000067,0],[77.234623059000057,10.338091220000024,0],[77.235052393000046,10.338139307000063,0],[77.235390285000051,10.338138048000076,0],[77.236191033000068,10.338614033000056,0],[77.236374709000074,10.338889046000077,0],[77.236412856000072,10.339313743000048,0],[77.236327111000037,10.339553572000057,0],[77.23623741800003,10.339983314000051,0],[77.236040698000068,10.341050608000046,0],[77.23599286700005,10.341656389000036,0],[77.235994449000032,10.343233673000043,0],[77.235991580000075,10.344865215000027,0],[77.236007192000045,10.346528351000075,0],[77.235672528000066,10.347347610000043,0],[77.235519100000033,10.347800118000066,0],[77.23549261900007,10.348030768000058,0],[77.235434330000032,10.348306648000062,0],[77.23540902600007,10.348858136000047,0],[77.235410560000048,10.349242236000066,0],[77.235338478000074,10.349491098000044,0],[77.235338876000071,10.349585994000051,0],[77.235202370000081,10.349708591000024,0],[77.235167315000069,10.351254406000066,0],[77.235346843000059,10.35165137000007,0],[77.235841353000069,10.352006559000074,0],[77.235645925000085,10.352251306000028,0],[77.235572903000048,10.352251633000037,0],[77.235463275000029,10.352238476000025,0],[77.234974358000045,10.352131880000059,0],[77.234585544000083,10.351943519000031,0],[77.234357256000067,10.351930824000021,0],[77.233708918000048,10.351933335000069,0],[77.233311836000041,10.351943863000031,0],[77.233015200000068,10.35198568800007,0],[77.232531712000082,10.352091442000074,0],[77.231715049000059,10.352248219000046,0],[77.231094648000067,10.352368116000036,0],[77.230578919000038,10.352419772000076,0],[77.230282383000031,10.352488708000067,0],[77.229661911000051,10.352585917000056,0],[77.229310745000078,10.352700239000058,0],[77.229356448000033,10.352709141000048,0],[77.229173893000052,10.352709773000072,0],[77.228927658000032,10.352805654000065,0],[77.228453394000041,10.35293854300005,0],[77.228020104000052,10.353044123000075,0],[77.227828298000077,10.353040299000043,0],[77.227614137000046,10.353154123000024,0],[77.227239908000058,10.353182652000044,0],[77.226450811000063,10.35336643100004,0],[77.226236418000042,10.353421419000028,0],[77.225579203000052,10.35347368500004,0],[77.224593206000065,10.353527048000046,0],[77.223634687000072,10.353593955000065,0],[77.223013915000081,10.353623460000051,0],[77.222616836000043,10.35366109000006,0],[77.221744627000078,10.353605654000035,0],[77.220945172000029,10.353473072000043,0],[77.220205211000064,10.353376410000067,0],[77.219853509000075,10.353350637000062,0],[77.219456127000058,10.353293366000059,0],[77.219045022000046,10.353231670000071,0],[77.218246069000031,10.353248204000067,0],[77.216574308000077,10.353046607000067,0],[77.215373834000047,10.353105305000042,0],[77.21501257500006,10.352966527000035,0],[77.21485313900007,10.353062072000057,0],[77.214072859000055,10.353164419000052,0],[77.212492867000037,10.353084452000076,0],[77.211731004000058,10.353222909000067,0],[77.21079917000003,10.353113354000072,0],[77.210233124000069,10.353124563000051,0],[77.209392634000039,10.353023776000043,0],[77.208165519000033,10.353281376000041,0],[77.207130248000055,10.35356097600004,0],[77.206195250000064,10.353808432000051,0],[77.205802336000033,10.35373764600007,0],[77.205551423000031,10.353792781000038,0],[77.205030915000066,10.353776645000039,0],[77.204652279000072,10.353854887000068,0],[77.204342589000078,10.354054853000036,0],[77.204301647000079,10.354100233000054,0],[77.203924246000042,10.35449931900007,0],[77.203774586000065,10.354766605000066,0],[77.203792744000054,10.354739367000036,0],[77.203693121000072,10.35495669200003,0],[77.203517026000043,10.355490602000032,0],[77.203409512000064,10.356028833000039,0],[77.203119832000084,10.356676226000047,0],[77.202961238000057,10.356997713000055,0],[77.202752247000035,10.357278691000033,0],[77.202442780000069,10.357537492000063,0],[77.202064140000061,10.35762919900003,0],[77.201552946000049,10.357653757000037,0],[77.200890788000038,10.357615538000061,0],[77.200388171000043,10.357508892000055,0],[77.199510371000031,10.357191240000077,0],[77.198724076000076,10.35691851200005,0],[77.198129795000057,10.356730875000039,0],[77.197667573000047,10.356434329000024,0],[77.197300742000039,10.356019816000071,0],[77.196993174000056,10.355569016000061,0],[77.196845993000068,10.355275830000039,0],[77.196048667000071,10.354505892000077,0],[77.195437008000056,10.354535282000029,0],[77.19449710300006,10.354696969000031,0],[77.192412395000076,10.355156579000038,0],[77.190948246000062,10.355527987000073,0],[77.189282020000064,10.35557484800006,0],[77.188469575000056,10.355636593000042,0],[77.187158629000066,10.355474143000038,0],[77.185849738000059,10.355858574000024,0],[77.184974386000079,10.356182664000073,0],[77.183259837000037,10.35674030000007,0],[77.181736328000056,10.357111892000034,0],[77.179641963000051,10.357449475000067,0],[77.178242183000066,10.357947202000048,0],[77.176777991000051,10.358318641000039,0]]]},"properties":{"FID":0,"SHAPE_Leng":5.1983133522599996,"STATE":"KERALA","DISTRICT":"Idukki","Femaleprop":31773,"Malepropri":102327,"Group_prop":14994,"Transgende":562,"Total_Prop":149656,"OBC":43271,"Others_cas":76751,"SC":11122,"ST":3518,"Buddhist":18,"Christian":62909,"Hindu":57925,"Islam":10811,"Jain":20,"Others_Rel":2999,"Sikh":12,"Zoroastria":8,"Commercial":46821,"Residentia":102835,"Casual":1492,"Perennial":139482,"Seasonal":8682,"District_C":"ID","Barrow_Fro":10169,"Barrowing":1112,"Donations":7714,"Financial":6395,"Loan_from":2436,"Self_Finan":121830,"Company":1140,"Cooperativ":676,"Government":3882,"Non_Profit":3972,"Others_Job":2196,"Partnershi":1077,"Proprietar":134662,"Self_Help":2051,"Accommodat":5272,"Activities":2171,"Admin_and":1272,"Arts_Sport":568,"Education":1854,"Financia_1":4060,"Human_heal":2704,"Informatio":672,"LiveStock":65409,"Other_Serv":8160,"Prof_and_S":1020,"Real_Estat":1862,"Retail_Tra":19339,"Constructi":1430,"Electircit":138,"Fishing_an":1552,"Forestery":478,"Informat_1":2895,"Manufactur":12634,"Mining_and":83,"Transporat":378,"Water_Supp":462,"Whole_Sale":1925,"Whole_Sa_1":2478,"Shape__Are":0.35912862544700003,"Shape__Len":5.1983133388500002}}]}