{
"type": "FeatureCollection",
"name": "AOI",
"features": [
{ "type": "Feature", "properties": { "STATE": "KERALA" }, "geometry": { "type": "MultiPolygon", "coordinates": [ [ [ [ 77.176778, 10.3583186, 0.0 ], [ 77.1766232, 10.3584412, 0.0 ], [ 77.176614, 10.3584322, 0.0 ], [ 77.1765958, 10.3584232, 0.0 ], [ 77.1765088, 10.3583738, 0.0 ], [ 77.1763349, 10.3582705, 0.0 ], [ 77.1762343, 10.3582167, 0.0 ], [ 77.1761428, 10.3581627, 0.0 ], [ 77.175978, 10.3580639, 0.0 ], [ 77.1759598, 10.3580504, 0.0 ], [ 77.1759551, 10.3580504, 0.0 ], [ 77.1759506, 10.358046, 0.0 ], [ 77.1759369, 10.3580369, 0.0 ], [ 77.1759003, 10.35801, 0.0 ], [ 77.1755707, 10.3577806, 0.0 ], [ 77.1753784, 10.3576457, 0.0 ], [ 77.1751816, 10.3575063, 0.0 ], [ 77.1749893, 10.357376, 0.0 ], [ 77.1748337, 10.3572636, 0.0 ], [ 77.1746323, 10.3571152, 0.0 ], [ 77.1746185, 10.3571061, 0.0 ], [ 77.1746093, 10.3570971, 0.0 ], [ 77.1745911, 10.3570836, 0.0 ], [ 77.1745636, 10.3570612, 0.0 ], [ 77.1744491, 10.3569712, 0.0 ], [ 77.1743666, 10.3569037, 0.0 ], [ 77.1742797, 10.3568362, 0.0 ], [ 77.1741973, 10.3567687, 0.0 ], [ 77.1740827, 10.3566787, 0.0 ], [ 77.1740553, 10.3566562, 0.0 ], [ 77.1740415, 10.3566473, 0.0 ], [ 77.1740232, 10.3566292, 0.0 ], [ 77.1740004, 10.3566112, 0.0 ], [ 77.1739592, 10.3565752, 0.0 ], [ 77.1738904, 10.3565123, 0.0 ], [ 77.1737942, 10.3564267, 0.0 ], [ 77.1736751, 10.3563187, 0.0 ], [ 77.1735468, 10.3562061, 0.0 ], [ 77.1734278, 10.3560981, 0.0 ], [ 77.1733315, 10.3560126, 0.0 ], [ 77.1732629, 10.3559541, 0.0 ], [ 77.1732216, 10.3559136, 0.0 ], [ 77.1732033, 10.3558955, 0.0 ], [ 77.1731941, 10.3558865, 0.0 ], [ 77.173098, 10.3558236, 0.0 ], [ 77.1728783, 10.3556843, 0.0 ], [ 77.1727181, 10.3555809, 0.0 ], [ 77.1725535, 10.3554776, 0.0 ], [ 77.1723979, 10.3553742, 0.0 ], [ 77.1722651, 10.3552888, 0.0 ], [ 77.1721736, 10.3552304, 0.0 ], [ 77.1720913, 10.3551764, 0.0 ], [ 77.1720821, 10.3551719, 0.0 ], [ 77.1720775, 10.3551674, 0.0 ], [ 77.1720683, 10.355163, 0.0 ], [ 77.1720455, 10.355154, 0.0 ], [ 77.1719952, 10.3551406, 0.0 ], [ 77.171922, 10.3551138, 0.0 ], [ 77.1718123, 10.355078, 0.0 ], [ 77.1716798, 10.3550333, 0.0 ], [ 77.1715381, 10.3549886, 0.0 ], [ 77.1712227, 10.3548812, 0.0 ], [ 77.1711769, 10.3548679, 0.0 ], [ 77.1711541, 10.3548589, 0.0 ], [ 77.171145, 10.354859, 0.0 ], [ 77.1706056, 10.3546847, 0.0 ], [ 77.1699475, 10.3544927, 0.0 ], [ 77.1699338, 10.3544882, 0.0 ], [ 77.1698835, 10.3544793, 0.0 ], [ 77.169847, 10.3544749, 0.0 ], [ 77.1698104, 10.3544661, 0.0 ], [ 77.1697738, 10.3544572, 0.0 ], [ 77.1697235, 10.3544483, 0.0 ], [ 77.1697053, 10.3544483, 0.0 ], [ 77.1697007, 10.3544438, 0.0 ], [ 77.1696961, 10.3544439, 0.0 ], [ 77.1696871, 10.3544394, 0.0 ], [ 77.1696276, 10.354417, 0.0 ], [ 77.1695773, 10.3543946, 0.0 ], [ 77.1695178, 10.3543722, 0.0 ], [ 77.1694539, 10.3543498, 0.0 ], [ 77.1693945, 10.3543274, 0.0 ], [ 77.1693441, 10.3543051, 0.0 ], [ 77.1693075, 10.3542961, 0.0 ], [ 77.1692893, 10.3542872, 0.0 ], [ 77.1692756, 10.3542827, 0.0 ], [ 77.1692755, 10.3542781, 0.0 ], [ 77.169271, 10.3542782, 0.0 ], [ 77.1692664, 10.3542737, 0.0 ], [ 77.1692481, 10.3542692, 0.0 ], [ 77.1692206, 10.3542557, 0.0 ], [ 77.1691018, 10.354202, 0.0 ], [ 77.1690149, 10.3541661, 0.0 ], [ 77.168928, 10.3541258, 0.0 ], [ 77.1688411, 10.3540899, 0.0 ], [ 77.1687725, 10.3540585, 0.0 ], [ 77.1687268, 10.3540361, 0.0 ], [ 77.1686948, 10.3540272, 0.0 ], [ 77.1686811, 10.3540181, 0.0 ], [ 77.1686765, 10.3540137, 0.0 ], [ 77.1686719, 10.3540137, 0.0 ], [ 77.1686673, 10.3540092, 0.0 ], [ 77.1686581, 10.3540047, 0.0 ], [ 77.1686353, 10.3539867, 0.0 ], [ 77.1685987, 10.3539642, 0.0 ], [ 77.1685483, 10.3539283, 0.0 ], [ 77.1684842, 10.3538833, 0.0 ], [ 77.1684202, 10.3538383, 0.0 ], [ 77.1683561, 10.3537979, 0.0 ], [ 77.1682737, 10.3537394, 0.0 ], [ 77.1682508, 10.3537259, 0.0 ], [ 77.1682371, 10.353717, 0.0 ], [ 77.1682325, 10.3537124, 0.0 ], [ 77.1682279, 10.3537079, 0.0 ], [ 77.1682142, 10.353699, 0.0 ], [ 77.1682004, 10.3536854, 0.0 ], [ 77.1681821, 10.353663, 0.0 ], [ 77.1681271, 10.353618, 0.0 ], [ 77.1680814, 10.3535729, 0.0 ], [ 77.1680676, 10.3535639, 0.0 ], [ 77.1680081, 10.3535053, 0.0 ], [ 77.1679714, 10.3534648, 0.0 ], [ 77.1679164, 10.3534108, 0.0 ], [ 77.1678568, 10.3533432, 0.0 ], [ 77.1677835, 10.3532756, 0.0 ], [ 77.1677193, 10.3532081, 0.0 ], [ 77.1676643, 10.3531541, 0.0 ], [ 77.1676276, 10.3531136, 0.0 ], [ 77.1675773, 10.353064, 0.0 ], [ 77.1675635, 10.3530459, 0.0 ], [ 77.1675406, 10.3530235, 0.0 ], [ 77.167513, 10.3529874, 0.0 ], [ 77.1674764, 10.3529468, 0.0 ], [ 77.1674397, 10.3529018, 0.0 ], [ 77.167403, 10.3528613, 0.0 ], [ 77.1673755, 10.3528252, 0.0 ], [ 77.1673389, 10.3527891, 0.0 ], [ 77.1673342, 10.3527801, 0.0 ], [ 77.1673297, 10.3527801, 0.0 ], [ 77.1673296, 10.3527756, 0.0 ], [ 77.1673068, 10.3527531, 0.0 ], [ 77.1672792, 10.352717, 0.0 ], [ 77.1672288, 10.352663, 0.0 ], [ 77.16716, 10.3525909, 0.0 ], [ 77.166908, 10.3523162, 0.0 ], [ 77.1668392, 10.3522441, 0.0 ], [ 77.1668163, 10.3522171, 0.0 ], [ 77.1667888, 10.3521901, 0.0 ], [ 77.1667613, 10.352163, 0.0 ], [ 77.1667475, 10.352145, 0.0 ], [ 77.1667292, 10.352127, 0.0 ], [ 77.1667155, 10.3521089, 0.0 ], [ 77.1666833, 10.3520684, 0.0 ], [ 77.1666283, 10.3520008, 0.0 ], [ 77.1665458, 10.3519062, 0.0 ], [ 77.1662523, 10.3515638, 0.0 ], [ 77.1661148, 10.3514061, 0.0 ], [ 77.1660872, 10.3513746, 0.0 ], [ 77.1660643, 10.3513385, 0.0 ], [ 77.1660277, 10.3513024, 0.0 ], [ 77.1660093, 10.3512889, 0.0 ], [ 77.1659452, 10.3512259, 0.0 ], [ 77.1659268, 10.3512124, 0.0 ], [ 77.1658948, 10.3511809, 0.0 ], [ 77.1658811, 10.3511719, 0.0 ], [ 77.1658582, 10.3511539, 0.0 ], [ 77.1658215, 10.3511224, 0.0 ], [ 77.1657666, 10.3510774, 0.0 ], [ 77.1657025, 10.3510234, 0.0 ], [ 77.1656338, 10.3509694, 0.0 ], [ 77.1655697, 10.3509154, 0.0 ], [ 77.1655147, 10.3508704, 0.0 ], [ 77.1654781, 10.3508434, 0.0 ], [ 77.165446, 10.3508119, 0.0 ], [ 77.1654415, 10.3508119, 0.0 ], [ 77.1653819, 10.3507488, 0.0 ], [ 77.1653452, 10.3507083, 0.0 ], [ 77.1652948, 10.3506587, 0.0 ], [ 77.1651986, 10.3505552, 0.0 ], [ 77.1651482, 10.3505056, 0.0 ], [ 77.1650977, 10.3504561, 0.0 ], [ 77.1650612, 10.3504381, 0.0 ], [ 77.1650155, 10.3504111, 0.0 ], [ 77.1649331, 10.3503709, 0.0 ], [ 77.1648187, 10.3503035, 0.0 ], [ 77.1643979, 10.3500835, 0.0 ], [ 77.1642835, 10.3500206, 0.0 ], [ 77.1642057, 10.3499802, 0.0 ], [ 77.1641555, 10.3499578, 0.0 ], [ 77.1641326, 10.3499443, 0.0 ], [ 77.1641234, 10.3499398, 0.0 ], [ 77.1641188, 10.3499353, 0.0 ], [ 77.1640365, 10.3498904, 0.0 ], [ 77.1639404, 10.3498366, 0.0 ], [ 77.1638489, 10.3497826, 0.0 ], [ 77.1637162, 10.3497018, 0.0 ], [ 77.1635744, 10.3496255, 0.0 ], [ 77.1632587, 10.3494368, 0.0 ], [ 77.1631901, 10.3493963, 0.0 ], [ 77.1631809, 10.3493918, 0.0 ], [ 77.1631764, 10.3493874, 0.0 ], [ 77.1630117, 10.3493066, 0.0 ], [ 77.1628973, 10.3492482, 0.0 ], [ 77.1627601, 10.3491809, 0.0 ], [ 77.1626183, 10.3491091, 0.0 ], [ 77.1624811, 10.3490418, 0.0 ], [ 77.1623668, 10.3489835, 0.0 ], [ 77.162289, 10.348943, 0.0 ], [ 77.1622387, 10.3489162, 0.0 ], [ 77.1622158, 10.3489072, 0.0 ], [ 77.1622067, 10.3489027, 0.0 ], [ 77.1621884, 10.3488847, 0.0 ], [ 77.1619731, 10.3487001, 0.0 ], [ 77.1610663, 10.3479034, 0.0 ], [ 77.1608877, 10.3477504, 0.0 ], [ 77.1608556, 10.3477188, 0.0 ], [ 77.1608419, 10.3477099, 0.0 ], [ 77.1608327, 10.3477009, 0.0 ], [ 77.1608235, 10.3476873, 0.0 ], [ 77.1608006, 10.3476649, 0.0 ], [ 77.160764, 10.3476243, 0.0 ], [ 77.1607134, 10.3475657, 0.0 ], [ 77.1606494, 10.3474981, 0.0 ], [ 77.1605851, 10.3474261, 0.0 ], [ 77.160521, 10.3473586, 0.0 ], [ 77.1604155, 10.3472369, 0.0 ], [ 77.160333, 10.3471377, 0.0 ], [ 77.1602734, 10.3470611, 0.0 ], [ 77.1602459, 10.3470296, 0.0 ], [ 77.1602091, 10.3469845, 0.0 ], [ 77.1601633, 10.3469214, 0.0 ], [ 77.1600761, 10.3468223, 0.0 ], [ 77.1599569, 10.3466735, 0.0 ], [ 77.1595167, 10.3461373, 0.0 ], [ 77.1593974, 10.3459886, 0.0 ], [ 77.1593149, 10.3458894, 0.0 ], [ 77.1592645, 10.3458263, 0.0 ], [ 77.159237, 10.3457948, 0.0 ], [ 77.1592278, 10.3457858, 0.0 ], [ 77.1591774, 10.3457498, 0.0 ], [ 77.1590127, 10.345642, 0.0 ], [ 77.1588662, 10.345543, 0.0 ], [ 77.1586878, 10.3454262, 0.0 ], [ 77.1584956, 10.3453003, 0.0 ], [ 77.1583171, 10.3451834, 0.0 ], [ 77.1581706, 10.3450845, 0.0 ], [ 77.1579326, 10.3449, 0.0 ], [ 77.157896, 10.3448731, 0.0 ], [ 77.157841, 10.3448281, 0.0 ], [ 77.1577586, 10.3447651, 0.0 ], [ 77.1574655, 10.3445311, 0.0 ], [ 77.1573831, 10.3444636, 0.0 ], [ 77.1573282, 10.3444232, 0.0 ], [ 77.1573007, 10.3443961, 0.0 ], [ 77.1572824, 10.3443826, 0.0 ], [ 77.1572732, 10.3443736, 0.0 ], [ 77.1572641, 10.3443647, 0.0 ], [ 77.1572503, 10.3443466, 0.0 ], [ 77.1572136, 10.3443061, 0.0 ], [ 77.1571586, 10.344243, 0.0 ], [ 77.1569844, 10.3440402, 0.0 ], [ 77.156879, 10.3439276, 0.0 ], [ 77.1567872, 10.343815, 0.0 ], [ 77.1567047, 10.3437249, 0.0 ], [ 77.1566176, 10.3436258, 0.0 ], [ 77.1565993, 10.3436032, 0.0 ], [ 77.1565856, 10.3435896, 0.0 ], [ 77.1565764, 10.3435761, 0.0 ], [ 77.1565581, 10.3435536, 0.0 ], [ 77.1565305, 10.343513, 0.0 ], [ 77.1564938, 10.3434544, 0.0 ], [ 77.1563928, 10.3433191, 0.0 ], [ 77.156347, 10.3432516, 0.0 ], [ 77.1563057, 10.3431929, 0.0 ], [ 77.1562781, 10.3431569, 0.0 ], [ 77.1562598, 10.3431299, 0.0 ], [ 77.1562552, 10.3431208, 0.0 ], [ 77.1562551, 10.3431163, 0.0 ], [ 77.1562505, 10.3431118, 0.0 ], [ 77.1562459, 10.3431028, 0.0 ], [ 77.1562276, 10.3430847, 0.0 ], [ 77.1561955, 10.3430487, 0.0 ], [ 77.156145, 10.3429811, 0.0 ], [ 77.1560717, 10.3428955, 0.0 ], [ 77.1559846, 10.3427919, 0.0 ], [ 77.1558929, 10.3426791, 0.0 ], [ 77.1558058, 10.3425755, 0.0 ], [ 77.1557324, 10.34249, 0.0 ], [ 77.1556819, 10.3424268, 0.0 ], [ 77.1556223, 10.3423412, 0.0 ], [ 77.1556177, 10.3423367, 0.0 ], [ 77.1556131, 10.3423321, 0.0 ], [ 77.1555994, 10.3423141, 0.0 ], [ 77.1555719, 10.3422826, 0.0 ], [ 77.1555306, 10.342233, 0.0 ], [ 77.1554664, 10.3421609, 0.0 ], [ 77.1553931, 10.3420754, 0.0 ], [ 77.1553197, 10.3419852, 0.0 ], [ 77.1552463, 10.3418996, 0.0 ], [ 77.1551867, 10.3418275, 0.0 ], [ 77.1551454, 10.341778, 0.0 ], [ 77.1551225, 10.3417464, 0.0 ], [ 77.1550996, 10.3417239, 0.0 ], [ 77.155095, 10.3417148, 0.0 ], [ 77.1550767, 10.3416968, 0.0 ], [ 77.1550445, 10.3416563, 0.0 ], [ 77.1549942, 10.3415886, 0.0 ], [ 77.1549162, 10.3414895, 0.0 ], [ 77.154829, 10.3413768, 0.0 ], [ 77.1547327, 10.3412597, 0.0 ], [ 77.1546456, 10.341147, 0.0 ], [ 77.1545676, 10.3410523, 0.0 ], [ 77.154485, 10.3409487, 0.0 ], [ 77.1544713, 10.3409261, 0.0 ], [ 77.154453, 10.3409081, 0.0 ], [ 77.1544437, 10.3408945, 0.0 ], [ 77.1544346, 10.3408856, 0.0 ], [ 77.1543979, 10.340836, 0.0 ], [ 77.1543337, 10.3407594, 0.0 ], [ 77.1541456, 10.3405205, 0.0 ], [ 77.1540311, 10.3403854, 0.0 ], [ 77.1538384, 10.3401465, 0.0 ], [ 77.1537742, 10.3400698, 0.0 ], [ 77.1537192, 10.3399978, 0.0 ], [ 77.1537145, 10.3399887, 0.0 ], [ 77.1537008, 10.3399752, 0.0 ], [ 77.1536825, 10.3399527, 0.0 ], [ 77.1536458, 10.3399122, 0.0 ], [ 77.1535817, 10.3398446, 0.0 ], [ 77.1534946, 10.3397499, 0.0 ], [ 77.1533892, 10.3396374, 0.0 ], [ 77.1532792, 10.3395112, 0.0 ], [ 77.1531737, 10.3393986, 0.0 ], [ 77.1530866, 10.339304, 0.0 ], [ 77.1530271, 10.3392364, 0.0 ], [ 77.1529904, 10.3391958, 0.0 ], [ 77.1529721, 10.3391733, 0.0 ], [ 77.1529537, 10.3391553, 0.0 ], [ 77.1529308, 10.3391283, 0.0 ], [ 77.152885, 10.3390788, 0.0 ], [ 77.1528116, 10.3389931, 0.0 ], [ 77.1527062, 10.338876, 0.0 ], [ 77.152312, 10.3384299, 0.0 ], [ 77.1521332, 10.3382317, 0.0 ], [ 77.152069, 10.3381552, 0.0 ], [ 77.1520553, 10.3381416, 0.0 ], [ 77.1520461, 10.3381371, 0.0 ], [ 77.1520278, 10.3381191, 0.0 ], [ 77.1519866, 10.3380876, 0.0 ], [ 77.1519179, 10.3380381, 0.0 ], [ 77.1518309, 10.3379616, 0.0 ], [ 77.1517164, 10.3378761, 0.0 ], [ 77.1515928, 10.3377817, 0.0 ], [ 77.1514784, 10.3376962, 0.0 ], [ 77.1513868, 10.3376197, 0.0 ], [ 77.1512815, 10.3375342, 0.0 ], [ 77.1512586, 10.3375207, 0.0 ], [ 77.151254, 10.3375162, 0.0 ], [ 77.1511625, 10.3374532, 0.0 ], [ 77.1510435, 10.3373768, 0.0 ], [ 77.1508467, 10.3372465, 0.0 ], [ 77.1505676, 10.3370576, 0.0 ], [ 77.150229, 10.3368329, 0.0 ], [ 77.1498765, 10.3365901, 0.0 ], [ 77.149062, 10.3360506, 0.0 ], [ 77.1488835, 10.3359292, 0.0 ], [ 77.1488607, 10.3359157, 0.0 ], [ 77.1488561, 10.3359157, 0.0 ], [ 77.1488332, 10.3359022, 0.0 ], [ 77.1487966, 10.3358798, 0.0 ], [ 77.1486547, 10.3357944, 0.0 ], [ 77.1485541, 10.3357405, 0.0 ], [ 77.1484489, 10.3356777, 0.0 ], [ 77.1483482, 10.3356237, 0.0 ], [ 77.1482065, 10.3355429, 0.0 ], [ 77.1481698, 10.335525, 0.0 ], [ 77.1481516, 10.3355114, 0.0 ], [ 77.148147, 10.3355115, 0.0 ], [ 77.1481424, 10.335507, 0.0 ], [ 77.1481333, 10.3355025, 0.0 ], [ 77.1481104, 10.335489, 0.0 ], [ 77.1480647, 10.3354711, 0.0 ], [ 77.1479961, 10.3354352, 0.0 ], [ 77.1478908, 10.3353813, 0.0 ], [ 77.1477674, 10.335323, 0.0 ], [ 77.1476302, 10.3352557, 0.0 ], [ 77.1474015, 10.3351435, 0.0 ], [ 77.1473283, 10.3351076, 0.0 ], [ 77.1472872, 10.3350852, 0.0 ], [ 77.1472643, 10.3350717, 0.0 ], [ 77.1472461, 10.3350627, 0.0 ], [ 77.1472232, 10.3350538, 0.0 ], [ 77.147182, 10.3350358, 0.0 ], [ 77.1471134, 10.3350044, 0.0 ], [ 77.1465693, 10.3347487, 0.0 ], [ 77.1464641, 10.3347039, 0.0 ], [ 77.1464412, 10.3346904, 0.0 ], [ 77.146432, 10.3346859, 0.0 ], [ 77.1464229, 10.3346815, 0.0 ], [ 77.1464092, 10.3346724, 0.0 ], [ 77.1463726, 10.3346545, 0.0 ], [ 77.1463177, 10.3346231, 0.0 ], [ 77.1460386, 10.3344749, 0.0 ], [ 77.1459472, 10.3344255, 0.0 ], [ 77.1458649, 10.3343851, 0.0 ], [ 77.145778, 10.3343357, 0.0 ], [ 77.1457597, 10.3343267, 0.0 ], [ 77.1457551, 10.3343267, 0.0 ], [ 77.1457505, 10.3343222, 0.0 ], [ 77.145746, 10.3343223, 0.0 ], [ 77.1457185, 10.3343133, 0.0 ], [ 77.1456454, 10.3342864, 0.0 ], [ 77.1455037, 10.3342372, 0.0 ], [ 77.1452705, 10.3341522, 0.0 ], [ 77.1445164, 10.3338927, 0.0 ], [ 77.1443015, 10.3338166, 0.0 ], [ 77.1440867, 10.3337406, 0.0 ], [ 77.1433325, 10.3334811, 0.0 ], [ 77.1430994, 10.3334005, 0.0 ], [ 77.1429531, 10.3333513, 0.0 ], [ 77.14288, 10.3333245, 0.0 ], [ 77.1428525, 10.3333156, 0.0 ], [ 77.1428479, 10.3333111, 0.0 ], [ 77.1428388, 10.3333065, 0.0 ], [ 77.142816, 10.3333021, 0.0 ], [ 77.1427703, 10.3332887, 0.0 ], [ 77.1426926, 10.3332709, 0.0 ], [ 77.1425875, 10.3332396, 0.0 ], [ 77.142455, 10.3332085, 0.0 ], [ 77.1423224, 10.3331637, 0.0 ], [ 77.14219, 10.3331326, 0.0 ], [ 77.1420848, 10.3331058, 0.0 ], [ 77.141966, 10.3330701, 0.0 ], [ 77.1419432, 10.3330656, 0.0 ], [ 77.1419249, 10.3330611, 0.0 ], [ 77.1418975, 10.3330477, 0.0 ], [ 77.1418197, 10.3330119, 0.0 ], [ 77.1417694, 10.3329849, 0.0 ], [ 77.14171, 10.3329625, 0.0 ], [ 77.1416597, 10.3329356, 0.0 ], [ 77.1416139, 10.3329176, 0.0 ], [ 77.141582, 10.3329042, 0.0 ], [ 77.1415545, 10.3328907, 0.0 ], [ 77.1415545, 10.3328862, 0.0 ], [ 77.1415408, 10.3328863, 0.0 ], [ 77.141527, 10.3328772, 0.0 ], [ 77.1414356, 10.3328505, 0.0 ], [ 77.1412574, 10.3328014, 0.0 ], [ 77.1411523, 10.3327656, 0.0 ], [ 77.1409741, 10.3327165, 0.0 ], [ 77.1408827, 10.3326897, 0.0 ], [ 77.1408644, 10.3326852, 0.0 ], [ 77.1408598, 10.3326807, 0.0 ], [ 77.1408552, 10.3326808, 0.0 ], [ 77.1408415, 10.3326763, 0.0 ], [ 77.1408095, 10.3326583, 0.0 ], [ 77.1407455, 10.3326269, 0.0 ], [ 77.1406403, 10.3325775, 0.0 ], [ 77.1404894, 10.3325103, 0.0 ], [ 77.1399316, 10.3322502, 0.0 ], [ 77.1396754, 10.3321245, 0.0 ], [ 77.139616, 10.3320931, 0.0 ], [ 77.1395794, 10.3320796, 0.0 ], [ 77.1395703, 10.3320751, 0.0 ], [ 77.1395657, 10.3320707, 0.0 ], [ 77.1395611, 10.3320662, 0.0 ], [ 77.1395474, 10.3320571, 0.0 ], [ 77.1395199, 10.3320437, 0.0 ], [ 77.1394787, 10.3320167, 0.0 ], [ 77.1394193, 10.3319763, 0.0 ], [ 77.1393506, 10.3319313, 0.0 ], [ 77.1392728, 10.3318863, 0.0 ], [ 77.1392043, 10.3318414, 0.0 ], [ 77.1391447, 10.3318009, 0.0 ], [ 77.1391035, 10.3317784, 0.0 ], [ 77.1390761, 10.3317605, 0.0 ], [ 77.1390623, 10.3317515, 0.0 ], [ 77.1390395, 10.331738, 0.0 ], [ 77.1390212, 10.3317246, 0.0 ], [ 77.1390029, 10.331711, 0.0 ], [ 77.1389251, 10.3316661, 0.0 ], [ 77.1388016, 10.3315897, 0.0 ], [ 77.1386186, 10.3314773, 0.0 ], [ 77.138399, 10.3313426, 0.0 ], [ 77.1379461, 10.331073, 0.0 ], [ 77.1376395, 10.3308842, 0.0 ], [ 77.1375618, 10.3308393, 0.0 ], [ 77.1375205, 10.3308168, 0.0 ], [ 77.1375023, 10.3308033, 0.0 ], [ 77.1374383, 10.3307719, 0.0 ], [ 77.1373513, 10.330718, 0.0 ], [ 77.1372049, 10.3306417, 0.0 ], [ 77.1369946, 10.3305339, 0.0 ], [ 77.1362262, 10.3301343, 0.0 ], [ 77.1357871, 10.3299009, 0.0 ], [ 77.1356957, 10.3298515, 0.0 ], [ 77.1356316, 10.329811, 0.0 ], [ 77.135508, 10.3297391, 0.0 ], [ 77.1353068, 10.3296178, 0.0 ], [ 77.1347897, 10.3292987, 0.0 ], [ 77.1346708, 10.3292269, 0.0 ], [ 77.1343093, 10.3290021, 0.0 ], [ 77.1339616, 10.3287955, 0.0 ], [ 77.1336734, 10.3286202, 0.0 ], [ 77.1334721, 10.3284944, 0.0 ], [ 77.1333532, 10.3284179, 0.0 ], [ 77.1332662, 10.3283685, 0.0 ], [ 77.1332616, 10.328364, 0.0 ], [ 77.1332433, 10.3283551, 0.0 ], [ 77.1332067, 10.3283325, 0.0 ], [ 77.1331289, 10.3282876, 0.0 ], [ 77.1330009, 10.3282112, 0.0 ], [ 77.1325938, 10.3279822, 0.0 ], [ 77.1323651, 10.3278474, 0.0 ], [ 77.1319625, 10.3276138, 0.0 ], [ 77.131839, 10.3275373, 0.0 ], [ 77.1317612, 10.3274969, 0.0 ], [ 77.1317201, 10.3274745, 0.0 ], [ 77.1317063, 10.3274655, 0.0 ], [ 77.1317017, 10.3274609, 0.0 ], [ 77.1315782, 10.3273981, 0.0 ], [ 77.1312947, 10.3272545, 0.0 ], [ 77.1310934, 10.3271512, 0.0 ], [ 77.1308785, 10.3270435, 0.0 ], [ 77.1306773, 10.3269447, 0.0 ], [ 77.1303937, 10.3268011, 0.0 ], [ 77.1303251, 10.3267652, 0.0 ], [ 77.1302886, 10.3267473, 0.0 ], [ 77.1302749, 10.3267428, 0.0 ], [ 77.1302703, 10.3267383, 0.0 ], [ 77.1302657, 10.3267383, 0.0 ], [ 77.130252, 10.3267339, 0.0 ], [ 77.1302246, 10.3267204, 0.0 ], [ 77.1301149, 10.3266891, 0.0 ], [ 77.1300417, 10.3266622, 0.0 ], [ 77.1299595, 10.3266354, 0.0 ], [ 77.1298863, 10.3266131, 0.0 ], [ 77.1298223, 10.3265862, 0.0 ], [ 77.1297766, 10.3265728, 0.0 ], [ 77.1297538, 10.3265638, 0.0 ], [ 77.1297401, 10.3265594, 0.0 ], [ 77.1297218, 10.3265549, 0.0 ], [ 77.1296898, 10.326546, 0.0 ], [ 77.1296395, 10.3265235, 0.0 ], [ 77.1295618, 10.3264967, 0.0 ], [ 77.1294795, 10.3264654, 0.0 ], [ 77.1293835, 10.326434, 0.0 ], [ 77.1292967, 10.3264027, 0.0 ], [ 77.1291687, 10.326358, 0.0 ], [ 77.1291367, 10.3263445, 0.0 ], [ 77.129123, 10.32634, 0.0 ], [ 77.1291093, 10.3263356, 0.0 ], [ 77.129091, 10.3263266, 0.0 ], [ 77.1290682, 10.3263221, 0.0 ], [ 77.1290362, 10.3263132, 0.0 ], [ 77.128995, 10.3263044, 0.0 ], [ 77.1289265, 10.3262865, 0.0 ], [ 77.1288625, 10.3262686, 0.0 ], [ 77.1288488, 10.3262642, 0.0 ], [ 77.1288122, 10.3262417, 0.0 ], [ 77.1287893, 10.3262282, 0.0 ], [ 77.1287619, 10.3262057, 0.0 ], [ 77.1286521, 10.3261248, 0.0 ], [ 77.1286245, 10.3261023, 0.0 ], [ 77.1286017, 10.3260888, 0.0 ], [ 77.128588, 10.3260797, 0.0 ], [ 77.1285788, 10.3260707, 0.0 ], [ 77.1285742, 10.3260708, 0.0 ], [ 77.1285697, 10.3260618, 0.0 ], [ 77.1285559, 10.3260482, 0.0 ], [ 77.128533, 10.3260347, 0.0 ], [ 77.128501, 10.3260122, 0.0 ], [ 77.1284186, 10.3259583, 0.0 ], [ 77.128382, 10.3259313, 0.0 ], [ 77.1283454, 10.3259089, 0.0 ], [ 77.1283271, 10.3258953, 0.0 ], [ 77.1283134, 10.3258864, 0.0 ], [ 77.1283042, 10.3258818, 0.0 ], [ 77.1282905, 10.3258684, 0.0 ], [ 77.1282355, 10.3258008, 0.0 ], [ 77.1281713, 10.3257332, 0.0 ], [ 77.1280842, 10.3256296, 0.0 ], [ 77.1279788, 10.3255079, 0.0 ], [ 77.1278642, 10.3253818, 0.0 ], [ 77.1277588, 10.3252601, 0.0 ], [ 77.1276763, 10.3251564, 0.0 ], [ 77.1276121, 10.3250889, 0.0 ], [ 77.1275754, 10.3250437, 0.0 ], [ 77.1275571, 10.3250258, 0.0 ], [ 77.1275525, 10.3250168, 0.0 ], [ 77.1274334, 10.3248996, 0.0 ], [ 77.1273922, 10.3248636, 0.0 ], [ 77.1272043, 10.3246744, 0.0 ], [ 77.127154, 10.3246294, 0.0 ], [ 77.1269707, 10.3244493, 0.0 ], [ 77.1269204, 10.3244042, 0.0 ], [ 77.126847, 10.3243322, 0.0 ], [ 77.1268378, 10.3243186, 0.0 ], [ 77.1267645, 10.3242331, 0.0 ], [ 77.1266866, 10.3241384, 0.0 ], [ 77.126063, 10.3233632, 0.0 ], [ 77.1259851, 10.3232685, 0.0 ], [ 77.1259392, 10.3232144, 0.0 ], [ 77.1259162, 10.3231829, 0.0 ], [ 77.1258888, 10.3231558, 0.0 ], [ 77.1258659, 10.3231379, 0.0 ], [ 77.1258339, 10.3231108, 0.0 ], [ 77.1257331, 10.3230208, 0.0 ], [ 77.1256736, 10.3229713, 0.0 ], [ 77.1255728, 10.3228813, 0.0 ], [ 77.1255408, 10.3228543, 0.0 ], [ 77.1255224, 10.3228362, 0.0 ], [ 77.1255088, 10.3228273, 0.0 ], [ 77.1254904, 10.3228092, 0.0 ], [ 77.1254766, 10.3227867, 0.0 ], [ 77.1254446, 10.3227552, 0.0 ], [ 77.1254078, 10.3227101, 0.0 ], [ 77.1253575, 10.3226561, 0.0 ], [ 77.1253162, 10.3225974, 0.0 ], [ 77.1252658, 10.3225388, 0.0 ], [ 77.125229, 10.3224938, 0.0 ], [ 77.1252015, 10.3224622, 0.0 ], [ 77.1251832, 10.3224442, 0.0 ], [ 77.125174, 10.3224307, 0.0 ], [ 77.1251649, 10.3224217, 0.0 ], [ 77.1251466, 10.3224082, 0.0 ], [ 77.1251191, 10.3223812, 0.0 ], [ 77.1250687, 10.3223361, 0.0 ], [ 77.1249954, 10.3222731, 0.0 ], [ 77.1247345, 10.322039, 0.0 ], [ 77.1246612, 10.321976, 0.0 ], [ 77.1246154, 10.3219354, 0.0 ], [ 77.1245833, 10.3219084, 0.0 ], [ 77.1245651, 10.3218904, 0.0 ], [ 77.1245146, 10.3218409, 0.0 ], [ 77.1244734, 10.3217958, 0.0 ], [ 77.1244092, 10.3217373, 0.0 ], [ 77.124336, 10.3216652, 0.0 ], [ 77.124258, 10.3215842, 0.0 ], [ 77.1240932, 10.321422, 0.0 ], [ 77.1239328, 10.3212599, 0.0 ], [ 77.123768, 10.3211068, 0.0 ], [ 77.1236763, 10.3210167, 0.0 ], [ 77.1235114, 10.3208591, 0.0 ], [ 77.1233877, 10.3207375, 0.0 ], [ 77.1233465, 10.3207014, 0.0 ], [ 77.1232686, 10.3206203, 0.0 ], [ 77.1231358, 10.3204943, 0.0 ], [ 77.1229434, 10.3203142, 0.0 ], [ 77.1227144, 10.3200935, 0.0 ], [ 77.1224762, 10.3198638, 0.0 ], [ 77.1222471, 10.3196386, 0.0 ], [ 77.1220548, 10.3194585, 0.0 ], [ 77.1219265, 10.3193324, 0.0 ], [ 77.1218441, 10.3192558, 0.0 ], [ 77.1217067, 10.3191207, 0.0 ], [ 77.1216655, 10.3190847, 0.0 ], [ 77.1215875, 10.3190082, 0.0 ], [ 77.1215509, 10.3189767, 0.0 ], [ 77.1215326, 10.3189541, 0.0 ], [ 77.1215188, 10.3189452, 0.0 ], [ 77.1215052, 10.3189316, 0.0 ], [ 77.1215006, 10.3189316, 0.0 ], [ 77.121496, 10.3189226, 0.0 ], [ 77.1214823, 10.3189091, 0.0 ], [ 77.1214593, 10.318891, 0.0 ], [ 77.1214273, 10.318864, 0.0 ], [ 77.1213861, 10.3188326, 0.0 ], [ 77.1212808, 10.318738, 0.0 ], [ 77.1212579, 10.31872, 0.0 ], [ 77.1212442, 10.3187065, 0.0 ], [ 77.121235, 10.318702, 0.0 ], [ 77.1212258, 10.318693, 0.0 ], [ 77.1212213, 10.318684, 0.0 ], [ 77.1212075, 10.3186705, 0.0 ], [ 77.1211846, 10.3186435, 0.0 ], [ 77.1211113, 10.3185578, 0.0 ], [ 77.1210333, 10.3184632, 0.0 ], [ 77.1209967, 10.3184271, 0.0 ], [ 77.1209783, 10.3184001, 0.0 ], [ 77.1209554, 10.3183776, 0.0 ], [ 77.1209371, 10.3183641, 0.0 ], [ 77.1209233, 10.3183505, 0.0 ], [ 77.1208821, 10.3183191, 0.0 ], [ 77.1208593, 10.3183056, 0.0 ], [ 77.1208181, 10.3182741, 0.0 ], [ 77.1208043, 10.3182651, 0.0 ], [ 77.1207952, 10.3182561, 0.0 ], [ 77.1207769, 10.3182426, 0.0 ], [ 77.120754, 10.3182246, 0.0 ], [ 77.120722, 10.3182021, 0.0 ], [ 77.1206762, 10.3181661, 0.0 ], [ 77.1206212, 10.3181256, 0.0 ], [ 77.1205023, 10.3180447, 0.0 ], [ 77.1204565, 10.3180087, 0.0 ], [ 77.1204062, 10.3179727, 0.0 ], [ 77.1203924, 10.3179637, 0.0 ], [ 77.1203879, 10.3179592, 0.0 ], [ 77.1203833, 10.3179592, 0.0 ], [ 77.1203651, 10.3179548, 0.0 ], [ 77.1203376, 10.3179504, 0.0 ], [ 77.1202874, 10.317946, 0.0 ], [ 77.1202189, 10.3179327, 0.0 ], [ 77.1201367, 10.3179239, 0.0 ], [ 77.1200499, 10.3179107, 0.0 ], [ 77.1199677, 10.3179019, 0.0 ], [ 77.1198992, 10.3178886, 0.0 ], [ 77.1198672, 10.3178841, 0.0 ], [ 77.1197941, 10.3178709, 0.0 ], [ 77.1197758, 10.3178664, 0.0 ], [ 77.1197439, 10.317862, 0.0 ], [ 77.119689, 10.3178531, 0.0 ], [ 77.1196159, 10.3178444, 0.0 ], [ 77.1193374, 10.3178046, 0.0 ], [ 77.1192643, 10.3177959, 0.0 ], [ 77.1191821, 10.3177826, 0.0 ], [ 77.1191638, 10.3177826, 0.0 ], [ 77.1191592, 10.3177781, 0.0 ], [ 77.1191273, 10.3177783, 0.0 ], [ 77.1190907, 10.3177739, 0.0 ], [ 77.1190314, 10.3177695, 0.0 ], [ 77.1189446, 10.3177607, 0.0 ], [ 77.1188396, 10.3177566, 0.0 ], [ 77.11873, 10.317748, 0.0 ], [ 77.118625, 10.3177438, 0.0 ], [ 77.1185382, 10.3177305, 0.0 ], [ 77.1184789, 10.3177262, 0.0 ], [ 77.1184241, 10.3177264, 0.0 ], [ 77.1184195, 10.3177219, 0.0 ], [ 77.1184058, 10.317722, 0.0 ], [ 77.118383, 10.3177175, 0.0 ], [ 77.1183373, 10.3177131, 0.0 ], [ 77.1182688, 10.3176998, 0.0 ], [ 77.1181638, 10.3176866, 0.0 ], [ 77.1180404, 10.317669, 0.0 ], [ 77.117908, 10.3176559, 0.0 ], [ 77.1177847, 10.3176382, 0.0 ], [ 77.1176111, 10.3176162, 0.0 ], [ 77.1175655, 10.3176074, 0.0 ], [ 77.1175472, 10.3176074, 0.0 ], [ 77.1175381, 10.3176029, 0.0 ], [ 77.1175244, 10.3176029, 0.0 ], [ 77.1175061, 10.317594, 0.0 ], [ 77.1174649, 10.3175805, 0.0 ], [ 77.1173964, 10.3175627, 0.0 ], [ 77.1171907, 10.3175002, 0.0 ], [ 77.1170719, 10.3174644, 0.0 ], [ 77.1167978, 10.3173885, 0.0 ], [ 77.1167566, 10.3173751, 0.0 ], [ 77.1167338, 10.3173707, 0.0 ], [ 77.1167293, 10.3173662, 0.0 ], [ 77.1167201, 10.3173662, 0.0 ], [ 77.1167155, 10.3173617, 0.0 ], [ 77.1166972, 10.3173481, 0.0 ], [ 77.1166698, 10.3173347, 0.0 ], [ 77.1166377, 10.3173167, 0.0 ], [ 77.1165463, 10.3172628, 0.0 ], [ 77.1165051, 10.3172404, 0.0 ], [ 77.1164685, 10.3172179, 0.0 ], [ 77.116441, 10.3172044, 0.0 ], [ 77.1164274, 10.3171954, 0.0 ], [ 77.1164182, 10.317191, 0.0 ], [ 77.1164182, 10.3171865, 0.0 ], [ 77.1164045, 10.3171865, 0.0 ], [ 77.1163405, 10.3171731, 0.0 ], [ 77.116272, 10.3171598, 0.0 ], [ 77.1161715, 10.3171421, 0.0 ], [ 77.1160527, 10.3171199, 0.0 ], [ 77.1159294, 10.3170977, 0.0 ], [ 77.1158107, 10.3170801, 0.0 ], [ 77.1157101, 10.3170623, 0.0 ], [ 77.1156417, 10.317049, 0.0 ], [ 77.1156006, 10.3170446, 0.0 ], [ 77.1155777, 10.3170401, 0.0 ], [ 77.1155594, 10.3170357, 0.0 ], [ 77.1155046, 10.3170178, 0.0 ], [ 77.1154452, 10.3169999, 0.0 ], [ 77.1153583, 10.3169776, 0.0 ], [ 77.1152533, 10.3169463, 0.0 ], [ 77.1151482, 10.3169196, 0.0 ], [ 77.115043, 10.3168883, 0.0 ], [ 77.1149563, 10.316866, 0.0 ], [ 77.1148968, 10.3168482, 0.0 ], [ 77.114842, 10.3168348, 0.0 ], [ 77.1148374, 10.3168303, 0.0 ], [ 77.1148101, 10.3168304, 0.0 ], [ 77.1147781, 10.316826, 0.0 ], [ 77.1147279, 10.3168216, 0.0 ], [ 77.1146548, 10.3168173, 0.0 ], [ 77.1145635, 10.3168131, 0.0 ], [ 77.1144721, 10.3168134, 0.0 ], [ 77.1143808, 10.3168092, 0.0 ], [ 77.1143078, 10.3168049, 0.0 ], [ 77.1142119, 10.3168053, 0.0 ], [ 77.1141662, 10.3167919, 0.0 ], [ 77.1140292, 10.3167562, 0.0 ], [ 77.113915, 10.3167295, 0.0 ], [ 77.1137734, 10.3166938, 0.0 ], [ 77.1136225, 10.3166582, 0.0 ], [ 77.1134809, 10.316618, 0.0 ], [ 77.1133621, 10.3165912, 0.0 ], [ 77.1132296, 10.3165556, 0.0 ], [ 77.1132068, 10.3165511, 0.0 ], [ 77.113193, 10.3165467, 0.0 ], [ 77.1131793, 10.3165422, 0.0 ], [ 77.1130696, 10.3165018, 0.0 ], [ 77.1129508, 10.3164571, 0.0 ], [ 77.112576, 10.3163182, 0.0 ], [ 77.1123612, 10.3162377, 0.0 ], [ 77.1119908, 10.3160943, 0.0 ], [ 77.1118721, 10.316054, 0.0 ], [ 77.1118035, 10.3160271, 0.0 ], [ 77.1117532, 10.3160092, 0.0 ], [ 77.1117532, 10.3160046, 0.0 ], [ 77.1117486, 10.3160047, 0.0 ], [ 77.1117349, 10.3160002, 0.0 ], [ 77.1116938, 10.3159913, 0.0 ], [ 77.1116207, 10.315969, 0.0 ], [ 77.1114973, 10.3159332, 0.0 ], [ 77.1113191, 10.3158886, 0.0 ], [ 77.1106702, 10.3157056, 0.0 ], [ 77.110492, 10.315661, 0.0 ], [ 77.1103732, 10.3156252, 0.0 ], [ 77.1102956, 10.3156074, 0.0 ], [ 77.1102453, 10.315594, 0.0 ], [ 77.1102362, 10.3155896, 0.0 ], [ 77.110227, 10.3155895, 0.0 ], [ 77.1101951, 10.3155851, 0.0 ], [ 77.1101357, 10.3155808, 0.0 ], [ 77.1100353, 10.3155767, 0.0 ], [ 77.1098892, 10.3155682, 0.0 ], [ 77.1097157, 10.3155552, 0.0 ], [ 77.109533, 10.3155422, 0.0 ], [ 77.1093595, 10.3155292, 0.0 ], [ 77.1092134, 10.3155207, 0.0 ], [ 77.1091129, 10.3155166, 0.0 ], [ 77.1090535, 10.3155122, 0.0 ], [ 77.1090216, 10.3155124, 0.0 ], [ 77.1090124, 10.3155078, 0.0 ], [ 77.1089942, 10.3155079, 0.0 ], [ 77.1087887, 10.3154814, 0.0 ], [ 77.1079119, 10.315376, 0.0 ], [ 77.1078068, 10.3153627, 0.0 ], [ 77.1077429, 10.3153585, 0.0 ], [ 77.1077109, 10.3153541, 0.0 ], [ 77.1075694, 10.3153545, 0.0 ], [ 77.1074827, 10.3153593, 0.0 ], [ 77.1073777, 10.3153598, 0.0 ], [ 77.1072682, 10.3153646, 0.0 ], [ 77.1071632, 10.315365, 0.0 ], [ 77.1070765, 10.3153698, 0.0 ], [ 77.1070171, 10.3153655, 0.0 ], [ 77.1069806, 10.3153701, 0.0 ], [ 77.1069532, 10.3153702, 0.0 ], [ 77.1069486, 10.3153748, 0.0 ], [ 77.1069349, 10.3153748, 0.0 ], [ 77.1069076, 10.3153794, 0.0 ], [ 77.106862, 10.3153841, 0.0 ], [ 77.1068026, 10.3153933, 0.0 ], [ 77.1067297, 10.3154026, 0.0 ], [ 77.1066475, 10.3154164, 0.0 ], [ 77.1065745, 10.3154257, 0.0 ], [ 77.1065152, 10.315435, 0.0 ], [ 77.1064696, 10.3154396, 0.0 ], [ 77.1064467, 10.3154443, 0.0 ], [ 77.106433, 10.3154488, 0.0 ], [ 77.1064239, 10.3154489, 0.0 ], [ 77.1064194, 10.3154534, 0.0 ], [ 77.1064103, 10.3154579, 0.0 ], [ 77.1062553, 10.3155217, 0.0 ], [ 77.106196, 10.3155491, 0.0 ], [ 77.1061413, 10.3155718, 0.0 ], [ 77.1060957, 10.3155946, 0.0 ], [ 77.1060639, 10.3156082, 0.0 ], [ 77.1060456, 10.3156174, 0.0 ], [ 77.1060319, 10.3156219, 0.0 ], [ 77.1060274, 10.3156219, 0.0 ], [ 77.1060228, 10.3156265, 0.0 ], [ 77.1059955, 10.3156401, 0.0 ], [ 77.1059636, 10.3156538, 0.0 ], [ 77.1059226, 10.3156766, 0.0 ], [ 77.1058132, 10.3157311, 0.0 ], [ 77.1057631, 10.3157584, 0.0 ], [ 77.1057175, 10.3157767, 0.0 ], [ 77.1056856, 10.3157903, 0.0 ], [ 77.1056674, 10.3157994, 0.0 ], [ 77.1056583, 10.3158085, 0.0 ], [ 77.1056537, 10.3158085, 0.0 ], [ 77.1056491, 10.315813, 0.0 ], [ 77.10564, 10.3158176, 0.0 ], [ 77.1056173, 10.3158312, 0.0 ], [ 77.1055808, 10.3158494, 0.0 ], [ 77.1055307, 10.3158767, 0.0 ], [ 77.1054668, 10.3159086, 0.0 ], [ 77.1054031, 10.315945, 0.0 ], [ 77.1053393, 10.3159768, 0.0 ], [ 77.1052573, 10.3160223, 0.0 ], [ 77.1052345, 10.3160359, 0.0 ], [ 77.1052208, 10.316045, 0.0 ], [ 77.1052163, 10.316045, 0.0 ], [ 77.1052118, 10.3160495, 0.0 ], [ 77.1052072, 10.3160496, 0.0 ], [ 77.105189, 10.3160542, 0.0 ], [ 77.1051661, 10.3160588, 0.0 ], [ 77.1051342, 10.3160679, 0.0 ], [ 77.1050931, 10.3160816, 0.0 ], [ 77.1050521, 10.3160908, 0.0 ], [ 77.105011, 10.3161044, 0.0 ], [ 77.1049791, 10.3161136, 0.0 ], [ 77.1049564, 10.3161183, 0.0 ], [ 77.1049427, 10.3161228, 0.0 ], [ 77.1049335, 10.3161274, 0.0 ], [ 77.1049244, 10.3161273, 0.0 ], [ 77.1049062, 10.3161184, 0.0 ], [ 77.1048787, 10.3161095, 0.0 ], [ 77.1047644, 10.3160646, 0.0 ], [ 77.1046867, 10.3160332, 0.0 ], [ 77.1045999, 10.3160019, 0.0 ], [ 77.1045222, 10.3159705, 0.0 ], [ 77.1044536, 10.3159482, 0.0 ], [ 77.1044079, 10.3159257, 0.0 ], [ 77.1043804, 10.3159122, 0.0 ], [ 77.1043667, 10.3159078, 0.0 ], [ 77.1043622, 10.3159033, 0.0 ], [ 77.1043531, 10.3159034, 0.0 ], [ 77.1043393, 10.3158943, 0.0 ], [ 77.1043119, 10.3158854, 0.0 ], [ 77.1042708, 10.3158675, 0.0 ], [ 77.1042113, 10.3158451, 0.0 ], [ 77.1041427, 10.3158136, 0.0 ], [ 77.104065, 10.3157867, 0.0 ], [ 77.1039965, 10.3157554, 0.0 ], [ 77.103937, 10.315733, 0.0 ], [ 77.1038959, 10.3157151, 0.0 ], [ 77.1038684, 10.3157061, 0.0 ], [ 77.1038593, 10.3157016, 0.0 ], [ 77.1038547, 10.3156971, 0.0 ], [ 77.103841, 10.3156972, 0.0 ], [ 77.1037862, 10.3156838, 0.0 ], [ 77.1036446, 10.3156617, 0.0 ], [ 77.1035441, 10.3156439, 0.0 ], [ 77.1034391, 10.3156217, 0.0 ], [ 77.1033385, 10.3156039, 0.0 ], [ 77.103197, 10.3155818, 0.0 ], [ 77.1031605, 10.3155774, 0.0 ], [ 77.1031422, 10.3155684, 0.0 ], [ 77.1031011, 10.3155686, 0.0 ], [ 77.1030645, 10.3155733, 0.0 ], [ 77.1030189, 10.3155824, 0.0 ], [ 77.1029642, 10.3155871, 0.0 ], [ 77.1029094, 10.3155963, 0.0 ], [ 77.1028547, 10.315601, 0.0 ], [ 77.102809, 10.3156103, 0.0 ], [ 77.1027771, 10.3156149, 0.0 ], [ 77.1027589, 10.3156194, 0.0 ], [ 77.1027406, 10.3156196, 0.0 ], [ 77.1027361, 10.315624, 0.0 ], [ 77.1026813, 10.3156243, 0.0 ], [ 77.1026265, 10.315629, 0.0 ], [ 77.1025489, 10.3156292, 0.0 ], [ 77.1022659, 10.3156437, 0.0 ], [ 77.1021883, 10.3156485, 0.0 ], [ 77.1021335, 10.3156487, 0.0 ], [ 77.1021016, 10.3156534, 0.0 ], [ 77.1020605, 10.3156535, 0.0 ], [ 77.1020423, 10.315649, 0.0 ], [ 77.1020149, 10.3156446, 0.0 ], [ 77.1018185, 10.3156227, 0.0 ], [ 77.1017774, 10.3156182, 0.0 ], [ 77.1017454, 10.3156138, 0.0 ], [ 77.101718, 10.3156139, 0.0 ], [ 77.101718, 10.3156094, 0.0 ], [ 77.1017134, 10.3156094, 0.0 ], [ 77.1017089, 10.315605, 0.0 ], [ 77.1016815, 10.315596, 0.0 ], [ 77.1016631, 10.3155825, 0.0 ], [ 77.1016357, 10.3155735, 0.0 ], [ 77.1016083, 10.3155601, 0.0 ], [ 77.1015625, 10.3155422, 0.0 ], [ 77.1015489, 10.3155331, 0.0 ], [ 77.1015397, 10.3155287, 0.0 ], [ 77.1015352, 10.3155287, 0.0 ], [ 77.1014939, 10.3154881, 0.0 ], [ 77.1014665, 10.3154656, 0.0 ], [ 77.1014023, 10.3154026, 0.0 ], [ 77.1013703, 10.3153756, 0.0 ], [ 77.1013427, 10.3153486, 0.0 ], [ 77.101329, 10.3153306, 0.0 ], [ 77.1013153, 10.3153215, 0.0 ], [ 77.1011916, 10.3151999, 0.0 ], [ 77.1011916, 10.3151954, 0.0 ], [ 77.1011825, 10.3151864, 0.0 ], [ 77.1011687, 10.3151684, 0.0 ], [ 77.1010907, 10.3150375, 0.0 ], [ 77.101054, 10.3149789, 0.0 ], [ 77.1009988, 10.3148797, 0.0 ], [ 77.1009805, 10.3148526, 0.0 ], [ 77.1009666, 10.3148346, 0.0 ], [ 77.1009621, 10.314821, 0.0 ], [ 77.1009575, 10.314821, 0.0 ], [ 77.1009574, 10.3148075, 0.0 ], [ 77.1009529, 10.3147939, 0.0 ], [ 77.1009482, 10.3147759, 0.0 ], [ 77.100939, 10.3147488, 0.0 ], [ 77.1009343, 10.3147126, 0.0 ], [ 77.1009251, 10.3146811, 0.0 ], [ 77.1009204, 10.3146449, 0.0 ], [ 77.1009112, 10.3146179, 0.0 ], [ 77.1009065, 10.3145997, 0.0 ], [ 77.1009065, 10.3145817, 0.0 ], [ 77.1009019, 10.3145772, 0.0 ], [ 77.1009018, 10.3145727, 0.0 ], [ 77.1008973, 10.3145636, 0.0 ], [ 77.1008972, 10.3145456, 0.0 ], [ 77.1008926, 10.3145275, 0.0 ], [ 77.1008786, 10.3144552, 0.0 ], [ 77.100874, 10.3144372, 0.0 ], [ 77.1008739, 10.31441, 0.0 ], [ 77.1008693, 10.3144056, 0.0 ], [ 77.1008647, 10.3143965, 0.0 ], [ 77.1008647, 10.3143875, 0.0 ], [ 77.1008555, 10.3143694, 0.0 ], [ 77.1008508, 10.3143423, 0.0 ], [ 77.1008231, 10.3142475, 0.0 ], [ 77.1008185, 10.3142249, 0.0 ], [ 77.1008139, 10.3142069, 0.0 ], [ 77.1008092, 10.3141934, 0.0 ], [ 77.1008092, 10.3141888, 0.0 ], [ 77.1008001, 10.3141798, 0.0 ], [ 77.1007955, 10.3141662, 0.0 ], [ 77.1007818, 10.3141528, 0.0 ], [ 77.100768, 10.3141347, 0.0 ], [ 77.1007542, 10.3141077, 0.0 ], [ 77.1007358, 10.3140806, 0.0 ], [ 77.1007083, 10.3140355, 0.0 ], [ 77.1006991, 10.314022, 0.0 ], [ 77.1006899, 10.3140129, 0.0 ], [ 77.1006899, 10.3140084, 0.0 ], [ 77.1006854, 10.3140039, 0.0 ], [ 77.1006808, 10.3140039, 0.0 ], [ 77.1006625, 10.3139994, 0.0 ], [ 77.1006351, 10.313995, 0.0 ], [ 77.1005254, 10.3139683, 0.0 ], [ 77.1004433, 10.313955, 0.0 ], [ 77.100361, 10.3139372, 0.0 ], [ 77.1002788, 10.3139239, 0.0 ], [ 77.1001692, 10.3139017, 0.0 ], [ 77.1001418, 10.3138973, 0.0 ], [ 77.1001281, 10.3138973, 0.0 ], [ 77.1001235, 10.3138929, 0.0 ], [ 77.1001144, 10.3138928, 0.0 ], [ 77.1001098, 10.3138883, 0.0 ], [ 77.100096, 10.3138794, 0.0 ], [ 77.1000412, 10.313857, 0.0 ], [ 77.0999315, 10.3138031, 0.0 ], [ 77.0998766, 10.3137807, 0.0 ], [ 77.0998674, 10.3137717, 0.0 ], [ 77.0998583, 10.3137717, 0.0 ], [ 77.0998538, 10.3137672, 0.0 ], [ 77.0998492, 10.3137672, 0.0 ], [ 77.0998355, 10.3137628, 0.0 ], [ 77.0998081, 10.3137583, 0.0 ], [ 77.0996984, 10.3137361, 0.0 ], [ 77.0996253, 10.3137182, 0.0 ], [ 77.0995431, 10.313705, 0.0 ], [ 77.09947, 10.3136871, 0.0 ], [ 77.0994106, 10.3136783, 0.0 ], [ 77.099365, 10.3136694, 0.0 ], [ 77.0993421, 10.313656, 0.0 ], [ 77.0993284, 10.313656, 0.0 ], [ 77.0993238, 10.3136515, 0.0 ], [ 77.0993146, 10.3136515, 0.0 ], [ 77.0992324, 10.3136247, 0.0 ], [ 77.099173, 10.3136068, 0.0 ], [ 77.0991045, 10.3135844, 0.0 ], [ 77.0990267, 10.3135621, 0.0 ], [ 77.0989582, 10.3135397, 0.0 ], [ 77.0988988, 10.3135218, 0.0 ], [ 77.0988577, 10.3135084, 0.0 ], [ 77.0988303, 10.313504, 0.0 ], [ 77.0988211, 10.3134995, 0.0 ], [ 77.0988165, 10.313495, 0.0 ], [ 77.098812, 10.313495, 0.0 ], [ 77.0988073, 10.313486, 0.0 ], [ 77.0987982, 10.3134725, 0.0 ], [ 77.0987844, 10.3134544, 0.0 ], [ 77.0987661, 10.3134273, 0.0 ], [ 77.0987477, 10.3133913, 0.0 ], [ 77.0987248, 10.3133552, 0.0 ], [ 77.098688, 10.3132921, 0.0 ], [ 77.0986742, 10.313274, 0.0 ], [ 77.0986697, 10.3132605, 0.0 ], [ 77.0986559, 10.3132469, 0.0 ], [ 77.0986468, 10.3132334, 0.0 ], [ 77.0986329, 10.3132154, 0.0 ], [ 77.0986055, 10.3131748, 0.0 ], [ 77.0984312, 10.3129358, 0.0 ], [ 77.0983669, 10.3128502, 0.0 ], [ 77.0983532, 10.3128277, 0.0 ], [ 77.098344, 10.3128141, 0.0 ], [ 77.0983394, 10.3128096, 0.0 ], [ 77.0983348, 10.3127961, 0.0 ], [ 77.0983301, 10.312769, 0.0 ], [ 77.0983162, 10.3127102, 0.0 ], [ 77.0982886, 10.3126109, 0.0 ], [ 77.0982561, 10.3124754, 0.0 ], [ 77.0982236, 10.3123083, 0.0 ], [ 77.0981774, 10.3121367, 0.0 ], [ 77.0981403, 10.3119697, 0.0 ], [ 77.0980708, 10.3116761, 0.0 ], [ 77.0980616, 10.3116445, 0.0 ], [ 77.0980569, 10.3116354, 0.0 ], [ 77.0980569, 10.3116264, 0.0 ], [ 77.0980523, 10.3116174, 0.0 ], [ 77.0980246, 10.3115361, 0.0 ], [ 77.0980062, 10.311491, 0.0 ], [ 77.0979924, 10.3114413, 0.0 ], [ 77.0979739, 10.3113961, 0.0 ], [ 77.0979601, 10.3113556, 0.0 ], [ 77.0979554, 10.311333, 0.0 ], [ 77.0979463, 10.3113149, 0.0 ], [ 77.0979462, 10.3113058, 0.0 ], [ 77.0979417, 10.3113059, 0.0 ], [ 77.0979416, 10.3113014, 0.0 ], [ 77.097905, 10.3112654, 0.0 ], [ 77.097873, 10.3112293, 0.0 ], [ 77.0978271, 10.3111797, 0.0 ], [ 77.097653, 10.3109905, 0.0 ], [ 77.0976072, 10.3109409, 0.0 ], [ 77.0975751, 10.3109094, 0.0 ], [ 77.0975568, 10.3108869, 0.0 ], [ 77.0975384, 10.3108689, 0.0 ], [ 77.0975384, 10.3108643, 0.0 ], [ 77.0975293, 10.3108599, 0.0 ], [ 77.0975201, 10.3108418, 0.0 ], [ 77.0975018, 10.3108193, 0.0 ], [ 77.0974788, 10.3107877, 0.0 ], [ 77.0974513, 10.3107471, 0.0 ], [ 77.0974193, 10.3107066, 0.0 ], [ 77.0973917, 10.310666, 0.0 ], [ 77.0973688, 10.3106344, 0.0 ], [ 77.0973504, 10.3106118, 0.0 ], [ 77.0973412, 10.3105983, 0.0 ], [ 77.0973366, 10.3105893, 0.0 ], [ 77.0973321, 10.3105848, 0.0 ], [ 77.0973321, 10.3105803, 0.0 ], [ 77.0973275, 10.3105757, 0.0 ], [ 77.0973228, 10.3105622, 0.0 ], [ 77.0973091, 10.3105397, 0.0 ], [ 77.0972953, 10.3105081, 0.0 ], [ 77.0972815, 10.3104675, 0.0 ], [ 77.0972631, 10.3104268, 0.0 ], [ 77.0972354, 10.3103546, 0.0 ], [ 77.0972262, 10.3103366, 0.0 ], [ 77.097217, 10.310323, 0.0 ], [ 77.097217, 10.310314, 0.0 ], [ 77.0972124, 10.3103095, 0.0 ], [ 77.0972124, 10.310305, 0.0 ], [ 77.0972078, 10.3102869, 0.0 ], [ 77.0972077, 10.3102598, 0.0 ], [ 77.0971984, 10.3102147, 0.0 ], [ 77.0971936, 10.3101468, 0.0 ], [ 77.0971842, 10.3100655, 0.0 ], [ 77.0971702, 10.3099843, 0.0 ], [ 77.0971608, 10.3099029, 0.0 ], [ 77.097156, 10.3098351, 0.0 ], [ 77.0971559, 10.3097899, 0.0 ], [ 77.0971512, 10.3097629, 0.0 ], [ 77.0971511, 10.3097493, 0.0 ], [ 77.0971465, 10.3097448, 0.0 ], [ 77.0971466, 10.3097358, 0.0 ], [ 77.0971374, 10.3097267, 0.0 ], [ 77.0971282, 10.3097042, 0.0 ], [ 77.0971053, 10.3096726, 0.0 ], [ 77.0970822, 10.3096275, 0.0 ], [ 77.0970501, 10.3095733, 0.0 ], [ 77.0970134, 10.3095147, 0.0 ], [ 77.0969813, 10.3094606, 0.0 ], [ 77.0969583, 10.309411, 0.0 ], [ 77.0969261, 10.3093614, 0.0 ], [ 77.0969216, 10.3093478, 0.0 ], [ 77.096917, 10.3093478, 0.0 ], [ 77.096917, 10.3093433, 0.0 ], [ 77.0969124, 10.3093433, 0.0 ], [ 77.0969032, 10.3093343, 0.0 ], [ 77.0968849, 10.3093253, 0.0 ], [ 77.0968118, 10.3092849, 0.0 ], [ 77.096702, 10.309222, 0.0 ], [ 77.0966517, 10.309195, 0.0 ], [ 77.0966059, 10.309168, 0.0 ], [ 77.096574, 10.3091501, 0.0 ], [ 77.0965465, 10.3091366, 0.0 ], [ 77.0965465, 10.3091321, 0.0 ], [ 77.0965373, 10.3091321, 0.0 ], [ 77.0965236, 10.3091277, 0.0 ], [ 77.0965053, 10.3091187, 0.0 ], [ 77.0964642, 10.3091052, 0.0 ], [ 77.096222, 10.3090202, 0.0 ], [ 77.0961351, 10.3089889, 0.0 ], [ 77.0961123, 10.3089844, 0.0 ], [ 77.0960986, 10.30898, 0.0 ], [ 77.0959982, 10.3089803, 0.0 ], [ 77.0959343, 10.308985, 0.0 ], [ 77.0958521, 10.3089853, 0.0 ], [ 77.09577, 10.3089901, 0.0 ], [ 77.0956884, 10.3089904, 0.0 ], [ 77.0956878, 10.3089904, 0.0 ], [ 77.0956239, 10.3089906, 0.0 ], [ 77.0955782, 10.3089908, 0.0 ], [ 77.0955509, 10.3089954, 0.0 ], [ 77.095528, 10.3089954, 0.0 ], [ 77.095519, 10.3090045, 0.0 ], [ 77.0955053, 10.309009, 0.0 ], [ 77.0954825, 10.3090227, 0.0 ], [ 77.0954505, 10.3090363, 0.0 ], [ 77.0954142, 10.3090591, 0.0 ], [ 77.0953731, 10.3090773, 0.0 ], [ 77.0953367, 10.3091, 0.0 ], [ 77.0953047, 10.3091137, 0.0 ], [ 77.095282, 10.3091274, 0.0 ], [ 77.0952728, 10.3091364, 0.0 ], [ 77.0952638, 10.3091409, 0.0 ], [ 77.0952592, 10.309141, 0.0 ], [ 77.0952592, 10.3091455, 0.0 ], [ 77.0952547, 10.30915, 0.0 ], [ 77.0952456, 10.3091636, 0.0 ], [ 77.0952365, 10.3091817, 0.0 ], [ 77.0952183, 10.3092043, 0.0 ], [ 77.0952002, 10.3092361, 0.0 ], [ 77.0951775, 10.3092723, 0.0 ], [ 77.0951593, 10.3093041, 0.0 ], [ 77.0951411, 10.3093312, 0.0 ], [ 77.095123, 10.3093674, 0.0 ], [ 77.0951185, 10.3093674, 0.0 ], [ 77.0951185, 10.3093719, 0.0 ], [ 77.0951139, 10.309381, 0.0 ], [ 77.0951095, 10.3093991, 0.0 ], [ 77.0950868, 10.3094669, 0.0 ], [ 77.0950688, 10.3095123, 0.0 ], [ 77.0950552, 10.309562, 0.0 ], [ 77.0950371, 10.3096118, 0.0 ], [ 77.0950281, 10.3096479, 0.0 ], [ 77.0950191, 10.3096751, 0.0 ], [ 77.09501, 10.3096932, 0.0 ], [ 77.0950101, 10.3097023, 0.0 ], [ 77.0950055, 10.3097068, 0.0 ], [ 77.0950056, 10.3097113, 0.0 ], [ 77.095001, 10.3097203, 0.0 ], [ 77.0949965, 10.3097339, 0.0 ], [ 77.0949739, 10.3097882, 0.0 ], [ 77.0949602, 10.309829, 0.0 ], [ 77.0949376, 10.3098697, 0.0 ], [ 77.0949241, 10.3099104, 0.0 ], [ 77.0949015, 10.3099647, 0.0 ], [ 77.0948969, 10.3099828, 0.0 ], [ 77.0948969, 10.3099874, 0.0 ], [ 77.0948924, 10.3099919, 0.0 ], [ 77.0948923, 10.3099964, 0.0 ], [ 77.0948742, 10.3100145, 0.0 ], [ 77.094856, 10.3100418, 0.0 ], [ 77.0947652, 10.3101551, 0.0 ], [ 77.0947061, 10.3102366, 0.0 ], [ 77.0946378, 10.3103181, 0.0 ], [ 77.0945787, 10.3103997, 0.0 ], [ 77.0945242, 10.3104677, 0.0 ], [ 77.0944924, 10.310513, 0.0 ], [ 77.0944697, 10.3105402, 0.0 ], [ 77.0944561, 10.3105583, 0.0 ], [ 77.0944561, 10.3105628, 0.0 ], [ 77.0944515, 10.3105629, 0.0 ], [ 77.0944515, 10.3105674, 0.0 ], [ 77.094447, 10.3105674, 0.0 ], [ 77.0944334, 10.310581, 0.0 ], [ 77.0943696, 10.3106309, 0.0 ], [ 77.0943104, 10.3106718, 0.0 ], [ 77.0942421, 10.3107218, 0.0 ], [ 77.0941738, 10.3107808, 0.0 ], [ 77.0941055, 10.3108352, 0.0 ], [ 77.0940463, 10.3108806, 0.0 ], [ 77.0940099, 10.3109123, 0.0 ], [ 77.0939826, 10.3109305, 0.0 ], [ 77.093969, 10.3109442, 0.0 ], [ 77.0939644, 10.3109442, 0.0 ], [ 77.0939644, 10.3109487, 0.0 ], [ 77.0939599, 10.3109486, 0.0 ], [ 77.0939462, 10.3109578, 0.0 ], [ 77.0938824, 10.3110077, 0.0 ], [ 77.0938233, 10.3110486, 0.0 ], [ 77.093755, 10.3110985, 0.0 ], [ 77.0936821, 10.311153, 0.0 ], [ 77.0936138, 10.311203, 0.0 ], [ 77.0935182, 10.3112755, 0.0 ], [ 77.0934908, 10.3112937, 0.0 ], [ 77.0934772, 10.3113074, 0.0 ], [ 77.0934726, 10.3113074, 0.0 ], [ 77.0934727, 10.3113119, 0.0 ], [ 77.0934635, 10.3113165, 0.0 ], [ 77.0934135, 10.3113663, 0.0 ], [ 77.0933543, 10.3114163, 0.0 ], [ 77.0932724, 10.3114933, 0.0 ], [ 77.0931722, 10.3115796, 0.0 ], [ 77.0930677, 10.3116793, 0.0 ], [ 77.0929675, 10.3117701, 0.0 ], [ 77.0928856, 10.3118381, 0.0 ], [ 77.092831, 10.3118926, 0.0 ], [ 77.0927945, 10.3119243, 0.0 ], [ 77.0927719, 10.311947, 0.0 ], [ 77.0927673, 10.311947, 0.0 ], [ 77.0927672, 10.3119515, 0.0 ], [ 77.0927627, 10.3119561, 0.0 ], [ 77.0927536, 10.3119607, 0.0 ], [ 77.0927354, 10.3119743, 0.0 ], [ 77.0926945, 10.3120151, 0.0 ], [ 77.0926443, 10.3120559, 0.0 ], [ 77.0925989, 10.3121012, 0.0 ], [ 77.0920018, 10.3123699, 0.0 ], [ 77.0915172, 10.3134834, 0.0 ], [ 77.0913588, 10.3139133, 0.0 ], [ 77.0904252, 10.3132068, 0.0 ], [ 77.0894591, 10.3123423, 0.0 ], [ 77.0887546, 10.3119243, 0.0 ], [ 77.088914, 10.310473, 0.0 ], [ 77.0884462, 10.3098237, 0.0 ], [ 77.087288, 10.3088648, 0.0 ], [ 77.0867896, 10.3086225, 0.0 ], [ 77.0857973, 10.308124, 0.0 ], [ 77.0843618, 10.307478, 0.0 ], [ 77.0838493, 10.3071181, 0.0 ], [ 77.0829102, 10.306136, 0.0 ], [ 77.0820078, 10.3052079, 0.0 ], [ 77.0812013, 10.3043112, 0.0 ], [ 77.0804185, 10.3036629, 0.0 ], [ 77.079581, 10.3030149, 0.0 ], [ 77.078204, 10.3021472, 0.0 ], [ 77.0754821, 10.3004024, 0.0 ], [ 77.0752992, 10.3002991, 0.0 ], [ 77.0752309, 10.300331, 0.0 ], [ 77.0752126, 10.3003446, 0.0 ], [ 77.0752035, 10.3003492, 0.0 ], [ 77.0751989, 10.3003492, 0.0 ], [ 77.0751944, 10.3003537, 0.0 ], [ 77.0751853, 10.3003582, 0.0 ], [ 77.0751716, 10.3003628, 0.0 ], [ 77.0751078, 10.3003946, 0.0 ], [ 77.0750668, 10.3004174, 0.0 ], [ 77.0750166, 10.3004401, 0.0 ], [ 77.0749757, 10.3004629, 0.0 ], [ 77.0749118, 10.3004948, 0.0 ], [ 77.0748982, 10.3005038, 0.0 ], [ 77.0748845, 10.3005084, 0.0 ], [ 77.0743075, 10.2999634, 0.0 ], [ 77.0736352, 10.2995814, 0.0 ], [ 77.0728581, 10.299236, 0.0 ], [ 77.0726066, 10.2991283, 0.0 ], [ 77.0718846, 10.2988957, 0.0 ], [ 77.0705872, 10.2985836, 0.0 ], [ 77.0695545, 10.298266, 0.0 ], [ 77.0682891, 10.2979899, 0.0 ], [ 77.0669919, 10.2977275, 0.0 ], [ 77.0661976, 10.297703, 0.0 ], [ 77.0659452, 10.2973106, 0.0 ], [ 77.0655836, 10.297018, 0.0 ], [ 77.0650381, 10.2963283, 0.0 ], [ 77.0647642, 10.2963338, 0.0 ], [ 77.0643333, 10.2957611, 0.0 ], [ 77.0638977, 10.2951795, 0.0 ], [ 77.0635257, 10.2945118, 0.0 ], [ 77.0632769, 10.2938121, 0.0 ], [ 77.0631967, 10.2930168, 0.0 ], [ 77.0631341, 10.2920453, 0.0 ], [ 77.0630041, 10.2913858, 0.0 ], [ 77.0627157, 10.2911427, 0.0 ], [ 77.0623181, 10.2909723, 0.0 ], [ 77.0617242, 10.2908386, 0.0 ], [ 77.0610073, 10.2907776, 0.0 ], [ 77.0601988, 10.2906085, 0.0 ], [ 77.0594444, 10.2902313, 0.0 ], [ 77.0589041, 10.2897269, 0.0 ], [ 77.0584414, 10.2892041, 0.0 ], [ 77.0583178, 10.2891005, 0.0 ], [ 77.0580194, 10.2885908, 0.0 ], [ 77.0577536, 10.2882617, 0.0 ], [ 77.0576663, 10.2880812, 0.0 ], [ 77.0569658, 10.2874462, 0.0 ], [ 77.0564531, 10.2870049, 0.0 ], [ 77.0558631, 10.2866678, 0.0 ], [ 77.0552235, 10.2865027, 0.0 ], [ 77.0539214, 10.2861046, 0.0 ], [ 77.0530443, 10.2858859, 0.0 ], [ 77.0516687, 10.2854158, 0.0 ], [ 77.0511892, 10.2853134, 0.0 ], [ 77.0506048, 10.2852701, 0.0 ], [ 77.0498335, 10.2853132, 0.0 ], [ 77.0491852, 10.2852656, 0.0 ], [ 77.048751, 10.2850817, 0.0 ], [ 77.0476363, 10.284805, 0.0 ], [ 77.045987, 10.2843222, 0.0 ], [ 77.0447719, 10.2840549, 0.0 ], [ 77.0436802, 10.2838143, 0.0 ], [ 77.0432419, 10.2837795, 0.0 ], [ 77.0429954, 10.2837804, 0.0 ], [ 77.0428767, 10.2837672, 0.0 ], [ 77.043837, 10.2829189, 0.0 ], [ 77.0443333, 10.2825151, 0.0 ], [ 77.0448753, 10.2821472, 0.0 ], [ 77.0449753, 10.2820565, 0.0 ], [ 77.0453489, 10.2818113, 0.0 ], [ 77.045845, 10.2814164, 0.0 ], [ 77.046191, 10.2811306, 0.0 ], [ 77.0465182, 10.2806911, 0.0 ], [ 77.0467634, 10.2802835, 0.0 ], [ 77.0471271, 10.279844, 0.0 ], [ 77.0474182, 10.2795266, 0.0 ], [ 77.0476459, 10.2793587, 0.0 ], [ 77.0481108, 10.2791674, 0.0 ], [ 77.0485802, 10.2789444, 0.0 ], [ 77.0489309, 10.2787264, 0.0 ], [ 77.0493041, 10.2783862, 0.0 ], [ 77.0496044, 10.2780779, 0.0 ], [ 77.0498858, 10.2775888, 0.0 ], [ 77.0500939, 10.2770368, 0.0 ], [ 77.050257, 10.2766475, 0.0 ], [ 77.0505507, 10.2757291, 0.0 ], [ 77.0506681, 10.275331, 0.0 ], [ 77.0507585, 10.2750731, 0.0 ], [ 77.0509805, 10.2745842, 0.0 ], [ 77.0512981, 10.2739911, 0.0 ], [ 77.0515479, 10.2736197, 0.0 ], [ 77.0519211, 10.2732659, 0.0 ], [ 77.0522667, 10.2728806, 0.0 ], [ 77.0526808, 10.2724996, 0.0 ], [ 77.0526762, 10.2724816, 0.0 ], [ 77.0526624, 10.27245, 0.0 ], [ 77.0526484, 10.2723823, 0.0 ], [ 77.0526161, 10.2722739, 0.0 ], [ 77.0525745, 10.2721203, 0.0 ], [ 77.0525283, 10.2719351, 0.0 ], [ 77.0524729, 10.2717364, 0.0 ], [ 77.0524266, 10.2715513, 0.0 ], [ 77.0523851, 10.2713978, 0.0 ], [ 77.0523573, 10.2712894, 0.0 ], [ 77.0523342, 10.2711945, 0.0 ], [ 77.0523341, 10.271181, 0.0 ], [ 77.0523249, 10.271172, 0.0 ], [ 77.052325, 10.271163, 0.0 ], [ 77.0523019, 10.2711178, 0.0 ], [ 77.0522973, 10.2710952, 0.0 ], [ 77.0522882, 10.2710772, 0.0 ], [ 77.052279, 10.2710636, 0.0 ], [ 77.0522789, 10.2710501, 0.0 ], [ 77.0522744, 10.2710456, 0.0 ], [ 77.0522743, 10.2710411, 0.0 ], [ 77.0522697, 10.2710366, 0.0 ], [ 77.0522697, 10.2710321, 0.0 ], [ 77.0522651, 10.271023, 0.0 ], [ 77.0522559, 10.2709959, 0.0 ], [ 77.0522513, 10.2709733, 0.0 ], [ 77.0522421, 10.2709553, 0.0 ], [ 77.0522374, 10.2709327, 0.0 ], [ 77.0522282, 10.2709056, 0.0 ], [ 77.0522282, 10.2708966, 0.0 ], [ 77.0522236, 10.2708921, 0.0 ], [ 77.0522236, 10.2708875, 0.0 ], [ 77.052219, 10.2708831, 0.0 ], [ 77.052219, 10.2708695, 0.0 ], [ 77.0522098, 10.2708424, 0.0 ], [ 77.0522097, 10.2708244, 0.0 ], [ 77.0522005, 10.2707972, 0.0 ], [ 77.0522005, 10.2707791, 0.0 ], [ 77.0521913, 10.2707702, 0.0 ], [ 77.0521912, 10.2707611, 0.0 ], [ 77.0521867, 10.2707476, 0.0 ], [ 77.0521774, 10.270734, 0.0 ], [ 77.0521683, 10.2707115, 0.0 ], [ 77.0521637, 10.2706934, 0.0 ], [ 77.0521544, 10.2706709, 0.0 ], [ 77.0521452, 10.2706437, 0.0 ], [ 77.0521406, 10.2706392, 0.0 ], [ 77.0521407, 10.2706347, 0.0 ], [ 77.0521361, 10.2706302, 0.0 ], [ 77.052136, 10.2706257, 0.0 ], [ 77.0521176, 10.2705896, 0.0 ], [ 77.0521131, 10.2705715, 0.0 ], [ 77.0521038, 10.270549, 0.0 ], [ 77.0520992, 10.2705309, 0.0 ], [ 77.0520854, 10.2705038, 0.0 ], [ 77.0520854, 10.2704948, 0.0 ], [ 77.0520763, 10.2704858, 0.0 ], [ 77.0520762, 10.2704768, 0.0 ], [ 77.0520716, 10.2704632, 0.0 ], [ 77.0520624, 10.2704496, 0.0 ], [ 77.0520533, 10.2704271, 0.0 ], [ 77.0520486, 10.270409, 0.0 ], [ 77.0520394, 10.2703865, 0.0 ], [ 77.0520302, 10.2703729, 0.0 ], [ 77.0520302, 10.2703594, 0.0 ], [ 77.0520256, 10.2703549, 0.0 ], [ 77.0520256, 10.2703503, 0.0 ], [ 77.0520164, 10.2703414, 0.0 ], [ 77.0520164, 10.2703323, 0.0 ], [ 77.0520118, 10.2703188, 0.0 ], [ 77.0520026, 10.2703052, 0.0 ], [ 77.0519934, 10.2702827, 0.0 ], [ 77.0519888, 10.2702646, 0.0 ], [ 77.0519796, 10.270242, 0.0 ], [ 77.0519704, 10.270224, 0.0 ], [ 77.0519704, 10.2702104, 0.0 ], [ 77.0519658, 10.2702059, 0.0 ], [ 77.0519657, 10.2702014, 0.0 ], [ 77.0519566, 10.2701924, 0.0 ], [ 77.051952, 10.2701833, 0.0 ], [ 77.0519474, 10.2701698, 0.0 ], [ 77.0519337, 10.2701563, 0.0 ], [ 77.0519244, 10.2701337, 0.0 ], [ 77.0519107, 10.2701157, 0.0 ], [ 77.0519015, 10.2700932, 0.0 ], [ 77.0518832, 10.2700661, 0.0 ], [ 77.0518786, 10.2700616, 0.0 ], [ 77.0518786, 10.2700571, 0.0 ], [ 77.0518694, 10.270048, 0.0 ], [ 77.0518648, 10.270039, 0.0 ], [ 77.0518602, 10.2700254, 0.0 ], [ 77.0518464, 10.270012, 0.0 ], [ 77.0518372, 10.2699893, 0.0 ], [ 77.0518235, 10.2699714, 0.0 ], [ 77.0518143, 10.2699487, 0.0 ], [ 77.0518051, 10.2699352, 0.0 ], [ 77.0518005, 10.2699217, 0.0 ], [ 77.051796, 10.2699172, 0.0 ], [ 77.0517959, 10.2699127, 0.0 ], [ 77.0517868, 10.2699037, 0.0 ], [ 77.0517867, 10.2698946, 0.0 ], [ 77.0517684, 10.2698676, 0.0 ], [ 77.0517592, 10.269845, 0.0 ], [ 77.05175, 10.2698269, 0.0 ], [ 77.0517408, 10.2698044, 0.0 ], [ 77.0517316, 10.2697909, 0.0 ], [ 77.051727, 10.2697773, 0.0 ], [ 77.0517224, 10.2697728, 0.0 ], [ 77.0517225, 10.2697683, 0.0 ], [ 77.0517133, 10.2697593, 0.0 ], [ 77.0517132, 10.2697502, 0.0 ], [ 77.0516949, 10.2697231, 0.0 ], [ 77.0516857, 10.2697006, 0.0 ], [ 77.0516765, 10.2696826, 0.0 ], [ 77.0516673, 10.26966, 0.0 ], [ 77.0516582, 10.2696465, 0.0 ], [ 77.0516535, 10.2696329, 0.0 ], [ 77.0516489, 10.2696284, 0.0 ], [ 77.0516489, 10.2696239, 0.0 ], [ 77.0516398, 10.2696148, 0.0 ], [ 77.0516397, 10.2696058, 0.0 ], [ 77.0516305, 10.2695968, 0.0 ], [ 77.0516122, 10.2695607, 0.0 ], [ 77.051603, 10.2695382, 0.0 ], [ 77.05158, 10.269493, 0.0 ], [ 77.0515755, 10.2694885, 0.0 ], [ 77.0515754, 10.269484, 0.0 ], [ 77.0515662, 10.269475, 0.0 ], [ 77.0515663, 10.2694705, 0.0 ], [ 77.0515616, 10.2694569, 0.0 ], [ 77.0515433, 10.2694299, 0.0 ], [ 77.0515387, 10.2694118, 0.0 ], [ 77.0515203, 10.2693847, 0.0 ], [ 77.0515203, 10.2693757, 0.0 ], [ 77.0515157, 10.2693667, 0.0 ], [ 77.0515065, 10.2693577, 0.0 ], [ 77.051502, 10.2693486, 0.0 ], [ 77.0514973, 10.2693351, 0.0 ], [ 77.0514837, 10.2693216, 0.0 ], [ 77.0514744, 10.269299, 0.0 ], [ 77.0514607, 10.269281, 0.0 ], [ 77.0514515, 10.2692585, 0.0 ], [ 77.0514332, 10.2692314, 0.0 ], [ 77.0514286, 10.2692269, 0.0 ], [ 77.0514285, 10.2692224, 0.0 ], [ 77.0514193, 10.2692133, 0.0 ], [ 77.0514193, 10.2692042, 0.0 ], [ 77.051401, 10.2691772, 0.0 ], [ 77.0513918, 10.2691546, 0.0 ], [ 77.0513826, 10.2691366, 0.0 ], [ 77.0513734, 10.2691141, 0.0 ], [ 77.0513642, 10.2691005, 0.0 ], [ 77.0513596, 10.2690869, 0.0 ], [ 77.0513551, 10.2690824, 0.0 ], [ 77.051355, 10.2690779, 0.0 ], [ 77.0513459, 10.2690689, 0.0 ], [ 77.0513367, 10.2690508, 0.0 ], [ 77.0513229, 10.2690328, 0.0 ], [ 77.0513137, 10.2690148, 0.0 ], [ 77.0513, 10.2689922, 0.0 ], [ 77.0512908, 10.2689742, 0.0 ], [ 77.0512771, 10.2689606, 0.0 ], [ 77.0512724, 10.2689471, 0.0 ], [ 77.0512678, 10.2689426, 0.0 ], [ 77.0512678, 10.2689381, 0.0 ], [ 77.0512633, 10.2689336, 0.0 ], [ 77.0512633, 10.2689291, 0.0 ], [ 77.0512587, 10.2689201, 0.0 ], [ 77.051254, 10.2689066, 0.0 ], [ 77.0512449, 10.268893, 0.0 ], [ 77.0512403, 10.2688704, 0.0 ], [ 77.051231, 10.2688524, 0.0 ], [ 77.0512264, 10.2688298, 0.0 ], [ 77.0512172, 10.2688162, 0.0 ], [ 77.0512126, 10.2688027, 0.0 ], [ 77.0512126, 10.2687936, 0.0 ], [ 77.0512035, 10.2687847, 0.0 ], [ 77.0512034, 10.2687756, 0.0 ], [ 77.0511988, 10.2687621, 0.0 ], [ 77.0511896, 10.2687485, 0.0 ], [ 77.0511805, 10.268726, 0.0 ], [ 77.0511758, 10.2687079, 0.0 ], [ 77.0511666, 10.2686853, 0.0 ], [ 77.0511574, 10.2686582, 0.0 ], [ 77.0511574, 10.2686537, 0.0 ], [ 77.0511573, 10.2686492, 0.0 ], [ 77.0511482, 10.2686402, 0.0 ], [ 77.0511482, 10.2686357, 0.0 ], [ 77.0511207, 10.2685951, 0.0 ], [ 77.0511115, 10.268577, 0.0 ], [ 77.0510931, 10.26855, 0.0 ], [ 77.0510839, 10.2685319, 0.0 ], [ 77.0510747, 10.2685229, 0.0 ], [ 77.0510747, 10.2685184, 0.0 ], [ 77.0510702, 10.2685094, 0.0 ], [ 77.051061, 10.2684959, 0.0 ], [ 77.0510518, 10.2684778, 0.0 ], [ 77.0510472, 10.2684642, 0.0 ], [ 77.051038, 10.2684462, 0.0 ], [ 77.0510288, 10.2684326, 0.0 ], [ 77.0510288, 10.2684281, 0.0 ], [ 77.0510242, 10.2684191, 0.0 ], [ 77.0510151, 10.2684101, 0.0 ], [ 77.0510104, 10.2684011, 0.0 ], [ 77.0509921, 10.268374, 0.0 ], [ 77.0509784, 10.2683515, 0.0 ], [ 77.0509601, 10.2683334, 0.0 ], [ 77.0509462, 10.2683109, 0.0 ], [ 77.0509279, 10.2682838, 0.0 ], [ 77.0509233, 10.2682794, 0.0 ], [ 77.0509234, 10.2682748, 0.0 ], [ 77.0509188, 10.2682703, 0.0 ], [ 77.0509188, 10.2682658, 0.0 ], [ 77.0509142, 10.2682658, 0.0 ], [ 77.0509142, 10.2682612, 0.0 ], [ 77.050905, 10.2682432, 0.0 ], [ 77.0509004, 10.2682387, 0.0 ], [ 77.0508912, 10.2682207, 0.0 ], [ 77.0508912, 10.2682162, 0.0 ], [ 77.0508821, 10.2682071, 0.0 ], [ 77.050882, 10.2682026, 0.0 ], [ 77.0508774, 10.2681936, 0.0 ], [ 77.0508728, 10.2681891, 0.0 ], [ 77.0508728, 10.2681801, 0.0 ], [ 77.0508683, 10.2681756, 0.0 ], [ 77.0508636, 10.2681666, 0.0 ], [ 77.0508636, 10.268162, 0.0 ], [ 77.050859, 10.2681575, 0.0 ], [ 77.0508591, 10.2681529, 0.0 ], [ 77.0508545, 10.268153, 0.0 ], [ 77.0508545, 10.2681439, 0.0 ], [ 77.0508499, 10.2681394, 0.0 ], [ 77.0508498, 10.2681304, 0.0 ], [ 77.0508452, 10.2681304, 0.0 ], [ 77.0508453, 10.2681214, 0.0 ], [ 77.0508407, 10.2681214, 0.0 ], [ 77.0508361, 10.2681169, 0.0 ], [ 77.0508269, 10.2680988, 0.0 ], [ 77.0508178, 10.2680944, 0.0 ], [ 77.0508132, 10.2680853, 0.0 ], [ 77.050804, 10.2680763, 0.0 ], [ 77.050804, 10.2680718, 0.0 ], [ 77.0507994, 10.2680673, 0.0 ], [ 77.0507994, 10.2680582, 0.0 ], [ 77.0507948, 10.2680537, 0.0 ], [ 77.0507948, 10.2680311, 0.0 ], [ 77.0507901, 10.2680176, 0.0 ], [ 77.05079, 10.2679815, 0.0 ], [ 77.0507854, 10.2679815, 0.0 ], [ 77.05079, 10.2679769, 0.0 ], [ 77.05079, 10.2679679, 0.0 ], [ 77.0507854, 10.2679589, 0.0 ], [ 77.0507899, 10.2679408, 0.0 ], [ 77.0507852, 10.2679227, 0.0 ], [ 77.0507897, 10.2679001, 0.0 ], [ 77.0507897, 10.267882, 0.0 ], [ 77.050785, 10.267864, 0.0 ], [ 77.0507896, 10.2678549, 0.0 ], [ 77.050785, 10.2678504, 0.0 ], [ 77.0507896, 10.2678459, 0.0 ], [ 77.0507895, 10.2678414, 0.0 ], [ 77.0507893, 10.2677781, 0.0 ], [ 77.0507938, 10.26776, 0.0 ], [ 77.0507937, 10.2677238, 0.0 ], [ 77.0507983, 10.2677102, 0.0 ], [ 77.0507982, 10.2676967, 0.0 ], [ 77.0508028, 10.2676921, 0.0 ], [ 77.0508026, 10.2676334, 0.0 ], [ 77.0508071, 10.2676153, 0.0 ], [ 77.0508069, 10.2675791, 0.0 ], [ 77.0508115, 10.2675655, 0.0 ], [ 77.0508114, 10.267552, 0.0 ], [ 77.050816, 10.267552, 0.0 ], [ 77.050816, 10.2675475, 0.0 ], [ 77.0508205, 10.2675384, 0.0 ], [ 77.0508204, 10.2675249, 0.0 ], [ 77.0508296, 10.2675113, 0.0 ], [ 77.0508386, 10.2674886, 0.0 ], [ 77.0508431, 10.2674705, 0.0 ], [ 77.0508522, 10.2674479, 0.0 ], [ 77.0508613, 10.2674343, 0.0 ], [ 77.0508658, 10.2674207, 0.0 ], [ 77.0508657, 10.2674162, 0.0 ], [ 77.0508703, 10.2674117, 0.0 ], [ 77.0508703, 10.2674072, 0.0 ], [ 77.0508749, 10.2674071, 0.0 ], [ 77.0508749, 10.2674026, 0.0 ], [ 77.0508794, 10.2673982, 0.0 ], [ 77.0508793, 10.2673891, 0.0 ], [ 77.0508885, 10.2673755, 0.0 ], [ 77.050902, 10.2673573, 0.0 ], [ 77.0509066, 10.2673438, 0.0 ], [ 77.0509157, 10.2673257, 0.0 ], [ 77.0509248, 10.2673166, 0.0 ], [ 77.0509293, 10.2673075, 0.0 ], [ 77.0509292, 10.2672985, 0.0 ], [ 77.0509338, 10.2672985, 0.0 ], [ 77.0509339, 10.2672939, 0.0 ], [ 77.0509384, 10.267294, 0.0 ], [ 77.0509384, 10.2672895, 0.0 ], [ 77.0509429, 10.2672804, 0.0 ], [ 77.0509475, 10.2672668, 0.0 ], [ 77.0509565, 10.2672532, 0.0 ], [ 77.0509656, 10.2672306, 0.0 ], [ 77.0509747, 10.2672125, 0.0 ], [ 77.0509837, 10.2671899, 0.0 ], [ 77.0510018, 10.2671627, 0.0 ], [ 77.0510019, 10.2671582, 0.0 ], [ 77.0510064, 10.2671537, 0.0 ], [ 77.0510064, 10.2671491, 0.0 ], [ 77.051011, 10.2671491, 0.0 ], [ 77.0510109, 10.2671446, 0.0 ], [ 77.0510154, 10.2671355, 0.0 ], [ 77.0510154, 10.267122, 0.0 ], [ 77.0510245, 10.2671083, 0.0 ], [ 77.0510335, 10.2670858, 0.0 ], [ 77.0510381, 10.2670677, 0.0 ], [ 77.0510472, 10.267045, 0.0 ], [ 77.0510562, 10.2670314, 0.0 ], [ 77.0510608, 10.2670179, 0.0 ], [ 77.0510607, 10.2670134, 0.0 ], [ 77.0510653, 10.2670088, 0.0 ], [ 77.0510652, 10.2670043, 0.0 ], [ 77.0510698, 10.2670043, 0.0 ], [ 77.0510698, 10.2669998, 0.0 ], [ 77.0510743, 10.2669952, 0.0 ], [ 77.0510789, 10.2669816, 0.0 ], [ 77.0510925, 10.2669681, 0.0 ], [ 77.0511243, 10.2669228, 0.0 ], [ 77.051138, 10.2669091, 0.0 ], [ 77.051147, 10.2668911, 0.0 ], [ 77.0511516, 10.2668911, 0.0 ], [ 77.0511515, 10.2668865, 0.0 ], [ 77.0511561, 10.2668865, 0.0 ], [ 77.0511562, 10.266882, 0.0 ], [ 77.0511652, 10.2668639, 0.0 ], [ 77.0511697, 10.2668458, 0.0 ], [ 77.0511787, 10.2668277, 0.0 ], [ 77.0511832, 10.2668051, 0.0 ], [ 77.0512059, 10.2667597, 0.0 ], [ 77.0512059, 10.2667552, 0.0 ], [ 77.0512104, 10.2667508, 0.0 ], [ 77.0512104, 10.2667462, 0.0 ], [ 77.051215, 10.2667462, 0.0 ], [ 77.051215, 10.2667327, 0.0 ], [ 77.0512195, 10.2667281, 0.0 ], [ 77.0512195, 10.2667191, 0.0 ], [ 77.051224, 10.266719, 0.0 ], [ 77.051224, 10.2667145, 0.0 ], [ 77.0512286, 10.2667145, 0.0 ], [ 77.0512286, 10.2667055, 0.0 ], [ 77.0512377, 10.2666964, 0.0 ], [ 77.0512376, 10.2666873, 0.0 ], [ 77.0512468, 10.2666783, 0.0 ], [ 77.0512467, 10.2666738, 0.0 ], [ 77.0512513, 10.2666738, 0.0 ], [ 77.0512513, 10.2666692, 0.0 ], [ 77.0512558, 10.2666692, 0.0 ], [ 77.0512558, 10.2666557, 0.0 ], [ 77.0512604, 10.2666511, 0.0 ], [ 77.0512649, 10.266642, 0.0 ], [ 77.0512649, 10.2666285, 0.0 ], [ 77.0512694, 10.2666195, 0.0 ], [ 77.0512739, 10.266615, 0.0 ], [ 77.0512739, 10.2666104, 0.0 ], [ 77.0512784, 10.2666059, 0.0 ], [ 77.0512785, 10.2666014, 0.0 ], [ 77.051283, 10.2666013, 0.0 ], [ 77.051283, 10.2665968, 0.0 ], [ 77.0513194, 10.2665605, 0.0 ], [ 77.0513239, 10.2665605, 0.0 ], [ 77.0513239, 10.266556, 0.0 ], [ 77.0513284, 10.2665515, 0.0 ], [ 77.0513284, 10.2665108, 0.0 ], [ 77.0513328, 10.2664973, 0.0 ], [ 77.0513328, 10.2664701, 0.0 ], [ 77.0513374, 10.2664611, 0.0 ], [ 77.0513373, 10.266452, 0.0 ], [ 77.0513419, 10.266452, 0.0 ], [ 77.0513418, 10.2664475, 0.0 ], [ 77.0513464, 10.2664475, 0.0 ], [ 77.0513464, 10.2664429, 0.0 ], [ 77.0513555, 10.2664429, 0.0 ], [ 77.0513555, 10.2664384, 0.0 ], [ 77.0513691, 10.2664113, 0.0 ], [ 77.0513827, 10.2663795, 0.0 ], [ 77.0514008, 10.2663208, 0.0 ], [ 77.0514325, 10.2662393, 0.0 ], [ 77.0514732, 10.2661397, 0.0 ], [ 77.0515139, 10.2660312, 0.0 ], [ 77.0515546, 10.2659361, 0.0 ], [ 77.0515863, 10.2658501, 0.0 ], [ 77.051609, 10.2657958, 0.0 ], [ 77.0516226, 10.2657596, 0.0 ], [ 77.051627, 10.2657415, 0.0 ], [ 77.0516316, 10.2657369, 0.0 ], [ 77.0516316, 10.2657324, 0.0 ], [ 77.0516362, 10.2657279, 0.0 ], [ 77.0516361, 10.2657053, 0.0 ], [ 77.0516405, 10.2656827, 0.0 ], [ 77.0516405, 10.2656466, 0.0 ], [ 77.0516582, 10.2654883, 0.0 ], [ 77.0516581, 10.2654657, 0.0 ], [ 77.0516626, 10.2654521, 0.0 ], [ 77.0516625, 10.2654069, 0.0 ], [ 77.0516578, 10.2653617, 0.0 ], [ 77.051653, 10.2652894, 0.0 ], [ 77.0516435, 10.2651855, 0.0 ], [ 77.0516386, 10.2650635, 0.0 ], [ 77.0516289, 10.2649325, 0.0 ], [ 77.0516241, 10.2648105, 0.0 ], [ 77.0516191, 10.2647065, 0.0 ], [ 77.0516143, 10.2646342, 0.0 ], [ 77.0516141, 10.2645709, 0.0 ], [ 77.0516095, 10.2645619, 0.0 ], [ 77.0516095, 10.2645574, 0.0 ], [ 77.0516049, 10.2645484, 0.0 ], [ 77.0516003, 10.2645303, 0.0 ], [ 77.0515635, 10.2644309, 0.0 ], [ 77.0514484, 10.2641285, 0.0 ], [ 77.0514115, 10.2640202, 0.0 ], [ 77.0513792, 10.2639344, 0.0 ], [ 77.0513562, 10.2638757, 0.0 ], [ 77.0513424, 10.263835, 0.0 ], [ 77.0513332, 10.263817, 0.0 ], [ 77.0513287, 10.2638125, 0.0 ], [ 77.0513286, 10.2638035, 0.0 ], [ 77.0513148, 10.2637628, 0.0 ], [ 77.051301, 10.2637177, 0.0 ], [ 77.0512779, 10.2636545, 0.0 ], [ 77.0512548, 10.2635822, 0.0 ], [ 77.0512318, 10.2635009, 0.0 ], [ 77.0512133, 10.2634287, 0.0 ], [ 77.0511903, 10.2633655, 0.0 ], [ 77.0511809, 10.2633203, 0.0 ], [ 77.0511718, 10.2632978, 0.0 ], [ 77.0511671, 10.2632842, 0.0 ], [ 77.0511626, 10.2632797, 0.0 ], [ 77.0511626, 10.2632707, 0.0 ], [ 77.0511165, 10.2631352, 0.0 ], [ 77.051098, 10.2630629, 0.0 ], [ 77.0510749, 10.2629907, 0.0 ], [ 77.0510564, 10.2629185, 0.0 ], [ 77.0510241, 10.2628237, 0.0 ], [ 77.0510195, 10.2627965, 0.0 ], [ 77.0510149, 10.2627875, 0.0 ], [ 77.0510103, 10.262783, 0.0 ], [ 77.0510103, 10.262774, 0.0 ], [ 77.0509965, 10.2627424, 0.0 ], [ 77.0509782, 10.2627108, 0.0 ], [ 77.0509367, 10.2626115, 0.0 ], [ 77.0509092, 10.2625573, 0.0 ], [ 77.0508677, 10.2624581, 0.0 ], [ 77.050854, 10.2624309, 0.0 ], [ 77.0508448, 10.2624084, 0.0 ], [ 77.0508402, 10.2623994, 0.0 ], [ 77.0510812, 10.2621094, 0.0 ], [ 77.0505953, 10.2617502, 0.0 ], [ 77.0503079, 10.2615378, 0.0 ], [ 77.0497137, 10.2612596, 0.0 ], [ 77.0494572, 10.2610073, 0.0 ], [ 77.0486149, 10.2602099, 0.0 ], [ 77.0474793, 10.2591062, 0.0 ], [ 77.046376, 10.2580883, 0.0 ], [ 77.0456167, 10.2575709, 0.0 ], [ 77.0450087, 10.257261, 0.0 ], [ 77.0444515, 10.2571317, 0.0 ], [ 77.0434242, 10.2570401, 0.0 ], [ 77.0428988, 10.2568519, 0.0 ], [ 77.0426698, 10.2566312, 0.0 ], [ 77.0423442, 10.2561577, 0.0 ], [ 77.0422966, 10.2555431, 0.0 ], [ 77.0423225, 10.2551181, 0.0 ], [ 77.0422448, 10.2550597, 0.0 ], [ 77.0422127, 10.2550282, 0.0 ], [ 77.0421899, 10.2550101, 0.0 ], [ 77.0421807, 10.2550011, 0.0 ], [ 77.0421715, 10.2549966, 0.0 ], [ 77.042167, 10.2549921, 0.0 ], [ 77.042167, 10.2549876, 0.0 ], [ 77.0421579, 10.2549831, 0.0 ], [ 77.0421258, 10.2549426, 0.0 ], [ 77.0420983, 10.254911, 0.0 ], [ 77.042025, 10.2548298, 0.0 ], [ 77.0419929, 10.2547893, 0.0 ], [ 77.0419608, 10.2547578, 0.0 ], [ 77.0419425, 10.2547352, 0.0 ], [ 77.0419288, 10.2547217, 0.0 ], [ 77.0419242, 10.2547127, 0.0 ], [ 77.041915, 10.2547036, 0.0 ], [ 77.0419058, 10.2546901, 0.0 ], [ 77.0418829, 10.2546631, 0.0 ], [ 77.0418508, 10.2546225, 0.0 ], [ 77.0418005, 10.2545684, 0.0 ], [ 77.0416263, 10.254352, 0.0 ], [ 77.041576, 10.2542979, 0.0 ], [ 77.0415439, 10.2542574, 0.0 ], [ 77.0415255, 10.2542304, 0.0 ], [ 77.0415119, 10.2542213, 0.0 ], [ 77.0415118, 10.2542168, 0.0 ], [ 77.0415072, 10.2542123, 0.0 ], [ 77.0415072, 10.2542078, 0.0 ], [ 77.041498, 10.2541988, 0.0 ], [ 77.0414384, 10.2540995, 0.0 ], [ 77.0414017, 10.2540454, 0.0 ], [ 77.041365, 10.2539868, 0.0 ], [ 77.0413329, 10.2539326, 0.0 ], [ 77.0413008, 10.2538876, 0.0 ], [ 77.0412825, 10.2538559, 0.0 ], [ 77.0412687, 10.2538379, 0.0 ], [ 77.0412641, 10.2538243, 0.0 ], [ 77.0412595, 10.2538244, 0.0 ], [ 77.0412595, 10.2538198, 0.0 ], [ 77.0412549, 10.2538154, 0.0 ], [ 77.0412504, 10.2538018, 0.0 ], [ 77.0412365, 10.2537747, 0.0 ], [ 77.0412136, 10.2537342, 0.0 ], [ 77.041186, 10.253671, 0.0 ], [ 77.0411492, 10.2535987, 0.0 ], [ 77.0411079, 10.2535221, 0.0 ], [ 77.0410711, 10.2534498, 0.0 ], [ 77.0410435, 10.2533866, 0.0 ], [ 77.0410207, 10.2533461, 0.0 ], [ 77.0410115, 10.2533234, 0.0 ], [ 77.0410023, 10.2533099, 0.0 ], [ 77.0409977, 10.2533055, 0.0 ], [ 77.0409976, 10.2533009, 0.0 ], [ 77.0409931, 10.2532919, 0.0 ], [ 77.0409839, 10.2532738, 0.0 ], [ 77.0409655, 10.2532468, 0.0 ], [ 77.0409289, 10.2531971, 0.0 ], [ 77.0408326, 10.2530483, 0.0 ], [ 77.0407775, 10.2529581, 0.0 ], [ 77.0406766, 10.2528092, 0.0 ], [ 77.0406445, 10.2527642, 0.0 ], [ 77.0406305, 10.2526603, 0.0 ], [ 77.0405712, 10.252656, 0.0 ], [ 77.0405301, 10.2526515, 0.0 ], [ 77.0404936, 10.2526517, 0.0 ], [ 77.040489, 10.2526472, 0.0 ], [ 77.0404616, 10.2526473, 0.0 ], [ 77.0404342, 10.2526428, 0.0 ], [ 77.0402014, 10.2526436, 0.0 ], [ 77.0400736, 10.252644, 0.0 ], [ 77.0399823, 10.2526488, 0.0 ], [ 77.0396492, 10.2526589, 0.0 ], [ 77.0395579, 10.2526637, 0.0 ], [ 77.0394986, 10.2526639, 0.0 ], [ 77.0394621, 10.2526685, 0.0 ], [ 77.0393023, 10.252669, 0.0 ], [ 77.0392156, 10.2526647, 0.0 ], [ 77.0386771, 10.2526665, 0.0 ], [ 77.0386725, 10.252662, 0.0 ], [ 77.0386725, 10.2526665, 0.0 ], [ 77.0386315, 10.2526666, 0.0 ], [ 77.0385903, 10.2526713, 0.0 ], [ 77.038531, 10.252676, 0.0 ], [ 77.0384627, 10.2526852, 0.0 ], [ 77.0383896, 10.2526855, 0.0 ], [ 77.0383212, 10.2526947, 0.0 ], [ 77.0382619, 10.2526994, 0.0 ], [ 77.0382253, 10.252704, 0.0 ], [ 77.038198, 10.2527086, 0.0 ], [ 77.0381797, 10.2527088, 0.0 ], [ 77.0381706, 10.2527132, 0.0 ], [ 77.0381524, 10.2527134, 0.0 ], [ 77.0381204, 10.252718, 0.0 ], [ 77.0380611, 10.2527227, 0.0 ], [ 77.037979, 10.252732, 0.0 ], [ 77.0378786, 10.2527458, 0.0 ], [ 77.0377691, 10.2527553, 0.0 ], [ 77.0376733, 10.2527691, 0.0 ], [ 77.0375866, 10.2527784, 0.0 ], [ 77.0375319, 10.2527831, 0.0 ], [ 77.0374954, 10.2527877, 0.0 ], [ 77.0374772, 10.2527924, 0.0 ], [ 77.0374589, 10.2527924, 0.0 ], [ 77.0374361, 10.2527879, 0.0 ], [ 77.0373904, 10.2527836, 0.0 ], [ 77.0373128, 10.2527793, 0.0 ], [ 77.0372078, 10.252766, 0.0 ], [ 77.0370754, 10.2527529, 0.0 ], [ 77.0369429, 10.2527397, 0.0 ], [ 77.0368106, 10.2527312, 0.0 ], [ 77.0367055, 10.2527179, 0.0 ], [ 77.0366325, 10.2527136, 0.0 ], [ 77.0365868, 10.2527093, 0.0 ], [ 77.036564, 10.2527093, 0.0 ], [ 77.0365549, 10.2527049, 0.0 ], [ 77.0365457, 10.2527049, 0.0 ], [ 77.0365275, 10.2527004, 0.0 ], [ 77.0365001, 10.2526915, 0.0 ], [ 77.0364544, 10.252678, 0.0 ], [ 77.0363859, 10.2526602, 0.0 ], [ 77.0363037, 10.2526423, 0.0 ], [ 77.0362169, 10.25262, 0.0 ], [ 77.0361347, 10.2526022, 0.0 ], [ 77.0360205, 10.2525709, 0.0 ], [ 77.0359931, 10.2525665, 0.0 ], [ 77.0359794, 10.252562, 0.0 ], [ 77.0359748, 10.2525575, 0.0 ], [ 77.0359611, 10.2525575, 0.0 ], [ 77.0359428, 10.2525486, 0.0 ], [ 77.0359109, 10.2525397, 0.0 ], [ 77.0358514, 10.2525173, 0.0 ], [ 77.0357692, 10.2524859, 0.0 ], [ 77.0356687, 10.2524545, 0.0 ], [ 77.0355636, 10.2524233, 0.0 ], [ 77.0354631, 10.2523919, 0.0 ], [ 77.035326, 10.2523471, 0.0 ], [ 77.0352894, 10.2523337, 0.0 ], [ 77.0352711, 10.2523292, 0.0 ], [ 77.0352666, 10.2523247, 0.0 ], [ 77.0352575, 10.2523248, 0.0 ], [ 77.0352484, 10.2523203, 0.0 ], [ 77.0352255, 10.2523158, 0.0 ], [ 77.035189, 10.2523114, 0.0 ], [ 77.0351387, 10.252298, 0.0 ], [ 77.0350793, 10.2522892, 0.0 ], [ 77.0350109, 10.2522759, 0.0 ], [ 77.0349515, 10.2522669, 0.0 ], [ 77.0349012, 10.2522536, 0.0 ], [ 77.0348693, 10.2522492, 0.0 ], [ 77.0348464, 10.2522447, 0.0 ], [ 77.0348327, 10.2522447, 0.0 ], [ 77.0348327, 10.2522402, 0.0 ], [ 77.0348236, 10.2522402, 0.0 ], [ 77.0348054, 10.2522357, 0.0 ], [ 77.034778, 10.2522313, 0.0 ], [ 77.0347278, 10.252227, 0.0 ], [ 77.0346592, 10.2522136, 0.0 ], [ 77.034577, 10.2522049, 0.0 ], [ 77.0344903, 10.2521871, 0.0 ], [ 77.0344081, 10.2521783, 0.0 ], [ 77.0343396, 10.2521694, 0.0 ], [ 77.034262, 10.2521562, 0.0 ], [ 77.0342483, 10.2521562, 0.0 ], [ 77.0342437, 10.2521517, 0.0 ], [ 77.0342163, 10.2521518, 0.0 ], [ 77.0341889, 10.2521473, 0.0 ], [ 77.0341432, 10.252143, 0.0 ], [ 77.0340793, 10.2521386, 0.0 ], [ 77.0339972, 10.2521344, 0.0 ], [ 77.033915, 10.2521256, 0.0 ], [ 77.0338328, 10.2521213, 0.0 ], [ 77.0337689, 10.252117, 0.0 ], [ 77.0337232, 10.2521126, 0.0 ], [ 77.0336776, 10.2521128, 0.0 ], [ 77.033673, 10.2521082, 0.0 ], [ 77.0336731, 10.2521128, 0.0 ], [ 77.0335727, 10.2521131, 0.0 ], [ 77.0335043, 10.2521179, 0.0 ], [ 77.033422, 10.2521181, 0.0 ], [ 77.0333354, 10.2521229, 0.0 ], [ 77.0332532, 10.2521232, 0.0 ], [ 77.0331848, 10.2521234, 0.0 ], [ 77.0331346, 10.2521235, 0.0 ], [ 77.0331071, 10.2521281, 0.0 ], [ 77.0330843, 10.2521282, 0.0 ], [ 77.0330752, 10.2521328, 0.0 ], [ 77.0330524, 10.2521328, 0.0 ], [ 77.0330023, 10.2521375, 0.0 ], [ 77.0328198, 10.2521607, 0.0 ], [ 77.0326875, 10.2521747, 0.0 ], [ 77.0325506, 10.2521932, 0.0 ], [ 77.0324183, 10.2522071, 0.0 ], [ 77.0322358, 10.2522303, 0.0 ], [ 77.0321902, 10.252235, 0.0 ], [ 77.0321673, 10.2522396, 0.0 ], [ 77.0320532, 10.25224, 0.0 ], [ 77.0319803, 10.2522447, 0.0 ], [ 77.0315558, 10.2522415, 0.0 ], [ 77.0315193, 10.2522643, 0.0 ], [ 77.0315102, 10.2522597, 0.0 ], [ 77.0314736, 10.2522418, 0.0 ], [ 77.0314279, 10.2522238, 0.0 ], [ 77.0313822, 10.2522014, 0.0 ], [ 77.031341, 10.2521834, 0.0 ], [ 77.0313045, 10.25217, 0.0 ], [ 77.0312771, 10.2521565, 0.0 ], [ 77.0312634, 10.2521521, 0.0 ], [ 77.0312542, 10.2521475, 0.0 ], [ 77.0312543, 10.252143, 0.0 ], [ 77.031245, 10.2521431, 0.0 ], [ 77.031236, 10.2521341, 0.0 ], [ 77.0312131, 10.2521251, 0.0 ], [ 77.0311811, 10.2521071, 0.0 ], [ 77.0311353, 10.2520846, 0.0 ], [ 77.0310805, 10.2520531, 0.0 ], [ 77.031021, 10.2520217, 0.0 ], [ 77.0309662, 10.2519947, 0.0 ], [ 77.0309205, 10.2519678, 0.0 ], [ 77.0308884, 10.2519499, 0.0 ], [ 77.0308702, 10.2519408, 0.0 ], [ 77.0308565, 10.2519364, 0.0 ], [ 77.0308519, 10.2519318, 0.0 ], [ 77.0308473, 10.2519273, 0.0 ], [ 77.0308336, 10.2519184, 0.0 ], [ 77.0308061, 10.2518959, 0.0 ], [ 77.030765, 10.2518643, 0.0 ], [ 77.0307055, 10.2518148, 0.0 ], [ 77.0304127, 10.2515897, 0.0 ], [ 77.030344, 10.2515357, 0.0 ], [ 77.0303303, 10.2515222, 0.0 ], [ 77.0302022, 10.2514051, 0.0 ], [ 77.0301507, 10.2509429, 0.0 ], [ 77.0290528, 10.2506156, 0.0 ], [ 77.0285244, 10.2503608, 0.0 ], [ 77.0281807, 10.2501324, 0.0 ], [ 77.0278883, 10.2500067, 0.0 ], [ 77.0278814, 10.2500024, 0.0 ], [ 77.0276504, 10.2498583, 0.0 ], [ 77.0275588, 10.249732, 0.0 ], [ 77.0275263, 10.249592, 0.0 ], [ 77.0273254, 10.2495475, 0.0 ], [ 77.0270244, 10.2496162, 0.0 ], [ 77.0267463, 10.2496984, 0.0 ], [ 77.0264724, 10.2497038, 0.0 ], [ 77.0260618, 10.2497503, 0.0 ], [ 77.0258382, 10.249751, 0.0 ], [ 77.0251946, 10.2497575, 0.0 ], [ 77.0249114, 10.2496816, 0.0 ], [ 77.0247514, 10.2495827, 0.0 ], [ 77.0244996, 10.2493213, 0.0 ], [ 77.0240506, 10.2487984, 0.0 ], [ 77.0237257, 10.2485327, 0.0 ], [ 77.0234012, 10.2483981, 0.0 ], [ 77.0226794, 10.2481699, 0.0 ], [ 77.0219072, 10.2478876, 0.0 ], [ 77.0216329, 10.2477392, 0.0 ], [ 77.0213175, 10.2475865, 0.0 ], [ 77.0211438, 10.2475057, 0.0 ], [ 77.0208744, 10.2474885, 0.0 ], [ 77.0204179, 10.2474582, 0.0 ], [ 77.0202032, 10.2473866, 0.0 ], [ 77.0198422, 10.2472251, 0.0 ], [ 77.0196957, 10.2470899, 0.0 ], [ 77.0193433, 10.2468017, 0.0 ], [ 77.0190782, 10.246676, 0.0 ], [ 77.0188816, 10.2465591, 0.0 ], [ 77.0184745, 10.2462666, 0.0 ], [ 77.0183097, 10.2461089, 0.0 ], [ 77.0180171, 10.2459516, 0.0 ], [ 77.0178433, 10.2458437, 0.0 ], [ 77.0176605, 10.2457493, 0.0 ], [ 77.0174867, 10.2456324, 0.0 ], [ 77.0172445, 10.2455472, 0.0 ], [ 77.0170939, 10.2455296, 0.0 ], [ 77.0167835, 10.2455351, 0.0 ], [ 77.016391, 10.2455453, 0.0 ], [ 77.016122, 10.2456095, 0.0 ], [ 77.0157616, 10.2456603, 0.0 ], [ 77.0154515, 10.2457381, 0.0 ], [ 77.0146714, 10.245849, 0.0 ], [ 77.0144339, 10.245791, 0.0 ], [ 77.0143378, 10.2457144, 0.0 ], [ 77.014228, 10.2456063, 0.0 ], [ 77.0141039, 10.2453717, 0.0 ], [ 77.0138424, 10.2449114, 0.0 ], [ 77.0136404, 10.2445505, 0.0 ], [ 77.0134975, 10.2441215, 0.0 ], [ 77.0134054, 10.2438326, 0.0 ], [ 77.0133542, 10.2435344, 0.0 ], [ 77.0132071, 10.2432095, 0.0 ], [ 77.0130699, 10.2430743, 0.0 ], [ 77.0129692, 10.2430113, 0.0 ], [ 77.0128, 10.2428943, 0.0 ], [ 77.0124847, 10.2427868, 0.0 ], [ 77.0123245, 10.2426381, 0.0 ], [ 77.0122467, 10.2425615, 0.0 ], [ 77.0121089, 10.2422772, 0.0 ], [ 77.0120075, 10.2419838, 0.0 ], [ 77.0117955, 10.2413064, 0.0 ], [ 77.0116391, 10.2409002, 0.0 ], [ 77.011446, 10.2404578, 0.0 ], [ 77.011313, 10.2402864, 0.0 ], [ 77.0111345, 10.2400881, 0.0 ], [ 77.0109426, 10.2400299, 0.0 ], [ 77.0106457, 10.239954, 0.0 ], [ 77.0101939, 10.2399463, 0.0 ], [ 77.0098014, 10.2399657, 0.0 ], [ 77.0091215, 10.2399859, 0.0 ], [ 77.0088614, 10.2400093, 0.0 ], [ 77.0086788, 10.2399962, 0.0 ], [ 77.0084277, 10.2399699, 0.0 ], [ 77.0082861, 10.2399116, 0.0 ], [ 77.0081807, 10.2397808, 0.0 ], [ 77.0081347, 10.2396635, 0.0 ], [ 77.0081203, 10.2394601, 0.0 ], [ 77.0080377, 10.2393112, 0.0 ], [ 77.0078641, 10.2392439, 0.0 ], [ 77.0076586, 10.2391858, 0.0 ], [ 77.0073938, 10.2391821, 0.0 ], [ 77.0071657, 10.2391828, 0.0 ], [ 77.0068964, 10.2392017, 0.0 ], [ 77.0067458, 10.2392022, 0.0 ], [ 77.0066133, 10.2391393, 0.0 ], [ 77.0064623, 10.2390313, 0.0 ], [ 77.0062838, 10.2388601, 0.0 ], [ 77.0061283, 10.2387566, 0.0 ], [ 77.0059546, 10.2386667, 0.0 ], [ 77.0056437, 10.238496, 0.0 ], [ 77.0054745, 10.2384016, 0.0 ], [ 77.0053006, 10.2382349, 0.0 ], [ 77.0051082, 10.2380275, 0.0 ], [ 77.0049295, 10.237784, 0.0 ], [ 77.0048286, 10.2375945, 0.0 ], [ 77.0046632, 10.2372831, 0.0 ], [ 77.0045302, 10.2370666, 0.0 ], [ 77.0044887, 10.2369175, 0.0 ], [ 77.0043693, 10.2366693, 0.0 ], [ 77.0042861, 10.2363351, 0.0 ], [ 77.0042627, 10.2361544, 0.0 ], [ 77.0042982, 10.2358243, 0.0 ], [ 77.0043248, 10.2355666, 0.0 ], [ 77.0042964, 10.2352865, 0.0 ], [ 77.004264, 10.2351375, 0.0 ], [ 77.0041768, 10.2349433, 0.0 ], [ 77.0040212, 10.2347992, 0.0 ], [ 77.0037833, 10.2346372, 0.0 ], [ 77.0032851, 10.2344037, 0.0 ], [ 77.0029836, 10.2343142, 0.0 ], [ 77.0027233, 10.2342653, 0.0 ], [ 77.0025272, 10.234293, 0.0 ], [ 77.0023631, 10.2343523, 0.0 ], [ 77.0022403, 10.2344792, 0.0 ], [ 77.0021039, 10.2346875, 0.0 ], [ 77.001986, 10.2348777, 0.0 ], [ 77.0018859, 10.2350227, 0.0 ], [ 77.0016676, 10.2352313, 0.0 ], [ 77.0015583, 10.2353129, 0.0 ], [ 77.0014808, 10.2353448, 0.0 ], [ 77.0013301, 10.2353181, 0.0 ], [ 77.0011564, 10.2352418, 0.0 ], [ 77.001001, 10.2351565, 0.0 ], [ 77.0009231, 10.2350391, 0.0 ], [ 77.0009087, 10.2348222, 0.0 ], [ 77.0010039, 10.2346185, 0.0 ], [ 77.0010261, 10.2344241, 0.0 ], [ 77.0008422, 10.2339908, 0.0 ], [ 77.0005764, 10.2336435, 0.0 ], [ 77.000055, 10.2332519, 0.0 ], [ 76.9999997, 10.2332063, 0.0 ], [ 76.9998582, 10.2330898, 0.0 ], [ 76.9996155, 10.2328329, 0.0 ], [ 76.999496, 10.2325531, 0.0 ], [ 76.9995547, 10.2323721, 0.0 ], [ 76.9995863, 10.2322229, 0.0 ], [ 76.9996178, 10.2320736, 0.0 ], [ 76.9996395, 10.2317255, 0.0 ], [ 76.999577, 10.2314342, 0.0 ], [ 76.9995145, 10.2311428, 0.0 ], [ 76.9993396, 10.2306913, 0.0 ], [ 76.9991839, 10.2305291, 0.0 ], [ 76.9990293, 10.2303674, 0.0 ], [ 76.9979978, 10.2301327, 0.0 ], [ 76.9979979, 10.2301418, 0.0 ], [ 76.9979842, 10.2301282, 0.0 ], [ 76.9975736, 10.2303769, 0.0 ], [ 76.9970488, 10.2306935, 0.0 ], [ 76.9965971, 10.2309378, 0.0 ], [ 76.9961636, 10.2310148, 0.0 ], [ 76.9959172, 10.2309923, 0.0 ], [ 76.9954105, 10.2306805, 0.0 ], [ 76.9945067, 10.2303283, 0.0 ], [ 76.9939043, 10.2304008, 0.0 ], [ 76.9935027, 10.2304643, 0.0 ], [ 76.9933248, 10.2304462, 0.0 ], [ 76.9931787, 10.2303468, 0.0 ], [ 76.9929595, 10.2299762, 0.0 ], [ 76.9921558, 10.2287288, 0.0 ], [ 76.9919824, 10.2286792, 0.0 ], [ 76.9917314, 10.2286838, 0.0 ], [ 76.9911198, 10.2286343, 0.0 ], [ 76.9907319, 10.2283676, 0.0 ], [ 76.9904625, 10.2280921, 0.0 ], [ 76.9904762, 10.2279247, 0.0 ], [ 76.9906266, 10.227432, 0.0 ], [ 76.9908772, 10.2263787, 0.0 ], [ 76.9907081, 10.2256825, 0.0 ], [ 76.9897587, 10.2253076, 0.0 ], [ 76.9897588, 10.2253122, 0.0 ], [ 76.9886815, 10.224639, 0.0 ], [ 76.9867734, 10.2232789, 0.0 ], [ 76.9867643, 10.2232789, 0.0 ], [ 76.98613, 10.2231842, 0.0 ], [ 76.9861208, 10.2231842, 0.0 ], [ 76.9844961, 10.2229768, 0.0 ], [ 76.9835604, 10.2221859, 0.0 ], [ 76.9834325, 10.2219464, 0.0 ], [ 76.983624, 10.2215305, 0.0 ], [ 76.9837563, 10.221214, 0.0 ], [ 76.9839296, 10.2209472, 0.0 ], [ 76.9838519, 10.2206263, 0.0 ], [ 76.9837013, 10.2204862, 0.0 ], [ 76.9836922, 10.2204952, 0.0 ], [ 76.9834913, 10.2203687, 0.0 ], [ 76.9824462, 10.2201204, 0.0 ], [ 76.9821678, 10.220229, 0.0 ], [ 76.9820082, 10.2204958, 0.0 ], [ 76.9816342, 10.2213231, 0.0 ], [ 76.9810002, 10.2223947, 0.0 ], [ 76.9808087, 10.2229553, 0.0 ], [ 76.9806629, 10.2234299, 0.0 ], [ 76.9804804, 10.2237871, 0.0 ], [ 76.9800059, 10.2239817, 0.0 ], [ 76.9796955, 10.2240134, 0.0 ], [ 76.9782487, 10.2237336, 0.0 ], [ 76.97787, 10.2239733, 0.0 ], [ 76.976766, 10.2252393, 0.0 ], [ 76.976013, 10.2252441, 0.0 ], [ 76.9749817, 10.225285, 0.0 ], [ 76.9743564, 10.2253395, 0.0 ], [ 76.9734666, 10.2254256, 0.0 ], [ 76.9731426, 10.2257059, 0.0 ], [ 76.9730058, 10.2259049, 0.0 ], [ 76.9725272, 10.2281291, 0.0 ], [ 76.97229, 10.2286128, 0.0 ], [ 76.9714459, 10.2293815, 0.0 ], [ 76.9704056, 10.2299605, 0.0 ], [ 76.9694153, 10.2300828, 0.0 ], [ 76.9685484, 10.2307747, 0.0 ], [ 76.9679916, 10.2309556, 0.0 ], [ 76.9669922, 10.2309784, 0.0 ], [ 76.9658101, 10.2306126, 0.0 ], [ 76.9654267, 10.2307393, 0.0 ], [ 76.9642861, 10.2314945, 0.0 ], [ 76.9628852, 10.2322271, 0.0 ], [ 76.9616896, 10.2331134, 0.0 ], [ 76.9610645, 10.2333351, 0.0 ], [ 76.9599236, 10.2337151, 0.0 ], [ 76.9588787, 10.2341403, 0.0 ], [ 76.9586458, 10.2341539, 0.0 ], [ 76.9575368, 10.2339688, 0.0 ], [ 76.9567656, 10.2341634, 0.0 ], [ 76.9559441, 10.2342991, 0.0 ], [ 76.9557206, 10.2342404, 0.0 ], [ 76.9547071, 10.2334406, 0.0 ], [ 76.9538717, 10.232288, 0.0 ], [ 76.9538626, 10.2322971, 0.0 ], [ 76.9532009, 10.2320938, 0.0 ], [ 76.9526669, 10.2320894, 0.0 ], [ 76.9515762, 10.2322297, 0.0 ], [ 76.9505996, 10.232474, 0.0 ], [ 76.9497554, 10.232863, 0.0 ], [ 76.9488838, 10.2334101, 0.0 ], [ 76.9485097, 10.2338216, 0.0 ], [ 76.9481904, 10.2344499, 0.0 ], [ 76.9480582, 10.235544, 0.0 ], [ 76.9475427, 10.2368685, 0.0 ], [ 76.9472644, 10.2368776, 0.0 ], [ 76.9449048, 10.2365346, 0.0 ], [ 76.944704, 10.2365482, 0.0 ], [ 76.943545, 10.2371587, 0.0 ], [ 76.9435358, 10.2371631, 0.0 ], [ 76.9403277, 10.2386781, 0.0 ], [ 76.9393602, 10.2389043, 0.0 ], [ 76.9385935, 10.2388682, 0.0 ], [ 76.934732, 10.2364052, 0.0 ], [ 76.9333674, 10.2359579, 0.0 ], [ 76.9328745, 10.2362337, 0.0 ], [ 76.9323726, 10.2364463, 0.0 ], [ 76.9323634, 10.2364507, 0.0 ], [ 76.9309714, 10.2356057, 0.0 ], [ 76.9291411, 10.2343809, 0.0 ], [ 76.9285158, 10.2341866, 0.0 ], [ 76.9268682, 10.2334816, 0.0 ], [ 76.9256177, 10.232858, 0.0 ], [ 76.9253483, 10.2328535, 0.0 ], [ 76.9248647, 10.2328219, 0.0 ], [ 76.9236598, 10.2325282, 0.0 ], [ 76.9227059, 10.2325148, 0.0 ], [ 76.9215969, 10.2321939, 0.0 ], [ 76.9215604, 10.2321849, 0.0 ], [ 76.9202871, 10.2325286, 0.0 ], [ 76.9191234, 10.2326734, 0.0 ], [ 76.9183157, 10.2328498, 0.0 ], [ 76.9160338, 10.2336954, 0.0 ], [ 76.9140213, 10.2344821, 0.0 ], [ 76.9140121, 10.2344822, 0.0 ], [ 76.91393, 10.2344957, 0.0 ], [ 76.9133687, 10.2344641, 0.0 ], [ 76.9126385, 10.2347354, 0.0 ], [ 76.911598, 10.235287, 0.0 ], [ 76.9106898, 10.2358115, 0.0 ], [ 76.9102015, 10.2362183, 0.0 ], [ 76.9099734, 10.2364805, 0.0 ], [ 76.909841, 10.2367201, 0.0 ], [ 76.9098137, 10.2370637, 0.0 ], [ 76.9099689, 10.2378367, 0.0 ], [ 76.9100147, 10.23856, 0.0 ], [ 76.9098595, 10.2391838, 0.0 ], [ 76.9092206, 10.2400789, 0.0 ], [ 76.9082623, 10.240852, 0.0 ], [ 76.9072719, 10.2412227, 0.0 ], [ 76.9065463, 10.2411505, 0.0 ], [ 76.9061447, 10.2409109, 0.0 ], [ 76.9056792, 10.2404679, 0.0 ], [ 76.9052912, 10.2402193, 0.0 ], [ 76.9045655, 10.2401561, 0.0 ], [ 76.9030047, 10.2402964, 0.0 ], [ 76.9030047, 10.2403054, 0.0 ], [ 76.9037624, 10.2417744, 0.0 ], [ 76.9045475, 10.2434696, 0.0 ], [ 76.9045475, 10.2434786, 0.0 ], [ 76.9047028, 10.2442516, 0.0 ], [ 76.9051775, 10.2465389, 0.0 ], [ 76.9053693, 10.2473707, 0.0 ], [ 76.9054561, 10.2479177, 0.0 ], [ 76.9053967, 10.2480985, 0.0 ], [ 76.9052735, 10.2483245, 0.0 ], [ 76.9051274, 10.2485641, 0.0 ], [ 76.9049724, 10.2490027, 0.0 ], [ 76.9047715, 10.2495632, 0.0 ], [ 76.9047265, 10.2500188, 0.0 ], [ 76.9046516, 10.2504061, 0.0 ], [ 76.9045522, 10.2507633, 0.0 ], [ 76.9044294, 10.2509083, 0.0 ], [ 76.9042745, 10.2510308, 0.0 ], [ 76.9039828, 10.2511311, 0.0 ], [ 76.9037188, 10.2513985, 0.0 ], [ 76.9033866, 10.2517383, 0.0 ], [ 76.9014224, 10.2511607, 0.0 ], [ 76.9012066, 10.2518441, 0.0 ], [ 76.8998653, 10.2525391, 0.0 ], [ 76.8991361, 10.2529027, 0.0 ], [ 76.8981646, 10.2531584, 0.0 ], [ 76.8973347, 10.2533777, 0.0 ], [ 76.8965914, 10.2536463, 0.0 ], [ 76.8963364, 10.2538279, 0.0 ], [ 76.8964205, 10.2545599, 0.0 ], [ 76.8967262, 10.2561229, 0.0 ], [ 76.8969668, 10.2573201, 0.0 ], [ 76.8969629, 10.257537, 0.0 ], [ 76.8964987, 10.2580581, 0.0 ], [ 76.8960204, 10.2583623, 0.0 ], [ 76.8955736, 10.2585578, 0.0 ], [ 76.8945468, 10.2586013, 0.0 ], [ 76.8929031, 10.2583933, 0.0 ], [ 76.8917752, 10.2581614, 0.0 ], [ 76.8909985, 10.2579104, 0.0 ], [ 76.8900185, 10.2567062, 0.0 ], [ 76.8892537, 10.2557862, 0.0 ], [ 76.8890458, 10.2565326, 0.0 ], [ 76.8887932, 10.2575728, 0.0 ], [ 76.8865814, 10.2582523, 0.0 ], [ 76.8846524, 10.258818, 0.0 ], [ 76.8839135, 10.2590189, 0.0 ], [ 76.8830472, 10.2593331, 0.0 ], [ 76.8820544, 10.2601629, 0.0 ], [ 76.8800054, 10.2602407, 0.0 ], [ 76.8789557, 10.2602842, 0.0 ], [ 76.8778606, 10.2603866, 0.0 ], [ 76.8773664, 10.2615857, 0.0 ], [ 76.877127, 10.2624903, 0.0 ], [ 76.8775011, 10.2624441, 0.0 ], [ 76.8777661, 10.2625203, 0.0 ], [ 76.8783392, 10.2634951, 0.0 ], [ 76.879343, 10.2650517, 0.0 ], [ 76.8797751, 10.2661399, 0.0 ], [ 76.879877, 10.2666956, 0.0 ], [ 76.8798645, 10.2671249, 0.0 ], [ 76.8797065, 10.2677808, 0.0 ], [ 76.8793759, 10.2687354, 0.0 ], [ 76.8791582, 10.2692467, 0.0 ], [ 76.8789307, 10.269496, 0.0 ], [ 76.8778866, 10.2699011, 0.0 ], [ 76.8761496, 10.270647, 0.0 ], [ 76.8745948, 10.2712252, 0.0 ], [ 76.873404, 10.2714137, 0.0 ], [ 76.8712684, 10.2716182, 0.0 ], [ 76.8702523, 10.2705451, 0.0 ], [ 76.8696616, 10.2698778, 0.0 ], [ 76.868793, 10.2693558, 0.0 ], [ 76.8678935, 10.2692361, 0.0 ], [ 76.866981, 10.2693561, 0.0 ], [ 76.8661923, 10.2697198, 0.0 ], [ 76.8656598, 10.2702816, 0.0 ], [ 76.8654969, 10.2708019, 0.0 ], [ 76.8655077, 10.2713894, 0.0 ], [ 76.8658163, 10.2724418, 0.0 ], [ 76.8658034, 10.272731, 0.0 ], [ 76.8656123, 10.2729395, 0.0 ], [ 76.8653979, 10.2730078, 0.0 ], [ 76.8644485, 10.2730104, 0.0 ], [ 76.8628508, 10.2729423, 0.0 ], [ 76.8614589, 10.2730092, 0.0 ], [ 76.860569, 10.2730658, 0.0 ], [ 76.8600215, 10.2731757, 0.0 ], [ 76.8595431, 10.2734617, 0.0 ], [ 76.8590245, 10.2741139, 0.0 ], [ 76.8585566, 10.2749514, 0.0 ], [ 76.8582514, 10.2751556, 0.0 ], [ 76.8576901, 10.2752565, 0.0 ], [ 76.8573709, 10.2753386, 0.0 ], [ 76.856947, 10.275602, 0.0 ], [ 76.8562186, 10.2762593, 0.0 ], [ 76.8548604, 10.2770176, 0.0 ], [ 76.8546051, 10.2771268, 0.0 ], [ 76.8540483, 10.2771734, 0.0 ], [ 76.8528658, 10.2770364, 0.0 ], [ 76.8524779, 10.2770826, 0.0 ], [ 76.8507417, 10.2781583, 0.0 ], [ 76.8499808, 10.2786711, 0.0 ], [ 76.8483961, 10.2800629, 0.0 ], [ 76.8476313, 10.2808332, 0.0 ], [ 76.8471616, 10.2810152, 0.0 ], [ 76.8453044, 10.2812008, 0.0 ], [ 76.8441657, 10.2803812, 0.0 ], [ 76.8438319, 10.280165, 0.0 ], [ 76.8433115, 10.2801529, 0.0 ], [ 76.8427184, 10.2802447, 0.0 ], [ 76.8423994, 10.2804173, 0.0 ], [ 76.8418125, 10.2811918, 0.0 ], [ 76.8408306, 10.2826994, 0.0 ], [ 76.8403891, 10.2831978, 0.0 ], [ 76.8402297, 10.2833112, 0.0 ], [ 76.8375556, 10.2835847, 0.0 ], [ 76.8360268, 10.2837062, 0.0 ], [ 76.8347722, 10.2804234, 0.0 ], [ 76.8343673, 10.279204, 0.0 ], [ 76.8336377, 10.2777097, 0.0 ], [ 76.8331382, 10.2769425, 0.0 ], [ 76.832465, 10.2760945, 0.0 ], [ 76.8317563, 10.2756307, 0.0 ], [ 76.8307422, 10.275335, 0.0 ], [ 76.8297152, 10.2752879, 0.0 ], [ 76.8287798, 10.2754485, 0.0 ], [ 76.8281966, 10.2758296, 0.0 ], [ 76.8279101, 10.2762372, 0.0 ], [ 76.8277516, 10.2767347, 0.0 ], [ 76.827703, 10.2773405, 0.0 ], [ 76.8276147, 10.278525, 0.0 ], [ 76.827466, 10.2792621, 0.0 ], [ 76.8272486, 10.2799272, 0.0 ], [ 76.8268803, 10.2804795, 0.0 ], [ 76.8262198, 10.2809784, 0.0 ], [ 76.825408, 10.2812697, 0.0 ], [ 76.8234014, 10.2819211, 0.0 ], [ 76.8194279, 10.2827537, 0.0 ], [ 76.8182418, 10.283055, 0.0 ], [ 76.8171841, 10.2835368, 0.0 ], [ 76.8153653, 10.2845041, 0.0 ], [ 76.8148411, 10.2847721, 0.0 ], [ 76.8137147, 10.2852088, 0.0 ], [ 76.8125561, 10.2854964, 0.0 ], [ 76.811119, 10.2857803, 0.0 ], [ 76.8102202, 10.2859769, 0.0 ], [ 76.8097549, 10.2860639, 0.0 ], [ 76.8094214, 10.2859607, 0.0 ], [ 76.808, 10.2852229, 0.0 ], [ 76.8069951, 10.2849452, 0.0 ], [ 76.8046723, 10.2851317, 0.0 ], [ 76.8041566, 10.2851691, 0.0 ], [ 76.8039051, 10.2850341, 0.0 ], [ 76.8031176, 10.2840462, 0.0 ], [ 76.8022429, 10.2828731, 0.0 ], [ 76.8014333, 10.2822243, 0.0 ], [ 76.8006146, 10.2815573, 0.0 ], [ 76.800111, 10.2809437, 0.0 ], [ 76.7997941, 10.2801762, 0.0 ], [ 76.7992992, 10.2793864, 0.0 ], [ 76.7987217, 10.2784159, 0.0 ], [ 76.7981725, 10.2778387, 0.0 ], [ 76.7972814, 10.2774431, 0.0 ], [ 76.7966284, 10.2773046, 0.0 ], [ 76.7958661, 10.2772974, 0.0 ], [ 76.7953278, 10.2773981, 0.0 ], [ 76.7951456, 10.2775658, 0.0 ], [ 76.7945978, 10.2793752, 0.0 ], [ 76.7942799, 10.2800269, 0.0 ], [ 76.7940929, 10.2801177, 0.0 ], [ 76.7933994, 10.2802188, 0.0 ], [ 76.7928837, 10.2802337, 0.0 ], [ 76.7921753, 10.2798918, 0.0 ], [ 76.7906301, 10.2788966, 0.0 ], [ 76.7889435, 10.2779379, 0.0 ], [ 76.7874819, 10.2775662, 0.0 ], [ 76.7863086, 10.2774154, 0.0 ], [ 76.7854868, 10.2773496, 0.0 ], [ 76.7841543, 10.2774839, 0.0 ], [ 76.7833331, 10.277653, 0.0 ], [ 76.7824061, 10.2774745, 0.0 ], [ 76.781396, 10.2769299, 0.0 ], [ 76.7801077, 10.2764403, 0.0 ], [ 76.7789207, 10.2763618, 0.0 ], [ 76.7776979, 10.2765229, 0.0 ], [ 76.7764432, 10.2767337, 0.0 ], [ 76.7758451, 10.2766584, 0.0 ], [ 76.7751373, 10.276529, 0.0 ], [ 76.7745294, 10.2761914, 0.0 ], [ 76.774291, 10.27574, 0.0 ], [ 76.7741664, 10.2751526, 0.0 ], [ 76.7742719, 10.2735115, 0.0 ], [ 76.7744079, 10.2712196, 0.0 ], [ 76.77391, 10.2710716, 0.0 ], [ 76.7725852, 10.2706091, 0.0 ], [ 76.7709222, 10.2699215, 0.0 ], [ 76.7693321, 10.2691704, 0.0 ], [ 76.768446, 10.2689419, 0.0 ], [ 76.7677067, 10.2689798, 0.0 ], [ 76.7661373, 10.2692954, 0.0 ], [ 76.764837, 10.2694837, 0.0 ], [ 76.7620117, 10.269522, 0.0 ], [ 76.7611352, 10.2694517, 0.0 ], [ 76.7599575, 10.2694046, 0.0 ], [ 76.75941, 10.2694737, 0.0 ], [ 76.7589448, 10.2696465, 0.0 ], [ 76.758284, 10.270082, 0.0 ], [ 76.7575596, 10.2706261, 0.0 ], [ 76.7568126, 10.2712877, 0.0 ], [ 76.7554192, 10.2726786, 0.0 ], [ 76.7540251, 10.2738029, 0.0 ], [ 76.7534647, 10.27422, 0.0 ], [ 76.7525859, 10.2751125, 0.0 ], [ 76.752163, 10.2757914, 0.0 ], [ 76.7520355, 10.2778755, 0.0 ], [ 76.7510457, 10.278167, 0.0 ], [ 76.7499996, 10.278069, 0.0 ], [ 76.7471319, 10.2777653, 0.0 ], [ 76.7468806, 10.2776349, 0.0 ], [ 76.7463447, 10.2767819, 0.0 ], [ 76.7460566, 10.2765566, 0.0 ], [ 76.7443624, 10.2760904, 0.0 ], [ 76.7426911, 10.2757326, 0.0 ], [ 76.7422068, 10.2754897, 0.0 ], [ 76.7409174, 10.2743898, 0.0 ], [ 76.7404562, 10.2742824, 0.0 ], [ 76.7394753, 10.2744609, 0.0 ], [ 76.7389003, 10.2744486, 0.0 ], [ 76.7386305, 10.2742142, 0.0 ], [ 76.7375647, 10.2731183, 0.0 ], [ 76.7367781, 10.2724602, 0.0 ], [ 76.7353483, 10.2718578, 0.0 ], [ 76.7328505, 10.2712398, 0.0 ], [ 76.7305855, 10.2706076, 0.0 ], [ 76.7287592, 10.2702727, 0.0 ], [ 76.7259568, 10.2701388, 0.0 ], [ 76.7239165, 10.2699942, 0.0 ], [ 76.722976, 10.2698109, 0.0 ], [ 76.7211271, 10.2695348, 0.0 ], [ 76.7198442, 10.2692935, 0.0 ], [ 76.7178269, 10.2692482, 0.0 ], [ 76.7149246, 10.269354, 0.0 ], [ 76.7130628, 10.269462, 0.0 ], [ 76.7086864, 10.2695619, 0.0 ], [ 76.706163, 10.2696938, 0.0 ], [ 76.7045777, 10.2668093, 0.0 ], [ 76.7016326, 10.2661196, 0.0 ], [ 76.6987514, 10.2654071, 0.0 ], [ 76.6973307, 10.2647186, 0.0 ], [ 76.6956723, 10.2639266, 0.0 ], [ 76.6953074, 10.2640224, 0.0 ], [ 76.693178, 10.2648494, 0.0 ], [ 76.69191, 10.2651595, 0.0 ], [ 76.690838, 10.2653967, 0.0 ], [ 76.6892876, 10.2659739, 0.0 ], [ 76.6876465, 10.2666579, 0.0 ], [ 76.6876464, 10.2666579, 0.0 ], [ 76.6860503, 10.267323, 0.0 ], [ 76.6838797, 10.268114, 0.0 ], [ 76.6830038, 10.2682379, 0.0 ], [ 76.681001, 10.2685855, 0.0 ], [ 76.6747337, 10.2701215, 0.0 ], [ 76.6720107, 10.2708773, 0.0 ], [ 76.6698212, 10.2713609, 0.0 ], [ 76.6692057, 10.2716513, 0.0 ], [ 76.6684038, 10.2723084, 0.0 ], [ 76.6670495, 10.2728444, 0.0 ], [ 76.6655134, 10.2737424, 0.0 ], [ 76.6634679, 10.2755227, 0.0 ], [ 76.6619739, 10.2769449, 0.0 ], [ 76.6619162, 10.2799686, 0.0 ], [ 76.6603191, 10.2800894, 0.0 ], [ 76.6581831, 10.2800213, 0.0 ], [ 76.6524058, 10.2802814, 0.0 ], [ 76.6499871, 10.2803767, 0.0 ], [ 76.6477599, 10.2803539, 0.0 ], [ 76.6458567, 10.2802673, 0.0 ], [ 76.6456095, 10.2799424, 0.0 ], [ 76.643074, 10.2763588, 0.0 ], [ 76.6420083, 10.2752219, 0.0 ], [ 76.6411079, 10.2745412, 0.0 ], [ 76.639432, 10.2740157, 0.0 ], [ 76.6378372, 10.2736131, 0.0 ], [ 76.6371398, 10.2734371, 0.0 ], [ 76.6356056, 10.2730288, 0.0 ], [ 76.6342818, 10.272846, 0.0 ], [ 76.6325701, 10.2726776, 0.0 ], [ 76.6306898, 10.2726903, 0.0 ], [ 76.6282252, 10.2726226, 0.0 ], [ 76.6271118, 10.2726519, 0.0 ], [ 76.6263686, 10.273033, 0.0 ], [ 76.6249283, 10.2739758, 0.0 ], [ 76.6240663, 10.2742441, 0.0 ], [ 76.6232764, 10.2740784, 0.0 ], [ 76.6212946, 10.2735126, 0.0 ], [ 76.6208103, 10.2755745, 0.0 ], [ 76.6202071, 10.2775191, 0.0 ], [ 76.6193889, 10.2792561, 0.0 ], [ 76.6187612, 10.2803194, 0.0 ], [ 76.6108427, 10.2802303, 0.0 ], [ 76.6089579, 10.2802564, 0.0 ], [ 76.6033306, 10.2802307, 0.0 ], [ 76.603199, 10.2806286, 0.0 ], [ 76.6027807, 10.2815107, 0.0 ], [ 76.6020384, 10.2823257, 0.0 ], [ 76.6008177, 10.2836341, 0.0 ], [ 76.5996147, 10.2846079, 0.0 ], [ 76.5974267, 10.286126, 0.0 ], [ 76.5946737, 10.2880428, 0.0 ], [ 76.5940403, 10.2885727, 0.0 ], [ 76.593257, 10.2894962, 0.0 ], [ 76.5925097, 10.29018, 0.0 ], [ 76.5910971, 10.2913893, 0.0 ], [ 76.5903499, 10.2920911, 0.0 ], [ 76.5900448, 10.2924397, 0.0 ], [ 76.5899318, 10.2930501, 0.0 ], [ 76.5898333, 10.2965711, 0.0 ], [ 76.5899005, 10.298415, 0.0 ], [ 76.5898467, 10.2989303, 0.0 ], [ 76.5889562, 10.2986879, 0.0 ], [ 76.5874035, 10.2981437, 0.0 ], [ 76.5863672, 10.2980191, 0.0 ], [ 76.5856188, 10.2980972, 0.0 ], [ 76.5848665, 10.2985008, 0.0 ], [ 76.5840463, 10.2992435, 0.0 ], [ 76.5828022, 10.3002988, 0.0 ], [ 76.5817674, 10.3010283, 0.0 ], [ 76.5810739, 10.301147, 0.0 ], [ 76.5797321, 10.3011675, 0.0 ], [ 76.5788471, 10.3014222, 0.0 ], [ 76.5781634, 10.3019747, 0.0 ], [ 76.5774204, 10.3024777, 0.0 ], [ 76.5765168, 10.3025381, 0.0 ], [ 76.5760281, 10.3023446, 0.0 ], [ 76.5753972, 10.3017627, 0.0 ], [ 76.5744686, 10.3005892, 0.0 ], [ 76.5730792, 10.2995475, 0.0 ], [ 76.5711547, 10.2978606, 0.0 ], [ 76.5688374, 10.2959844, 0.0 ], [ 76.5670822, 10.294514, 0.0 ], [ 76.5662546, 10.2936206, 0.0 ], [ 76.5661169, 10.2931643, 0.0 ], [ 76.5662436, 10.292554, 0.0 ], [ 76.5667079, 10.2919069, 0.0 ], [ 76.5683162, 10.2903041, 0.0 ], [ 76.5709915, 10.2881933, 0.0 ], [ 76.5728145, 10.2867213, 0.0 ], [ 76.5734793, 10.2858975, 0.0 ], [ 76.5737659, 10.2853456, 0.0 ], [ 76.5737652, 10.284966, 0.0 ], [ 76.5733993, 10.2845282, 0.0 ], [ 76.5725546, 10.2842857, 0.0 ], [ 76.5713631, 10.2841385, 0.0 ], [ 76.570017, 10.2842222, 0.0 ], [ 76.5686896, 10.2846268, 0.0 ], [ 76.5671524, 10.2851266, 0.0 ], [ 76.5657695, 10.285138, 0.0 ], [ 76.5643133, 10.2849326, 0.0 ], [ 76.5626607, 10.2846778, 0.0 ], [ 76.5607391, 10.2845907, 0.0 ], [ 76.5597804, 10.2843664, 0.0 ], [ 76.5584696, 10.2838262, 0.0 ], [ 76.5565063, 10.283355, 0.0 ], [ 76.5554332, 10.2830359, 0.0 ], [ 76.5541596, 10.2828709, 0.0 ], [ 76.553028, 10.2829722, 0.0 ], [ 76.5521892, 10.2835656, 0.0 ], [ 76.5516745, 10.2841586, 0.0 ], [ 76.5500302, 10.2860687, 0.0 ], [ 76.5483902, 10.287816, 0.0 ], [ 76.5468769, 10.2890027, 0.0 ], [ 76.5456864, 10.289443, 0.0 ], [ 76.5444407, 10.2895626, 0.0 ], [ 76.5421174, 10.2894626, 0.0 ], [ 76.5405013, 10.2891624, 0.0 ], [ 76.5393504, 10.2886761, 0.0 ], [ 76.5369809, 10.2882145, 0.0 ], [ 76.5344475, 10.2879745, 0.0 ], [ 76.5331053, 10.2877326, 0.0 ], [ 76.5305848, 10.2869864, 0.0 ], [ 76.5284477, 10.2862713, 0.0 ], [ 76.5270773, 10.2855141, 0.0 ], [ 76.5254463, 10.2845134, 0.0 ], [ 76.5245971, 10.2843249, 0.0 ], [ 76.5233148, 10.2844129, 0.0 ], [ 76.5218137, 10.2846593, 0.0 ], [ 76.5208102, 10.2850722, 0.0 ], [ 76.5197798, 10.2856614, 0.0 ], [ 76.5187449, 10.2863725, 0.0 ], [ 76.5179015, 10.2869253, 0.0 ], [ 76.5167478, 10.287578, 0.0 ], [ 76.5159631, 10.2877554, 0.0 ], [ 76.5148269, 10.2878929, 0.0 ], [ 76.5132934, 10.2879224, 0.0 ], [ 76.5122439, 10.2880009, 0.0 ], [ 76.5120993, 10.2880433, 0.0 ], [ 76.5103416, 10.2885597, 0.0 ], [ 76.5089774, 10.2888194, 0.0 ], [ 76.5069879, 10.2890937, 0.0 ], [ 76.5061207, 10.289095, 0.0 ], [ 76.504427, 10.2887632, 0.0 ], [ 76.5024866, 10.2883322, 0.0 ], [ 76.5010617, 10.2877333, 0.0 ], [ 76.5001989, 10.2875402, 0.0 ], [ 76.4999996, 10.2874606, 0.0 ], [ 76.4991229, 10.2876915, 0.0 ], [ 76.4984656, 10.2876519, 0.0 ], [ 76.4979134, 10.2877657, 0.0 ], [ 76.4974527, 10.2879427, 0.0 ], [ 76.4968237, 10.2885177, 0.0 ], [ 76.4959082, 10.2898661, 0.0 ], [ 76.4951617, 10.2912053, 0.0 ], [ 76.4947245, 10.2918433, 0.0 ], [ 76.4942414, 10.2923232, 0.0 ], [ 76.4923307, 10.293551, 0.0 ], [ 76.4914551, 10.2940812, 0.0 ], [ 76.490684, 10.2942993, 0.0 ], [ 76.4898214, 10.294373, 0.0 ], [ 76.4891823, 10.2943559, 0.0 ], [ 76.4884153, 10.2942485, 0.0 ], [ 76.4869902, 10.2936675, 0.0 ], [ 76.4857293, 10.2929099, 0.0 ], [ 76.4842311, 10.2923019, 0.0 ], [ 76.4830165, 10.2920279, 0.0 ], [ 76.4820262, 10.2921198, 0.0 ], [ 76.4800871, 10.2927329, 0.0 ], [ 76.4788323, 10.2930512, 0.0 ], [ 76.4782846, 10.2931378, 0.0 ], [ 76.4776866, 10.2930573, 0.0 ], [ 76.4763988, 10.2926252, 0.0 ], [ 76.4751382, 10.2921298, 0.0 ], [ 76.4738369, 10.2918288, 0.0 ], [ 76.473152, 10.2917665, 0.0 ], [ 76.4724262, 10.2917494, 0.0 ], [ 76.4718558, 10.2918814, 0.0 ], [ 76.4713722, 10.2920403, 0.0 ], [ 76.4708202, 10.2922355, 0.0 ], [ 76.4700539, 10.2926118, 0.0 ], [ 76.4687358, 10.2933368, 0.0 ], [ 76.4675044, 10.2940618, 0.0 ], [ 76.466008, 10.2946381, 0.0 ], [ 76.4635622, 10.2952382, 0.0 ], [ 76.4607334, 10.2961462, 0.0 ], [ 76.4591912, 10.2965869, 0.0 ], [ 76.4583104, 10.2967011, 0.0 ], [ 76.4572562, 10.2968563, 0.0 ], [ 76.4560465, 10.2968398, 0.0 ], [ 76.4526498, 10.296397, 0.0 ], [ 76.4516454, 10.2963396, 0.0 ], [ 76.4507235, 10.2964313, 0.0 ], [ 76.4498428, 10.2966133, 0.0 ], [ 76.4490489, 10.296854, 0.0 ], [ 76.4477251, 10.2968603, 0.0 ], [ 76.4467571, 10.2966265, 0.0 ], [ 76.4460947, 10.2963201, 0.0 ], [ 76.4454961, 10.2958191, 0.0 ], [ 76.4450343, 10.2952095, 0.0 ], [ 76.4444168, 10.2942792, 0.0 ], [ 76.4439914, 10.2936876, 0.0 ], [ 76.4435483, 10.2934531, 0.0 ], [ 76.4428224, 10.2933908, 0.0 ], [ 76.4404228, 10.2943839, 0.0 ], [ 76.439606, 10.2946246, 0.0 ], [ 76.4383416, 10.2946127, 0.0 ], [ 76.4373281, 10.2944197, 0.0 ], [ 76.4368714, 10.2943525, 0.0 ], [ 76.4362274, 10.2939872, 0.0 ], [ 76.4337411, 10.2916489, 0.0 ], [ 76.4335903, 10.291509, 0.0 ], [ 76.4313425, 10.2900383, 0.0 ], [ 76.4304793, 10.2896688, 0.0 ], [ 76.4297076, 10.2894754, 0.0 ], [ 76.428498, 10.2894815, 0.0 ], [ 76.4278134, 10.2895276, 0.0 ], [ 76.427485, 10.2896637, 0.0 ], [ 76.4267187, 10.2901663, 0.0 ], [ 76.4254829, 10.2910223, 0.0 ], [ 76.4235077, 10.2919922, 0.0 ], [ 76.4214635, 10.2925418, 0.0 ], [ 76.4191544, 10.29306, 0.0 ], [ 76.4154131, 10.2943395, 0.0 ], [ 76.4159908, 10.2927703, 0.0 ], [ 76.4171633, 10.2888134, 0.0 ], [ 76.4127991, 10.2883534, 0.0 ], [ 76.4120963, 10.2885305, 0.0 ], [ 76.4116295, 10.2876179, 0.0 ], [ 76.4120292, 10.2859585, 0.0 ], [ 76.4134197, 10.2811336, 0.0 ], [ 76.4106797, 10.2800928, 0.0 ], [ 76.4082182, 10.27902, 0.0 ], [ 76.4081666, 10.2789993, 0.0 ], [ 76.4077569, 10.2788352, 0.0 ], [ 76.4062235, 10.2779448, 0.0 ], [ 76.4049862, 10.2772505, 0.0 ], [ 76.401353, 10.2759729, 0.0 ], [ 76.3990902, 10.2708622, 0.0 ], [ 76.3970259, 10.2675654, 0.0 ], [ 76.3936384, 10.2668779, 0.0 ], [ 76.392884, 10.2666912, 0.0 ], [ 76.392529, 10.2666034, 0.0 ], [ 76.3900529, 10.2640442, 0.0 ], [ 76.3899779, 10.2638033, 0.0 ], [ 76.3898508, 10.2636638, 0.0 ], [ 76.3901424, 10.2632747, 0.0 ], [ 76.3913834, 10.2553717, 0.0 ], [ 76.3898313, 10.2550028, 0.0 ], [ 76.3829528, 10.2546808, 0.0 ], [ 76.3807439, 10.2547377, 0.0 ], [ 76.3778321, 10.2548494, 0.0 ], [ 76.3774694, 10.2500026, 0.0 ], [ 76.3775245, 10.2496941, 0.0 ], [ 76.3780129, 10.2484465, 0.0 ], [ 76.3793775, 10.2450607, 0.0 ], [ 76.3774378, 10.2445544, 0.0 ], [ 76.3758359, 10.2440978, 0.0 ], [ 76.3753202, 10.2438356, 0.0 ], [ 76.3748638, 10.2435101, 0.0 ], [ 76.3745124, 10.2427642, 0.0 ], [ 76.3741564, 10.2420816, 0.0 ], [ 76.3737275, 10.2417561, 0.0 ], [ 76.3721803, 10.2410961, 0.0 ], [ 76.3690678, 10.2402552, 0.0 ], [ 76.3664299, 10.239577, 0.0 ], [ 76.3625553, 10.2383291, 0.0 ], [ 76.3579816, 10.2369938, 0.0 ], [ 76.3579813, 10.2369937, 0.0 ], [ 76.3576767, 10.2369049, 0.0 ], [ 76.3543771, 10.2359055, 0.0 ], [ 76.3504843, 10.2346801, 0.0 ], [ 76.3461763, 10.2333054, 0.0 ], [ 76.3420736, 10.2318448, 0.0 ], [ 76.3392944, 10.2310579, 0.0 ], [ 76.3399516, 10.2307641, 0.0 ], [ 76.340878, 10.2306874, 0.0 ], [ 76.3409374, 10.230475, 0.0 ], [ 76.3408554, 10.2301133, 0.0 ], [ 76.3406044, 10.2292951, 0.0 ], [ 76.3406, 10.2285085, 0.0 ], [ 76.340842, 10.2275502, 0.0 ], [ 76.340952, 10.2262887, 0.0 ], [ 76.3407285, 10.2263704, 0.0 ], [ 76.3402994, 10.2263708, 0.0 ], [ 76.340005, 10.2263417, 0.0 ], [ 76.3397107, 10.2263126, 0.0 ], [ 76.3392862, 10.2262994, 0.0 ], [ 76.3387568, 10.226187, 0.0 ], [ 76.3384144, 10.226115, 0.0 ], [ 76.3381268, 10.2260204, 0.0 ], [ 76.3380148, 10.225869, 0.0 ], [ 76.3376378, 10.2253789, 0.0 ], [ 76.3375144, 10.2251756, 0.0 ], [ 76.3375416, 10.2248998, 0.0 ], [ 76.3375686, 10.2246241, 0.0 ], [ 76.3376914, 10.2242488, 0.0 ], [ 76.3377138, 10.2238329, 0.0 ], [ 76.33762, 10.2235775, 0.0 ], [ 76.3373958, 10.2230037, 0.0 ], [ 76.3372654, 10.2226852, 0.0 ], [ 76.3367441, 10.2215918, 0.0 ], [ 76.3367438, 10.2214064, 0.0 ], [ 76.3368257, 10.2211622, 0.0 ], [ 76.3368895, 10.2210085, 0.0 ], [ 76.3368664, 10.2208412, 0.0 ], [ 76.3367659, 10.2207057, 0.0 ], [ 76.3365121, 10.2200366, 0.0 ], [ 76.3368819, 10.2197473, 0.0 ], [ 76.3367541, 10.2192545, 0.0 ], [ 76.3364439, 10.2183142, 0.0 ], [ 76.3362387, 10.2176452, 0.0 ], [ 76.3363164, 10.2167863, 0.0 ], [ 76.3362936, 10.216384, 0.0 ], [ 76.3360427, 10.2158912, 0.0 ], [ 76.3356685, 10.215204, 0.0 ], [ 76.3351897, 10.2134274, 0.0 ], [ 76.3333324, 10.2132644, 0.0 ], [ 76.3325339, 10.2127354, 0.0 ], [ 76.3319865, 10.2109452, 0.0 ], [ 76.3315799, 10.2101319, 0.0 ], [ 76.3312429, 10.2094578, 0.0 ], [ 76.3304764, 10.2088882, 0.0 ], [ 76.3294907, 10.2086032, 0.0 ], [ 76.3289751, 10.2085308, 0.0 ], [ 76.3281125, 10.20863, 0.0 ], [ 76.3278652, 10.2085724, 0.0 ], [ 76.3264059, 10.208232, 0.0 ], [ 76.3249594, 10.2076124, 0.0 ], [ 76.3246719, 10.2075762, 0.0 ], [ 76.3232299, 10.207481, 0.0 ], [ 76.3219978, 10.2074085, 0.0 ], [ 76.3207611, 10.2072093, 0.0 ], [ 76.3191138, 10.2070779, 0.0 ], [ 76.3138888, 10.2068327, 0.0 ], [ 76.3136607, 10.2067966, 0.0 ], [ 76.3107313, 10.2054533, 0.0 ], [ 76.3106903, 10.2048295, 0.0 ], [ 76.3106406, 10.20242, 0.0 ], [ 76.3106642, 10.1990206, 0.0 ], [ 76.3108059, 10.1979267, 0.0 ], [ 76.311395, 10.1961503, 0.0 ], [ 76.3117378, 10.1938404, 0.0 ], [ 76.3117615, 10.1896364, 0.0 ], [ 76.3118261, 10.1863319, 0.0 ], [ 76.3121366, 10.1856629, 0.0 ], [ 76.3119776, 10.1824217, 0.0 ], [ 76.3119713, 10.1824235, 0.0 ], [ 76.3106405, 10.1828102, 0.0 ], [ 76.3070263, 10.1839711, 0.0 ], [ 76.3045621, 10.1847074, 0.0 ], [ 76.3024219, 10.1852674, 0.0 ], [ 76.3019062, 10.1853667, 0.0 ], [ 76.3014134, 10.1852717, 0.0 ], [ 76.3006332, 10.1849143, 0.0 ], [ 76.3000721, 10.1843808, 0.0 ], [ 76.2996616, 10.1838427, 0.0 ], [ 76.2995932, 10.1834042, 0.0 ], [ 76.2999037, 10.1826584, 0.0 ], [ 76.2998583, 10.1817408, 0.0 ], [ 76.2992336, 10.1799867, 0.0 ], [ 76.2987137, 10.1788971, 0.0 ], [ 76.297902, 10.1771429, 0.0 ], [ 76.2974093, 10.1766275, 0.0 ], [ 76.2964376, 10.1760983, 0.0 ], [ 76.2952467, 10.1759488, 0.0 ], [ 76.2939508, 10.1761067, 0.0 ], [ 76.293353, 10.1762421, 0.0 ], [ 76.2925133, 10.1765176, 0.0 ], [ 76.2906833, 10.1773218, 0.0 ], [ 76.289474, 10.1779227, 0.0 ], [ 76.2885248, 10.1781213, 0.0 ], [ 76.2870875, 10.1781616, 0.0 ], [ 76.2863072, 10.1780302, 0.0 ], [ 76.285997, 10.1778584, 0.0 ], [ 76.285477, 10.1773248, 0.0 ], [ 76.2850072, 10.1767732, 0.0 ], [ 76.2842591, 10.1760496, 0.0 ], [ 76.2839306, 10.1757874, 0.0 ], [ 76.2834744, 10.1756516, 0.0 ], [ 76.2830226, 10.1755972, 0.0 ], [ 76.2824888, 10.1755021, 0.0 ], [ 76.2817451, 10.1752397, 0.0 ], [ 76.2802213, 10.1746877, 0.0 ], [ 76.279765, 10.1746921, 0.0 ], [ 76.2792539, 10.1747507, 0.0 ], [ 76.2784553, 10.1750217, 0.0 ], [ 76.2778393, 10.1751752, 0.0 ], [ 76.2768719, 10.1752924, 0.0 ], [ 76.2759045, 10.1754141, 0.0 ], [ 76.2751242, 10.1755133, 0.0 ], [ 76.2745265, 10.1754363, 0.0 ], [ 76.2743451, 10.1753613, 0.0 ], [ 76.2740338, 10.1752327, 0.0 ], [ 76.2737873, 10.1753818, 0.0 ], [ 76.2734769, 10.1758021, 0.0 ], [ 76.2735042, 10.1761095, 0.0 ], [ 76.2737505, 10.1764712, 0.0 ], [ 76.2738735, 10.1766023, 0.0 ], [ 76.2741792, 10.1769279, 0.0 ], [ 76.2742658, 10.1773484, 0.0 ], [ 76.2742474, 10.1777145, 0.0 ], [ 76.2741057, 10.1784604, 0.0 ], [ 76.2740644, 10.1790525, 0.0 ], [ 76.2739685, 10.1792604, 0.0 ], [ 76.2737814, 10.1793192, 0.0 ], [ 76.2734939, 10.1794185, 0.0 ], [ 76.2733889, 10.1795541, 0.0 ], [ 76.2734299, 10.179744, 0.0 ], [ 76.2735234, 10.1799316, 0.0 ], [ 76.2736169, 10.1801192, 0.0 ], [ 76.272351, 10.1806089, 0.0 ], [ 76.2720561, 10.1807199, 0.0 ], [ 76.2716453, 10.1811809, 0.0 ], [ 76.2715265, 10.1816962, 0.0 ], [ 76.2715674, 10.1821754, 0.0 ], [ 76.2716536, 10.1824443, 0.0 ], [ 76.2717358, 10.1827009, 0.0 ], [ 76.2718181, 10.1829575, 0.0 ], [ 76.2718179, 10.1834909, 0.0 ], [ 76.2715987, 10.1840649, 0.0 ], [ 76.2711695, 10.1847926, 0.0 ], [ 76.2707176, 10.1853123, 0.0 ], [ 76.2705143, 10.1854421, 0.0 ], [ 76.2699964, 10.1857731, 0.0 ], [ 76.2693028, 10.1859673, 0.0 ], [ 76.2687278, 10.1860846, 0.0 ], [ 76.2682715, 10.185994, 0.0 ], [ 76.26761, 10.1857226, 0.0 ], [ 76.2671582, 10.1856139, 0.0 ], [ 76.2669118, 10.18565, 0.0 ], [ 76.2664782, 10.1859211, 0.0 ], [ 76.2637587, 10.1879856, 0.0 ], [ 76.2612702, 10.1898746, 0.0 ], [ 76.2615394, 10.1901821, 0.0 ], [ 76.261708, 10.1906206, 0.0 ], [ 76.2616439, 10.1911585, 0.0 ], [ 76.2613425, 10.1919405, 0.0 ], [ 76.2610364, 10.1927088, 0.0 ], [ 76.2615701, 10.1933374, 0.0 ], [ 76.2618437, 10.1939297, 0.0 ], [ 76.2618617, 10.1945219, 0.0 ], [ 76.2616607, 10.1950552, 0.0 ], [ 76.2612498, 10.1956472, 0.0 ], [ 76.2602499, 10.1970482, 0.0 ], [ 76.2596609, 10.197925, 0.0 ], [ 76.2595969, 10.1981916, 0.0 ], [ 76.259784, 10.1983635, 0.0 ], [ 76.2600076, 10.1983817, 0.0 ], [ 76.2603362, 10.1982281, 0.0 ], [ 76.2608519, 10.1980927, 0.0 ], [ 76.2614679, 10.1981833, 0.0 ], [ 76.2620657, 10.1982016, 0.0 ], [ 76.2627456, 10.1981973, 0.0 ], [ 76.2635076, 10.1984101, 0.0 ], [ 76.2639592, 10.1987674, 0.0 ], [ 76.2641461, 10.1992285, 0.0 ], [ 76.2640866, 10.1998207, 0.0 ], [ 76.2638216, 10.2005439, 0.0 ], [ 76.2636573, 10.2006794, 0.0 ], [ 76.2632238, 10.2006838, 0.0 ], [ 76.2626078, 10.2005886, 0.0 ], [ 76.2619689, 10.200724, 0.0 ], [ 76.2614805, 10.2010719, 0.0 ], [ 76.2609053, 10.2017045, 0.0 ], [ 76.2602708, 10.2022061, 0.0 ], [ 76.2598417, 10.2023551, 0.0 ], [ 76.2595315, 10.2023188, 0.0 ], [ 76.2591984, 10.2020565, 0.0 ], [ 76.2588061, 10.201654, 0.0 ], [ 76.258455, 10.2010798, 0.0 ], [ 76.2561687, 10.2012055, 0.0 ], [ 76.2562779, 10.2021594, 0.0 ], [ 76.2558666, 10.2022751, 0.0 ], [ 76.2553556, 10.202393, 0.0 ], [ 76.2547991, 10.2025471, 0.0 ], [ 76.2542835, 10.202665, 0.0 ], [ 76.2539549, 10.2026291, 0.0 ], [ 76.2536673, 10.2025344, 0.0 ], [ 76.2532107, 10.2020963, 0.0 ], [ 76.2527586, 10.2017938, 0.0 ], [ 76.2524894, 10.2017171, 0.0 ], [ 76.2522247, 10.2017354, 0.0 ], [ 76.2517273, 10.2018172, 0.0 ], [ 76.2514627, 10.2018173, 0.0 ], [ 76.251134, 10.2016458, 0.0 ], [ 76.2509058, 10.2015691, 0.0 ], [ 76.2506593, 10.2015332, 0.0 ], [ 76.2504951, 10.2015152, 0.0 ], [ 76.2503854, 10.2014022, 0.0 ], [ 76.2499998, 10.2009069, 0.0 ], [ 76.2499561, 10.2008466, 0.0 ], [ 76.2497507, 10.2007518, 0.0 ], [ 76.2495226, 10.2007926, 0.0 ], [ 76.249121, 10.2008923, 0.0 ], [ 76.2483591, 10.2011506, 0.0 ], [ 76.2476658, 10.2014991, 0.0 ], [ 76.2467305, 10.2017892, 0.0 ], [ 76.2461556, 10.2018845, 0.0 ], [ 76.2455812, 10.2025313, 0.0 ], [ 76.2449791, 10.2029839, 0.0 ], [ 76.2445961, 10.2033684, 0.0 ], [ 76.2445324, 10.2037255, 0.0 ], [ 76.2446288, 10.2044397, 0.0 ], [ 76.2444649, 10.2049145, 0.0 ], [ 76.2442087, 10.2051661, 0.0 ], [ 76.2440089, 10.2053623, 0.0 ], [ 76.2434339, 10.2054395, 0.0 ], [ 76.2429776, 10.2053676, 0.0 ], [ 76.2426899, 10.205178, 0.0 ], [ 76.2423517, 10.2045408, 0.0 ], [ 76.2421321, 10.2037137, 0.0 ], [ 76.241744, 10.2033569, 0.0 ], [ 76.2410504, 10.2033709, 0.0 ], [ 76.2402108, 10.2035162, 0.0 ], [ 76.2393758, 10.2037111, 0.0 ], [ 76.238322, 10.2041413, 0.0 ], [ 76.2372681, 10.204454, 0.0 ], [ 76.2364557, 10.2041743, 0.0 ], [ 76.2359443, 10.2038401, 0.0 ], [ 76.2356336, 10.203221, 0.0 ], [ 76.235227, 10.2026562, 0.0 ], [ 76.2344557, 10.2024895, 0.0 ], [ 76.2336161, 10.2025896, 0.0 ], [ 76.2333335, 10.2030418, 0.0 ], [ 76.2331196, 10.2038963, 0.0 ], [ 76.2327137, 10.2041633, 0.0 ], [ 76.232116, 10.2042812, 0.0 ], [ 76.2301995, 10.2045673, 0.0 ], [ 76.2284247, 10.2049302, 0.0 ], [ 76.2262938, 10.2052978, 0.0 ], [ 76.2253812, 10.2053707, 0.0 ], [ 76.2225616, 10.2061636, 0.0 ], [ 76.2197343, 10.2070195, 0.0 ], [ 76.2197328, 10.2070199, 0.0 ], [ 76.2176688, 10.2049372, 0.0 ], [ 76.215742, 10.2032117, 0.0 ], [ 76.2142308, 10.2020554, 0.0 ], [ 76.2134865, 10.2013191, 0.0 ], [ 76.213272, 10.2013191, 0.0 ], [ 76.2115878, 10.2008863, 0.0 ], [ 76.2123206, 10.1978662, 0.0 ], [ 76.2123227, 10.1978608, 0.0 ], [ 76.2137192, 10.1941585, 0.0 ], [ 76.2114649, 10.1940875, 0.0 ], [ 76.2094298, 10.194256, 0.0 ], [ 76.207445, 10.1945285, 0.0 ], [ 76.205168, 10.1946293, 0.0 ], [ 76.2041367, 10.1946571, 0.0 ], [ 76.2038291, 10.1945804, 0.0 ], [ 76.2031053, 10.1944, 0.0 ], [ 76.2021696, 10.1940028, 0.0 ], [ 76.2009418, 10.1935289, 0.0 ], [ 76.2001294, 10.1932174, 0.0 ], [ 76.199171, 10.1928925, 0.0 ], [ 76.1980619, 10.1926265, 0.0 ], [ 76.1969073, 10.192487, 0.0 ], [ 76.195447, 10.1923025, 0.0 ], [ 76.1936718, 10.1921182, 0.0 ], [ 76.1919242, 10.1921734, 0.0 ], [ 76.1906054, 10.1921561, 0.0 ], [ 76.1890903, 10.1919218, 0.0 ], [ 76.1875112, 10.1915249, 0.0 ], [ 76.1852293, 10.1908979, 0.0 ], [ 76.1832712, 10.1900988, 0.0 ], [ 76.1821119, 10.1895343, 0.0 ], [ 76.1803409, 10.1886854, 0.0 ], [ 76.1793312, 10.1881181, 0.0 ], [ 76.1783234, 10.1875518, 0.0 ], [ 76.1766894, 10.186748, 0.0 ], [ 76.1751514, 10.1862335, 0.0 ], [ 76.1749049, 10.1861884, 0.0 ], [ 76.1728469, 10.1858594, 0.0 ], [ 76.1707886, 10.1853406, 0.0 ], [ 76.1691046, 10.1848714, 0.0 ], [ 76.1686706, 10.183877, 0.0 ], [ 76.1678486, 10.1824083, 0.0 ], [ 76.1666936, 10.1813194, 0.0 ], [ 76.1648369, 10.1798024, 0.0 ], [ 76.1658386, 10.1779792, 0.0 ], [ 76.1657469, 10.177039, 0.0 ], [ 76.1657647, 10.1760264, 0.0 ], [ 76.1659602, 10.1746656, 0.0 ], [ 76.1661697, 10.1739106, 0.0 ], [ 76.166379, 10.1727126, 0.0 ], [ 76.1665428, 10.1718536, 0.0 ], [ 76.1667067, 10.170954, 0.0 ], [ 76.166898, 10.1702758, 0.0 ], [ 76.1672307, 10.169584, 0.0 ], [ 76.1676, 10.1687882, 0.0 ], [ 76.1680603, 10.1678613, 0.0 ], [ 76.1686301, 10.1665411, 0.0 ], [ 76.1690083, 10.1656367, 0.0 ], [ 76.1693683, 10.1647958, 0.0 ], [ 76.1699973, 10.163367, 0.0 ], [ 76.170412, 10.1623587, 0.0 ], [ 76.1709452, 10.1611198, 0.0 ], [ 76.1715331, 10.1598177, 0.0 ], [ 76.1719704, 10.1584342, 0.0 ], [ 76.1723257, 10.1572993, 0.0 ], [ 76.17264, 10.1562052, 0.0 ], [ 76.1728906, 10.1553869, 0.0 ], [ 76.1734874, 10.1537502, 0.0 ], [ 76.1740114, 10.1523621, 0.0 ], [ 76.1745355, 10.1511458, 0.0 ], [ 76.1748725, 10.149907, 0.0 ], [ 76.1752278, 10.1488808, 0.0 ], [ 76.1756789, 10.1475832, 0.0 ], [ 76.176344, 10.145752, 0.0 ], [ 76.1768499, 10.1446216, 0.0 ], [ 76.1774786, 10.1429578, 0.0 ], [ 76.1778977, 10.1417279, 0.0 ], [ 76.1783258, 10.1403807, 0.0 ], [ 76.1784368, 10.1400351, 0.0 ], [ 76.1788497, 10.1387485, 0.0 ], [ 76.1792232, 10.1375096, 0.0 ], [ 76.1795374, 10.1363748, 0.0 ], [ 76.1798109, 10.1360176, 0.0 ], [ 76.1802078, 10.1359632, 0.0 ], [ 76.1806267, 10.1343311, 0.0 ], [ 76.180581, 10.134322, 0.0 ], [ 76.1803801, 10.1339107, 0.0 ], [ 76.180439, 10.133088, 0.0 ], [ 76.1806667, 10.1323329, 0.0 ], [ 76.1809855, 10.131388, 0.0 ], [ 76.1812999, 10.1305696, 0.0 ], [ 76.1820559, 10.1281553, 0.0 ], [ 76.1825343, 10.126939, 0.0 ], [ 76.1830357, 10.1261702, 0.0 ], [ 76.1832408, 10.1257724, 0.0 ], [ 76.1834412, 10.1252886, 0.0 ], [ 76.1835551, 10.1248184, 0.0 ], [ 76.1837235, 10.1241673, 0.0 ], [ 76.1837826, 10.123765, 0.0 ], [ 76.1839238, 10.1231773, 0.0 ], [ 76.1840878, 10.1227929, 0.0 ], [ 76.1842244, 10.1223318, 0.0 ], [ 76.18432, 10.1218706, 0.0 ], [ 76.1845066, 10.121206, 0.0 ], [ 76.1845794, 10.1207901, 0.0 ], [ 76.1846145, 10.1206589, 0.0 ], [ 76.1847115, 10.1202972, 0.0 ], [ 76.1848526, 10.1197366, 0.0 ], [ 76.1852076, 10.1184346, 0.0 ], [ 76.1854492, 10.1178513, 0.0 ], [ 76.1856359, 10.1172319, 0.0 ], [ 76.1857951, 10.1165628, 0.0 ], [ 76.1859407, 10.1157716, 0.0 ], [ 76.1860817, 10.1149443, 0.0 ], [ 76.1862728, 10.1141033, 0.0 ], [ 76.1863729, 10.1136016, 0.0 ], [ 76.1865094, 10.1129189, 0.0 ], [ 76.186614, 10.1123537, 0.0 ], [ 76.1867915, 10.1116168, 0.0 ], [ 76.1869554, 10.110916, 0.0 ], [ 76.1870918, 10.1102741, 0.0 ], [ 76.1871235, 10.1097497, 0.0 ], [ 76.1872144, 10.1090354, 0.0 ], [ 76.1873053, 10.1084703, 0.0 ], [ 76.1874372, 10.1077605, 0.0 ], [ 76.1876331, 10.1071908, 0.0 ], [ 76.1878015, 10.1066166, 0.0 ], [ 76.1879563, 10.1058842, 0.0 ], [ 76.1881383, 10.105206, 0.0 ], [ 76.1882701, 10.1042747, 0.0 ], [ 76.1883837, 10.1034339, 0.0 ], [ 76.1884884, 10.1029501, 0.0 ], [ 76.1885644, 10.1025695, 0.0 ], [ 76.1886248, 10.1022674, 0.0 ], [ 76.1887249, 10.1017023, 0.0 ], [ 76.1888431, 10.1010332, 0.0 ], [ 76.1889341, 10.1005269, 0.0 ], [ 76.1890479, 10.1001471, 0.0 ], [ 76.1892166, 10.1000204, 0.0 ], [ 76.1894173, 10.0999661, 0.0 ], [ 76.1917488, 10.0904334, 0.0 ], [ 76.1929369, 10.0859319, 0.0 ], [ 76.1929332, 10.0859355, 0.0 ], [ 76.1930766, 10.0852317, 0.0 ], [ 76.1929625, 10.0850058, 0.0 ], [ 76.1929395, 10.0847752, 0.0 ], [ 76.1930215, 10.0844859, 0.0 ], [ 76.193509, 10.0835906, 0.0 ], [ 76.1938008, 10.0831474, 0.0 ], [ 76.1942294, 10.0828578, 0.0 ], [ 76.1957418, 10.0773578, 0.0 ], [ 76.1962826, 10.0751794, 0.0 ], [ 76.1963456, 10.0748962, 0.0 ], [ 76.1963652, 10.0744787, 0.0 ], [ 76.1970022, 10.0720277, 0.0 ], [ 76.1974632, 10.0702537, 0.0 ], [ 76.199091, 10.0653698, 0.0 ], [ 76.1986301, 10.0650943, 0.0 ], [ 76.1985568, 10.0645699, 0.0 ], [ 76.1987115, 10.0639822, 0.0 ], [ 76.1990438, 10.0628338, 0.0 ], [ 76.1992667, 10.0618934, 0.0 ], [ 76.1997539, 10.0601799, 0.0 ], [ 76.2000313, 10.0589185, 0.0 ], [ 76.200309, 10.0581001, 0.0 ], [ 76.2010328, 10.0554552, 0.0 ], [ 76.2013652, 10.0546232, 0.0 ], [ 76.2016701, 10.0535201, 0.0 ], [ 76.2018843, 10.0529955, 0.0 ], [ 76.202135, 10.0527649, 0.0 ], [ 76.2024405, 10.0527375, 0.0 ], [ 76.202518, 10.0525341, 0.0 ], [ 76.2023946, 10.0522991, 0.0 ], [ 76.2024492, 10.0519419, 0.0 ], [ 76.2027364, 10.0516705, 0.0 ], [ 76.20306, 10.0513178, 0.0 ], [ 76.2034611, 10.0507977, 0.0 ], [ 76.2037162, 10.0502822, 0.0 ], [ 76.2038938, 10.0498119, 0.0 ], [ 76.2041715, 10.0489709, 0.0 ], [ 76.2042406, 10.0487535, 0.0 ], [ 76.2044083, 10.048225, 0.0 ], [ 76.2045676, 10.0476824, 0.0 ], [ 76.2049046, 10.0468459, 0.0 ], [ 76.2051597, 10.046344, 0.0 ], [ 76.2053191, 10.0459144, 0.0 ], [ 76.2055149, 10.045304, 0.0 ], [ 76.2056422, 10.044653, 0.0 ], [ 76.205838, 10.0442958, 0.0 ], [ 76.2061801, 10.0441555, 0.0 ], [ 76.2063899, 10.0441599, 0.0 ], [ 76.2066902, 10.0429165, 0.0 ], [ 76.2069177, 10.0419942, 0.0 ], [ 76.207186, 10.0406469, 0.0 ], [ 76.2073405, 10.0398828, 0.0 ], [ 76.2076411, 10.0389469, 0.0 ], [ 76.2079732, 10.0376855, 0.0 ], [ 76.2084511, 10.0360397, 0.0 ], [ 76.2088152, 10.0347693, 0.0 ], [ 76.2092159, 10.0337654, 0.0 ], [ 76.2095619, 10.0326668, 0.0 ], [ 76.2098121, 10.0316676, 0.0 ], [ 76.2100486, 10.0306232, 0.0 ], [ 76.2103945, 10.0294522, 0.0 ], [ 76.2105782, 10.0287765, 0.0 ], [ 76.2106539, 10.0284982, 0.0 ], [ 76.2110317, 10.0272187, 0.0 ], [ 76.2111727, 10.0266671, 0.0 ], [ 76.2114097, 10.0264455, 0.0 ], [ 76.2118932, 10.0263502, 0.0 ], [ 76.212308, 10.0261104, 0.0 ], [ 76.2126315, 10.0255587, 0.0 ], [ 76.2128408, 10.024885, 0.0 ], [ 76.2131048, 10.0239717, 0.0 ], [ 76.21346, 10.0230041, 0.0 ], [ 76.2136784, 10.0222354, 0.0 ], [ 76.2139196, 10.0214849, 0.0 ], [ 76.2141518, 10.0207976, 0.0 ], [ 76.2143794, 10.020142, 0.0 ], [ 76.2145342, 10.0195587, 0.0 ], [ 76.214707, 10.0188399, 0.0 ], [ 76.2148479, 10.0180352, 0.0 ], [ 76.2149616, 10.0176012, 0.0 ], [ 76.2150662, 10.017262, 0.0 ], [ 76.2152574, 10.0165341, 0.0 ], [ 76.2154165, 10.0158289, 0.0 ], [ 76.2155576, 10.0152682, 0.0 ], [ 76.2157442, 10.014703, 0.0 ], [ 76.2158898, 10.0141198, 0.0 ], [ 76.2160034, 10.0135547, 0.0 ], [ 76.2162768, 10.0131612, 0.0 ], [ 76.2164818, 10.0127858, 0.0 ], [ 76.2167413, 10.0120127, 0.0 ], [ 76.2172283, 10.0105658, 0.0 ], [ 76.2174649, 10.0096841, 0.0 ], [ 76.2177653, 10.0087753, 0.0 ], [ 76.2180338, 10.0078485, 0.0 ], [ 76.2183388, 10.0070301, 0.0 ], [ 76.2185029, 10.0065127, 0.0 ], [ 76.2182146, 10.0053486, 0.0 ], [ 76.2182096, 10.0045982, 0.0 ], [ 76.2185008, 10.0035131, 0.0 ], [ 76.2190562, 10.0021431, 0.0 ], [ 76.2193602, 10.0015394, 0.0 ], [ 76.2196649, 10.0012494, 0.0 ], [ 76.2222961, 10.0000059, 0.0 ], [ 76.2222962, 10.0000059, 0.0 ], [ 76.2222959, 9.999933, 0.0 ], [ 76.2223052, 9.9998246, 0.0 ], [ 76.2223151, 9.9997996, 0.0 ], [ 76.2224488, 9.9981003, 0.0 ], [ 76.2225655, 9.9967045, 0.0 ], [ 76.2229139, 9.9947884, 0.0 ], [ 76.2233379, 9.9941796, 0.0 ], [ 76.2236932, 9.9935375, 0.0 ], [ 76.2239756, 9.992945, 0.0 ], [ 76.2245311, 9.9918055, 0.0 ], [ 76.2248272, 9.9912131, 0.0 ], [ 76.2251548, 9.9900422, 0.0 ], [ 76.2258418, 9.9876096, 0.0 ], [ 76.2260102, 9.9871892, 0.0 ], [ 76.2265429, 9.9859456, 0.0 ], [ 76.226766, 9.9854889, 0.0 ], [ 76.2276177, 9.9837706, 0.0 ], [ 76.227859, 9.9831105, 0.0 ], [ 76.2279591, 9.9828843, 0.0 ], [ 76.22805, 9.9824277, 0.0 ], [ 76.2281865, 9.9818987, 0.0 ], [ 76.2285371, 9.981139, 0.0 ], [ 76.2287557, 9.980732, 0.0 ], [ 76.2290837, 9.9801396, 0.0 ], [ 76.2300217, 9.9781681, 0.0 ], [ 76.2307141, 9.9770556, 0.0 ], [ 76.2316574, 9.9760559, 0.0 ], [ 76.2326874, 9.9753048, 0.0 ], [ 76.2332892, 9.9749518, 0.0 ], [ 76.2337678, 9.9747977, 0.0 ], [ 76.2340689, 9.9747749, 0.0 ], [ 76.2343425, 9.9748471, 0.0 ], [ 76.2346207, 9.9749915, 0.0 ], [ 76.2346892, 9.9750865, 0.0 ], [ 76.2347605, 9.9752483, 0.0 ], [ 76.2347896, 9.9752718, 0.0 ], [ 76.235067, 9.9741595, 0.0 ], [ 76.2366065, 9.9714055, 0.0 ], [ 76.2369293, 9.9709423, 0.0 ], [ 76.2381097, 9.9692481, 0.0 ], [ 76.2400241, 9.9679675, 0.0 ], [ 76.2412036, 9.9676481, 0.0 ], [ 76.2411685, 9.9676548, 0.0 ], [ 76.24115, 9.9676523, 0.0 ], [ 76.2407671, 9.9676008, 0.0 ], [ 76.2400601, 9.9673979, 0.0 ], [ 76.239481, 9.9672401, 0.0 ], [ 76.238929, 9.9669964, 0.0 ], [ 76.2385276, 9.9668023, 0.0 ], [ 76.2383223, 9.9666758, 0.0 ], [ 76.237565, 9.9661927, 0.0 ], [ 76.2370083, 9.9656777, 0.0 ], [ 76.2368212, 9.965393, 0.0 ], [ 76.2366614, 9.9650767, 0.0 ], [ 76.2365242, 9.9646293, 0.0 ], [ 76.2365423, 9.9644394, 0.0 ], [ 76.2365512, 9.964028, 0.0 ], [ 76.2367241, 9.9634855, 0.0 ], [ 76.2369515, 9.9627801, 0.0 ], [ 76.2370698, 9.9623144, 0.0 ], [ 76.2371514, 9.961677, 0.0 ], [ 76.2373423, 9.9607818, 0.0 ], [ 76.2375371, 9.9588785, 0.0 ], [ 76.2375636, 9.957676, 0.0 ], [ 76.2375314, 9.9573235, 0.0 ], [ 76.2376132, 9.9568261, 0.0 ], [ 76.2378263, 9.9551172, 0.0 ], [ 76.237903, 9.9539282, 0.0 ], [ 76.2379938, 9.9533632, 0.0 ], [ 76.238417, 9.9521197, 0.0 ], [ 76.2386081, 9.9516404, 0.0 ], [ 76.2387173, 9.9513375, 0.0 ], [ 76.2393001, 9.950121, 0.0 ], [ 76.2395824, 9.9495648, 0.0 ], [ 76.2402654, 9.9481313, 0.0 ], [ 76.2405203, 9.9474711, 0.0 ], [ 76.2413351, 9.9455765, 0.0 ], [ 76.2413908, 9.9454229, 0.0 ], [ 76.2416628, 9.9446721, 0.0 ], [ 76.2420678, 9.9435146, 0.0 ], [ 76.2426552, 9.9423389, 0.0 ], [ 76.2428281, 9.9418822, 0.0 ], [ 76.2430463, 9.9409418, 0.0 ], [ 76.2431646, 9.9406162, 0.0 ], [ 76.2432375, 9.9404127, 0.0 ], [ 76.2434741, 9.939748, 0.0 ], [ 76.2435648, 9.9390246, 0.0 ], [ 76.2436784, 9.9385002, 0.0 ], [ 76.2438742, 9.9380888, 0.0 ], [ 76.244188, 9.9370804, 0.0 ], [ 76.2444839, 9.9364519, 0.0 ], [ 76.2445978, 9.9363071, 0.0 ], [ 76.2446571, 9.93628, 0.0 ], [ 76.2446578, 9.9362815, 0.0 ], [ 76.2448027, 9.935864, 0.0 ], [ 76.2448072, 9.9357962, 0.0 ], [ 76.2450985, 9.9350862, 0.0 ], [ 76.2453577, 9.9340916, 0.0 ], [ 76.245599, 9.9335309, 0.0 ], [ 76.2456717, 9.9332144, 0.0 ], [ 76.2457581, 9.9329656, 0.0 ], [ 76.2457854, 9.93283, 0.0 ], [ 76.245831, 9.9327441, 0.0 ], [ 76.2459173, 9.9324185, 0.0 ], [ 76.2461767, 9.9317538, 0.0 ], [ 76.2462177, 9.9315866, 0.0 ], [ 76.2463314, 9.9312971, 0.0 ], [ 76.2464859, 9.9305874, 0.0 ], [ 76.2467408, 9.9299723, 0.0 ], [ 76.2468227, 9.9297101, 0.0 ], [ 76.2468908, 9.9293123, 0.0 ], [ 76.2469043, 9.9291043, 0.0 ], [ 76.2469407, 9.9289506, 0.0 ], [ 76.2473184, 9.9280281, 0.0 ], [ 76.2477054, 9.9272639, 0.0 ], [ 76.2477646, 9.9270875, 0.0 ], [ 76.2478146, 9.9268524, 0.0 ], [ 76.2478275, 9.9268223, 0.0 ], [ 76.2478647, 9.9267349, 0.0 ], [ 76.2478463, 9.926658, 0.0 ], [ 76.2480191, 9.9260476, 0.0 ], [ 76.248438, 9.9251613, 0.0 ], [ 76.2485427, 9.9248855, 0.0 ], [ 76.2486335, 9.9244108, 0.0 ], [ 76.24872, 9.9241621, 0.0 ], [ 76.2487473, 9.9241259, 0.0 ], [ 76.2487382, 9.9240897, 0.0 ], [ 76.2488836, 9.9235653, 0.0 ], [ 76.2491388, 9.9233662, 0.0 ], [ 76.2491385, 9.9233659, 0.0 ], [ 76.249749, 9.9226791, 0.0 ], [ 76.2499999, 9.9219001, 0.0 ], [ 76.2503893, 9.9206916, 0.0 ], [ 76.2512667, 9.9187033, 0.0 ], [ 76.2519033, 9.9166668, 0.0 ], [ 76.2519064, 9.9166568, 0.0 ], [ 76.2520152, 9.9146692, 0.0 ], [ 76.2530638, 9.9116295, 0.0 ], [ 76.2546318, 9.9060765, 0.0 ], [ 76.2557902, 9.901341, 0.0 ], [ 76.2563154, 9.8997635, 0.0 ], [ 76.2566604, 9.8975424, 0.0 ], [ 76.2582981, 9.890604, 0.0 ], [ 76.2586886, 9.8889496, 0.0 ], [ 76.2591491, 9.886554, 0.0 ], [ 76.2597282, 9.884158, 0.0 ], [ 76.2601359, 9.8828703, 0.0 ], [ 76.2606026, 9.882109, 0.0 ], [ 76.2608362, 9.8811746, 0.0 ], [ 76.2604797, 9.8803576, 0.0 ], [ 76.261001, 9.878371, 0.0 ], [ 76.2610623, 9.8764026, 0.0 ], [ 76.2610347, 9.876127, 0.0 ], [ 76.2610433, 9.8753811, 0.0 ], [ 76.2611088, 9.8750005, 0.0 ], [ 76.2611522, 9.8747481, 0.0 ], [ 76.2611973, 9.8741694, 0.0 ], [ 76.2612836, 9.8736676, 0.0 ], [ 76.2613875, 9.8725102, 0.0 ], [ 76.2615146, 9.8717824, 0.0 ], [ 76.2615783, 9.8715201, 0.0 ], [ 76.2617738, 9.8709594, 0.0 ], [ 76.2619741, 9.8705343, 0.0 ], [ 76.2624385, 9.8697112, 0.0 ], [ 76.2625294, 9.8694445, 0.0 ], [ 76.2626067, 9.869128, 0.0 ], [ 76.2626247, 9.8689381, 0.0 ], [ 76.2625971, 9.8686307, 0.0 ], [ 76.2625332, 9.8684319, 0.0 ], [ 76.26246, 9.8681065, 0.0 ], [ 76.2624506, 9.8677764, 0.0 ], [ 76.2625414, 9.8671571, 0.0 ], [ 76.2625684, 9.8668406, 0.0 ], [ 76.2627, 9.8660223, 0.0 ], [ 76.2628726, 9.8652175, 0.0 ], [ 76.2629362, 9.865014, 0.0 ], [ 76.2630954, 9.8643404, 0.0 ], [ 76.263227, 9.8636305, 0.0 ], [ 76.2633907, 9.8631468, 0.0 ], [ 76.2635271, 9.8626267, 0.0 ], [ 76.263586, 9.8621792, 0.0 ], [ 76.2637632, 9.8613698, 0.0 ], [ 76.2637948, 9.8610218, 0.0 ], [ 76.2640494, 9.8600903, 0.0 ], [ 76.2642038, 9.8593624, 0.0 ], [ 76.2642173, 9.8592313, 0.0 ], [ 76.2643082, 9.8588561, 0.0 ], [ 76.2644943, 9.8578117, 0.0 ], [ 76.2646488, 9.8570837, 0.0 ], [ 76.2646805, 9.8568215, 0.0 ], [ 76.2647029, 9.8563784, 0.0 ], [ 76.2648119, 9.8558902, 0.0 ], [ 76.2649484, 9.8554516, 0.0 ], [ 76.2650254, 9.8549227, 0.0 ], [ 76.265032, 9.8547161, 0.0 ], [ 76.2649704, 9.8545519, 0.0 ], [ 76.2650373, 9.8545519, 0.0 ], [ 76.2650433, 9.8543666, 0.0 ], [ 76.2651568, 9.8538512, 0.0 ], [ 76.2652112, 9.8534398, 0.0 ], [ 76.2654611, 9.8524496, 0.0 ], [ 76.2655976, 9.8520878, 0.0 ], [ 76.2658522, 9.8511519, 0.0 ], [ 76.2659384, 9.8506862, 0.0 ], [ 76.2659655, 9.8503969, 0.0 ], [ 76.2660472, 9.8498996, 0.0 ], [ 76.2662018, 9.849357, 0.0 ], [ 76.2662287, 9.8489139, 0.0 ], [ 76.2662469, 9.8488823, 0.0 ], [ 76.2662968, 9.8485793, 0.0 ], [ 76.2666105, 9.8473812, 0.0 ], [ 76.2668012, 9.846495, 0.0 ], [ 76.2669056, 9.845862, 0.0 ], [ 76.2669601, 9.8456044, 0.0 ], [ 76.2669736, 9.845297, 0.0 ], [ 76.267046, 9.8447092, 0.0 ], [ 76.2671551, 9.8442932, 0.0 ], [ 76.2674109, 9.8435066, 0.0 ], [ 76.2675006, 9.8432307, 0.0 ], [ 76.2675915, 9.8428056, 0.0 ], [ 76.2676231, 9.8425027, 0.0 ], [ 76.2675863, 9.8419829, 0.0 ], [ 76.2676317, 9.8416529, 0.0 ], [ 76.267736, 9.8410153, 0.0 ], [ 76.2681815, 9.8395594, 0.0 ], [ 76.268318, 9.8392338, 0.0 ], [ 76.2683999, 9.8389399, 0.0 ], [ 76.268677, 9.8377779, 0.0 ], [ 76.2687768, 9.8371857, 0.0 ], [ 76.2688492, 9.8365211, 0.0 ], [ 76.2689265, 9.8361233, 0.0 ], [ 76.2691673, 9.8351873, 0.0 ], [ 76.2693853, 9.8342062, 0.0 ], [ 76.2694171, 9.8339937, 0.0 ], [ 76.2694615, 9.8333339, 0.0 ], [ 76.2694846, 9.8329901, 0.0 ], [ 76.2695481, 9.8325606, 0.0 ], [ 76.2696023, 9.8318418, 0.0 ], [ 76.2696658, 9.8315117, 0.0 ], [ 76.2696838, 9.8313354, 0.0 ], [ 76.2696696, 9.8305714, 0.0 ], [ 76.26976, 9.8296809, 0.0 ], [ 76.269819, 9.829292, 0.0 ], [ 76.269878, 9.8290117, 0.0 ], [ 76.2698915, 9.8286727, 0.0 ], [ 76.2699777, 9.8282115, 0.0 ], [ 76.2701323, 9.8277638, 0.0 ], [ 76.2702368, 9.8272891, 0.0 ], [ 76.2703273, 9.8264256, 0.0 ], [ 76.2704226, 9.8259056, 0.0 ], [ 76.2704495, 9.8253722, 0.0 ], [ 76.2705763, 9.8242374, 0.0 ], [ 76.2706853, 9.8237899, 0.0 ], [ 76.270717, 9.8234779, 0.0 ], [ 76.2707851, 9.8231659, 0.0 ], [ 76.2708758, 9.8225827, 0.0 ], [ 76.2711984, 9.8213303, 0.0 ], [ 76.2713349, 9.8209233, 0.0 ], [ 76.2713893, 9.8206566, 0.0 ], [ 76.27138, 9.8203808, 0.0 ], [ 76.2714027, 9.8202271, 0.0 ], [ 76.2716072, 9.8195037, 0.0 ], [ 76.2717388, 9.8187893, 0.0 ], [ 76.271766, 9.8185407, 0.0 ], [ 76.2717109, 9.8180118, 0.0 ], [ 76.2717379, 9.8176456, 0.0 ], [ 76.271815, 9.8171709, 0.0 ], [ 76.2720333, 9.8164836, 0.0 ], [ 76.2722877, 9.8155793, 0.0 ], [ 76.2723377, 9.815299, 0.0 ], [ 76.2724649, 9.8147926, 0.0 ], [ 76.2725649, 9.8144671, 0.0 ], [ 76.2728648, 9.8132598, 0.0 ], [ 76.2729646, 9.8126856, 0.0 ], [ 76.2730682, 9.8110762, 0.0 ], [ 76.2731951, 9.8102489, 0.0 ], [ 76.2733859, 9.8093944, 0.0 ], [ 76.2735178, 9.8089964, 0.0 ], [ 76.2736313, 9.8085081, 0.0 ], [ 76.2737313, 9.8082006, 0.0 ], [ 76.2738311, 9.8076174, 0.0 ], [ 76.2741084, 9.8066543, 0.0 ], [ 76.2742082, 9.8060937, 0.0 ], [ 76.2743304, 9.8050313, 0.0 ], [ 76.2744938, 9.8041496, 0.0 ], [ 76.2746664, 9.8033765, 0.0 ], [ 76.2747568, 9.8024994, 0.0 ], [ 76.2747747, 9.8019977, 0.0 ], [ 76.2749107, 9.8011883, 0.0 ], [ 76.2751379, 9.8002479, 0.0 ], [ 76.2752331, 9.7996602, 0.0 ], [ 76.2753968, 9.7990678, 0.0 ], [ 76.2754738, 9.7985977, 0.0 ], [ 76.2754874, 9.7983444, 0.0 ], [ 76.2756914, 9.7971644, 0.0 ], [ 76.2759049, 9.7961652, 0.0 ], [ 76.275932, 9.7958352, 0.0 ], [ 76.2760452, 9.7950621, 0.0 ], [ 76.2761179, 9.794714, 0.0 ], [ 76.2762085, 9.7940087, 0.0 ], [ 76.2763767, 9.7934615, 0.0 ], [ 76.2764494, 9.7931089, 0.0 ], [ 76.2766396, 9.7916802, 0.0 ], [ 76.2766425, 9.7916672, 0.0 ], [ 76.2768031, 9.7909523, 0.0 ], [ 76.2769394, 9.7904685, 0.0 ], [ 76.2770484, 9.7899486, 0.0 ], [ 76.2771164, 9.7894467, 0.0 ], [ 76.2771982, 9.7891121, 0.0 ], [ 76.2771976, 9.7890665, 0.0 ], [ 76.2780003, 9.7890437, 0.0 ], [ 76.2789163, 9.7891515, 0.0 ], [ 76.2796686, 9.7893543, 0.0 ], [ 76.2814238, 9.7899903, 0.0 ], [ 76.2831562, 9.7907077, 0.0 ], [ 76.283945, 9.7911048, 0.0 ], [ 76.2841002, 9.7914754, 0.0 ], [ 76.2842011, 9.7921172, 0.0 ], [ 76.2841516, 9.7929807, 0.0 ], [ 76.2840335, 9.7934102, 0.0 ], [ 76.2837199, 9.7945633, 0.0 ], [ 76.2834611, 9.7956529, 0.0 ], [ 76.2831202, 9.7968014, 0.0 ], [ 76.2828431, 9.7979363, 0.0 ], [ 76.2827983, 9.7988721, 0.0 ], [ 76.2827165, 9.7992654, 0.0 ], [ 76.2824115, 9.7996409, 0.0 ], [ 76.2819244, 9.8002335, 0.0 ], [ 76.2816969, 9.8007761, 0.0 ], [ 76.2816517, 9.8013367, 0.0 ], [ 76.2816617, 9.8022588, 0.0 ], [ 76.2816306, 9.8033213, 0.0 ], [ 76.2817496, 9.8038862, 0.0 ], [ 76.2819414, 9.8043923, 0.0 ], [ 76.2821421, 9.8046634, 0.0 ], [ 76.2825117, 9.8050022, 0.0 ], [ 76.2828901, 9.8051556, 0.0 ], [ 76.2835875, 9.8052635, 0.0 ], [ 76.2840889, 9.8053806, 0.0 ], [ 76.2849551, 9.805615, 0.0 ], [ 76.2865553, 9.8061245, 0.0 ], [ 76.2877269, 9.8064129, 0.0 ], [ 76.2886339, 9.806412, 0.0 ], [ 76.2899011, 9.8064788, 0.0 ], [ 76.2903615, 9.8065508, 0.0 ], [ 76.2909176, 9.8066588, 0.0 ], [ 76.2908404, 9.8070567, 0.0 ], [ 76.2904453, 9.8087387, 0.0 ], [ 76.2899499, 9.8103393, 0.0 ], [ 76.2895953, 9.8115104, 0.0 ], [ 76.288672, 9.8137715, 0.0 ], [ 76.2885637, 9.8140683, 0.0 ], [ 76.2885597, 9.8140792, 0.0 ], [ 76.2876307, 9.8166248, 0.0 ], [ 76.2869122, 9.8187048, 0.0 ], [ 76.2864973, 9.8185696, 0.0 ], [ 76.2853528, 9.818019, 0.0 ], [ 76.283643, 9.8172157, 0.0 ], [ 76.2832426, 9.8181744, 0.0 ], [ 76.2827285, 9.8193501, 0.0 ], [ 76.2821647, 9.8209735, 0.0 ], [ 76.2816781, 9.8224069, 0.0 ], [ 76.2814414, 9.8227642, 0.0 ], [ 76.2809358, 9.823167, 0.0 ], [ 76.2807582, 9.8234157, 0.0 ], [ 76.2804898, 9.8240669, 0.0 ], [ 76.280067, 9.8253059, 0.0 ], [ 76.2796621, 9.8263324, 0.0 ], [ 76.2794802, 9.8268252, 0.0 ], [ 76.2794581, 9.8276118, 0.0 ], [ 76.2795223, 9.8281542, 0.0 ], [ 76.279573, 9.8288414, 0.0 ], [ 76.2796283, 9.8295962, 0.0 ], [ 76.2795922, 9.829994, 0.0 ], [ 76.2795562, 9.8305637, 0.0 ], [ 76.2796432, 9.8311422, 0.0 ], [ 76.2798989, 9.8315625, 0.0 ], [ 76.2801771, 9.831847, 0.0 ], [ 76.2808293, 9.8322398, 0.0 ], [ 76.281144, 9.832574, 0.0 ], [ 76.2813039, 9.8329445, 0.0 ], [ 76.281569, 9.833749, 0.0 ], [ 76.2819887, 9.8343364, 0.0 ], [ 76.2833755, 9.8355784, 0.0 ], [ 76.2840281, 9.8365407, 0.0 ], [ 76.2841927, 9.8371011, 0.0 ], [ 76.2842666, 9.8382493, 0.0 ], [ 76.2844632, 9.8389815, 0.0 ], [ 76.2847923, 9.8401023, 0.0 ], [ 76.2851032, 9.8411869, 0.0 ], [ 76.2854371, 9.8426514, 0.0 ], [ 76.2854495, 9.8427312, 0.0 ], [ 76.2854557, 9.8427712, 0.0 ], [ 76.2855792, 9.8435689, 0.0 ], [ 76.2856395, 9.8448211, 0.0 ], [ 76.2855493, 9.8459874, 0.0 ], [ 76.2855045, 9.8469096, 0.0 ], [ 76.2853914, 9.8478997, 0.0 ], [ 76.2853736, 9.8484331, 0.0 ], [ 76.2854696, 9.8488399, 0.0 ], [ 76.2856796, 9.8492149, 0.0 ], [ 76.2861768, 9.8495581, 0.0 ], [ 76.2871981, 9.8498511, 0.0 ], [ 76.2885385, 9.8501845, 0.0 ], [ 76.289569, 9.8504865, 0.0 ], [ 76.2909778, 9.8507384, 0.0 ], [ 76.2917481, 9.8507062, 0.0 ], [ 76.2928831, 9.8505923, 0.0 ], [ 76.2934574, 9.8505692, 0.0 ], [ 76.294319, 9.8506634, 0.0 ], [ 76.2956778, 9.85106, 0.0 ], [ 76.2965716, 9.8514977, 0.0 ], [ 76.2972742, 9.8521617, 0.0 ], [ 76.2974798, 9.852722, 0.0 ], [ 76.2975681, 9.8534527, 0.0 ], [ 76.2975716, 9.8534814, 0.0 ], [ 76.2974952, 9.8546206, 0.0 ], [ 76.2972359, 9.855317, 0.0 ], [ 76.2966303, 9.8561719, 0.0 ], [ 76.2962662, 9.8567825, 0.0 ], [ 76.295916, 9.8577367, 0.0 ], [ 76.2956159, 9.8585551, 0.0 ], [ 76.2953251, 9.8596086, 0.0 ], [ 76.2951982, 9.8605626, 0.0 ], [ 76.2952308, 9.8613265, 0.0 ], [ 76.2953225, 9.861887, 0.0 ], [ 76.2954418, 9.8627774, 0.0 ], [ 76.2955751, 9.8640837, 0.0 ], [ 76.2954484, 9.8651733, 0.0 ], [ 76.2951763, 9.8668144, 0.0 ], [ 76.2949226, 9.8685686, 0.0 ], [ 76.2948594, 9.8693598, 0.0 ], [ 76.2947277, 9.8699973, 0.0 ], [ 76.2943637, 9.8708475, 0.0 ], [ 76.2941229, 9.8716839, 0.0 ], [ 76.2938323, 9.8730177, 0.0 ], [ 76.2937332, 9.8743695, 0.0 ], [ 76.293744, 9.8764217, 0.0 ], [ 76.2938915, 9.8783564, 0.0 ], [ 76.2938691, 9.8787859, 0.0 ], [ 76.293479, 9.8808883, 0.0 ], [ 76.2932109, 9.8820458, 0.0 ], [ 76.292856, 9.8828146, 0.0 ], [ 76.2925557, 9.8835246, 0.0 ], [ 76.2924377, 9.8841756, 0.0 ], [ 76.2925117, 9.8852921, 0.0 ], [ 76.2928185, 9.8869283, 0.0 ], [ 76.2929013, 9.8877871, 0.0 ], [ 76.2929018, 9.888325, 0.0 ], [ 76.2928292, 9.8887455, 0.0 ], [ 76.292529, 9.8896453, 0.0 ], [ 76.2925525, 9.8903144, 0.0 ], [ 76.2926118, 9.8904454, 0.0 ], [ 76.2926712, 9.8905764, 0.0 ], [ 76.2933324, 9.890716, 0.0 ], [ 76.2966428, 9.8913823, 0.0 ], [ 76.2980284, 9.8911188, 0.0 ], [ 76.3006631, 9.8907007, 0.0 ], [ 76.3029078, 9.8902022, 0.0 ], [ 76.3030333, 9.8901743, 0.0 ], [ 76.3035756, 9.8898528, 0.0 ], [ 76.3044913, 9.8891016, 0.0 ], [ 76.3051882, 9.8884229, 0.0 ], [ 76.3071148, 9.8864683, 0.0 ], [ 76.3079439, 9.8857217, 0.0 ], [ 76.3089323, 9.8848258, 0.0 ], [ 76.3094927, 9.8844365, 0.0 ], [ 76.3105999, 9.8837122, 0.0 ], [ 76.3112288, 9.8835172, 0.0 ], [ 76.3125734, 9.8832765, 0.0 ], [ 76.3132572, 9.8830905, 0.0 ], [ 76.3147976, 9.8826325, 0.0 ], [ 76.3157729, 9.8823876, 0.0 ], [ 76.316958, 9.8821379, 0.0 ], [ 76.318248, 9.8819107, 0.0 ], [ 76.3198433, 9.8816018, 0.0 ], [ 76.3209236, 9.8815375, 0.0 ], [ 76.3214797, 9.8814421, 0.0 ], [ 76.3222134, 9.8811565, 0.0 ], [ 76.3228423, 9.8808351, 0.0 ], [ 76.3238446, 9.8802736, 0.0 ], [ 76.3251705, 9.8794586, 0.0 ], [ 76.3252017, 9.8794428, 0.0 ], [ 76.3273303, 9.8783671, 0.0 ], [ 76.3288067, 9.8777735, 0.0 ], [ 76.3296909, 9.8774789, 0.0 ], [ 76.3307301, 9.8773106, 0.0 ], [ 76.3328907, 9.8769966, 0.0 ], [ 76.3337977, 9.8768149, 0.0 ], [ 76.3350378, 9.8768454, 0.0 ], [ 76.3361456, 9.8769845, 0.0 ], [ 76.3364968, 9.8771152, 0.0 ], [ 76.3365043, 9.877118, 0.0 ], [ 76.336848, 9.8772459, 0.0 ], [ 76.3386905, 9.8780397, 0.0 ], [ 76.3401954, 9.8785445, 0.0 ], [ 76.3412625, 9.8788961, 0.0 ], [ 76.3428856, 9.8791341, 0.0 ], [ 76.3439162, 9.8793772, 0.0 ], [ 76.3450883, 9.8798054, 0.0 ], [ 76.3464247, 9.8804686, 0.0 ], [ 76.3477062, 9.88096, 0.0 ], [ 76.3494619, 9.8815097, 0.0 ], [ 76.3504652, 9.8818614, 0.0 ], [ 76.3519797, 9.882773, 0.0 ], [ 76.352664, 9.8832424, 0.0 ], [ 76.3533577, 9.8839695, 0.0 ], [ 76.3540376, 9.8833062, 0.0 ], [ 76.3571377, 9.8802814, 0.0 ], [ 76.3573243, 9.8799828, 0.0 ], [ 76.3590255, 9.8764189, 0.0 ], [ 76.3603039, 9.8739404, 0.0 ], [ 76.3614821, 9.8715478, 0.0 ], [ 76.3618824, 9.870815, 0.0 ], [ 76.3623788, 9.8702585, 0.0 ], [ 76.3639366, 9.8691223, 0.0 ], [ 76.3655309, 9.8680221, 0.0 ], [ 76.3666319, 9.8659053, 0.0 ], [ 76.3675963, 9.8640689, 0.0 ], [ 76.3683195, 9.8625403, 0.0 ], [ 76.3699979, 9.859225, 0.0 ], [ 76.3714536, 9.856389, 0.0 ], [ 76.3719176, 9.8555251, 0.0 ], [ 76.3719675, 9.8553488, 0.0 ], [ 76.3719399, 9.8551363, 0.0 ], [ 76.3717162, 9.854802, 0.0 ], [ 76.3706437, 9.8536596, 0.0 ], [ 76.3701645, 9.8530724, 0.0 ], [ 76.3698357, 9.8525935, 0.0 ], [ 76.3697031, 9.852214, 0.0 ], [ 76.3696705, 9.8515269, 0.0 ], [ 76.3697468, 9.8505007, 0.0 ], [ 76.3698184, 9.849271, 0.0 ], [ 76.3698855, 9.8480956, 0.0 ], [ 76.3700122, 9.8471959, 0.0 ], [ 76.3703021, 9.8455049, 0.0 ], [ 76.3705467, 9.8441395, 0.0 ], [ 76.3709092, 9.8421049, 0.0 ], [ 76.3711132, 9.8410921, 0.0 ], [ 76.3715116, 9.8386099, 0.0 ], [ 76.3716524, 9.8381486, 0.0 ], [ 76.3720665, 9.8375199, 0.0 ], [ 76.3723852, 9.8371082, 0.0 ], [ 76.3724104, 9.8370847, 0.0 ], [ 76.3724161, 9.8370794, 0.0 ], [ 76.372804, 9.8367189, 0.0 ], [ 76.3733687, 9.8361939, 0.0 ], [ 76.3741201, 9.835506, 0.0 ], [ 76.3747708, 9.8344882, 0.0 ], [ 76.3755766, 9.8336284, 0.0 ], [ 76.3765969, 9.8329221, 0.0 ], [ 76.377157, 9.8324604, 0.0 ], [ 76.3776898, 9.8320259, 0.0 ], [ 76.3779626, 9.831352, 0.0 ], [ 76.3781487, 9.8305833, 0.0 ], [ 76.378743, 9.8280603, 0.0 ], [ 76.3791423, 9.8264957, 0.0 ], [ 76.379492, 9.8253923, 0.0 ], [ 76.379892, 9.8243115, 0.0 ], [ 76.3805379, 9.8230948, 0.0 ], [ 76.3812155, 9.8217333, 0.0 ], [ 76.3814426, 9.8210279, 0.0 ], [ 76.3816237, 9.8199202, 0.0 ], [ 76.3815901, 9.8184149, 0.0 ], [ 76.3812196, 9.8172762, 0.0 ], [ 76.3801965, 9.8154329, 0.0 ], [ 76.3792923, 9.8138652, 0.0 ], [ 76.3783067, 9.8128763, 0.0 ], [ 76.3765369, 9.8116804, 0.0 ], [ 76.3758891, 9.8110346, 0.0 ], [ 76.375843, 9.8109924, 0.0 ], [ 76.3757309, 9.8108566, 0.0 ], [ 76.3755511, 9.8104247, 0.0 ], [ 76.3739356, 9.808564, 0.0 ], [ 76.3735204, 9.8081667, 0.0 ], [ 76.3726623, 9.8071188, 0.0 ], [ 76.3718954, 9.8059941, 0.0 ], [ 76.3712062, 9.8050997, 0.0 ], [ 76.3701702, 9.8037899, 0.0 ], [ 76.36902, 9.802349, 0.0 ], [ 76.3678835, 9.8008178, 0.0 ], [ 76.3673083, 9.7999686, 0.0 ], [ 76.3666324, 9.7986493, 0.0 ], [ 76.3660431, 9.7974068, 0.0 ], [ 76.3660021, 9.7972821, 0.0 ], [ 76.365961, 9.7971575, 0.0 ], [ 76.3655905, 9.796033, 0.0 ], [ 76.3652017, 9.7947993, 0.0 ], [ 76.365014, 9.7940129, 0.0 ], [ 76.3649725, 9.7935971, 0.0 ], [ 76.3650076, 9.7922952, 0.0 ], [ 76.3652338, 9.790672, 0.0 ], [ 76.365601, 9.788877, 0.0 ], [ 76.3661371, 9.7872762, 0.0 ], [ 76.3664553, 9.7865165, 0.0 ], [ 76.3667624, 9.7860098, 0.0 ], [ 76.3667666, 9.7860028, 0.0 ], [ 76.3670694, 9.7855032, 0.0 ], [ 76.3675428, 9.7848744, 0.0 ], [ 76.3682437, 9.783983, 0.0 ], [ 76.368785, 9.7829563, 0.0 ], [ 76.3691758, 9.7820383, 0.0 ], [ 76.3697393, 9.7804329, 0.0 ], [ 76.3703708, 9.7786466, 0.0 ], [ 76.3709161, 9.7771723, 0.0 ], [ 76.3711654, 9.775956, 0.0 ], [ 76.3712241, 9.7753909, 0.0 ], [ 76.3712266, 9.774825, 0.0 ], [ 76.3712273, 9.77466, 0.0 ], [ 76.3712314, 9.7737409, 0.0 ], [ 76.3713806, 9.7726694, 0.0 ], [ 76.3715166, 9.7719505, 0.0 ], [ 76.3716023, 9.7711412, 0.0 ], [ 76.371761, 9.7703726, 0.0 ], [ 76.3722609, 9.7690837, 0.0 ], [ 76.3726882, 9.7680978, 0.0 ], [ 76.3731249, 9.7673921, 0.0 ], [ 76.3738075, 9.7665054, 0.0 ], [ 76.3741126, 9.7662202, 0.0 ], [ 76.3747816, 9.7654148, 0.0 ], [ 76.3757325, 9.7639808, 0.0 ], [ 76.3766146, 9.7621898, 0.0 ], [ 76.3774236, 9.7601591, 0.0 ], [ 76.3778867, 9.7586308, 0.0 ], [ 76.3785822, 9.7569981, 0.0 ], [ 76.3791273, 9.7554379, 0.0 ], [ 76.3797408, 9.7539048, 0.0 ], [ 76.3804906, 9.7520009, 0.0 ], [ 76.3807042, 9.75144, 0.0 ], [ 76.3806445, 9.7500025, 0.0 ], [ 76.3805731, 9.7482849, 0.0 ], [ 76.3803808, 9.739244, 0.0 ], [ 76.3803, 9.7320655, 0.0 ], [ 76.3802929, 9.7298007, 0.0 ], [ 76.380236, 9.7278163, 0.0 ], [ 76.3800156, 9.7262796, 0.0 ], [ 76.3789886, 9.7206029, 0.0 ], [ 76.3784071, 9.7179726, 0.0 ], [ 76.3774852, 9.7124902, 0.0 ], [ 76.377245, 9.7095476, 0.0 ], [ 76.376524, 9.7043678, 0.0 ], [ 76.3757008, 9.6973845, 0.0 ], [ 76.3780098, 9.6964282, 0.0 ], [ 76.3834837, 9.6939495, 0.0 ], [ 76.3878282, 9.6919331, 0.0 ], [ 76.3901694, 9.6908824, 0.0 ], [ 76.3934932, 9.6893908, 0.0 ], [ 76.3957974, 9.6883032, 0.0 ], [ 76.396435, 9.688054, 0.0 ], [ 76.397815, 9.6875144, 0.0 ], [ 76.4010076, 9.6864665, 0.0 ], [ 76.4026427, 9.6859177, 0.0 ], [ 76.4023897, 9.6839109, 0.0 ], [ 76.4013756, 9.6777369, 0.0 ], [ 76.4007994, 9.67583, 0.0 ], [ 76.3993336, 9.6730199, 0.0 ], [ 76.3988856, 9.6716552, 0.0 ], [ 76.3985181, 9.6691151, 0.0 ], [ 76.3980232, 9.6665751, 0.0 ], [ 76.3979416, 9.663013, 0.0 ], [ 76.3977715, 9.6615983, 0.0 ], [ 76.3968504, 9.6569205, 0.0 ], [ 76.3965051, 9.653847, 0.0 ], [ 76.3964811, 9.6526717, 0.0 ], [ 76.3966986, 9.6517312, 0.0 ], [ 76.3972789, 9.6490185, 0.0 ], [ 76.3976911, 9.647092, 0.0 ], [ 76.3990019, 9.6421496, 0.0 ], [ 76.3996461, 9.6398117, 0.0 ], [ 76.3994849, 9.6375517, 0.0 ], [ 76.3994516, 9.637086, 0.0 ], [ 76.3990482, 9.6326612, 0.0 ], [ 76.3987227, 9.6290901, 0.0 ], [ 76.3985313, 9.6269254, 0.0 ], [ 76.3984873, 9.6264277, 0.0 ], [ 76.3982008, 9.6228703, 0.0 ], [ 76.397891, 9.618852, 0.0 ], [ 76.3976049, 9.6155749, 0.0 ], [ 76.3973787, 9.6129849, 0.0 ], [ 76.3969585, 9.6080941, 0.0 ], [ 76.3967597, 9.6055176, 0.0 ], [ 76.3959614, 9.5964232, 0.0 ], [ 76.3953397, 9.5891177, 0.0 ], [ 76.3951905, 9.5873649, 0.0 ], [ 76.3943779, 9.5776872, 0.0 ], [ 76.3936243, 9.5678243, 0.0 ], [ 76.3930764, 9.56259, 0.0 ], [ 76.3928849, 9.558255, 0.0 ], [ 76.3923146, 9.5492507, 0.0 ], [ 76.3921992, 9.5476987, 0.0 ], [ 76.392199, 9.5476957, 0.0 ], [ 76.3943772, 9.5487964, 0.0 ], [ 76.3993488, 9.5512229, 0.0 ], [ 76.4046486, 9.5538885, 0.0 ], [ 76.404668, 9.5549237, 0.0 ], [ 76.4045468, 9.5564608, 0.0 ], [ 76.4044409, 9.5594581, 0.0 ], [ 76.4047372, 9.5596341, 0.0 ], [ 76.4087151, 9.5612072, 0.0 ], [ 76.4141101, 9.5633437, 0.0 ], [ 76.4144637, 9.5619193, 0.0 ], [ 76.4150976, 9.5587225, 0.0 ], [ 76.4152748, 9.5583923, 0.0 ], [ 76.4161033, 9.5581111, 0.0 ], [ 76.4181247, 9.5574261, 0.0 ], [ 76.4224361, 9.5559835, 0.0 ], [ 76.4227319, 9.5558475, 0.0 ], [ 76.4231729, 9.5551508, 0.0 ], [ 76.4260956, 9.5504776, 0.0 ], [ 76.4265045, 9.5496272, 0.0 ], [ 76.4268051, 9.549672, 0.0 ], [ 76.4311788, 9.5508828, 0.0 ], [ 76.4355434, 9.5519834, 0.0 ], [ 76.4384043, 9.5527048, 0.0 ], [ 76.4385456, 9.5528086, 0.0 ], [ 76.4385473, 9.5542099, 0.0 ], [ 76.4396591, 9.5546109, 0.0 ], [ 76.4442428, 9.556097, 0.0 ], [ 76.4485577, 9.5575064, 0.0 ], [ 76.4519389, 9.5582815, 0.0 ], [ 76.452225, 9.5583471, 0.0 ], [ 76.4592776, 9.5600423, 0.0 ], [ 76.4630818, 9.5609731, 0.0 ], [ 76.4661115, 9.5616834, 0.0 ], [ 76.4661844, 9.5616516, 0.0 ], [ 76.4658179, 9.5532529, 0.0 ], [ 76.4656212, 9.545817, 0.0 ], [ 76.4654797, 9.5421601, 0.0 ], [ 76.4661124, 9.5418835, 0.0 ], [ 76.470428, 9.5405352, 0.0 ], [ 76.4776022, 9.5381614, 0.0 ], [ 76.4792366, 9.5376935, 0.0 ], [ 76.4793594, 9.537603, 0.0 ], [ 76.4795019, 9.531934, 0.0 ], [ 76.47954, 9.530894, 0.0 ], [ 76.4797653, 9.524728, 0.0 ], [ 76.479909, 9.5199077, 0.0 ], [ 76.4801179, 9.5129019, 0.0 ], [ 76.4803244, 9.5073594, 0.0 ], [ 76.4804109, 9.5073955, 0.0 ], [ 76.4810676, 9.5080184, 0.0 ], [ 76.4817197, 9.508691, 0.0 ], [ 76.4859998, 9.5083417, 0.0 ], [ 76.4893648, 9.5081969, 0.0 ], [ 76.4896652, 9.5080429, 0.0 ], [ 76.4900137, 9.5079277, 0.0 ], [ 76.4911627, 9.507548, 0.0 ], [ 76.494418, 9.5071322, 0.0 ], [ 76.4953926, 9.5071489, 0.0 ], [ 76.4958654, 9.5066374, 0.0 ], [ 76.4962013, 9.5059046, 0.0 ], [ 76.4972609, 9.5048182, 0.0 ], [ 76.4974887, 9.5043995, 0.0 ], [ 76.4977014, 9.5040084, 0.0 ], [ 76.4981291, 9.5037276, 0.0 ], [ 76.4984115, 9.5038176, 0.0 ], [ 76.4989033, 9.5037853, 0.0 ], [ 76.5000955, 9.5041426, 0.0 ], [ 76.500636, 9.5040804, 0.0 ], [ 76.5010413, 9.5040421, 0.0 ], [ 76.5013236, 9.5040059, 0.0 ], [ 76.501836, 9.5038433, 0.0 ], [ 76.5022026, 9.5036332, 0.0 ], [ 76.5025236, 9.5035157, 0.0 ], [ 76.5029517, 9.5034163, 0.0 ], [ 76.5034276, 9.5033802, 0.0 ], [ 76.503842, 9.503412, 0.0 ], [ 76.5040218, 9.5034595, 0.0 ], [ 76.5041926, 9.5035386, 0.0 ], [ 76.5042814, 9.5036042, 0.0 ], [ 76.5043337, 9.5037262, 0.0 ], [ 76.5044042, 9.5039546, 0.0 ], [ 76.5044406, 9.5040495, 0.0 ], [ 76.504534, 9.5041083, 0.0 ], [ 76.504666, 9.5041287, 0.0 ], [ 76.5049074, 9.5041468, 0.0 ], [ 76.505274, 9.5041695, 0.0 ], [ 76.5061505, 9.504199, 0.0 ], [ 76.5066879, 9.5042443, 0.0 ], [ 76.5073049, 9.5042874, 0.0 ], [ 76.5076874, 9.504353, 0.0 ], [ 76.5078513, 9.5043711, 0.0 ], [ 76.5080358, 9.5043576, 0.0 ], [ 76.5081724, 9.5042966, 0.0 ], [ 76.5086142, 9.5038401, 0.0 ], [ 76.5090697, 9.5033022, 0.0 ], [ 76.509885, 9.5022761, 0.0 ], [ 76.5100216, 9.5020207, 0.0 ], [ 76.5100603, 9.5019326, 0.0 ], [ 76.5101439, 9.5016454, 0.0 ], [ 76.5107585, 9.4999938, 0.0 ], [ 76.5107682, 9.4999185, 0.0 ], [ 76.5089811, 9.4987405, 0.0 ], [ 76.5089629, 9.4986207, 0.0 ], [ 76.5089151, 9.4982726, 0.0 ], [ 76.5088924, 9.4981506, 0.0 ], [ 76.5089334, 9.4981099, 0.0 ], [ 76.509111, 9.4979359, 0.0 ], [ 76.509234, 9.4976036, 0.0 ], [ 76.5093979, 9.4975471, 0.0 ], [ 76.5093275, 9.4969188, 0.0 ], [ 76.508649, 9.496939, 0.0 ], [ 76.5086171, 9.4967084, 0.0 ], [ 76.5085603, 9.4964191, 0.0 ], [ 76.5085376, 9.4962021, 0.0 ], [ 76.508508, 9.4958947, 0.0 ], [ 76.5084898, 9.4956167, 0.0 ], [ 76.5084489, 9.4951714, 0.0 ], [ 76.508408, 9.4948346, 0.0 ], [ 76.5083489, 9.4943644, 0.0 ], [ 76.5083034, 9.4941384, 0.0 ], [ 76.5082397, 9.4938219, 0.0 ], [ 76.5081783, 9.4936411, 0.0 ], [ 76.5081442, 9.4935326, 0.0 ], [ 76.5088637, 9.4933225, 0.0 ], [ 76.5085591, 9.4906371, 0.0 ], [ 76.5084454, 9.4898776, 0.0 ], [ 76.5069518, 9.4898209, 0.0 ], [ 76.5069018, 9.489579, 0.0 ], [ 76.5068722, 9.4892693, 0.0 ], [ 76.5068837, 9.488824, 0.0 ], [ 76.5069179, 9.4883223, 0.0 ], [ 76.506959, 9.4878318, 0.0 ], [ 76.5070137, 9.4873096, 0.0 ], [ 76.5070116, 9.4867739, 0.0 ], [ 76.506973, 9.4862292, 0.0 ], [ 76.5070254, 9.4856822, 0.0 ], [ 76.5070348, 9.48565, 0.0 ], [ 76.5072077, 9.4850539, 0.0 ], [ 76.5074218, 9.4844911, 0.0 ], [ 76.5074921, 9.4843316, 0.0 ], [ 76.507604, 9.4840775, 0.0 ], [ 76.50766, 9.4839689, 0.0 ], [ 76.5077566, 9.4837814, 0.0 ], [ 76.5078409, 9.4835328, 0.0 ], [ 76.5079503, 9.48304, 0.0 ], [ 76.5080733, 9.4826942, 0.0 ], [ 76.5085949, 9.4815687, 0.0 ], [ 76.5087406, 9.4811618, 0.0 ], [ 76.5087817, 9.4808544, 0.0 ], [ 76.508784, 9.4805583, 0.0 ], [ 76.5087933, 9.4796632, 0.0 ], [ 76.5087592, 9.479401, 0.0 ], [ 76.508766, 9.4792451, 0.0 ], [ 76.508807, 9.4791388, 0.0 ], [ 76.5089756, 9.4788495, 0.0 ], [ 76.5091532, 9.4784518, 0.0 ], [ 76.5091623, 9.478289, 0.0 ], [ 76.5091305, 9.4781602, 0.0 ], [ 76.5090599, 9.478029, 0.0 ], [ 76.5089347, 9.4779296, 0.0 ], [ 76.5087936, 9.4778595, 0.0 ], [ 76.5085887, 9.4778007, 0.0 ], [ 76.5083542, 9.477778, 0.0 ], [ 76.5080742, 9.4777848, 0.0 ], [ 76.507801, 9.4777847, 0.0 ], [ 76.5073821, 9.4777259, 0.0 ], [ 76.5070315, 9.4775924, 0.0 ], [ 76.5068038, 9.477441, 0.0 ], [ 76.5064374, 9.4771131, 0.0 ], [ 76.506171, 9.476774, 0.0 ], [ 76.5060368, 9.4765841, 0.0 ], [ 76.5059571, 9.4763784, 0.0 ], [ 76.5059435, 9.4761818, 0.0 ], [ 76.5059983, 9.4754088, 0.0 ], [ 76.5060621, 9.4748753, 0.0 ], [ 76.5061851, 9.4745137, 0.0 ], [ 76.5064266, 9.4738831, 0.0 ], [ 76.5064586, 9.4733497, 0.0 ], [ 76.506477, 9.4722625, 0.0 ], [ 76.5065021, 9.4715346, 0.0 ], [ 76.5064499, 9.4708836, 0.0 ], [ 76.5063248, 9.4703366, 0.0 ], [ 76.5061451, 9.4696404, 0.0 ], [ 76.5059403, 9.4689849, 0.0 ], [ 76.5058243, 9.4683203, 0.0 ], [ 76.5057743, 9.4679247, 0.0 ], [ 76.5057197, 9.467667, 0.0 ], [ 76.505656, 9.4674704, 0.0 ], [ 76.5052941, 9.4669527, 0.0 ], [ 76.5050369, 9.4667085, 0.0 ], [ 76.5044633, 9.4661433, 0.0 ], [ 76.5041629, 9.4658133, 0.0 ], [ 76.5039717, 9.4655307, 0.0 ], [ 76.5036417, 9.4648412, 0.0 ], [ 76.5033754, 9.4643846, 0.0 ], [ 76.5031092, 9.4639279, 0.0 ], [ 76.5026995, 9.4631932, 0.0 ], [ 76.5023377, 9.4625671, 0.0 ], [ 76.5021238, 9.4619499, 0.0 ], [ 76.5017847, 9.4611181, 0.0 ], [ 76.5012592, 9.4594769, 0.0 ], [ 76.5010248, 9.4587152, 0.0 ], [ 76.5008906, 9.458245, 0.0 ], [ 76.5008019, 9.4581342, 0.0 ], [ 76.5001508, 9.4577363, 0.0 ], [ 76.4999996, 9.4575772, 0.0 ], [ 76.4993195, 9.4566571, 0.0 ], [ 76.4986393, 9.455737, 0.0 ], [ 76.4982147, 9.4548651, 0.0 ], [ 76.497863, 9.4541559, 0.0 ], [ 76.4974196, 9.4528862, 0.0 ], [ 76.497423, 9.4520319, 0.0 ], [ 76.4974769, 9.4515256, 0.0 ], [ 76.4976216, 9.4508156, 0.0 ], [ 76.4978516, 9.4492512, 0.0 ], [ 76.4978922, 9.4489572, 0.0 ], [ 76.4978738, 9.4488488, 0.0 ], [ 76.4978327, 9.4487585, 0.0 ], [ 76.4977779, 9.4486365, 0.0 ], [ 76.497317, 9.4478776, 0.0 ], [ 76.4965046, 9.4465543, 0.0 ], [ 76.4951543, 9.4446078, 0.0 ], [ 76.4950722, 9.444504, 0.0 ], [ 76.4950128, 9.444382, 0.0 ], [ 76.4949853, 9.444278, 0.0 ], [ 76.4949941, 9.4440611, 0.0 ], [ 76.4950076, 9.4439299, 0.0 ], [ 76.4951529, 9.4436223, 0.0 ], [ 76.4956204, 9.4425639, 0.0 ], [ 76.4962243, 9.4414465, 0.0 ], [ 76.4964561, 9.4411794, 0.0 ], [ 76.4973612, 9.4405001, 0.0 ], [ 76.4979117, 9.4402688, 0.0 ], [ 76.4982897, 9.4402818, 0.0 ], [ 76.4991447, 9.4403234, 0.0 ], [ 76.4999997, 9.4403649, 0.0 ], [ 76.5004003, 9.4403678, 0.0 ], [ 76.5026244, 9.4401603, 0.0 ], [ 76.502743, 9.4391274, 0.0 ], [ 76.5028159, 9.4385329, 0.0 ], [ 76.5068543, 9.4385992, 0.0 ], [ 76.5079857, 9.4385384, 0.0 ], [ 76.5084274, 9.4384254, 0.0 ], [ 76.5088668, 9.4381837, 0.0 ], [ 76.5110182, 9.4370222, 0.0 ], [ 76.5111285, 9.4369457, 0.0 ], [ 76.5114326, 9.4367059, 0.0 ], [ 76.5107065, 9.435944, 0.0 ], [ 76.5101307, 9.4353969, 0.0 ], [ 76.5098052, 9.4349109, 0.0 ], [ 76.5094821, 9.4343683, 0.0 ], [ 76.509036, 9.4339433, 0.0 ], [ 76.5086832, 9.4336788, 0.0 ], [ 76.5083941, 9.4334414, 0.0 ], [ 76.5079981, 9.4329192, 0.0 ], [ 76.5076978, 9.4323179, 0.0 ], [ 76.5074702, 9.4320692, 0.0 ], [ 76.5066804, 9.4315288, 0.0 ], [ 76.5052897, 9.4303871, 0.0 ], [ 76.5045136, 9.4298512, 0.0 ], [ 76.5046571, 9.4288997, 0.0 ], [ 76.5046708, 9.4287753, 0.0 ], [ 76.5062005, 9.4290695, 0.0 ], [ 76.506695, 9.4263391, 0.0 ], [ 76.5054932, 9.4254731, 0.0 ], [ 76.5054387, 9.4250256, 0.0 ], [ 76.5054936, 9.4237643, 0.0 ], [ 76.5059352, 9.4235813, 0.0 ], [ 76.5068047, 9.4236651, 0.0 ], [ 76.5069165, 9.4225372, 0.0 ], [ 76.5071739, 9.4219342, 0.0 ], [ 76.5075056, 9.4216461, 0.0 ], [ 76.5080031, 9.4213993, 0.0 ], [ 76.5087499, 9.4195056, 0.0 ], [ 76.5087913, 9.4196703, 0.0 ], [ 76.5097445, 9.4200412, 0.0 ], [ 76.5097033, 9.4193412, 0.0 ], [ 76.5097036, 9.4184766, 0.0 ], [ 76.5090404, 9.418394, 0.0 ], [ 76.5083339, 9.4182933, 0.0 ], [ 76.5083775, 9.417488, 0.0 ], [ 76.5082949, 9.4167468, 0.0 ], [ 76.5080877, 9.4165821, 0.0 ], [ 76.5069109, 9.4159121, 0.0 ], [ 76.5070316, 9.4154397, 0.0 ], [ 76.5070317, 9.4152521, 0.0 ], [ 76.5069885, 9.4149809, 0.0 ], [ 76.506836, 9.4146508, 0.0 ], [ 76.5065129, 9.4141648, 0.0 ], [ 76.5064061, 9.413848, 0.0 ], [ 76.506365, 9.4137014, 0.0 ], [ 76.5061712, 9.4130131, 0.0 ], [ 76.5059784, 9.4123865, 0.0 ], [ 76.5059113, 9.4119841, 0.0 ], [ 76.5059206, 9.4115402, 0.0 ], [ 76.5060765, 9.4107832, 0.0 ], [ 76.5062382, 9.4103063, 0.0 ], [ 76.5067414, 9.4092056, 0.0 ], [ 76.5069464, 9.4087626, 0.0 ], [ 76.5071376, 9.4083038, 0.0 ], [ 76.5072606, 9.4079603, 0.0 ], [ 76.5072903, 9.407784, 0.0 ], [ 76.5072948, 9.4076235, 0.0 ], [ 76.5072653, 9.4074065, 0.0 ], [ 76.5072221, 9.4072076, 0.0 ], [ 76.5071379, 9.4069499, 0.0 ], [ 76.5070423, 9.4067261, 0.0 ], [ 76.506899, 9.4065181, 0.0 ], [ 76.506751, 9.4063779, 0.0 ], [ 76.5065417, 9.4062016, 0.0 ], [ 76.5063277, 9.4060524, 0.0 ], [ 76.5060569, 9.4058444, 0.0 ], [ 76.5059522, 9.4057449, 0.0 ], [ 76.5059203, 9.4056906, 0.0 ], [ 76.5058862, 9.405494, 0.0 ], [ 76.5058954, 9.40539, 0.0 ], [ 76.505925, 9.4052182, 0.0 ], [ 76.5059728, 9.4050532, 0.0 ], [ 76.5060343, 9.4048362, 0.0 ], [ 76.5060912, 9.4047187, 0.0 ], [ 76.5062279, 9.4044181, 0.0 ], [ 76.5063759, 9.4041582, 0.0 ], [ 76.5065421, 9.4039412, 0.0 ], [ 76.5067242, 9.4037989, 0.0 ], [ 76.5069655, 9.4036701, 0.0 ], [ 76.5071954, 9.403582, 0.0 ], [ 76.5074026, 9.4034916, 0.0 ], [ 76.5079102, 9.4033312, 0.0 ], [ 76.5081105, 9.4032792, 0.0 ], [ 76.5090643, 9.403033, 0.0 ], [ 76.5097244, 9.4028297, 0.0 ], [ 76.510487, 9.4025857, 0.0 ], [ 76.5108353, 9.4024434, 0.0 ], [ 76.5112109, 9.4021903, 0.0 ], [ 76.5115342, 9.4019259, 0.0 ], [ 76.5116958, 9.4018061, 0.0 ], [ 76.5119303, 9.401666, 0.0 ], [ 76.5123355, 9.4014242, 0.0 ], [ 76.5127042, 9.4012028, 0.0 ], [ 76.5132873, 9.4007217, 0.0 ], [ 76.5131299, 9.4001728, 0.0 ], [ 76.5124262, 9.4001596, 0.0 ], [ 76.5124337, 9.3992385, 0.0 ], [ 76.5124452, 9.3988926, 0.0 ], [ 76.5124338, 9.398757, 0.0 ], [ 76.5124406, 9.3987977, 0.0 ], [ 76.5123974, 9.3984971, 0.0 ], [ 76.5123246, 9.3982168, 0.0 ], [ 76.5121585, 9.3978257, 0.0 ], [ 76.5120402, 9.3974392, 0.0 ], [ 76.5119061, 9.3968288, 0.0 ], [ 76.5117832, 9.3961959, 0.0 ], [ 76.5117219, 9.3956783, 0.0 ], [ 76.5116969, 9.3951245, 0.0 ], [ 76.5116788, 9.3944961, 0.0 ], [ 76.5116561, 9.3941096, 0.0 ], [ 76.5115834, 9.3937841, 0.0 ], [ 76.5114992, 9.3935897, 0.0 ], [ 76.5112739, 9.3930653, 0.0 ], [ 76.5111602, 9.3928528, 0.0 ], [ 76.5110988, 9.3925137, 0.0 ], [ 76.5111079, 9.3921588, 0.0 ], [ 76.511133, 9.3919305, 0.0 ], [ 76.5111945, 9.391804, 0.0 ], [ 76.5112264, 9.3917475, 0.0 ], [ 76.5112855, 9.3917, 0.0 ], [ 76.5114745, 9.3916187, 0.0 ], [ 76.5118979, 9.3914582, 0.0 ], [ 76.5120549, 9.3914108, 0.0 ], [ 76.5122211, 9.3913792, 0.0 ], [ 76.5124055, 9.3913702, 0.0 ], [ 76.513086, 9.3914358, 0.0 ], [ 76.513325, 9.3914314, 0.0 ], [ 76.5135526, 9.3914043, 0.0 ], [ 76.5137802, 9.3913614, 0.0 ], [ 76.5139988, 9.3912574, 0.0 ], [ 76.514124, 9.3911444, 0.0 ], [ 76.5142196, 9.3910269, 0.0 ], [ 76.5143562, 9.3908167, 0.0 ], [ 76.5144291, 9.3906291, 0.0 ], [ 76.5144518, 9.3904732, 0.0 ], [ 76.5144337, 9.3902426, 0.0 ], [ 76.5143996, 9.3900188, 0.0 ], [ 76.5143199, 9.3897882, 0.0 ], [ 76.5141629, 9.3894627, 0.0 ], [ 76.5139809, 9.3891462, 0.0 ], [ 76.5136236, 9.3887122, 0.0 ], [ 76.5133733, 9.3884364, 0.0 ], [ 76.5130683, 9.3881787, 0.0 ], [ 76.512793, 9.3879458, 0.0 ], [ 76.5126928, 9.3877898, 0.0 ], [ 76.5124994, 9.3874417, 0.0 ], [ 76.5121764, 9.3867319, 0.0 ], [ 76.5120148, 9.3862368, 0.0 ], [ 76.5119807, 9.3860334, 0.0 ], [ 76.5119626, 9.3858345, 0.0 ], [ 76.5119626, 9.3855429, 0.0 ], [ 76.5119717, 9.385344, 0.0 ], [ 76.5120196, 9.3851677, 0.0 ], [ 76.5121366, 9.3847005, 0.0 ], [ 76.5121585, 9.3846275, 0.0 ], [ 76.5122018, 9.3841076, 0.0 ], [ 76.5122292, 9.3838997, 0.0 ], [ 76.5123203, 9.3834454, 0.0 ], [ 76.5124114, 9.3829119, 0.0 ], [ 76.5124342, 9.3826565, 0.0 ], [ 76.5124047, 9.3824734, 0.0 ], [ 76.5123728, 9.3824169, 0.0 ], [ 76.5122295, 9.3822361, 0.0 ], [ 76.5120542, 9.3821366, 0.0 ], [ 76.5118448, 9.3820619, 0.0 ], [ 76.5117106, 9.3820529, 0.0 ], [ 76.5114055, 9.3821274, 0.0 ], [ 76.5104398, 9.3823432, 0.0 ], [ 76.5103995, 9.3822357, 0.0 ], [ 76.5102721, 9.3819487, 0.0 ], [ 76.5102448, 9.3818017, 0.0 ], [ 76.5101402, 9.3811688, 0.0 ], [ 76.5099879, 9.3800409, 0.0 ], [ 76.5099243, 9.3794984, 0.0 ], [ 76.5098675, 9.3791141, 0.0 ], [ 76.5098311, 9.3789717, 0.0 ], [ 76.5098015, 9.3788926, 0.0 ], [ 76.5097583, 9.3787931, 0.0 ], [ 76.5095262, 9.3783636, 0.0 ], [ 76.5093351, 9.3779386, 0.0 ], [ 76.5092828, 9.3777261, 0.0 ], [ 76.50926, 9.3776086, 0.0 ], [ 76.5092464, 9.3774278, 0.0 ], [ 76.5092646, 9.3772243, 0.0 ], [ 76.5093079, 9.3770164, 0.0 ], [ 76.5093649, 9.376813, 0.0 ], [ 76.509481, 9.3764468, 0.0 ], [ 76.5094825, 9.376447, 0.0 ], [ 76.5095463, 9.3763612, 0.0 ], [ 76.509569, 9.3762888, 0.0 ], [ 76.5095918, 9.3761758, 0.0 ], [ 76.5096146, 9.3760447, 0.0 ], [ 76.509683, 9.3758142, 0.0 ], [ 76.5097741, 9.3756605, 0.0 ], [ 76.5099381, 9.3754481, 0.0 ], [ 76.5101156, 9.3752809, 0.0 ], [ 76.5103888, 9.3750414, 0.0 ], [ 76.5107941, 9.3747929, 0.0 ], [ 76.5113996, 9.3744676, 0.0 ], [ 76.5115453, 9.374323, 0.0 ], [ 76.5116637, 9.3741739, 0.0 ], [ 76.5121328, 9.3735502, 0.0 ], [ 76.5123696, 9.3733016, 0.0 ], [ 76.5125517, 9.3731796, 0.0 ], [ 76.5128203, 9.3730984, 0.0 ], [ 76.5134121, 9.3730172, 0.0 ], [ 76.5139401, 9.3729948, 0.0 ], [ 76.5142269, 9.3730355, 0.0 ], [ 76.514318, 9.3730175, 0.0 ], [ 76.5144136, 9.3729814, 0.0 ], [ 76.5144637, 9.3728819, 0.0 ], [ 76.5145001, 9.372787, 0.0 ], [ 76.5145184, 9.3725971, 0.0 ], [ 76.5144911, 9.3724118, 0.0 ], [ 76.5143411, 9.3719371, 0.0 ], [ 76.5141046, 9.3712137, 0.0 ], [ 76.5140046, 9.3708701, 0.0 ], [ 76.5139637, 9.3705581, 0.0 ], [ 76.5140048, 9.3703004, 0.0 ], [ 76.5141005, 9.3699885, 0.0 ], [ 76.5141779, 9.3698801, 0.0 ], [ 76.5142918, 9.3697671, 0.0 ], [ 76.5143783, 9.3697219, 0.0 ], [ 76.5146241, 9.3696678, 0.0 ], [ 76.5149974, 9.3696182, 0.0 ], [ 76.5155527, 9.3695777, 0.0 ], [ 76.5163448, 9.3695237, 0.0 ], [ 76.5170276, 9.3694742, 0.0 ], [ 76.5177605, 9.3693569, 0.0 ], [ 76.518193, 9.3692666, 0.0 ], [ 76.5190807, 9.3689866, 0.0 ], [ 76.5200822, 9.3686117, 0.0 ], [ 76.5207059, 9.368422, 0.0 ], [ 76.521621, 9.3681014, 0.0 ], [ 76.5218987, 9.368011, 0.0 ], [ 76.5223676, 9.3679117, 0.0 ], [ 76.5226634, 9.3678847, 0.0 ], [ 76.5232734, 9.3678668, 0.0 ], [ 76.5236285, 9.3678579, 0.0 ], [ 76.5236968, 9.3678308, 0.0 ], [ 76.5237376, 9.3676748, 0.0 ], [ 76.5237378, 9.3676726, 0.0 ], [ 76.5237652, 9.3673832, 0.0 ], [ 76.5237562, 9.367121, 0.0 ], [ 76.523729, 9.3665966, 0.0 ], [ 76.5236837, 9.3658507, 0.0 ], [ 76.5236155, 9.3657015, 0.0 ], [ 76.5235336, 9.365602, 0.0 ], [ 76.5233561, 9.365498, 0.0 ], [ 76.5231604, 9.3654256, 0.0 ], [ 76.5229465, 9.3653848, 0.0 ], [ 76.5225505, 9.3653485, 0.0 ], [ 76.5222955, 9.3653575, 0.0 ], [ 76.5217857, 9.3653935, 0.0 ], [ 76.5212258, 9.3654521, 0.0 ], [ 76.5204747, 9.365583, 0.0 ], [ 76.5199057, 9.3657139, 0.0 ], [ 76.519455, 9.3658403, 0.0 ], [ 76.5189314, 9.3660481, 0.0 ], [ 76.5187266, 9.3661384, 0.0 ], [ 76.5183897, 9.3662513, 0.0 ], [ 76.5180619, 9.3663145, 0.0 ], [ 76.517807, 9.366328, 0.0 ], [ 76.5173792, 9.3662465, 0.0 ], [ 76.5169059, 9.3659887, 0.0 ], [ 76.5163825, 9.3655907, 0.0 ], [ 76.5159912, 9.3652741, 0.0 ], [ 76.5157545, 9.3652152, 0.0 ], [ 76.5156364, 9.3645326, 0.0 ], [ 76.5155773, 9.3642704, 0.0 ], [ 76.515459, 9.3639493, 0.0 ], [ 76.5152953, 9.3636826, 0.0 ], [ 76.5151042, 9.3634248, 0.0 ], [ 76.514913, 9.363262, 0.0 ], [ 76.5140098, 9.362946, 0.0 ], [ 76.513939, 9.3629162, 0.0 ], [ 76.5138246, 9.3628798, 0.0 ], [ 76.5137561, 9.3628499, 0.0 ], [ 76.5136888, 9.3628052, 0.0 ], [ 76.513646, 9.3627656, 0.0 ], [ 76.513585, 9.3626971, 0.0 ], [ 76.5135477, 9.3626344, 0.0 ], [ 76.5135269, 9.3625842, 0.0 ], [ 76.5135069, 9.3625077, 0.0 ], [ 76.5135041, 9.3624313, 0.0 ], [ 76.5135298, 9.3621284, 0.0 ], [ 76.5135643, 9.361832, 0.0 ], [ 76.51361, 9.36151, 0.0 ], [ 76.5136554, 9.3611881, 0.0 ], [ 76.5136709, 9.3610496, 0.0 ], [ 76.513682, 9.3608408, 0.0 ], [ 76.5136776, 9.3606348, 0.0 ], [ 76.5136577, 9.3604191, 0.0 ], [ 76.5136081, 9.3600917, 0.0 ], [ 76.5135828, 9.3599248, 0.0 ], [ 76.5135643, 9.359757, 0.0 ], [ 76.51353, 9.3593677, 0.0 ], [ 76.5135208, 9.3591704, 0.0 ], [ 76.5135161, 9.3589739, 0.0 ], [ 76.5135211, 9.3588766, 0.0 ], [ 76.5135396, 9.3587364, 0.0 ], [ 76.5135529, 9.3586047, 0.0 ], [ 76.5135641, 9.358356, 0.0 ], [ 76.5135641, 9.3582355, 0.0 ], [ 76.5135534, 9.3581156, 0.0 ], [ 76.5135291, 9.3579535, 0.0 ], [ 76.5134777, 9.3577091, 0.0 ], [ 76.5134169, 9.3574651, 0.0 ], [ 76.5133376, 9.3571702, 0.0 ], [ 76.5132554, 9.3568753, 0.0 ], [ 76.5131752, 9.3565449, 0.0 ], [ 76.513104, 9.3562138, 0.0 ], [ 76.5130849, 9.3560974, 0.0 ], [ 76.5130774, 9.3560079, 0.0 ], [ 76.5130799, 9.3558709, 0.0 ], [ 76.5130903, 9.3558009, 0.0 ], [ 76.5131053, 9.3557339, 0.0 ], [ 76.5131725, 9.3555039, 0.0 ], [ 76.513246, 9.3552758, 0.0 ], [ 76.5133225, 9.3550514, 0.0 ], [ 76.5133938, 9.3548303, 0.0 ], [ 76.5134099, 9.3547507, 0.0 ], [ 76.5134137, 9.3546937, 0.0 ], [ 76.513405, 9.3544922, 0.0 ], [ 76.5133917, 9.3543197, 0.0 ], [ 76.5133805, 9.3542333, 0.0 ], [ 76.5133694, 9.3541468, 0.0 ], [ 76.5133617, 9.3540967, 0.0 ], [ 76.5133517, 9.3540669, 0.0 ], [ 76.513342, 9.3540443, 0.0 ], [ 76.5133112, 9.3540244, 0.0 ], [ 76.5133117, 9.3540052, 0.0 ], [ 76.513244, 9.3540061, 0.0 ], [ 76.5130027, 9.354009, 0.0 ], [ 76.5128729, 9.3540226, 0.0 ], [ 76.5127773, 9.3540971, 0.0 ], [ 76.5125451, 9.3544497, 0.0 ], [ 76.5124222, 9.3546057, 0.0 ], [ 76.5121559, 9.3548362, 0.0 ], [ 76.5119852, 9.3548768, 0.0 ], [ 76.5117189, 9.3549107, 0.0 ], [ 76.5112637, 9.3548631, 0.0 ], [ 76.5110179, 9.3548563, 0.0 ], [ 76.5107585, 9.3548766, 0.0 ], [ 76.5101713, 9.3549511, 0.0 ], [ 76.5094953, 9.3550256, 0.0 ], [ 76.509113, 9.3550323, 0.0 ], [ 76.5088922, 9.3549984, 0.0 ], [ 76.5085987, 9.3548627, 0.0 ], [ 76.5084348, 9.3546864, 0.0 ], [ 76.5080664, 9.3541968, 0.0 ], [ 76.5078186, 9.3539196, 0.0 ], [ 76.5076001, 9.3537547, 0.0 ], [ 76.5074181, 9.3536145, 0.0 ], [ 76.5069603, 9.3533706, 0.0 ], [ 76.5067082, 9.3531025, 0.0 ], [ 76.5064279, 9.3527421, 0.0 ], [ 76.5062572, 9.3524301, 0.0 ], [ 76.5061139, 9.3521928, 0.0 ], [ 76.5059296, 9.3520096, 0.0 ], [ 76.5056019, 9.351779, 0.0 ], [ 76.505363, 9.3516637, 0.0 ], [ 76.5050216, 9.3514941, 0.0 ], [ 76.5043184, 9.3512092, 0.0 ], [ 76.5039498, 9.351087, 0.0 ], [ 76.503506, 9.3509649, 0.0 ], [ 76.5031601, 9.3508699, 0.0 ], [ 76.5028597, 9.3508314, 0.0 ], [ 76.5023612, 9.3508449, 0.0 ], [ 76.501848, 9.3508116, 0.0 ], [ 76.5016159, 9.3507912, 0.0 ], [ 76.5012757, 9.3507362, 0.0 ], [ 76.5011733, 9.3507226, 0.0 ], [ 76.5008592, 9.3506276, 0.0 ], [ 76.5006408, 9.350519, 0.0 ], [ 76.5001765, 9.3502748, 0.0 ], [ 76.4999997, 9.3501532, 0.0 ], [ 76.4997624, 9.34999, 0.0 ], [ 76.4993119, 9.3496847, 0.0 ], [ 76.4991898, 9.3496288, 0.0 ], [ 76.4991344, 9.3495897, 0.0 ], [ 76.498567, 9.3492829, 0.0 ], [ 76.4979385, 9.3490081, 0.0 ], [ 76.4974511, 9.348733, 0.0 ], [ 76.4969681, 9.3483675, 0.0 ], [ 76.4965806, 9.347934, 0.0 ], [ 76.4962296, 9.3475322, 0.0 ], [ 76.4956784, 9.3472346, 0.0 ], [ 76.4953644, 9.3472757, 0.0 ], [ 76.4951735, 9.3474162, 0.0 ], [ 76.4949688, 9.3475339, 0.0 ], [ 76.4947412, 9.3475614, 0.0 ], [ 76.4931116, 9.3474868, 0.0 ], [ 76.4919325, 9.3473437, 0.0 ], [ 76.4908854, 9.3471733, 0.0 ], [ 76.4900253, 9.347274, 0.0 ], [ 76.4897796, 9.3473511, 0.0 ], [ 76.4892472, 9.3475191, 0.0 ], [ 76.4887831, 9.3475966, 0.0 ], [ 76.4882186, 9.3475386, 0.0 ], [ 76.4874856, 9.3473768, 0.0 ], [ 76.4870347, 9.3472147, 0.0 ], [ 76.4868706, 9.3470296, 0.0 ], [ 76.4866106, 9.3466095, 0.0 ], [ 76.4863919, 9.3464335, 0.0 ], [ 76.4861414, 9.3463525, 0.0 ], [ 76.4856543, 9.3462582, 0.0 ], [ 76.4839743, 9.3460208, 0.0 ], [ 76.482563, 9.3457696, 0.0 ], [ 76.4824856, 9.3457562, 0.0 ], [ 76.482325, 9.3448071, 0.0 ], [ 76.4822014, 9.3443189, 0.0 ], [ 76.4818592, 9.3436278, 0.0 ], [ 76.4812617, 9.342729, 0.0 ], [ 76.4808971, 9.3423724, 0.0 ], [ 76.4806556, 9.3421918, 0.0 ], [ 76.4804642, 9.3420022, 0.0 ], [ 76.4802496, 9.3415369, 0.0 ], [ 76.4801537, 9.3412748, 0.0 ], [ 76.4800216, 9.3411394, 0.0 ], [ 76.4796979, 9.3408144, 0.0 ], [ 76.479602, 9.3405885, 0.0 ], [ 76.4783782, 9.3410014, 0.0 ], [ 76.4783736, 9.3409653, 0.0 ], [ 76.4783598, 9.3408613, 0.0 ], [ 76.4783458, 9.3405765, 0.0 ], [ 76.4783225, 9.3402375, 0.0 ], [ 76.4783587, 9.3400205, 0.0 ], [ 76.4783946, 9.3396452, 0.0 ], [ 76.4783304, 9.3392927, 0.0 ], [ 76.4781663, 9.3390849, 0.0 ], [ 76.4778656, 9.3389045, 0.0 ], [ 76.4775378, 9.338792, 0.0 ], [ 76.4772599, 9.3386431, 0.0 ], [ 76.4769547, 9.3384989, 0.0 ], [ 76.476709, 9.3385173, 0.0 ], [ 76.4765179, 9.3385808, 0.0 ], [ 76.4763906, 9.3387121, 0.0 ], [ 76.4762542, 9.3387304, 0.0 ], [ 76.4760356, 9.3386629, 0.0 ], [ 76.4758351, 9.338514, 0.0 ], [ 76.4755662, 9.3382566, 0.0 ], [ 76.4752109, 9.3380266, 0.0 ], [ 76.474933, 9.337837, 0.0 ], [ 76.474869, 9.3376924, 0.0 ], [ 76.4749189, 9.3375296, 0.0 ], [ 76.4750007, 9.3373939, 0.0 ], [ 76.4751461, 9.3372401, 0.0 ], [ 76.4754553, 9.3370272, 0.0 ], [ 76.47571, 9.3368596, 0.0 ], [ 76.4760102, 9.336719, 0.0 ], [ 76.4759599, 9.3365157, 0.0 ], [ 76.4758136, 9.3360186, 0.0 ], [ 76.4757086, 9.3357701, 0.0 ], [ 76.4755672, 9.335585, 0.0 ], [ 76.4754213, 9.3353862, 0.0 ], [ 76.4752253, 9.3351921, 0.0 ], [ 76.4750794, 9.3350024, 0.0 ], [ 76.4749972, 9.334772, 0.0 ], [ 76.4748649, 9.3345959, 0.0 ], [ 76.4747009, 9.3343927, 0.0 ], [ 76.4746597, 9.3342436, 0.0 ], [ 76.4745227, 9.3339725, 0.0 ], [ 76.4743313, 9.3337558, 0.0 ], [ 76.474058, 9.3335301, 0.0 ], [ 76.4738256, 9.3333406, 0.0 ], [ 76.4735246, 9.3329341, 0.0 ], [ 76.4733555, 9.3324189, 0.0 ], [ 76.4733822, 9.3319713, 0.0 ], [ 76.4735747, 9.3316816, 0.0 ], [ 76.4735775, 9.3316773, 0.0 ], [ 76.4736033, 9.3316609, 0.0 ], [ 76.4737185, 9.3315776, 0.0 ], [ 76.4741824, 9.3312922, 0.0 ], [ 76.4744006, 9.3310704, 0.0 ], [ 76.4744549, 9.3308715, 0.0 ], [ 76.4745093, 9.330677, 0.0 ], [ 76.4742852, 9.3299179, 0.0 ], [ 76.4740843, 9.3293937, 0.0 ], [ 76.4742701, 9.3288194, 0.0 ], [ 76.4744559, 9.3281275, 0.0 ], [ 76.4750021, 9.3281945, 0.0 ], [ 76.4760535, 9.3282429, 0.0 ], [ 76.4777966, 9.3280869, 0.0 ], [ 76.4794486, 9.3280124, 0.0 ], [ 76.4821067, 9.3280586, 0.0 ], [ 76.4831719, 9.3281748, 0.0 ], [ 76.4839368, 9.3283997, 0.0 ], [ 76.4846152, 9.3284983, 0.0 ], [ 76.4852889, 9.3285969, 0.0 ], [ 76.4864086, 9.3286632, 0.0 ], [ 76.4876649, 9.3286976, 0.0 ], [ 76.4881427, 9.3286156, 0.0 ], [ 76.4897122, 9.3281163, 0.0 ], [ 76.4923005, 9.3269961, 0.0 ], [ 76.4933466, 9.326502, 0.0 ], [ 76.4939604, 9.32604, 0.0 ], [ 76.4942739, 9.3256735, 0.0 ], [ 76.494328, 9.3252937, 0.0 ], [ 76.4942044, 9.3247649, 0.0 ], [ 76.4952095, 9.3242301, 0.0 ], [ 76.4962878, 9.3239303, 0.0 ], [ 76.4969974, 9.3236129, 0.0 ], [ 76.4977968, 9.3234392, 0.0 ], [ 76.4993626, 9.3238313, 0.0 ], [ 76.4995973, 9.3238128, 0.0 ], [ 76.4999348, 9.323746, 0.0 ], [ 76.4999998, 9.3237232, 0.0 ], [ 76.5001571, 9.3236682, 0.0 ], [ 76.5004347, 9.3236253, 0.0 ], [ 76.5007852, 9.3236051, 0.0 ], [ 76.5012403, 9.3236187, 0.0 ], [ 76.5014702, 9.3236256, 0.0 ], [ 76.5018206, 9.3236618, 0.0 ], [ 76.5021369, 9.3237071, 0.0 ], [ 76.5024449, 9.3237873, 0.0 ], [ 76.5030957, 9.3240044, 0.0 ], [ 76.5037935, 9.324225, 0.0 ], [ 76.5041235, 9.3242996, 0.0 ], [ 76.5052067, 9.3245078, 0.0 ], [ 76.5062034, 9.3246775, 0.0 ], [ 76.5067473, 9.3247861, 0.0 ], [ 76.5072934, 9.3248924, 0.0 ], [ 76.507967, 9.3250508, 0.0 ], [ 76.508702, 9.325182, 0.0 ], [ 76.5090297, 9.3252341, 0.0 ], [ 76.5093915, 9.3252974, 0.0 ], [ 76.5102722, 9.325562, 0.0 ], [ 76.5115056, 9.3259126, 0.0 ], [ 76.5118651, 9.3260076, 0.0 ], [ 76.5122793, 9.3260958, 0.0 ], [ 76.5132282, 9.3262271, 0.0 ], [ 76.5143319, 9.3263471, 0.0 ], [ 76.5147575, 9.3264036, 0.0 ], [ 76.5152012, 9.3264806, 0.0 ], [ 76.5156746, 9.3265943, 0.0 ], [ 76.5162997, 9.3267893, 0.0 ], [ 76.5171082, 9.3270346, 0.0 ], [ 76.5182005, 9.3273061, 0.0 ], [ 76.5187395, 9.327195, 0.0 ], [ 76.5190677, 9.3271661, 0.0 ], [ 76.519296, 9.3270947, 0.0 ], [ 76.5197, 9.3271035, 0.0 ], [ 76.5199024, 9.3270784, 0.0 ], [ 76.5206233, 9.326953, 0.0 ], [ 76.5215972, 9.3268276, 0.0 ], [ 76.5220145, 9.3268529, 0.0 ], [ 76.5225457, 9.3267274, 0.0 ], [ 76.5229125, 9.3267652, 0.0 ], [ 76.5232287, 9.3266647, 0.0 ], [ 76.5234943, 9.3265517, 0.0 ], [ 76.5239876, 9.3263508, 0.0 ], [ 76.5242006, 9.3262755, 0.0 ], [ 76.524327, 9.3262504, 0.0 ], [ 76.5245294, 9.326175, 0.0 ], [ 76.524757, 9.3262128, 0.0 ], [ 76.5250226, 9.3261877, 0.0 ], [ 76.5251315, 9.3262085, 0.0 ], [ 76.5252271, 9.3261904, 0.0 ], [ 76.5254779, 9.3262005, 0.0 ], [ 76.525832, 9.3261252, 0.0 ], [ 76.5261816, 9.3259709, 0.0 ], [ 76.5263594, 9.3259574, 0.0 ], [ 76.5267186, 9.3258989, 0.0 ], [ 76.5269968, 9.3259493, 0.0 ], [ 76.5272244, 9.3260876, 0.0 ], [ 76.5273509, 9.3261253, 0.0 ], [ 76.5275406, 9.3262888, 0.0 ], [ 76.5277281, 9.3263573, 0.0 ], [ 76.5279387, 9.326451, 0.0 ], [ 76.5281096, 9.326578, 0.0 ], [ 76.5282487, 9.3266534, 0.0 ], [ 76.528413, 9.3268545, 0.0 ], [ 76.5285268, 9.3269551, 0.0 ], [ 76.5286532, 9.3270808, 0.0 ], [ 76.5288428, 9.3274202, 0.0 ], [ 76.5291715, 9.3278099, 0.0 ], [ 76.5295887, 9.3283755, 0.0 ], [ 76.5298416, 9.3286395, 0.0 ], [ 76.5300059, 9.3288406, 0.0 ], [ 76.5304611, 9.3292429, 0.0 ], [ 76.5306979, 9.3293427, 0.0 ], [ 76.5309169, 9.3295071, 0.0 ], [ 76.5310762, 9.3295636, 0.0 ], [ 76.5314348, 9.3295825, 0.0 ], [ 76.5317758, 9.3296372, 0.0 ], [ 76.5319154, 9.3296243, 0.0 ], [ 76.532143, 9.3295827, 0.0 ], [ 76.5322231, 9.329587, 0.0 ], [ 76.5323358, 9.3295726, 0.0 ], [ 76.532522, 9.3295191, 0.0 ], [ 76.532546, 9.3294952, 0.0 ], [ 76.5325226, 9.3291721, 0.0 ], [ 76.5324915, 9.3289058, 0.0 ], [ 76.5324873, 9.3285438, 0.0 ], [ 76.5324897, 9.3281663, 0.0 ], [ 76.5324942, 9.3279697, 0.0 ], [ 76.5324874, 9.3276623, 0.0 ], [ 76.5325407, 9.3273708, 0.0 ], [ 76.5326069, 9.3269685, 0.0 ], [ 76.5327426, 9.3264022, 0.0 ], [ 76.5329064, 9.3257252, 0.0 ], [ 76.5329838, 9.3254336, 0.0 ], [ 76.53304, 9.3252641, 0.0 ], [ 76.5331028, 9.3251393, 0.0 ], [ 76.5332671, 9.3249137, 0.0 ], [ 76.5335859, 9.3245345, 0.0 ], [ 76.5336825, 9.3244385, 0.0 ], [ 76.5338169, 9.3242812, 0.0 ], [ 76.5340198, 9.3240076, 0.0 ], [ 76.5344791, 9.3234405, 0.0 ], [ 76.534614, 9.3232828, 0.0 ], [ 76.5348314, 9.3230188, 0.0 ], [ 76.535046, 9.3227975, 0.0 ], [ 76.5353037, 9.322638, 0.0 ], [ 76.5356077, 9.3225129, 0.0 ], [ 76.5356829, 9.3224354, 0.0 ], [ 76.5361897, 9.3222391, 0.0 ], [ 76.5363649, 9.3221736, 0.0 ], [ 76.5367709, 9.3220855, 0.0 ], [ 76.5373273, 9.3221359, 0.0 ], [ 76.537732, 9.322136, 0.0 ], [ 76.538162, 9.3221612, 0.0 ], [ 76.538592, 9.3221865, 0.0 ], [ 76.538806, 9.3221699, 0.0 ], [ 76.5390313, 9.3221563, 0.0 ], [ 76.539199, 9.3221866, 0.0 ], [ 76.5395278, 9.322237, 0.0 ], [ 76.5399325, 9.3222874, 0.0 ], [ 76.5403119, 9.3223377, 0.0 ], [ 76.5407165, 9.3224635, 0.0 ], [ 76.5413488, 9.3227653, 0.0 ], [ 76.5421581, 9.323042, 0.0 ], [ 76.5426639, 9.3231678, 0.0 ], [ 76.543018, 9.3234695, 0.0 ], [ 76.5433973, 9.3238215, 0.0 ], [ 76.5438525, 9.3241735, 0.0 ], [ 76.5444088, 9.3246009, 0.0 ], [ 76.5447882, 9.3247769, 0.0 ], [ 76.5453193, 9.3251038, 0.0 ], [ 76.5454081, 9.3251384, 0.0 ], [ 76.5455833, 9.3252695, 0.0 ], [ 76.5457698, 9.325283, 0.0 ], [ 76.5460019, 9.3254187, 0.0 ], [ 76.5461792, 9.3254559, 0.0 ], [ 76.5463562, 9.3254056, 0.0 ], [ 76.5464422, 9.3253935, 0.0 ], [ 76.5465606, 9.3253579, 0.0 ], [ 76.5469179, 9.3252698, 0.0 ], [ 76.5474049, 9.3251388, 0.0 ], [ 76.5479939, 9.3249343, 0.0 ], [ 76.5484035, 9.3248168, 0.0 ], [ 76.5489069, 9.3247207, 0.0 ], [ 76.549221, 9.3246845, 0.0 ], [ 76.5496488, 9.3246597, 0.0 ], [ 76.5498946, 9.3246552, 0.0 ], [ 76.5503156, 9.3246778, 0.0 ], [ 76.5506091, 9.3247434, 0.0 ], [ 76.550823, 9.324809, 0.0 ], [ 76.5509952, 9.3248796, 0.0 ], [ 76.5514656, 9.3253063, 0.0 ], [ 76.551594, 9.3254325, 0.0 ], [ 76.551574, 9.3260838, 0.0 ], [ 76.5517742, 9.3265359, 0.0 ], [ 76.5519357, 9.3268818, 0.0 ], [ 76.5520632, 9.3271485, 0.0 ], [ 76.5521157, 9.3272444, 0.0 ], [ 76.552377, 9.3276211, 0.0 ], [ 76.5526428, 9.3282165, 0.0 ], [ 76.5527548, 9.3285992, 0.0 ], [ 76.5528592, 9.3290004, 0.0 ], [ 76.5529603, 9.3293523, 0.0 ], [ 76.5530885, 9.3299117, 0.0 ], [ 76.5533001, 9.3306486, 0.0 ], [ 76.5534083, 9.3309677, 0.0 ], [ 76.553485, 9.3313058, 0.0 ], [ 76.5535487, 9.3313555, 0.0 ], [ 76.5535624, 9.3315522, 0.0 ], [ 76.5535591, 9.3317753, 0.0 ], [ 76.5535045, 9.3321302, 0.0 ], [ 76.5533985, 9.3324586, 0.0 ], [ 76.5532892, 9.3327818, 0.0 ], [ 76.5532209, 9.3330621, 0.0 ], [ 76.5531595, 9.3334486, 0.0 ], [ 76.5531162, 9.3339911, 0.0 ], [ 76.5530843, 9.3344771, 0.0 ], [ 76.5530752, 9.3348658, 0.0 ], [ 76.553107, 9.3350602, 0.0 ], [ 76.5531685, 9.3352072, 0.0 ], [ 76.5532345, 9.3353157, 0.0 ], [ 76.5533118, 9.3354151, 0.0 ], [ 76.5534507, 9.3355395, 0.0 ], [ 76.5536418, 9.3356796, 0.0 ], [ 76.5538739, 9.3358085, 0.0 ], [ 76.5540879, 9.335917, 0.0 ], [ 76.5544087, 9.3360684, 0.0 ], [ 76.5545931, 9.3361498, 0.0 ], [ 76.5547637, 9.3362402, 0.0 ], [ 76.5548666, 9.3363015, 0.0 ], [ 76.5550236, 9.3364417, 0.0 ], [ 76.5552204, 9.3367266, 0.0 ], [ 76.5554389, 9.3370476, 0.0 ], [ 76.5558873, 9.3377982, 0.0 ], [ 76.5561058, 9.338187, 0.0 ], [ 76.5562793, 9.338582, 0.0 ], [ 76.5563658, 9.3388329, 0.0 ], [ 76.5563702, 9.3389584, 0.0 ], [ 76.5563567, 9.3390386, 0.0 ], [ 76.5563206, 9.3391374, 0.0 ], [ 76.5562575, 9.3392314, 0.0 ], [ 76.5562292, 9.3406164, 0.0 ], [ 76.5583092, 9.3421806, 0.0 ], [ 76.5598148, 9.3434116, 0.0 ], [ 76.5595507, 9.3437049, 0.0 ], [ 76.5592071, 9.3440508, 0.0 ], [ 76.5590374, 9.3441788, 0.0 ], [ 76.5589054, 9.3442556, 0.0 ], [ 76.5586095, 9.3443867, 0.0 ], [ 76.5583364, 9.3444726, 0.0 ], [ 76.5577014, 9.344624, 0.0 ], [ 76.5569641, 9.3447867, 0.0 ], [ 76.5562153, 9.3449472, 0.0 ], [ 76.5557465, 9.3450557, 0.0 ], [ 76.5552299, 9.3452184, 0.0 ], [ 76.5550137, 9.3452794, 0.0 ], [ 76.554538, 9.3453902, 0.0 ], [ 76.5542399, 9.3455122, 0.0 ], [ 76.5536481, 9.3458105, 0.0 ], [ 76.5531634, 9.3460705, 0.0 ], [ 76.5526832, 9.3463575, 0.0 ], [ 76.5522325, 9.3466875, 0.0 ], [ 76.5519571, 9.3468932, 0.0 ], [ 76.5517068, 9.347074, 0.0 ], [ 76.5515315, 9.3472412, 0.0 ], [ 76.5513927, 9.3474582, 0.0 ], [ 76.5511492, 9.3478877, 0.0 ], [ 76.5510084, 9.3481671, 0.0 ], [ 76.5507626, 9.3486937, 0.0 ], [ 76.5505853, 9.3490144, 0.0 ], [ 76.5504788, 9.3491388, 0.0 ], [ 76.5504003, 9.3491806, 0.0 ], [ 76.5496925, 9.3497343, 0.0 ], [ 76.5498707, 9.3501126, 0.0 ], [ 76.5503388, 9.3511064, 0.0 ], [ 76.55058, 9.3510634, 0.0 ], [ 76.5507211, 9.3511064, 0.0 ], [ 76.5508865, 9.3512885, 0.0 ], [ 76.5512172, 9.3516376, 0.0 ], [ 76.5514152, 9.3518094, 0.0 ], [ 76.5516678, 9.3519925, 0.0 ], [ 76.5518635, 9.3521123, 0.0 ], [ 76.5520843, 9.3522141, 0.0 ], [ 76.5522572, 9.3522819, 0.0 ], [ 76.5524871, 9.352352, 0.0 ], [ 76.5526328, 9.3523723, 0.0 ], [ 76.552849, 9.3523836, 0.0 ], [ 76.5530333, 9.352352, 0.0 ], [ 76.553204, 9.3523136, 0.0 ], [ 76.5533315, 9.3522819, 0.0 ], [ 76.5535795, 9.3521441, 0.0 ], [ 76.5537844, 9.3520039, 0.0 ], [ 76.5540507, 9.3517327, 0.0 ], [ 76.5544148, 9.3513032, 0.0 ], [ 76.5547266, 9.3509484, 0.0 ], [ 76.5549565, 9.350702, 0.0 ], [ 76.555109, 9.3505574, 0.0 ], [ 76.5552365, 9.3504557, 0.0 ], [ 76.5554345, 9.3503607, 0.0 ], [ 76.5555869, 9.350311, 0.0 ], [ 76.555835, 9.3502477, 0.0 ], [ 76.5560512, 9.3502161, 0.0 ], [ 76.5562674, 9.3502093, 0.0 ], [ 76.5565792, 9.3502229, 0.0 ], [ 76.5569297, 9.3502862, 0.0 ], [ 76.5572597, 9.3503924, 0.0 ], [ 76.5575851, 9.3504874, 0.0 ], [ 76.557972, 9.3505959, 0.0 ], [ 76.5583612, 9.3506841, 0.0 ], [ 76.5588505, 9.3507903, 0.0 ], [ 76.5591873, 9.3508672, 0.0 ], [ 76.5594354, 9.3509418, 0.0 ], [ 76.5596948, 9.3510503, 0.0 ], [ 76.5599748, 9.351195, 0.0 ], [ 76.5601728, 9.3513351, 0.0 ], [ 76.5603571, 9.3514866, 0.0 ], [ 76.5605346, 9.3517013, 0.0 ], [ 76.5606695, 9.3519442, 0.0 ], [ 76.5609163, 9.3523812, 0.0 ], [ 76.5610194, 9.3526371, 0.0 ], [ 76.5610262, 9.3528021, 0.0 ], [ 76.5618478, 9.35287, 0.0 ], [ 76.5620936, 9.3529355, 0.0 ], [ 76.5622802, 9.3531389, 0.0 ], [ 76.5623485, 9.3532361, 0.0 ], [ 76.5626352, 9.3537018, 0.0 ], [ 76.5631222, 9.3541109, 0.0 ], [ 76.5634181, 9.3541674, 0.0 ], [ 76.5637504, 9.3541471, 0.0 ], [ 76.5642807, 9.3539957, 0.0 ], [ 76.5646607, 9.3536295, 0.0 ], [ 76.5649521, 9.3532882, 0.0 ], [ 76.5651819, 9.3531594, 0.0 ], [ 76.5654004, 9.3535572, 0.0 ], [ 76.5656667, 9.3540952, 0.0 ], [ 76.5659102, 9.3545337, 0.0 ], [ 76.5663517, 9.3553067, 0.0 ], [ 76.5667158, 9.3558808, 0.0 ], [ 76.5668547, 9.3560888, 0.0 ], [ 76.567344, 9.3558967, 0.0 ], [ 76.567542, 9.3558357, 0.0 ], [ 76.5676467, 9.3558153, 0.0 ], [ 76.5677855, 9.3558085, 0.0 ], [ 76.5680313, 9.3557995, 0.0 ], [ 76.5682862, 9.3557995, 0.0 ], [ 76.5684888, 9.3558447, 0.0 ], [ 76.5686663, 9.3559238, 0.0 ], [ 76.5688142, 9.3560029, 0.0 ], [ 76.5689804, 9.3560662, 0.0 ], [ 76.5692148, 9.3560933, 0.0 ], [ 76.5694947, 9.3560662, 0.0 ], [ 76.5698543, 9.3560255, 0.0 ], [ 76.5702776, 9.355969, 0.0 ], [ 76.570644, 9.355917, 0.0 ], [ 76.5709581, 9.3558831, 0.0 ], [ 76.57137, 9.3558786, 0.0 ], [ 76.5716841, 9.3558944, 0.0 ], [ 76.5719595, 9.3558786, 0.0 ], [ 76.5722007, 9.355856, 0.0 ], [ 76.5724192, 9.3558221, 0.0 ], [ 76.5726081, 9.355752, 0.0 ], [ 76.5727674, 9.3556571, 0.0 ], [ 76.5729108, 9.3555554, 0.0 ], [ 76.5730542, 9.3554243, 0.0 ], [ 76.5732135, 9.3552367, 0.0 ], [ 76.573407, 9.3548908, 0.0 ], [ 76.5735162, 9.3546625, 0.0 ], [ 76.5736641, 9.3543732, 0.0 ], [ 76.5737461, 9.3542037, 0.0 ], [ 76.5738644, 9.3540545, 0.0 ], [ 76.5741338, 9.3539018, 0.0 ], [ 76.5742813, 9.3538909, 0.0 ], [ 76.5745499, 9.3538524, 0.0 ], [ 76.5751389, 9.3538217, 0.0 ], [ 76.5757898, 9.3537832, 0.0 ], [ 76.5763542, 9.353738, 0.0 ], [ 76.5766114, 9.3536906, 0.0 ], [ 76.5769095, 9.3536114, 0.0 ], [ 76.5772191, 9.3534532, 0.0 ], [ 76.5774307, 9.3533673, 0.0 ], [ 76.5775604, 9.3533402, 0.0 ], [ 76.5777038, 9.3533628, 0.0 ], [ 76.5777898, 9.353544, 0.0 ], [ 76.5778184, 9.3535781, 0.0 ], [ 76.5785436, 9.3535368, 0.0 ], [ 76.5786617, 9.353494, 0.0 ], [ 76.5788805, 9.3534984, 0.0 ], [ 76.5791991, 9.3535368, 0.0 ], [ 76.5793971, 9.3535549, 0.0 ], [ 76.5795843, 9.3535473, 0.0 ], [ 76.5798249, 9.3534351, 0.0 ], [ 76.5799228, 9.353356, 0.0 ], [ 76.580007, 9.3532158, 0.0 ], [ 76.5800503, 9.3530892, 0.0 ], [ 76.5800503, 9.352992, 0.0 ], [ 76.5800184, 9.3528338, 0.0 ], [ 76.5799, 9.3524767, 0.0 ], [ 76.5796269, 9.3518415, 0.0 ], [ 76.5793265, 9.3512448, 0.0 ], [ 76.5791922, 9.3509216, 0.0 ], [ 76.5792036, 9.3507204, 0.0 ], [ 76.5792354, 9.3505712, 0.0 ], [ 76.5793538, 9.3502774, 0.0 ], [ 76.5794562, 9.3500694, 0.0 ], [ 76.5796314, 9.3497756, 0.0 ], [ 76.5798158, 9.3495495, 0.0 ], [ 76.5800421, 9.3493335, 0.0 ], [ 76.5801958, 9.3492353, 0.0 ], [ 76.5803574, 9.3491336, 0.0 ], [ 76.5805986, 9.3489369, 0.0 ], [ 76.5807807, 9.3487493, 0.0 ], [ 76.5809582, 9.3484668, 0.0 ], [ 76.5811562, 9.3481096, 0.0 ], [ 76.5814247, 9.3475965, 0.0 ], [ 76.581559, 9.3473411, 0.0 ], [ 76.5817456, 9.3473773, 0.0 ], [ 76.5818844, 9.347479, 0.0 ], [ 76.582046, 9.3476395, 0.0 ], [ 76.5821803, 9.3478632, 0.0 ], [ 76.5822167, 9.3481232, 0.0 ], [ 76.5821894, 9.3483311, 0.0 ], [ 76.5821416, 9.3485978, 0.0 ], [ 76.582103, 9.3488442, 0.0 ], [ 76.5821462, 9.3490296, 0.0 ], [ 76.5822373, 9.3492172, 0.0 ], [ 76.5824193, 9.3493664, 0.0 ], [ 76.5825695, 9.3493664, 0.0 ], [ 76.5827471, 9.3493437, 0.0 ], [ 76.5828813, 9.3492443, 0.0 ], [ 76.5831271, 9.3489979, 0.0 ], [ 76.5833251, 9.3488012, 0.0 ], [ 76.5834594, 9.3487153, 0.0 ], [ 76.5836437, 9.3486204, 0.0 ], [ 76.5838895, 9.3485074, 0.0 ], [ 76.5843014, 9.3484056, 0.0 ], [ 76.5844858, 9.3484011, 0.0 ], [ 76.584727, 9.3483966, 0.0 ], [ 76.5850638, 9.348444, 0.0 ], [ 76.5852641, 9.3485457, 0.0 ], [ 76.5854894, 9.3487469, 0.0 ], [ 76.5857398, 9.3490181, 0.0 ], [ 76.5859651, 9.3493391, 0.0 ], [ 76.5861722, 9.3497075, 0.0 ], [ 76.5863452, 9.3501302, 0.0 ], [ 76.5865341, 9.3506772, 0.0 ], [ 76.5866957, 9.3511451, 0.0 ], [ 76.5868505, 9.3514412, 0.0 ], [ 76.5870326, 9.3516672, 0.0 ], [ 76.5871578, 9.3518141, 0.0 ], [ 76.5872989, 9.3519068, 0.0 ], [ 76.5875105, 9.3519791, 0.0 ], [ 76.5876539, 9.3519678, 0.0 ], [ 76.5877836, 9.351943, 0.0 ], [ 76.5878952, 9.3518751, 0.0 ], [ 76.5880522, 9.3517576, 0.0 ], [ 76.5882752, 9.3515903, 0.0 ], [ 76.5884687, 9.3514728, 0.0 ], [ 76.58876, 9.3513326, 0.0 ], [ 76.5890399, 9.3512015, 0.0 ], [ 76.5892697, 9.3511224, 0.0 ], [ 76.5894609, 9.3510839, 0.0 ], [ 76.5896544, 9.3510545, 0.0 ], [ 76.590039, 9.3510364, 0.0 ], [ 76.5902688, 9.3510545, 0.0 ], [ 76.5905988, 9.3511155, 0.0 ], [ 76.5908623, 9.3511802, 0.0 ], [ 76.5910079, 9.351248, 0.0 ], [ 76.5912384, 9.3514003, 0.0 ], [ 76.5913749, 9.3515721, 0.0 ], [ 76.5914956, 9.3517213, 0.0 ], [ 76.5916458, 9.3518501, 0.0 ], [ 76.5918188, 9.3519427, 0.0 ], [ 76.5920691, 9.3520467, 0.0 ], [ 76.5923673, 9.3521461, 0.0 ], [ 76.5926768, 9.3523383, 0.0 ], [ 76.5929567, 9.3524852, 0.0 ], [ 76.5931297, 9.3525597, 0.0 ], [ 76.5933254, 9.3526208, 0.0 ], [ 76.5934665, 9.3526637, 0.0 ], [ 76.5937852, 9.3527383, 0.0 ], [ 76.5940833, 9.3527948, 0.0 ], [ 76.5942927, 9.3528061, 0.0 ], [ 76.594543, 9.352788, 0.0 ], [ 76.5947592, 9.3527563, 0.0 ], [ 76.5950073, 9.3526839, 0.0 ], [ 76.595244, 9.3525913, 0.0 ], [ 76.5955353, 9.3524601, 0.0 ], [ 76.5958585, 9.3523132, 0.0 ], [ 76.596102, 9.3521595, 0.0 ], [ 76.5959608, 9.3518091, 0.0 ], [ 76.5955398, 9.3513277, 0.0 ], [ 76.5953053, 9.3510316, 0.0 ], [ 76.5952211, 9.3508576, 0.0 ], [ 76.5951801, 9.3507061, 0.0 ], [ 76.5951756, 9.3505615, 0.0 ], [ 76.5952165, 9.3504326, 0.0 ], [ 76.5952894, 9.3502744, 0.0 ], [ 76.59541, 9.3501275, 0.0 ], [ 76.5955693, 9.3500099, 0.0 ], [ 76.5959197, 9.3498336, 0.0 ], [ 76.5964659, 9.3496278, 0.0 ], [ 76.5969188, 9.349508, 0.0 ], [ 76.5970781, 9.3494605, 0.0 ], [ 76.5971578, 9.3494108, 0.0 ], [ 76.5971942, 9.3493272, 0.0 ], [ 76.5971828, 9.3492435, 0.0 ], [ 76.5971669, 9.3491622, 0.0 ], [ 76.597028, 9.3488615, 0.0 ], [ 76.596871, 9.3486559, 0.0 ], [ 76.5967981, 9.3485067, 0.0 ], [ 76.5967708, 9.3483462, 0.0 ], [ 76.5967571, 9.3481247, 0.0 ], [ 76.5967867, 9.3479642, 0.0 ], [ 76.5968436, 9.3477201, 0.0 ], [ 76.5969687, 9.3474827, 0.0 ], [ 76.5971212, 9.3471934, 0.0 ], [ 76.5973078, 9.346956, 0.0 ], [ 76.5975581, 9.3466825, 0.0 ], [ 76.5977652, 9.3464632, 0.0 ], [ 76.5979359, 9.3463502, 0.0 ], [ 76.5981293, 9.346253, 0.0 ], [ 76.5983114, 9.3462168, 0.0 ], [ 76.598473, 9.3462259, 0.0 ], [ 76.5987529, 9.3462688, 0.0 ], [ 76.5990078, 9.3463818, 0.0 ], [ 76.5992946, 9.3465874, 0.0 ], [ 76.5995518, 9.3467954, 0.0 ], [ 76.5998112, 9.3469852, 0.0 ], [ 76.5999888, 9.3470892, 0.0 ], [ 76.6002072, 9.3471615, 0.0 ], [ 76.6003643, 9.3471818, 0.0 ], [ 76.6005873, 9.3472089, 0.0 ], [ 76.600758, 9.3472089, 0.0 ], [ 76.6009469, 9.3471931, 0.0 ], [ 76.6010607, 9.3471773, 0.0 ], [ 76.601154, 9.3471411, 0.0 ], [ 76.6011745, 9.3470688, 0.0 ], [ 76.6011699, 9.3469354, 0.0 ], [ 76.6011494, 9.3467116, 0.0 ], [ 76.6011448, 9.3465217, 0.0 ], [ 76.6011812, 9.3463048, 0.0 ], [ 76.6012313, 9.3461081, 0.0 ], [ 76.6013405, 9.3459205, 0.0 ], [ 76.6015408, 9.3456696, 0.0 ], [ 76.6017911, 9.3454616, 0.0 ], [ 76.6021438, 9.3451315, 0.0 ], [ 76.6024533, 9.3448185, 0.0 ], [ 76.6027628, 9.3445054, 0.0 ], [ 76.6030063, 9.3442725, 0.0 ], [ 76.6031633, 9.3441324, 0.0 ], [ 76.6032839, 9.3440962, 0.0 ], [ 76.6033977, 9.344112, 0.0 ], [ 76.603516, 9.3441595, 0.0 ], [ 76.6037049, 9.3443086, 0.0 ], [ 76.6039963, 9.3445776, 0.0 ], [ 76.6043377, 9.3449031, 0.0 ], [ 76.6045152, 9.3450319, 0.0 ], [ 76.6045175, 9.3450296, 0.0 ], [ 76.6046654, 9.3451336, 0.0 ], [ 76.6049158, 9.3452059, 0.0 ], [ 76.6050569, 9.345242, 0.0 ], [ 76.6053436, 9.3452827, 0.0 ], [ 76.60566, 9.3452872, 0.0 ], [ 76.6061015, 9.3452103, 0.0 ], [ 76.6064406, 9.3451018, 0.0 ], [ 76.6068661, 9.3449209, 0.0 ], [ 76.6070641, 9.344792, 0.0 ], [ 76.6072143, 9.3446835, 0.0 ], [ 76.6072871, 9.3446157, 0.0 ], [ 76.6073304, 9.3445388, 0.0 ], [ 76.6073235, 9.3443784, 0.0 ], [ 76.6073144, 9.3441772, 0.0 ], [ 76.6072939, 9.3439692, 0.0 ], [ 76.607303, 9.3438404, 0.0 ], [ 76.6073234, 9.3437432, 0.0 ], [ 76.6073781, 9.3436279, 0.0 ], [ 76.6074964, 9.3435239, 0.0 ], [ 76.6076215, 9.3434403, 0.0 ], [ 76.6077831, 9.3433747, 0.0 ], [ 76.6080426, 9.3432662, 0.0 ], [ 76.608195, 9.3431938, 0.0 ], [ 76.6083407, 9.3431102, 0.0 ], [ 76.6085273, 9.3429904, 0.0 ], [ 76.6087207, 9.3428615, 0.0 ], [ 76.6088914, 9.3427372, 0.0 ], [ 76.6090416, 9.342588, 0.0 ], [ 76.6092714, 9.342371, 0.0 ], [ 76.6094694, 9.3421901, 0.0 ], [ 76.6095968, 9.3420974, 0.0 ], [ 76.6097151, 9.3420138, 0.0 ], [ 76.6098289, 9.3419889, 0.0 ], [ 76.6099495, 9.3419979, 0.0 ], [ 76.6100952, 9.3420409, 0.0 ], [ 76.6102773, 9.3421539, 0.0 ], [ 76.6107461, 9.3425516, 0.0 ], [ 76.6110739, 9.3428454, 0.0 ], [ 76.6113538, 9.3430534, 0.0 ], [ 76.6113767, 9.3430662, 0.0 ], [ 76.6114481, 9.3431243, 0.0 ], [ 76.6116201, 9.3432025, 0.0 ], [ 76.6119274, 9.3433223, 0.0 ], [ 76.612114, 9.3433833, 0.0 ], [ 76.612271, 9.3434036, 0.0 ], [ 76.6123939, 9.3434104, 0.0 ], [ 76.612535, 9.3433945, 0.0 ], [ 76.6126716, 9.3433629, 0.0 ], [ 76.6128172, 9.3432815, 0.0 ], [ 76.6130038, 9.3431504, 0.0 ], [ 76.6132724, 9.343234, 0.0 ], [ 76.6135022, 9.3430079, 0.0 ], [ 76.6135591, 9.3429017, 0.0 ], [ 76.6136933, 9.3426078, 0.0 ], [ 76.6138549, 9.3422891, 0.0 ], [ 76.6139891, 9.342054, 0.0 ], [ 76.6141234, 9.3418505, 0.0 ], [ 76.6142713, 9.3416448, 0.0 ], [ 76.614451, 9.341473, 0.0 ], [ 76.6145648, 9.3413713, 0.0 ], [ 76.6147446, 9.3412311, 0.0 ], [ 76.6149175, 9.3411045, 0.0 ], [ 76.6151041, 9.340996, 0.0 ], [ 76.6152589, 9.3409259, 0.0 ], [ 76.6154432, 9.3409055, 0.0 ], [ 76.6155573, 9.340924, 0.0 ], [ 76.6156142, 9.3409308, 0.0 ], [ 76.6159576, 9.3411677, 0.0 ], [ 76.6161761, 9.3413326, 0.0 ], [ 76.6162899, 9.3413959, 0.0 ], [ 76.6164557, 9.3414565, 0.0 ], [ 76.6165343, 9.3414888, 0.0 ], [ 76.6166803, 9.341514, 0.0 ], [ 76.6168475, 9.3415179, 0.0 ], [ 76.6170272, 9.341493, 0.0 ], [ 76.6172776, 9.3414026, 0.0 ], [ 76.6174574, 9.3413393, 0.0 ], [ 76.6176144, 9.34125, 0.0 ], [ 76.6177714, 9.3411607, 0.0 ], [ 76.6181579, 9.340917, 0.0 ], [ 76.6186951, 9.3405194, 0.0 ], [ 76.6189457, 9.3402995, 0.0 ], [ 76.6195338, 9.3398371, 0.0 ], [ 76.6197955, 9.3396517, 0.0 ], [ 76.6200879, 9.3394357, 0.0 ], [ 76.6204224, 9.3393068, 0.0 ], [ 76.6207297, 9.3391666, 0.0 ], [ 76.621096, 9.3390513, 0.0 ], [ 76.6214966, 9.3389247, 0.0 ], [ 76.6217901, 9.3388365, 0.0 ], [ 76.6220313, 9.3387928, 0.0 ], [ 76.6222976, 9.3387075, 0.0 ], [ 76.6225866, 9.3386826, 0.0 ], [ 76.6228347, 9.3386577, 0.0 ], [ 76.6230463, 9.3386442, 0.0 ], [ 76.6233422, 9.3386305, 0.0 ], [ 76.6236176, 9.3386441, 0.0 ], [ 76.6238117, 9.3385817, 0.0 ], [ 76.6239459, 9.3385901, 0.0 ], [ 76.6241, 9.3385625, 0.0 ], [ 76.624303, 9.3385457, 0.0 ], [ 76.6249628, 9.3384767, 0.0 ], [ 76.6253496, 9.3384173, 0.0 ], [ 76.6258865, 9.3383214, 0.0 ], [ 76.6261595, 9.3382531, 0.0 ], [ 76.6266644, 9.338085, 0.0 ], [ 76.6267554, 9.3380396, 0.0 ], [ 76.6270328, 9.3379126, 0.0 ], [ 76.6271919, 9.3378309, 0.0 ], [ 76.6274102, 9.3376678, 0.0 ], [ 76.6276055, 9.337455, 0.0 ], [ 76.6276964, 9.3373735, 0.0 ], [ 76.6277873, 9.3372829, 0.0 ], [ 76.6278554, 9.3372376, 0.0 ], [ 76.6279145, 9.3371968, 0.0 ], [ 76.6280237, 9.3371967, 0.0 ], [ 76.6281376, 9.3372416, 0.0 ], [ 76.6282334, 9.3373183, 0.0 ], [ 76.6283292, 9.3374764, 0.0 ], [ 76.6283707, 9.3377294, 0.0 ], [ 76.6283756, 9.3379871, 0.0 ], [ 76.6283583, 9.3384753, 0.0 ], [ 76.6283271, 9.3388867, 0.0 ], [ 76.6282735, 9.3394022, 0.0 ], [ 76.6281882, 9.3400849, 0.0 ], [ 76.6281033, 9.3410027, 0.0 ], [ 76.6280635, 9.3416176, 0.0 ], [ 76.6280501, 9.3418074, 0.0 ], [ 76.6280687, 9.3420289, 0.0 ], [ 76.6280916, 9.3421374, 0.0 ], [ 76.6281191, 9.3422051, 0.0 ], [ 76.6281875, 9.3423044, 0.0 ], [ 76.6282195, 9.3423496, 0.0 ], [ 76.6283289, 9.3424489, 0.0 ], [ 76.6284656, 9.3425209, 0.0 ], [ 76.6285931, 9.342575, 0.0 ], [ 76.6287251, 9.3426109, 0.0 ], [ 76.6289073, 9.3426332, 0.0 ], [ 76.6292122, 9.3426462, 0.0 ], [ 76.6298677, 9.3426496, 0.0 ], [ 76.6303774, 9.3426216, 0.0 ], [ 76.6305685, 9.3425806, 0.0 ], [ 76.6308506, 9.3425168, 0.0 ], [ 76.6311099, 9.342453, 0.0 ], [ 76.6314739, 9.3423168, 0.0 ], [ 76.6316694, 9.3422351, 0.0 ], [ 76.6318423, 9.3421805, 0.0 ], [ 76.6320789, 9.3421485, 0.0 ], [ 76.6324203, 9.3421253, 0.0 ], [ 76.6325841, 9.3421295, 0.0 ], [ 76.6330939, 9.3421332, 0.0 ], [ 76.6337539, 9.3421591, 0.0 ], [ 76.6345825, 9.3422254, 0.0 ], [ 76.6352743, 9.3422332, 0.0 ], [ 76.6356657, 9.3422235, 0.0 ], [ 76.6360707, 9.3421776, 0.0 ], [ 76.6366668, 9.3420862, 0.0 ], [ 76.6368807, 9.3420316, 0.0 ], [ 76.6372855, 9.3419269, 0.0 ], [ 76.6379043, 9.3417675, 0.0 ], [ 76.6383729, 9.3416447, 0.0 ], [ 76.6386914, 9.3415899, 0.0 ], [ 76.6392738, 9.3415165, 0.0 ], [ 76.6393877, 9.3415073, 0.0 ], [ 76.6398199, 9.341416, 0.0 ], [ 76.640375, 9.341293, 0.0 ], [ 76.6405433, 9.3412475, 0.0 ], [ 76.6406708, 9.3412292, 0.0 ], [ 76.6408256, 9.3412024, 0.0 ], [ 76.640832, 9.3412013, 0.0 ], [ 76.6408385, 9.3412002, 0.0 ], [ 76.6412395, 9.3411559, 0.0 ], [ 76.6414352, 9.3411284, 0.0 ], [ 76.6414989, 9.3411011, 0.0 ], [ 76.6416444, 9.3410557, 0.0 ], [ 76.6417036, 9.3410104, 0.0 ], [ 76.6417762, 9.3409379, 0.0 ], [ 76.6418443, 9.3408067, 0.0 ], [ 76.6418803, 9.3405626, 0.0 ], [ 76.6419162, 9.3403229, 0.0 ], [ 76.6419295, 9.3401104, 0.0 ], [ 76.6419567, 9.3400606, 0.0 ], [ 76.642043, 9.3399294, 0.0 ], [ 76.6421608, 9.3396896, 0.0 ], [ 76.6422061, 9.3395494, 0.0 ], [ 76.6422151, 9.3395087, 0.0 ], [ 76.6422242, 9.339477, 0.0 ], [ 76.6422059, 9.3394364, 0.0 ], [ 76.6422287, 9.3394273, 0.0 ], [ 76.642215, 9.3393912, 0.0 ], [ 76.6421464, 9.3392331, 0.0 ], [ 76.6420459, 9.3390298, 0.0 ], [ 76.6418997, 9.3387724, 0.0 ], [ 76.6416623, 9.3383886, 0.0 ], [ 76.6415163, 9.3381764, 0.0 ], [ 76.6414205, 9.3380726, 0.0 ], [ 76.6412883, 9.3379237, 0.0 ], [ 76.6409919, 9.3375852, 0.0 ], [ 76.6407318, 9.3372557, 0.0 ], [ 76.6405995, 9.337066, 0.0 ], [ 76.6405128, 9.3369396, 0.0 ], [ 76.6404854, 9.3369035, 0.0 ], [ 76.6404625, 9.3368492, 0.0 ], [ 76.6404305, 9.3367724, 0.0 ], [ 76.6404167, 9.3366866, 0.0 ], [ 76.6403892, 9.3365465, 0.0 ], [ 76.6403707, 9.3363884, 0.0 ], [ 76.6403658, 9.3362211, 0.0 ], [ 76.6403747, 9.3360674, 0.0 ], [ 76.6403927, 9.3359679, 0.0 ], [ 76.6404424, 9.3357644, 0.0 ], [ 76.6405284, 9.3354975, 0.0 ], [ 76.64061, 9.3353121, 0.0 ], [ 76.6407098, 9.3351265, 0.0 ], [ 76.6408187, 9.3349772, 0.0 ], [ 76.6409504, 9.3348187, 0.0 ], [ 76.6411595, 9.334615, 0.0 ], [ 76.6412868, 9.3345243, 0.0 ], [ 76.641405, 9.3344562, 0.0 ], [ 76.6414913, 9.3343883, 0.0 ], [ 76.6415367, 9.3343385, 0.0 ], [ 76.6415867, 9.3342751, 0.0 ], [ 76.641623, 9.3342208, 0.0 ], [ 76.6416548, 9.334162, 0.0 ], [ 76.6417137, 9.3340217, 0.0 ], [ 76.641759, 9.3339132, 0.0 ], [ 76.6417998, 9.3338227, 0.0 ], [ 76.6419404, 9.3335829, 0.0 ], [ 76.6420721, 9.3333702, 0.0 ], [ 76.6420765, 9.3333114, 0.0 ], [ 76.6420719, 9.3332572, 0.0 ], [ 76.6420308, 9.3331985, 0.0 ], [ 76.6417845, 9.3329051, 0.0 ], [ 76.6415563, 9.3325755, 0.0 ], [ 76.6412918, 9.3323183, 0.0 ], [ 76.6411059, 9.332123, 0.0 ], [ 76.640845, 9.3318489, 0.0 ], [ 76.6407858, 9.3318039, 0.0 ], [ 76.6407492, 9.3317225, 0.0 ], [ 76.6407218, 9.3316458, 0.0 ], [ 76.6406852, 9.3315915, 0.0 ], [ 76.6406123, 9.3315329, 0.0 ], [ 76.6404893, 9.3314472, 0.0 ], [ 76.6403616, 9.3313345, 0.0 ], [ 76.6402522, 9.3312307, 0.0 ], [ 76.640079, 9.3310728, 0.0 ], [ 76.6400014, 9.330987, 0.0 ], [ 76.6399193, 9.3308878, 0.0 ], [ 76.6398873, 9.330811, 0.0 ], [ 76.6398599, 9.3307251, 0.0 ], [ 76.6398552, 9.3306483, 0.0 ], [ 76.6398272, 9.3302821, 0.0 ], [ 76.6397994, 9.3300427, 0.0 ], [ 76.6397765, 9.3299387, 0.0 ], [ 76.6397399, 9.3298032, 0.0 ], [ 76.6397125, 9.3297444, 0.0 ], [ 76.6396851, 9.3297083, 0.0 ], [ 76.6396349, 9.3296361, 0.0 ], [ 76.6395711, 9.329582, 0.0 ], [ 76.6393842, 9.3294467, 0.0 ], [ 76.6392612, 9.3293746, 0.0 ], [ 76.6391107, 9.3292708, 0.0 ], [ 76.6387235, 9.3290274, 0.0 ], [ 76.6386004, 9.3289509, 0.0 ], [ 76.6384046, 9.3288427, 0.0 ], [ 76.6382315, 9.3287571, 0.0 ], [ 76.638031, 9.3286806, 0.0 ], [ 76.6378261, 9.3286087, 0.0 ], [ 76.6377168, 9.3285726, 0.0 ], [ 76.6373387, 9.3284422, 0.0 ], [ 76.6369198, 9.3282983, 0.0 ], [ 76.6365054, 9.3281544, 0.0 ], [ 76.6362003, 9.3280555, 0.0 ], [ 76.6361046, 9.3280105, 0.0 ], [ 76.6360135, 9.3279518, 0.0 ], [ 76.6359588, 9.3278977, 0.0 ], [ 76.6359131, 9.3278526, 0.0 ], [ 76.6358766, 9.3277939, 0.0 ], [ 76.6358082, 9.3276991, 0.0 ], [ 76.6356576, 9.3274959, 0.0 ], [ 76.6353656, 9.3270941, 0.0 ], [ 76.6357797, 9.3270255, 0.0 ], [ 76.6358434, 9.3270119, 0.0 ], [ 76.6359343, 9.326971, 0.0 ], [ 76.6361434, 9.326826, 0.0 ], [ 76.636198, 9.3267808, 0.0 ], [ 76.6363979, 9.3266176, 0.0 ], [ 76.6364525, 9.3265814, 0.0 ], [ 76.6364798, 9.3265588, 0.0 ], [ 76.6365161, 9.3265406, 0.0 ], [ 76.6366253, 9.3265223, 0.0 ], [ 76.6366481, 9.3265223, 0.0 ], [ 76.6366708, 9.3265223, 0.0 ], [ 76.6367301, 9.3265356, 0.0 ], [ 76.6368029, 9.3265537, 0.0 ], [ 76.6368757, 9.3265625, 0.0 ], [ 76.6369395, 9.3265715, 0.0 ], [ 76.6369896, 9.3265714, 0.0 ], [ 76.6370441, 9.3265622, 0.0 ], [ 76.6371625, 9.3265394, 0.0 ], [ 76.6372807, 9.3264986, 0.0 ], [ 76.6373807, 9.3264532, 0.0 ], [ 76.6374853, 9.3263987, 0.0 ], [ 76.6376126, 9.3263216, 0.0 ], [ 76.637749, 9.3262175, 0.0 ], [ 76.6377808, 9.3261813, 0.0 ], [ 76.6378717, 9.3260952, 0.0 ], [ 76.6380171, 9.3259819, 0.0 ], [ 76.6380626, 9.3259683, 0.0 ], [ 76.638099, 9.3259592, 0.0 ], [ 76.6381308, 9.3259591, 0.0 ], [ 76.6381673, 9.3259681, 0.0 ], [ 76.6382037, 9.3259771, 0.0 ], [ 76.6383357, 9.3259949, 0.0 ], [ 76.6389777, 9.3260977, 0.0 ], [ 76.6390369, 9.3260976, 0.0 ], [ 76.6390778, 9.3260975, 0.0 ], [ 76.6391097, 9.326093, 0.0 ], [ 76.6391642, 9.3260793, 0.0 ], [ 76.6392234, 9.3260612, 0.0 ], [ 76.6393052, 9.3260249, 0.0 ], [ 76.6394052, 9.3259614, 0.0 ], [ 76.6395097, 9.3258572, 0.0 ], [ 76.6396096, 9.3257078, 0.0 ], [ 76.6397048, 9.3255088, 0.0 ], [ 76.6397545, 9.3253008, 0.0 ], [ 76.639795, 9.3250656, 0.0 ], [ 76.6398491, 9.3247536, 0.0 ], [ 76.6398986, 9.3244642, 0.0 ], [ 76.639957, 9.3240256, 0.0 ], [ 76.639975, 9.32389, 0.0 ], [ 76.6400067, 9.323786, 0.0 ], [ 76.6400292, 9.3237001, 0.0 ], [ 76.6401109, 9.3235507, 0.0 ], [ 76.6401518, 9.3235236, 0.0 ], [ 76.6402382, 9.3234781, 0.0 ], [ 76.6406754, 9.3236221, 0.0 ], [ 76.6408211, 9.3236489, 0.0 ], [ 76.6409167, 9.3236577, 0.0 ], [ 76.6410578, 9.323644, 0.0 ], [ 76.6411897, 9.3236121, 0.0 ], [ 76.6412989, 9.3235803, 0.0 ], [ 76.6413899, 9.3235349, 0.0 ], [ 76.6414353, 9.3234987, 0.0 ], [ 76.6414943, 9.3234262, 0.0 ], [ 76.6415216, 9.323381, 0.0 ], [ 76.6415487, 9.3232725, 0.0 ], [ 76.6415577, 9.3231911, 0.0 ], [ 76.6415481, 9.3229741, 0.0 ], [ 76.6415387, 9.3227707, 0.0 ], [ 76.6415475, 9.3226441, 0.0 ], [ 76.6415745, 9.3224678, 0.0 ], [ 76.6416378, 9.322219, 0.0 ], [ 76.6417284, 9.3219521, 0.0 ], [ 76.6418326, 9.3217304, 0.0 ], [ 76.6419461, 9.3215585, 0.0 ], [ 76.6421323, 9.3213231, 0.0 ], [ 76.6422094, 9.3212054, 0.0 ], [ 76.6422547, 9.3210878, 0.0 ], [ 76.6422683, 9.3210199, 0.0 ], [ 76.6422681, 9.3209476, 0.0 ], [ 76.6422589, 9.3208663, 0.0 ], [ 76.6422497, 9.3208347, 0.0 ], [ 76.6422314, 9.3207759, 0.0 ], [ 76.6422223, 9.3207443, 0.0 ], [ 76.6421584, 9.3206449, 0.0 ], [ 76.6420443, 9.3205051, 0.0 ], [ 76.6419258, 9.3203922, 0.0 ], [ 76.6418665, 9.3203471, 0.0 ], [ 76.6416797, 9.3202299, 0.0 ], [ 76.6415339, 9.3201398, 0.0 ], [ 76.6414564, 9.3200676, 0.0 ], [ 76.6414109, 9.3200225, 0.0 ], [ 76.6413697, 9.3199502, 0.0 ], [ 76.6413331, 9.3197966, 0.0 ], [ 76.6413099, 9.3195932, 0.0 ], [ 76.6413187, 9.319426, 0.0 ], [ 76.6413411, 9.3192224, 0.0 ], [ 76.6413546, 9.3191727, 0.0 ], [ 76.6413863, 9.3190235, 0.0 ], [ 76.6414681, 9.3189375, 0.0 ], [ 76.6415136, 9.3189148, 0.0 ], [ 76.6415681, 9.3189102, 0.0 ], [ 76.6416864, 9.3189009, 0.0 ], [ 76.6418412, 9.318878, 0.0 ], [ 76.6419821, 9.3188326, 0.0 ], [ 76.6420731, 9.3187827, 0.0 ], [ 76.6421231, 9.3187374, 0.0 ], [ 76.642173, 9.318674, 0.0 ], [ 76.642232, 9.3185745, 0.0 ], [ 76.6422547, 9.3185201, 0.0 ], [ 76.6422727, 9.3184342, 0.0 ], [ 76.6422772, 9.3183664, 0.0 ], [ 76.6422633, 9.3182941, 0.0 ], [ 76.6421809, 9.3180366, 0.0 ], [ 76.6421215, 9.3178695, 0.0 ], [ 76.6420256, 9.3176482, 0.0 ], [ 76.642021, 9.3176346, 0.0 ], [ 76.6419753, 9.3175442, 0.0 ], [ 76.6419752, 9.3174945, 0.0 ], [ 76.6419842, 9.3174448, 0.0 ], [ 76.6420114, 9.317377, 0.0 ], [ 76.6420975, 9.3171779, 0.0 ], [ 76.642111, 9.317092, 0.0 ], [ 76.6421155, 9.3170332, 0.0 ], [ 76.6421153, 9.3169654, 0.0 ], [ 76.6421061, 9.3169021, 0.0 ], [ 76.6420923, 9.3168072, 0.0 ], [ 76.642083, 9.3167123, 0.0 ], [ 76.642142, 9.3166218, 0.0 ], [ 76.6422466, 9.3165718, 0.0 ], [ 76.6423149, 9.3165673, 0.0 ], [ 76.6423831, 9.3165536, 0.0 ], [ 76.6424604, 9.3165127, 0.0 ], [ 76.6424968, 9.3164765, 0.0 ], [ 76.6425421, 9.3164041, 0.0 ], [ 76.6425784, 9.3163136, 0.0 ], [ 76.6426055, 9.3162051, 0.0 ], [ 76.6426235, 9.316083, 0.0 ], [ 76.6426825, 9.3160015, 0.0 ], [ 76.6427097, 9.3159743, 0.0 ], [ 76.6427552, 9.3159427, 0.0 ], [ 76.6427962, 9.315929, 0.0 ], [ 76.6428644, 9.3159153, 0.0 ], [ 76.6429463, 9.3159062, 0.0 ], [ 76.6430965, 9.3158968, 0.0 ], [ 76.6432512, 9.3158875, 0.0 ], [ 76.6435606, 9.3158553, 0.0 ], [ 76.6436608, 9.3158416, 0.0 ], [ 76.6437335, 9.3158188, 0.0 ], [ 76.6438153, 9.315787, 0.0 ], [ 76.6438972, 9.3157372, 0.0 ], [ 76.6439836, 9.3156692, 0.0 ], [ 76.6440472, 9.3155922, 0.0 ], [ 76.6441243, 9.3154746, 0.0 ], [ 76.6441651, 9.3153931, 0.0 ], [ 76.6441968, 9.3152981, 0.0 ], [ 76.6442192, 9.3151309, 0.0 ], [ 76.6442281, 9.3150268, 0.0 ], [ 76.6442233, 9.3148415, 0.0 ], [ 76.6442184, 9.3146291, 0.0 ], [ 76.6442541, 9.3142539, 0.0 ], [ 76.6442809, 9.3139419, 0.0 ], [ 76.6442896, 9.3137656, 0.0 ], [ 76.6442803, 9.31363, 0.0 ], [ 76.6442619, 9.313535, 0.0 ], [ 76.6442251, 9.3133452, 0.0 ], [ 76.6442067, 9.3132142, 0.0 ], [ 76.6441927, 9.3130243, 0.0 ], [ 76.6441739, 9.3127215, 0.0 ], [ 76.6441762, 9.3127221, 0.0 ], [ 76.6441652, 9.3123126, 0.0 ], [ 76.644213, 9.3120617, 0.0 ], [ 76.6443701, 9.3115712, 0.0 ], [ 76.6445112, 9.3112299, 0.0 ], [ 76.6445568, 9.311083, 0.0 ], [ 76.6446023, 9.3108366, 0.0 ], [ 76.6446479, 9.3106287, 0.0 ], [ 76.6447071, 9.3105157, 0.0 ], [ 76.644814, 9.3103281, 0.0 ], [ 76.644962, 9.3101427, 0.0 ], [ 76.645119, 9.3099461, 0.0 ], [ 76.6453125, 9.3097834, 0.0 ], [ 76.6454649, 9.3096907, 0.0 ], [ 76.6456584, 9.3096139, 0.0 ], [ 76.6459474, 9.3095371, 0.0 ], [ 76.6463343, 9.3094874, 0.0 ], [ 76.6467939, 9.3094965, 0.0 ], [ 76.6469373, 9.3095599, 0.0 ], [ 76.6470465, 9.309648, 0.0 ], [ 76.6471739, 9.3097724, 0.0 ], [ 76.6472854, 9.3098402, 0.0 ], [ 76.6473582, 9.3098741, 0.0 ], [ 76.6474834, 9.3099035, 0.0 ], [ 76.6475539, 9.3099148, 0.0 ], [ 76.6476199, 9.3099193, 0.0 ], [ 76.6476973, 9.3099148, 0.0 ], [ 76.6479681, 9.309881, 0.0 ], [ 76.6484642, 9.3097906, 0.0 ], [ 76.6492493, 9.3095873, 0.0 ], [ 76.6495155, 9.3094879, 0.0 ], [ 76.6508173, 9.3089252, 0.0 ], [ 76.6516138, 9.3085365, 0.0 ], [ 76.6516798, 9.3084755, 0.0 ], [ 76.6517048, 9.3084326, 0.0 ], [ 76.6517162, 9.308367, 0.0 ], [ 76.6517071, 9.3083015, 0.0 ], [ 76.6516808, 9.3082454, 0.0 ], [ 76.6516798, 9.3082404, 0.0 ], [ 76.6515865, 9.3081432, 0.0 ], [ 76.6514591, 9.3080777, 0.0 ], [ 76.6513385, 9.3080437, 0.0 ], [ 76.6512361, 9.3080256, 0.0 ], [ 76.6511792, 9.3079827, 0.0 ], [ 76.6511314, 9.3079329, 0.0 ], [ 76.6509268, 9.3068366, 0.0 ], [ 76.650879, 9.3063755, 0.0 ], [ 76.6507881, 9.3056047, 0.0 ], [ 76.6506994, 9.3052069, 0.0 ], [ 76.6506243, 9.3050035, 0.0 ], [ 76.6505607, 9.3047797, 0.0 ], [ 76.6505516, 9.3045175, 0.0 ], [ 76.6505955, 9.3039988, 0.0 ], [ 76.6510889, 9.3029304, 0.0 ], [ 76.6514955, 9.3016218, 0.0 ], [ 76.6515729, 9.3006019, 0.0 ], [ 76.6513792, 9.2990816, 0.0 ], [ 76.6512435, 9.2975036, 0.0 ], [ 76.6511079, 9.2957332, 0.0 ], [ 76.6513983, 9.2942899, 0.0 ], [ 76.6514757, 9.2930198, 0.0 ], [ 76.6515335, 9.2918069, 0.0 ], [ 76.6514561, 9.2912488, 0.0 ], [ 76.6513979, 9.2905945, 0.0 ], [ 76.6514366, 9.2897478, 0.0 ], [ 76.6517852, 9.2893629, 0.0 ], [ 76.6523274, 9.2893821, 0.0 ], [ 76.6532182, 9.2895168, 0.0 ], [ 76.654264, 9.2898631, 0.0 ], [ 76.6552129, 9.2899208, 0.0 ], [ 76.6558422, 9.289863, 0.0 ], [ 76.6558228, 9.2895166, 0.0 ], [ 76.6557259, 9.2888431, 0.0 ], [ 76.6559776, 9.288285, 0.0 ], [ 76.6566361, 9.2883619, 0.0 ], [ 76.6575075, 9.288689, 0.0 ], [ 76.6585145, 9.2887659, 0.0 ], [ 76.6597539, 9.2885157, 0.0 ], [ 76.6605285, 9.2884386, 0.0 ], [ 76.6615161, 9.2879575, 0.0 ], [ 76.6624456, 9.2874763, 0.0 ], [ 76.6629878, 9.2878034, 0.0 ], [ 76.6635107, 9.2883999, 0.0 ], [ 76.664266, 9.2889002, 0.0 ], [ 76.6650793, 9.2889386, 0.0 ], [ 76.6659508, 9.2889385, 0.0 ], [ 76.6672676, 9.2890154, 0.0 ], [ 76.6689616, 9.2890537, 0.0 ], [ 76.6707432, 9.2891498, 0.0 ], [ 76.6721375, 9.2892073, 0.0 ], [ 76.6734931, 9.2891879, 0.0 ], [ 76.6746357, 9.2893225, 0.0 ], [ 76.6757395, 9.2893609, 0.0 ], [ 76.6756813, 9.2885527, 0.0 ], [ 76.6754294, 9.2872633, 0.0 ], [ 76.6751969, 9.2863397, 0.0 ], [ 76.6750806, 9.2855699, 0.0 ], [ 76.6761844, 9.285589, 0.0 ], [ 76.6776174, 9.2855504, 0.0 ], [ 76.677598, 9.2852617, 0.0 ], [ 76.6772687, 9.2843958, 0.0 ], [ 76.6770187, 9.2832321, 0.0 ], [ 76.6766965, 9.2830422, 0.0 ], [ 76.6755732, 9.2819262, 0.0 ], [ 76.674876, 9.281349, 0.0 ], [ 76.6734816, 9.2807718, 0.0 ], [ 76.6721647, 9.2800022, 0.0 ], [ 76.6714287, 9.2783473, 0.0 ], [ 76.6706153, 9.2773082, 0.0 ], [ 76.6696857, 9.2766155, 0.0 ], [ 76.6685238, 9.2760768, 0.0 ], [ 76.6672457, 9.275769, 0.0 ], [ 76.666045, 9.2750379, 0.0 ], [ 76.6660519, 9.2748258, 0.0 ], [ 76.6660836, 9.2738447, 0.0 ], [ 76.6667808, 9.2738447, 0.0 ], [ 76.6683687, 9.2744219, 0.0 ], [ 76.669608, 9.2746527, 0.0 ], [ 76.6704988, 9.2746911, 0.0 ], [ 76.6712734, 9.274691, 0.0 ], [ 76.6711959, 9.2739597, 0.0 ], [ 76.6710796, 9.2733824, 0.0 ], [ 76.6707697, 9.2729976, 0.0 ], [ 76.6701113, 9.2729976, 0.0 ], [ 76.6692206, 9.2729977, 0.0 ], [ 76.6687558, 9.2726129, 0.0 ], [ 76.6681361, 9.2722666, 0.0 ], [ 76.6679424, 9.2717662, 0.0 ], [ 76.6677875, 9.2711889, 0.0 ], [ 76.6677874, 9.2705731, 0.0 ], [ 76.6677873, 9.2699958, 0.0 ], [ 76.6670514, 9.2694955, 0.0 ], [ 76.6661803, 9.2692798, 0.0 ], [ 76.6660956, 9.2692765, 0.0 ], [ 76.6660136, 9.2692765, 0.0 ], [ 76.6658726, 9.2692946, 0.0 ], [ 76.6655813, 9.2693444, 0.0 ], [ 76.6652264, 9.2694981, 0.0 ], [ 76.6649352, 9.2696293, 0.0 ], [ 76.6647759, 9.2697197, 0.0 ], [ 76.6645211, 9.2697559, 0.0 ], [ 76.6642617, 9.2698147, 0.0 ], [ 76.6640159, 9.2698192, 0.0 ], [ 76.6632196, 9.2697063, 0.0 ], [ 76.6625916, 9.2695074, 0.0 ], [ 76.6622457, 9.2693899, 0.0 ], [ 76.6620864, 9.2693402, 0.0 ], [ 76.6620045, 9.2692724, 0.0 ], [ 76.6619408, 9.2692226, 0.0 ], [ 76.6619271, 9.2691413, 0.0 ], [ 76.661959, 9.2690463, 0.0 ], [ 76.662009, 9.2688881, 0.0 ], [ 76.6621182, 9.2686937, 0.0 ], [ 76.6627143, 9.2678392, 0.0 ], [ 76.6631511, 9.267256, 0.0 ], [ 76.66382, 9.2665281, 0.0 ], [ 76.6643615, 9.2660398, 0.0 ], [ 76.6634058, 9.2658274, 0.0 ], [ 76.6624729, 9.2656422, 0.0 ], [ 76.661176, 9.2653846, 0.0 ], [ 76.6604843, 9.2652852, 0.0 ], [ 76.6582453, 9.2646705, 0.0 ], [ 76.6569074, 9.2642863, 0.0 ], [ 76.6561156, 9.2639699, 0.0 ], [ 76.6559245, 9.2638117, 0.0 ], [ 76.6558562, 9.2636354, 0.0 ], [ 76.6558789, 9.2632105, 0.0 ], [ 76.6558516, 9.2628307, 0.0 ], [ 76.6557606, 9.26246, 0.0 ], [ 76.6556149, 9.2622521, 0.0 ], [ 76.6553373, 9.2620894, 0.0 ], [ 76.6551598, 9.2619221, 0.0 ], [ 76.6549869, 9.2616238, 0.0 ], [ 76.6549414, 9.2614158, 0.0 ], [ 76.6548321, 9.2606563, 0.0 ], [ 76.6548503, 9.2604755, 0.0 ], [ 76.6548844, 9.2604145, 0.0 ], [ 76.6549186, 9.2603534, 0.0 ], [ 76.6550505, 9.2602675, 0.0 ], [ 76.6552553, 9.2602223, 0.0 ], [ 76.6555101, 9.2601364, 0.0 ], [ 76.6555374, 9.2600912, 0.0 ], [ 76.6555238, 9.2599827, 0.0 ], [ 76.6554965, 9.2598561, 0.0 ], [ 76.6554691, 9.2597341, 0.0 ], [ 76.6554919, 9.2595577, 0.0 ], [ 76.6555874, 9.2594176, 0.0 ], [ 76.6557558, 9.2592006, 0.0 ], [ 76.6560652, 9.2589971, 0.0 ], [ 76.6565521, 9.2585902, 0.0 ], [ 76.6569753, 9.2583461, 0.0 ], [ 76.6571801, 9.2582014, 0.0 ], [ 76.6575805, 9.2580567, 0.0 ], [ 76.6580537, 9.2578081, 0.0 ], [ 76.6580309, 9.257243, 0.0 ], [ 76.6580946, 9.257044, 0.0 ], [ 76.658131, 9.2567728, 0.0 ], [ 76.6581265, 9.2565242, 0.0 ], [ 76.6581127, 9.2553533, 0.0 ], [ 76.6581227, 9.2553546, 0.0 ], [ 76.658113, 9.2550743, 0.0 ], [ 76.6580991, 9.2549206, 0.0 ], [ 76.6580434, 9.2543195, 0.0 ], [ 76.6579696, 9.2538269, 0.0 ], [ 76.6579046, 9.2530992, 0.0 ], [ 76.657844, 9.2523354, 0.0 ], [ 76.6578202, 9.2517025, 0.0 ], [ 76.6577399, 9.2513258, 0.0 ], [ 76.6576601, 9.2509677, 0.0 ], [ 76.6575418, 9.2507055, 0.0 ], [ 76.6575463, 9.2505202, 0.0 ], [ 76.6576009, 9.25038, 0.0 ], [ 76.6577329, 9.2502444, 0.0 ], [ 76.6579422, 9.2502037, 0.0 ], [ 76.6581151, 9.250276, 0.0 ], [ 76.6582698, 9.2504297, 0.0 ], [ 76.6583244, 9.2504478, 0.0 ], [ 76.6584337, 9.2504432, 0.0 ], [ 76.6584974, 9.2503619, 0.0 ], [ 76.6586066, 9.2502398, 0.0 ], [ 76.6586205, 9.2500008, 0.0 ], [ 76.6586384, 9.2496927, 0.0 ], [ 76.6585929, 9.2493039, 0.0 ], [ 76.6585246, 9.2491728, 0.0 ], [ 76.6585792, 9.2486348, 0.0 ], [ 76.6583472, 9.2482189, 0.0 ], [ 76.6584336, 9.2477803, 0.0 ], [ 76.6583972, 9.2475227, 0.0 ], [ 76.6582106, 9.2471791, 0.0 ], [ 76.6582971, 9.2466998, 0.0 ], [ 76.658338, 9.2464286, 0.0 ], [ 76.6580559, 9.24599, 0.0 ], [ 76.6580377, 9.2455018, 0.0 ], [ 76.6577419, 9.2449638, 0.0 ], [ 76.6576873, 9.2448056, 0.0 ], [ 76.657751, 9.24448, 0.0 ], [ 76.6579011, 9.2441138, 0.0 ], [ 76.6578693, 9.2439692, 0.0 ], [ 76.6575962, 9.2437748, 0.0 ], [ 76.6574825, 9.2433995, 0.0 ], [ 76.6572003, 9.2428977, 0.0 ], [ 76.6566042, 9.2422241, 0.0 ], [ 76.6563995, 9.2418986, 0.0 ], [ 76.6560718, 9.2420071, 0.0 ], [ 76.6556896, 9.2419665, 0.0 ], [ 76.6552755, 9.2418173, 0.0 ], [ 76.6547659, 9.2415144, 0.0 ], [ 76.6542881, 9.2411709, 0.0 ], [ 76.6539923, 9.2408273, 0.0 ], [ 76.6538148, 9.2404294, 0.0 ], [ 76.6540241, 9.2382232, 0.0 ], [ 76.6539786, 9.2378479, 0.0 ], [ 76.653833, 9.2376671, 0.0 ], [ 76.6536465, 9.2374637, 0.0 ], [ 76.6532733, 9.2373461, 0.0 ], [ 76.6521722, 9.2372377, 0.0 ], [ 76.6514214, 9.2370976, 0.0 ], [ 76.6506069, 9.2367133, 0.0 ], [ 76.6500517, 9.2363833, 0.0 ], [ 76.6493828, 9.2361392, 0.0 ], [ 76.6488641, 9.2362568, 0.0 ], [ 76.6483954, 9.2366004, 0.0 ], [ 76.6478949, 9.2371158, 0.0 ], [ 76.64759, 9.2375001, 0.0 ], [ 76.6473488, 9.2376945, 0.0 ], [ 76.6469894, 9.2376764, 0.0 ], [ 76.6459519, 9.2369396, 0.0 ], [ 76.6442865, 9.235416, 0.0 ], [ 76.6437815, 9.2350272, 0.0 ], [ 76.64243, 9.2344305, 0.0 ], [ 76.6413926, 9.2341005, 0.0 ], [ 76.6399274, 9.2340372, 0.0 ], [ 76.6392631, 9.2341095, 0.0 ], [ 76.6392676, 9.2337614, 0.0 ], [ 76.6394861, 9.2333907, 0.0 ], [ 76.6400731, 9.2325769, 0.0 ], [ 76.6405372, 9.2310985, 0.0 ], [ 76.6413381, 9.2291364, 0.0 ], [ 76.6417113, 9.2281689, 0.0 ], [ 76.6420025, 9.2276942, 0.0 ], [ 76.6422209, 9.2272873, 0.0 ], [ 76.6425258, 9.2269346, 0.0 ], [ 76.6435723, 9.2260078, 0.0 ], [ 76.6439227, 9.2254517, 0.0 ], [ 76.6441639, 9.2249408, 0.0 ], [ 76.6444096, 9.2245836, 0.0 ], [ 76.6450512, 9.2238286, 0.0 ], [ 76.6450921, 9.2233403, 0.0 ], [ 76.6451558, 9.2224452, 0.0 ], [ 76.6453834, 9.222088, 0.0 ], [ 76.6454243, 9.2218529, 0.0 ], [ 76.6454016, 9.2215861, 0.0 ], [ 76.6456928, 9.221125, 0.0 ], [ 76.6457838, 9.2190498, 0.0 ], [ 76.6459203, 9.218218, 0.0 ], [ 76.6461888, 9.2171058, 0.0 ], [ 76.6460432, 9.216821, 0.0 ], [ 76.6459021, 9.216613, 0.0 ], [ 76.6458157, 9.2164231, 0.0 ], [ 76.6454517, 9.2162287, 0.0 ], [ 76.6453106, 9.2160162, 0.0 ], [ 76.6453744, 9.2155686, 0.0 ], [ 76.645429, 9.2150487, 0.0 ], [ 76.6458703, 9.2142666, 0.0 ], [ 76.6459431, 9.2136834, 0.0 ], [ 76.6464163, 9.2123089, 0.0 ], [ 76.6469897, 9.2108712, 0.0 ], [ 76.6470989, 9.2105548, 0.0 ], [ 76.6472217, 9.2093024, 0.0 ], [ 76.6471853, 9.2088142, 0.0 ], [ 76.6470443, 9.2083078, 0.0 ], [ 76.6470488, 9.2079823, 0.0 ], [ 76.6474128, 9.2074171, 0.0 ], [ 76.6479816, 9.2068701, 0.0 ], [ 76.6485503, 9.206323, 0.0 ], [ 76.6493784, 9.2055861, 0.0 ], [ 76.6500836, 9.2049486, 0.0 ], [ 76.6509572, 9.2044467, 0.0 ], [ 76.6517535, 9.2041166, 0.0 ], [ 76.6525815, 9.2040849, 0.0 ], [ 76.654133, 9.2042612, 0.0 ], [ 76.6556072, 9.2043831, 0.0 ], [ 76.6562942, 9.2045006, 0.0 ], [ 76.6571132, 9.2048171, 0.0 ], [ 76.6571997, 9.2044418, 0.0 ], [ 76.6573407, 9.2040394, 0.0 ], [ 76.6577183, 9.2036325, 0.0 ], [ 76.6581551, 9.2035511, 0.0 ], [ 76.6586146, 9.2035782, 0.0 ], [ 76.6589286, 9.2034335, 0.0 ], [ 76.6601889, 9.2019234, 0.0 ], [ 76.6604937, 9.2014848, 0.0 ], [ 76.6607894, 9.201313, 0.0 ], [ 76.6617813, 9.2010236, 0.0 ], [ 76.6633601, 9.2007703, 0.0 ], [ 76.6656714, 9.200327, 0.0 ], [ 76.6677779, 9.2001957, 0.0 ], [ 76.6682147, 9.2001143, 0.0 ], [ 76.6683921, 9.1997616, 0.0 ], [ 76.6688379, 9.1987172, 0.0 ], [ 76.6694976, 9.197718, 0.0 ], [ 76.6709398, 9.1957829, 0.0 ], [ 76.6713219, 9.1953307, 0.0 ], [ 76.6717269, 9.1951679, 0.0 ], [ 76.6720499, 9.1950142, 0.0 ], [ 76.6726914, 9.1948785, 0.0 ], [ 76.6733602, 9.1949553, 0.0 ], [ 76.673756, 9.1950547, 0.0 ], [ 76.6743885, 9.1950591, 0.0 ], [ 76.6748662, 9.1949913, 0.0 ], [ 76.6754758, 9.1947606, 0.0 ], [ 76.6761765, 9.1943989, 0.0 ], [ 76.6765495, 9.1941909, 0.0 ], [ 76.6770545, 9.193915, 0.0 ], [ 76.6769135, 9.1933137, 0.0 ], [ 76.6769089, 9.1926672, 0.0 ], [ 76.6767404, 9.1916907, 0.0 ], [ 76.6759624, 9.1907775, 0.0 ], [ 76.6757986, 9.1903435, 0.0 ], [ 76.6756302, 9.1897649, 0.0 ], [ 76.6755528, 9.189245, 0.0 ], [ 76.6755801, 9.1889194, 0.0 ], [ 76.6756665, 9.1885577, 0.0 ], [ 76.6759485, 9.1880785, 0.0 ], [ 76.6765036, 9.1875766, 0.0 ], [ 76.6767128, 9.187129, 0.0 ], [ 76.6768811, 9.1866, 0.0 ], [ 76.6769766, 9.1859489, 0.0 ], [ 76.6770403, 9.1856777, 0.0 ], [ 76.6768491, 9.1849136, 0.0 ], [ 76.6765898, 9.1841722, 0.0 ], [ 76.6765533, 9.1837246, 0.0 ], [ 76.6767125, 9.1828611, 0.0 ], [ 76.6773313, 9.1829379, 0.0 ], [ 76.6780091, 9.1829469, 0.0 ], [ 76.6789054, 9.1828202, 0.0 ], [ 76.6800519, 9.1825307, 0.0 ], [ 76.6809436, 9.1823136, 0.0 ], [ 76.6817352, 9.1819746, 0.0 ], [ 76.6823039, 9.1817576, 0.0 ], [ 76.6826769, 9.1815135, 0.0 ], [ 76.6831637, 9.1809891, 0.0 ], [ 76.6834457, 9.1806546, 0.0 ], [ 76.6838051, 9.1801482, 0.0 ], [ 76.6842054, 9.1799086, 0.0 ], [ 76.6846877, 9.1796148, 0.0 ], [ 76.6853746, 9.1792124, 0.0 ], [ 76.6861389, 9.1791356, 0.0 ], [ 76.6868532, 9.1790044, 0.0 ], [ 76.6873673, 9.1788055, 0.0 ], [ 76.6883181, 9.1782359, 0.0 ], [ 76.6888731, 9.1778109, 0.0 ], [ 76.6897465, 9.1772775, 0.0 ], [ 76.6906883, 9.1769565, 0.0 ], [ 76.6900602, 9.1751031, 0.0 ], [ 76.689678, 9.1742804, 0.0 ], [ 76.6894004, 9.1735707, 0.0 ], [ 76.6892001, 9.1721964, 0.0 ], [ 76.688463, 9.1719659, 0.0 ], [ 76.6883401, 9.1715229, 0.0 ], [ 76.6879168, 9.1694209, 0.0 ], [ 76.6878394, 9.1690276, 0.0 ], [ 76.6867248, 9.169005, 0.0 ], [ 76.6855602, 9.1692537, 0.0 ], [ 76.6850325, 9.1696063, 0.0 ], [ 76.6839634, 9.169873, 0.0 ], [ 76.6833993, 9.1702618, 0.0 ], [ 76.6827488, 9.1705918, 0.0 ], [ 76.6821119, 9.171184, 0.0 ], [ 76.6815069, 9.1719164, 0.0 ], [ 76.6813977, 9.1720791, 0.0 ], [ 76.6798463, 9.1721696, 0.0 ], [ 76.6786726, 9.1724996, 0.0 ], [ 76.678254, 9.1714011, 0.0 ], [ 76.6779673, 9.1708586, 0.0 ], [ 76.6776625, 9.1706145, 0.0 ], [ 76.6766798, 9.1703749, 0.0 ], [ 76.6747781, 9.1700359, 0.0 ], [ 76.6740182, 9.1684582, 0.0 ], [ 76.6737316, 9.1675451, 0.0 ], [ 76.6735723, 9.1670343, 0.0 ], [ 76.673313, 9.1665867, 0.0 ], [ 76.6726942, 9.1658634, 0.0 ], [ 76.6719708, 9.1650136, 0.0 ], [ 76.6715522, 9.1642586, 0.0 ], [ 76.6714839, 9.1632822, 0.0 ], [ 76.6717432, 9.1626945, 0.0 ], [ 76.6718659, 9.161248, 0.0 ], [ 76.6720615, 9.1603529, 0.0 ], [ 76.6726028, 9.1594533, 0.0 ], [ 76.6731896, 9.1584724, 0.0 ], [ 76.673185, 9.1576993, 0.0 ], [ 76.6734852, 9.1570529, 0.0 ], [ 76.673699, 9.1561759, 0.0 ], [ 76.6739765, 9.1551995, 0.0 ], [ 76.6742403, 9.1544445, 0.0 ], [ 76.672375, 9.153224, 0.0 ], [ 76.6713696, 9.1528397, 0.0 ], [ 76.6707827, 9.1525595, 0.0 ], [ 76.6699502, 9.1525052, 0.0 ], [ 76.6691678, 9.1524238, 0.0 ], [ 76.6685718, 9.152243, 0.0 ], [ 76.6680031, 9.151922, 0.0 ], [ 76.6672616, 9.1515965, 0.0 ], [ 76.6661698, 9.1509908, 0.0 ], [ 76.6644865, 9.1503895, 0.0 ], [ 76.663331, 9.1500685, 0.0 ], [ 76.6626532, 9.1499509, 0.0 ], [ 76.6621528, 9.1501137, 0.0 ], [ 76.6614522, 9.1504029, 0.0 ], [ 76.6609518, 9.1494717, 0.0 ], [ 76.6574398, 9.1497292, 0.0 ], [ 76.6525267, 9.1498329, 0.0 ], [ 76.6505251, 9.1498419, 0.0 ], [ 76.6488009, 9.1496293, 0.0 ], [ 76.648296, 9.1492405, 0.0 ], [ 76.6460351, 9.1466952, 0.0 ], [ 76.645339, 9.1465324, 0.0 ], [ 76.6442017, 9.1473054, 0.0 ], [ 76.6435285, 9.1472105, 0.0 ], [ 76.642696, 9.1467901, 0.0 ], [ 76.6419545, 9.1466906, 0.0 ], [ 76.6414086, 9.1470568, 0.0 ], [ 76.6408263, 9.1477938, 0.0 ], [ 76.6403895, 9.1481193, 0.0 ], [ 76.6392522, 9.1483861, 0.0 ], [ 76.6385972, 9.1483318, 0.0 ], [ 76.6380967, 9.148255, 0.0 ], [ 76.6380285, 9.1477848, 0.0 ], [ 76.6377374, 9.1472242, 0.0 ], [ 76.637369, 9.1464059, 0.0 ], [ 76.6370596, 9.1456373, 0.0 ], [ 76.6369914, 9.1446607, 0.0 ], [ 76.636896, 9.143431, 0.0 ], [ 76.6366958, 9.1425359, 0.0 ], [ 76.6361682, 9.1417402, 0.0 ], [ 76.6357315, 9.1411976, 0.0 ], [ 76.6352948, 9.1408359, 0.0 ], [ 76.6360863, 9.1404743, 0.0 ], [ 76.6361956, 9.1397825, 0.0 ], [ 76.6360364, 9.1392491, 0.0 ], [ 76.6360091, 9.1384217, 0.0 ], [ 76.6362503, 9.1372193, 0.0 ], [ 76.6362503, 9.1367943, 0.0 ], [ 76.6363049, 9.1361795, 0.0 ], [ 76.6361138, 9.1357817, 0.0 ], [ 76.6359547, 9.1349544, 0.0 ], [ 76.6358728, 9.1340819, 0.0 ], [ 76.6356317, 9.1335485, 0.0 ], [ 76.6354998, 9.1330693, 0.0 ], [ 76.6357956, 9.1323234, 0.0 ], [ 76.6359002, 9.1317358, 0.0 ], [ 76.6362778, 9.1310397, 0.0 ], [ 76.6363552, 9.1306147, 0.0 ], [ 76.6361687, 9.1298417, 0.0 ], [ 76.6363552, 9.1291727, 0.0 ], [ 76.6362779, 9.128585, 0.0 ], [ 76.635955, 9.1281058, 0.0 ], [ 76.6352317, 9.1269349, 0.0 ], [ 76.6350953, 9.1263472, 0.0 ], [ 76.6348815, 9.1259177, 0.0 ], [ 76.6345085, 9.1253842, 0.0 ], [ 76.6345177, 9.1247107, 0.0 ], [ 76.6343858, 9.1243897, 0.0 ], [ 76.6341674, 9.1239376, 0.0 ], [ 76.6337126, 9.1236166, 0.0 ], [ 76.6334715, 9.1234267, 0.0 ], [ 76.633658, 9.1230289, 0.0 ], [ 76.633658, 9.1225769, 0.0 ], [ 76.6337672, 9.1221474, 0.0 ], [ 76.63374, 9.1217225, 0.0 ], [ 76.6336581, 9.1211348, 0.0 ], [ 76.6333397, 9.1207596, 0.0 ], [ 76.6333397, 9.1205833, 0.0 ], [ 76.6331214, 9.1202623, 0.0 ], [ 76.6330441, 9.1199413, 0.0 ], [ 76.6330168, 9.119756, 0.0 ], [ 76.6329622, 9.1194079, 0.0 ], [ 76.6328531, 9.1190372, 0.0 ], [ 76.6330715, 9.1184767, 0.0 ], [ 76.6331397, 9.1184631, 0.0 ], [ 76.6332397, 9.1186756, 0.0 ], [ 76.6333125, 9.1189468, 0.0 ], [ 76.633408, 9.1192362, 0.0 ], [ 76.6335081, 9.1195436, 0.0 ], [ 76.63369, 9.119738, 0.0 ], [ 76.6339493, 9.1198646, 0.0 ], [ 76.6342313, 9.1198737, 0.0 ], [ 76.6344679, 9.1198104, 0.0 ], [ 76.6346862, 9.1197562, 0.0 ], [ 76.6349182, 9.1196658, 0.0 ], [ 76.635132, 9.1195799, 0.0 ], [ 76.6353594, 9.1195302, 0.0 ], [ 76.635505, 9.1194986, 0.0 ], [ 76.6357006, 9.1195302, 0.0 ], [ 76.635828, 9.1196568, 0.0 ], [ 76.635969, 9.1198603, 0.0 ], [ 76.6360008, 9.1200366, 0.0 ], [ 76.6360781, 9.1203033, 0.0 ], [ 76.6361054, 9.1205926, 0.0 ], [ 76.6361236, 9.1207237, 0.0 ], [ 76.6361099, 9.1209226, 0.0 ], [ 76.6361327, 9.1210899, 0.0 ], [ 76.6361827, 9.1211622, 0.0 ], [ 76.6363055, 9.1211939, 0.0 ], [ 76.6364465, 9.1211532, 0.0 ], [ 76.6366194, 9.1210809, 0.0 ], [ 76.6368468, 9.1210267, 0.0 ], [ 76.6369788, 9.1209046, 0.0 ], [ 76.6371243, 9.1208414, 0.0 ], [ 76.6372881, 9.1208414, 0.0 ], [ 76.6374427, 9.1209002, 0.0 ], [ 76.6375474, 9.1210403, 0.0 ], [ 76.6375565, 9.121307, 0.0 ], [ 76.6375155, 9.1215556, 0.0 ], [ 76.6375109, 9.1217591, 0.0 ], [ 76.6375382, 9.1218992, 0.0 ], [ 76.6375928, 9.1219896, 0.0 ], [ 76.6377065, 9.1221117, 0.0 ], [ 76.637934, 9.1221976, 0.0 ], [ 76.638125, 9.122279, 0.0 ], [ 76.6383797, 9.1223378, 0.0 ], [ 76.6385481, 9.1224056, 0.0 ], [ 76.63878, 9.122496, 0.0 ], [ 76.6389893, 9.1225639, 0.0 ], [ 76.6392895, 9.1225956, 0.0 ], [ 76.6395124, 9.1225775, 0.0 ], [ 76.6396944, 9.1225187, 0.0 ], [ 76.6397626, 9.1224057, 0.0 ], [ 76.6398627, 9.1221978, 0.0 ], [ 76.6399264, 9.1220531, 0.0 ], [ 76.6399491, 9.1219266, 0.0 ], [ 76.6400355, 9.1217638, 0.0 ], [ 76.6401174, 9.1216463, 0.0 ], [ 76.6402721, 9.1215785, 0.0 ], [ 76.6404859, 9.1215966, 0.0 ], [ 76.6407861, 9.1216645, 0.0 ], [ 76.6409953, 9.1218182, 0.0 ], [ 76.6411818, 9.1220849, 0.0 ], [ 76.6412956, 9.1223335, 0.0 ], [ 76.6414502, 9.122537, 0.0 ], [ 76.6416595, 9.1226139, 0.0 ], [ 76.6417777, 9.1225641, 0.0 ], [ 76.6420416, 9.1224602, 0.0 ], [ 76.6422827, 9.1223336, 0.0 ], [ 76.642551, 9.1222071, 0.0 ], [ 76.6428786, 9.1222207, 0.0 ], [ 76.6431697, 9.1223111, 0.0 ], [ 76.6435154, 9.1223247, 0.0 ], [ 76.643902, 9.1223338, 0.0 ], [ 76.6441568, 9.1223202, 0.0 ], [ 76.644548, 9.1223157, 0.0 ], [ 76.6448527, 9.1222163, 0.0 ], [ 76.6451939, 9.1221169, 0.0 ], [ 76.6453895, 9.1219316, 0.0 ], [ 76.6454759, 9.1218321, 0.0 ], [ 76.6454941, 9.1216694, 0.0 ], [ 76.6454623, 9.1215699, 0.0 ], [ 76.6453486, 9.1213981, 0.0 ], [ 76.6452258, 9.1212444, 0.0 ], [ 76.6451484, 9.1211043, 0.0 ], [ 76.6450802, 9.1210003, 0.0 ], [ 76.6449983, 9.120833, 0.0 ], [ 76.6449028, 9.1207065, 0.0 ], [ 76.64483, 9.1205573, 0.0 ], [ 76.6447846, 9.1203674, 0.0 ], [ 76.6447846, 9.1201911, 0.0 ], [ 76.6448801, 9.1200012, 0.0 ], [ 76.6450575, 9.119938, 0.0 ], [ 76.6453623, 9.1198928, 0.0 ], [ 76.6456215, 9.1198386, 0.0 ], [ 76.6460582, 9.1197663, 0.0 ], [ 76.6462766, 9.1196623, 0.0 ], [ 76.6464767, 9.1195312, 0.0 ], [ 76.6466996, 9.119364, 0.0 ], [ 76.6470089, 9.1191561, 0.0 ], [ 76.6471818, 9.1189481, 0.0 ], [ 76.6473137, 9.1187764, 0.0 ], [ 76.6474092, 9.1185368, 0.0 ], [ 76.6474456, 9.1183514, 0.0 ], [ 76.6475366, 9.1180576, 0.0 ], [ 76.6476276, 9.1178542, 0.0 ], [ 76.6477277, 9.1176734, 0.0 ], [ 76.6477413, 9.1175061, 0.0 ], [ 76.6476458, 9.1173298, 0.0 ], [ 76.6475321, 9.1172168, 0.0 ], [ 76.6474002, 9.117054, 0.0 ], [ 76.6473501, 9.1169275, 0.0 ], [ 76.6473319, 9.1167873, 0.0 ], [ 76.6473774, 9.1166924, 0.0 ], [ 76.6474775, 9.1166427, 0.0 ], [ 76.6476049, 9.1166427, 0.0 ], [ 76.6477686, 9.1166608, 0.0 ], [ 76.6479369, 9.1166879, 0.0 ], [ 76.6480552, 9.1167422, 0.0 ], [ 76.6482144, 9.1168009, 0.0 ], [ 76.6484464, 9.1168281, 0.0 ], [ 76.648692, 9.1167829, 0.0 ], [ 76.6489058, 9.1166789, 0.0 ], [ 76.6490559, 9.1167061, 0.0 ], [ 76.6491332, 9.1167061, 0.0 ], [ 76.649247, 9.1167875, 0.0 ], [ 76.6493152, 9.1169005, 0.0 ], [ 76.6494016, 9.1170271, 0.0 ], [ 76.6494699, 9.117122, 0.0 ], [ 76.6496473, 9.1171943, 0.0 ], [ 76.6497883, 9.117113, 0.0 ], [ 76.649952, 9.1169819, 0.0 ], [ 76.6500976, 9.1168598, 0.0 ], [ 76.6501977, 9.1168101, 0.0 ], [ 76.6503523, 9.1167694, 0.0 ], [ 76.6505798, 9.1167604, 0.0 ], [ 76.6507344, 9.1167966, 0.0 ], [ 76.6509528, 9.1168373, 0.0 ], [ 76.6511438, 9.1168599, 0.0 ], [ 76.6512985, 9.1169096, 0.0 ], [ 76.6514122, 9.1169142, 0.0 ], [ 76.6516669, 9.116869, 0.0 ], [ 76.6518716, 9.1167334, 0.0 ], [ 76.6519899, 9.1165706, 0.0 ], [ 76.6520854, 9.1163763, 0.0 ], [ 76.6521263, 9.1161728, 0.0 ], [ 76.6521627, 9.1159875, 0.0 ], [ 76.6521855, 9.115766, 0.0 ], [ 76.6521855, 9.1156078, 0.0 ], [ 76.6522582, 9.1154405, 0.0 ], [ 76.6523811, 9.1152959, 0.0 ], [ 76.6525221, 9.1152597, 0.0 ], [ 76.6527131, 9.1152823, 0.0 ], [ 76.6528541, 9.115314, 0.0 ], [ 76.6530088, 9.1152688, 0.0 ], [ 76.6531544, 9.1151241, 0.0 ], [ 76.6532362, 9.1149976, 0.0 ], [ 76.6533045, 9.1149072, 0.0 ], [ 76.6535001, 9.1148168, 0.0 ], [ 76.653632, 9.1147309, 0.0 ], [ 76.6538731, 9.114645, 0.0 ], [ 76.6540686, 9.1145365, 0.0 ], [ 76.6542961, 9.1145139, 0.0 ], [ 76.6546054, 9.1145185, 0.0 ], [ 76.6548601, 9.1145456, 0.0 ], [ 76.6553014, 9.1145773, 0.0 ], [ 76.6556425, 9.1145728, 0.0 ], [ 76.6557926, 9.1144643, 0.0 ], [ 76.6559063, 9.1143106, 0.0 ], [ 76.6559245, 9.1141207, 0.0 ], [ 76.6559518, 9.1139489, 0.0 ], [ 76.6559473, 9.1138133, 0.0 ], [ 76.6560064, 9.1136732, 0.0 ], [ 76.6561338, 9.1135602, 0.0 ], [ 76.6562748, 9.1134879, 0.0 ], [ 76.6564021, 9.1134155, 0.0 ], [ 76.6565477, 9.1133613, 0.0 ], [ 76.6567251, 9.1134788, 0.0 ], [ 76.6567569, 9.1136597, 0.0 ], [ 76.6567842, 9.1138405, 0.0 ], [ 76.656898, 9.1142021, 0.0 ], [ 76.6569844, 9.1144553, 0.0 ], [ 76.6570708, 9.1145683, 0.0 ], [ 76.6571481, 9.1146406, 0.0 ], [ 76.6573619, 9.1146135, 0.0 ], [ 76.6575757, 9.1145231, 0.0 ], [ 76.6577577, 9.1145548, 0.0 ], [ 76.6579123, 9.1145955, 0.0 ], [ 76.6580988, 9.1146226, 0.0 ], [ 76.6582444, 9.1146633, 0.0 ], [ 76.6584354, 9.114713, 0.0 ], [ 76.658581, 9.1147492, 0.0 ], [ 76.6589858, 9.1147673, 0.0 ], [ 76.659236, 9.1147221, 0.0 ], [ 76.6594907, 9.1147673, 0.0 ], [ 76.6597182, 9.1148803, 0.0 ], [ 76.659932, 9.1150024, 0.0 ], [ 76.6600957, 9.1151516, 0.0 ], [ 76.6603368, 9.1153415, 0.0 ], [ 76.6605643, 9.1155991, 0.0 ], [ 76.6606734, 9.1157393, 0.0 ], [ 76.6607644, 9.1158478, 0.0 ], [ 76.6608781, 9.1159427, 0.0 ], [ 76.6610919, 9.1160151, 0.0 ], [ 76.661242, 9.1160422, 0.0 ], [ 76.6614422, 9.115997, 0.0 ], [ 76.6616651, 9.1159247, 0.0 ], [ 76.6618925, 9.1157891, 0.0 ], [ 76.6620745, 9.115676, 0.0 ], [ 76.6622155, 9.115563, 0.0 ], [ 76.6622564, 9.1154229, 0.0 ], [ 76.6622609, 9.1152421, 0.0 ], [ 76.66227, 9.1150432, 0.0 ], [ 76.6623337, 9.1147945, 0.0 ], [ 76.6624975, 9.1146815, 0.0 ], [ 76.6627249, 9.1146363, 0.0 ], [ 76.6628978, 9.114564, 0.0 ], [ 76.6630933, 9.114451, 0.0 ], [ 76.6632389, 9.114338, 0.0 ], [ 76.6633663, 9.1142973, 0.0 ], [ 76.6635619, 9.1142747, 0.0 ], [ 76.663762, 9.1142612, 0.0 ], [ 76.6639576, 9.114234, 0.0 ], [ 76.6641532, 9.1141843, 0.0 ], [ 76.6643397, 9.1141391, 0.0 ], [ 76.6645307, 9.1141663, 0.0 ], [ 76.6646808, 9.1142521, 0.0 ], [ 76.6648355, 9.1143923, 0.0 ], [ 76.6649083, 9.1145731, 0.0 ], [ 76.6650311, 9.1148127, 0.0 ], [ 76.6651176, 9.1149619, 0.0 ], [ 76.6652904, 9.1151246, 0.0 ], [ 76.6654269, 9.1152919, 0.0 ], [ 76.6655452, 9.1154953, 0.0 ], [ 76.6656452, 9.1156535, 0.0 ], [ 76.6656953, 9.1157846, 0.0 ], [ 76.6658272, 9.1159248, 0.0 ], [ 76.6660637, 9.1159067, 0.0 ], [ 76.6662457, 9.1158479, 0.0 ], [ 76.6663867, 9.1159112, 0.0 ], [ 76.666505, 9.1160062, 0.0 ], [ 76.6666642, 9.1161554, 0.0 ], [ 76.6667779, 9.1162548, 0.0 ], [ 76.6670144, 9.1162865, 0.0 ], [ 76.66716, 9.1163407, 0.0 ], [ 76.667342, 9.1164718, 0.0 ], [ 76.6674511, 9.1165396, 0.0 ], [ 76.6676649, 9.1165351, 0.0 ], [ 76.6679242, 9.1164989, 0.0 ], [ 76.6681744, 9.116508, 0.0 ], [ 76.6683336, 9.1165803, 0.0 ], [ 76.6685747, 9.1166888, 0.0 ], [ 76.668743, 9.1167747, 0.0 ], [ 76.6690068, 9.116829, 0.0 ], [ 76.6693571, 9.1168606, 0.0 ], [ 76.6695754, 9.1168335, 0.0 ], [ 76.6697437, 9.1166798, 0.0 ], [ 76.6698438, 9.116508, 0.0 ], [ 76.6698711, 9.116404, 0.0 ], [ 76.6699302, 9.1162277, 0.0 ], [ 76.6699029, 9.1160288, 0.0 ], [ 76.6698892, 9.1158435, 0.0 ], [ 76.6698892, 9.1156807, 0.0 ], [ 76.6699847, 9.1155497, 0.0 ], [ 76.6700848, 9.1155497, 0.0 ], [ 76.670244, 9.1156039, 0.0 ], [ 76.6703132, 9.1153653, 0.0 ], [ 76.6704896, 9.1147773, 0.0 ], [ 76.6706073, 9.1144787, 0.0 ], [ 76.6709615, 9.1141797, 0.0 ], [ 76.6713433, 9.1140163, 0.0 ], [ 76.6718344, 9.1139114, 0.0 ], [ 76.6722207, 9.1137479, 0.0 ], [ 76.6724606, 9.1130695, 0.0 ], [ 76.6726457, 9.112373, 0.0 ], [ 76.6729626, 9.1115677, 0.0 ], [ 76.6732074, 9.1111108, 0.0 ], [ 76.6735329, 9.1100026, 0.0 ], [ 76.6738576, 9.108456, 0.0 ], [ 76.6740603, 9.1073843, 0.0 ], [ 76.6744943, 9.1059822, 0.0 ], [ 76.6747026, 9.1054574, 0.0 ], [ 76.6747521, 9.1051273, 0.0 ], [ 76.674715, 9.104811, 0.0 ], [ 76.6744623, 9.1034191, 0.0 ], [ 76.6744746, 9.1026778, 0.0 ], [ 76.6756349, 9.1028971, 0.0 ], [ 76.6757577, 9.102915, 0.0 ], [ 76.6758501, 9.101206, 0.0 ], [ 76.6755861, 9.1011568, 0.0 ], [ 76.6744713, 9.1009192, 0.0 ], [ 76.6745345, 9.1006388, 0.0 ], [ 76.6746741, 9.0998882, 0.0 ], [ 76.6749683, 9.0991101, 0.0 ], [ 76.675242, 9.0985659, 0.0 ], [ 76.6754012, 9.0979918, 0.0 ], [ 76.6754648, 9.0974855, 0.0 ], [ 76.675392, 9.0967034, 0.0 ], [ 76.6754238, 9.096283, 0.0 ], [ 76.6756466, 9.0958988, 0.0 ], [ 76.6759013, 9.0948093, 0.0 ], [ 76.676024, 9.0940725, 0.0 ], [ 76.6761423, 9.0934622, 0.0 ], [ 76.6763878, 9.0929062, 0.0 ], [ 76.6765743, 9.0925671, 0.0 ], [ 76.6767653, 9.092201, 0.0 ], [ 76.6772566, 9.0923185, 0.0 ], [ 76.6773611, 9.0919523, 0.0 ], [ 76.6773065, 9.0913737, 0.0 ], [ 76.6771837, 9.091324, 0.0 ], [ 76.6770609, 9.091324, 0.0 ], [ 76.6771427, 9.0906594, 0.0 ], [ 76.6771063, 9.0901712, 0.0 ], [ 76.6769789, 9.0895971, 0.0 ], [ 76.6767651, 9.0888783, 0.0 ], [ 76.676483, 9.0882003, 0.0 ], [ 76.6762146, 9.08759, 0.0 ], [ 76.6759872, 9.0870837, 0.0 ], [ 76.6756324, 9.0865141, 0.0 ], [ 76.675223, 9.0857185, 0.0 ], [ 76.6749455, 9.0852483, 0.0 ], [ 76.6747271, 9.0849048, 0.0 ], [ 76.6741359, 9.0850449, 0.0 ], [ 76.673872, 9.0847194, 0.0 ], [ 76.6736082, 9.0844753, 0.0 ], [ 76.6732216, 9.0842131, 0.0 ], [ 76.6730942, 9.0839148, 0.0 ], [ 76.6730578, 9.0835667, 0.0 ], [ 76.6729168, 9.0834401, 0.0 ], [ 76.6725848, 9.0832864, 0.0 ], [ 76.6722846, 9.0831101, 0.0 ], [ 76.6723891, 9.0824637, 0.0 ], [ 76.6721071, 9.0824139, 0.0 ], [ 76.6717205, 9.0824004, 0.0 ], [ 76.6717523, 9.0817223, 0.0 ], [ 76.6720115, 9.0808091, 0.0 ], [ 76.6725892, 9.0809312, 0.0 ], [ 76.6727802, 9.0802847, 0.0 ], [ 76.673235, 9.0802893, 0.0 ], [ 76.6732532, 9.0801175, 0.0 ], [ 76.6733168, 9.0798191, 0.0 ], [ 76.673808, 9.0794349, 0.0 ], [ 76.674231, 9.0790642, 0.0 ], [ 76.6748041, 9.0788562, 0.0 ], [ 76.6754681, 9.0786935, 0.0 ], [ 76.6762959, 9.0785172, 0.0 ], [ 76.6767689, 9.0784991, 0.0 ], [ 76.6769418, 9.0785308, 0.0 ], [ 76.6769963, 9.0784584, 0.0 ], [ 76.6771191, 9.0781782, 0.0 ], [ 76.6771691, 9.0780742, 0.0 ], [ 76.6777604, 9.0779702, 0.0 ], [ 76.6780606, 9.0779476, 0.0 ], [ 76.6781834, 9.0782369, 0.0 ], [ 76.6786746, 9.0780606, 0.0 ], [ 76.678993, 9.0786347, 0.0 ], [ 76.6790431, 9.0788924, 0.0 ], [ 76.6788202, 9.0791953, 0.0 ], [ 76.6786474, 9.0793354, 0.0 ], [ 76.6785929, 9.0795795, 0.0 ], [ 76.6786293, 9.0799276, 0.0 ], [ 76.6785474, 9.0799773, 0.0 ], [ 76.6785292, 9.0800135, 0.0 ], [ 76.6785474, 9.0805876, 0.0 ], [ 76.6786021, 9.0809718, 0.0 ], [ 76.6786703, 9.0816771, 0.0 ], [ 76.6786703, 9.0817313, 0.0 ], [ 76.6792161, 9.0818127, 0.0 ], [ 76.6795846, 9.0817449, 0.0 ], [ 76.680144, 9.0815143, 0.0 ], [ 76.680567, 9.0813561, 0.0 ], [ 76.6810036, 9.0811074, 0.0 ], [ 76.6814175, 9.0808271, 0.0 ], [ 76.6815584, 9.0807593, 0.0 ], [ 76.6817722, 9.0810215, 0.0 ], [ 76.6821725, 9.0808769, 0.0 ], [ 76.6827683, 9.0808226, 0.0 ], [ 76.6832777, 9.0808, 0.0 ], [ 76.6836825, 9.0808181, 0.0 ], [ 76.6838736, 9.0809085, 0.0 ], [ 76.6838599, 9.0812294, 0.0 ], [ 76.6837236, 9.0820838, 0.0 ], [ 76.6837236, 9.0821697, 0.0 ], [ 76.684092, 9.0825494, 0.0 ], [ 76.6844605, 9.0828794, 0.0 ], [ 76.6847607, 9.0831416, 0.0 ], [ 76.6847425, 9.0835439, 0.0 ], [ 76.6845925, 9.0839598, 0.0 ], [ 76.6844333, 9.084543, 0.0 ], [ 76.6843833, 9.0850855, 0.0 ], [ 76.6844562, 9.0855556, 0.0 ], [ 76.6855932, 9.0855149, 0.0 ], [ 76.6855932, 9.0850447, 0.0 ], [ 76.6857706, 9.0850266, 0.0 ], [ 76.6858389, 9.0854832, 0.0 ], [ 76.6860299, 9.0857906, 0.0 ], [ 76.6862801, 9.0860347, 0.0 ], [ 76.6862119, 9.0867851, 0.0 ], [ 76.6862165, 9.0873005, 0.0 ], [ 76.6862575, 9.0879786, 0.0 ], [ 76.6861848, 9.0886928, 0.0 ], [ 76.6867534, 9.0889912, 0.0 ], [ 76.6874539, 9.0893844, 0.0 ], [ 76.6877314, 9.0895924, 0.0 ], [ 76.6885229, 9.0900851, 0.0 ], [ 76.6889277, 9.0903608, 0.0 ], [ 76.6893144, 9.0906727, 0.0 ], [ 76.6896874, 9.0910072, 0.0 ], [ 76.6899648, 9.0912287, 0.0 ], [ 76.6902287, 9.0915587, 0.0 ], [ 76.6915113, 9.0911201, 0.0 ], [ 76.6923345, 9.0909212, 0.0 ], [ 76.6926806, 9.0908734, 0.0 ], [ 76.6928258, 9.0908534, 0.0 ], [ 76.6926801, 9.0900487, 0.0 ], [ 76.6931986, 9.089782, 0.0 ], [ 76.6940583, 9.0897186, 0.0 ], [ 76.6948269, 9.0896824, 0.0 ], [ 76.6953182, 9.0896779, 0.0 ], [ 76.6954274, 9.0902023, 0.0 ], [ 76.6964098, 9.0901254, 0.0 ], [ 76.696337, 9.0895151, 0.0 ], [ 76.6969829, 9.0895467, 0.0 ], [ 76.6973331, 9.0895105, 0.0 ], [ 76.6975468, 9.0891308, 0.0 ], [ 76.6981244, 9.0888821, 0.0 ], [ 76.6991387, 9.0888594, 0.0 ], [ 76.699207, 9.0894426, 0.0 ], [ 76.6999439, 9.089334, 0.0 ], [ 76.7012765, 9.088909, 0.0 ], [ 76.7020088, 9.0886422, 0.0 ], [ 76.7020269, 9.0885202, 0.0 ], [ 76.7018631, 9.0877788, 0.0 ], [ 76.7018995, 9.08772, 0.0 ], [ 76.7025817, 9.0876341, 0.0 ], [ 76.7034231, 9.0873312, 0.0 ], [ 76.7041417, 9.0870825, 0.0 ], [ 76.7047012, 9.0868745, 0.0 ], [ 76.7049831, 9.0867117, 0.0 ], [ 76.7051287, 9.0869196, 0.0 ], [ 76.70567, 9.0869919, 0.0 ], [ 76.7065114, 9.0870371, 0.0 ], [ 76.7065569, 9.0866709, 0.0 ], [ 76.7073665, 9.0868245, 0.0 ], [ 76.7079623, 9.0867657, 0.0 ], [ 76.7086264, 9.0867159, 0.0 ], [ 76.709154, 9.0867294, 0.0 ], [ 76.7092268, 9.0869374, 0.0 ], [ 76.7092087, 9.0871815, 0.0 ], [ 76.7097909, 9.0871272, 0.0 ], [ 76.7102093, 9.0870006, 0.0 ], [ 76.7105595, 9.0868604, 0.0 ], [ 76.7108551, 9.0866343, 0.0 ], [ 76.7111507, 9.0863359, 0.0 ], [ 76.7111143, 9.0861777, 0.0 ], [ 76.7110051, 9.0857935, 0.0 ], [ 76.711428, 9.0856533, 0.0 ], [ 76.7118146, 9.0856216, 0.0 ], [ 76.7117008, 9.084713, 0.0 ], [ 76.7122647, 9.0843061, 0.0 ], [ 76.712615, 9.0847446, 0.0 ], [ 76.7128652, 9.08507, 0.0 ], [ 76.7130881, 9.0852644, 0.0 ], [ 76.7133701, 9.0853593, 0.0 ], [ 76.714107, 9.0853004, 0.0 ], [ 76.7148074, 9.0851286, 0.0 ], [ 76.7153122, 9.084916, 0.0 ], [ 76.7162036, 9.0844368, 0.0 ], [ 76.7169222, 9.0840343, 0.0 ], [ 76.7179182, 9.0835415, 0.0 ], [ 76.7193644, 9.0828406, 0.0 ], [ 76.7200148, 9.0825648, 0.0 ], [ 76.7206424, 9.0824246, 0.0 ], [ 76.7213974, 9.0820719, 0.0 ], [ 76.7220432, 9.081787, 0.0 ], [ 76.722689, 9.0816829, 0.0 ], [ 76.7233895, 9.0816105, 0.0 ], [ 76.7240035, 9.0817777, 0.0 ], [ 76.7244129, 9.0821257, 0.0 ], [ 76.7254502, 9.0831698, 0.0 ], [ 76.7259414, 9.0833822, 0.0 ], [ 76.7262053, 9.0835404, 0.0 ], [ 76.726592, 9.0840286, 0.0 ], [ 76.7270832, 9.0841596, 0.0 ], [ 76.727629, 9.0840555, 0.0 ], [ 76.7285158, 9.0835491, 0.0 ], [ 76.7294936, 9.0827579, 0.0 ], [ 76.7303349, 9.082161, 0.0 ], [ 76.7309488, 9.0818761, 0.0 ], [ 76.7314173, 9.0817721, 0.0 ], [ 76.7323133, 9.0815143, 0.0 ], [ 76.7328726, 9.0812339, 0.0 ], [ 76.7333957, 9.0810937, 0.0 ], [ 76.7338187, 9.0812609, 0.0 ], [ 76.7341144, 9.0816089, 0.0 ], [ 76.7346514, 9.0828655, 0.0 ], [ 76.7349382, 9.0838193, 0.0 ], [ 76.7352522, 9.0847098, 0.0 ], [ 76.7353115, 9.0852568, 0.0 ], [ 76.7354844, 9.0856772, 0.0 ], [ 76.7357346, 9.085971, 0.0 ], [ 76.7361031, 9.0861246, 0.0 ], [ 76.7362941, 9.0862105, 0.0 ], [ 76.7367535, 9.0863144, 0.0 ], [ 76.737172, 9.0862962, 0.0 ], [ 76.7378223, 9.0859752, 0.0 ], [ 76.7387637, 9.0854506, 0.0 ], [ 76.7393231, 9.0850843, 0.0 ], [ 76.7396187, 9.0847859, 0.0 ], [ 76.739846, 9.084483, 0.0 ], [ 76.7400915, 9.0841891, 0.0 ], [ 76.7406873, 9.0839088, 0.0 ], [ 76.7410647, 9.0836013, 0.0 ], [ 76.7416605, 9.0831808, 0.0 ], [ 76.7423244, 9.0825839, 0.0 ], [ 76.7429701, 9.0819012, 0.0 ], [ 76.7436339, 9.0810829, 0.0 ], [ 76.7442933, 9.0804815, 0.0 ], [ 76.7446935, 9.0802147, 0.0 ], [ 76.7449754, 9.0800881, 0.0 ], [ 76.7453802, 9.0801603, 0.0 ], [ 76.7457487, 9.0802642, 0.0 ], [ 76.7463113, 9.0806158, 0.0 ], [ 76.7463127, 9.0806167, 0.0 ], [ 76.7468723, 9.0809692, 0.0 ], [ 76.7474683, 9.0815115, 0.0 ], [ 76.7482826, 9.0820991, 0.0 ], [ 76.7487011, 9.082429, 0.0 ], [ 76.7490856, 9.0827524, 0.0 ], [ 76.7492075, 9.0828504, 0.0 ], [ 76.75, 9.0835068, 0.0 ], [ 76.7502942, 9.0837505, 0.0 ], [ 76.751326, 9.0855682, 0.0 ], [ 76.7513279, 9.0855716, 0.0 ], [ 76.7523578, 9.0874402, 0.0 ], [ 76.7531171, 9.0882406, 0.0 ], [ 76.7542177, 9.0884219, 0.0 ], [ 76.7559462, 9.0882507, 0.0 ], [ 76.7570745, 9.0872836, 0.0 ], [ 76.7577663, 9.085887, 0.0 ], [ 76.7574351, 9.0836355, 0.0 ], [ 76.7577454, 9.0807378, 0.0 ], [ 76.7580007, 9.078916, 0.0 ], [ 76.7581015, 9.0770399, 0.0 ], [ 76.7577701, 9.0751094, 0.0 ], [ 76.7577387, 9.0739566, 0.0 ], [ 76.7583759, 9.0726639, 0.0 ], [ 76.7585351, 9.0725012, 0.0 ], [ 76.7593448, 9.0721217, 0.0 ], [ 76.7611273, 9.073239, 0.0 ], [ 76.7636648, 9.0743519, 0.0 ], [ 76.7653429, 9.0748814, 0.0 ], [ 76.7679309, 9.0747059, 0.0 ], [ 76.7699731, 9.0744851, 0.0 ], [ 76.7709419, 9.0745351, 0.0 ], [ 76.771433, 9.074802, 0.0 ], [ 76.7712735, 9.0757694, 0.0 ], [ 76.7703635, 9.0771117, 0.0 ], [ 76.7701494, 9.0778621, 0.0 ], [ 76.7708128, 9.0801634, 0.0 ], [ 76.7709259, 9.0820938, 0.0 ], [ 76.7704523, 9.0837076, 0.0 ], [ 76.76911, 9.0856421, 0.0 ], [ 76.7684137, 9.0868218, 0.0 ], [ 76.7668977, 9.0910844, 0.0 ], [ 76.7663105, 9.0925354, 0.0 ], [ 76.7656185, 9.0945243, 0.0 ], [ 76.7673598, 9.0966632, 0.0 ], [ 76.7684506, 9.0992856, 0.0 ], [ 76.7696145, 9.1011259, 0.0 ], [ 76.7705877, 9.1016009, 0.0 ], [ 76.7717704, 9.1014927, 0.0 ], [ 76.7730624, 9.1007336, 0.0 ], [ 76.7734989, 9.1011587, 0.0 ], [ 76.7736623, 9.1021805, 0.0 ], [ 76.7732388, 9.1038395, 0.0 ], [ 76.7732932, 9.1043232, 0.0 ], [ 76.774644, 9.1049068, 0.0 ], [ 76.7764314, 9.1055945, 0.0 ], [ 76.7767542, 9.1060738, 0.0 ], [ 76.7764442, 9.1084335, 0.0 ], [ 76.7766623, 9.1090258, 0.0 ], [ 76.7773627, 9.1093425, 0.0 ], [ 76.7797371, 9.1094426, 0.0 ], [ 76.7810835, 9.1095379, 0.0 ], [ 76.7821111, 9.1106594, 0.0 ], [ 76.7822197, 9.1118406, 0.0 ], [ 76.7823696, 9.1134714, 0.0 ], [ 76.7833383, 9.1141046, 0.0 ], [ 76.786627, 9.1140422, 0.0 ], [ 76.7873686, 9.1135722, 0.0 ], [ 76.7885651, 9.1129034, 0.0 ], [ 76.7904441, 9.1113895, 0.0 ], [ 76.7918998, 9.1107976, 0.0 ], [ 76.7932921, 9.1090756, 0.0 ], [ 76.7948521, 9.1097631, 0.0 ], [ 76.7967442, 9.110505, 0.0 ], [ 76.7981998, 9.1100713, 0.0 ], [ 76.7990597, 9.109208, 0.0 ], [ 76.7993782, 9.1090951, 0.0 ], [ 76.8022894, 9.108707, 0.0 ], [ 76.8029124, 9.1092632, 0.0 ], [ 76.804368, 9.1093132, 0.0 ], [ 76.8084073, 9.1088078, 0.0 ], [ 76.809267, 9.1084282, 0.0 ], [ 76.8123833, 9.1060012, 0.0 ], [ 76.8139346, 9.104921, 0.0 ], [ 76.8151721, 9.1036825, 0.0 ], [ 76.816032, 9.102444, 0.0 ], [ 76.8177427, 9.0999669, 0.0 ], [ 76.818598, 9.0991624, 0.0 ], [ 76.8196127, 9.0967982, 0.0 ], [ 76.8214185, 9.0963871, 0.0 ], [ 76.8222192, 9.0955781, 0.0 ], [ 76.8226926, 9.0933765, 0.0 ], [ 76.8259767, 9.092396, 0.0 ], [ 76.8277006, 9.0924415, 0.0 ], [ 76.8281326, 9.0928168, 0.0 ], [ 76.8284054, 9.0937753, 0.0 ], [ 76.8284645, 9.0938838, 0.0 ], [ 76.8308344, 9.0940996, 0.0 ], [ 76.8329401, 9.0942913, 0.0 ], [ 76.836488, 9.0930938, 0.0 ], [ 76.837193, 9.093677, 0.0 ], [ 76.8406863, 9.0923258, 0.0 ], [ 76.8421146, 9.0920728, 0.0 ], [ 76.8434653, 9.0931895, 0.0 ], [ 76.8447115, 9.0944193, 0.0 ], [ 76.8456302, 9.0947901, 0.0 ], [ 76.8462984, 9.0988047, 0.0 ], [ 76.8519112, 9.0995511, 0.0 ], [ 76.8520203, 9.1004553, 0.0 ], [ 76.8511606, 9.1009977, 0.0 ], [ 76.8499778, 9.1020238, 0.0 ], [ 76.8495502, 9.1023448, 0.0 ], [ 76.8503052, 9.1029325, 0.0 ], [ 76.8509056, 9.1032536, 0.0 ], [ 76.8513922, 9.1044833, 0.0 ], [ 76.8517197, 9.1050167, 0.0 ], [ 76.8513556, 9.1074308, 0.0 ], [ 76.8508868, 9.1103828, 0.0 ], [ 76.8518691, 9.1127337, 0.0 ], [ 76.8524832, 9.1121144, 0.0 ], [ 76.8532973, 9.1130232, 0.0 ], [ 76.8541615, 9.1138234, 0.0 ], [ 76.8550803, 9.1142982, 0.0 ], [ 76.8556216, 9.1149402, 0.0 ], [ 76.8558489, 9.1164411, 0.0 ], [ 76.8563856, 9.1169701, 0.0 ], [ 76.8571407, 9.1168616, 0.0 ], [ 76.8578412, 9.1164819, 0.0 ], [ 76.8586554, 9.1174449, 0.0 ], [ 76.8593559, 9.1172777, 0.0 ], [ 76.8613938, 9.1160346, 0.0 ], [ 76.8623127, 9.1155464, 0.0 ], [ 76.8647326, 9.1152708, 0.0 ], [ 76.8659789, 9.1157953, 0.0 ], [ 76.8659879, 9.1176171, 0.0 ], [ 76.8671159, 9.1207772, 0.0 ], [ 76.8678209, 9.1217402, 0.0 ], [ 76.8701453, 9.1231191, 0.0 ], [ 76.8704727, 9.1239781, 0.0 ], [ 76.8715326, 9.1256598, 0.0 ], [ 76.872506, 9.12646, 0.0 ], [ 76.8734248, 9.1272557, 0.0 ], [ 76.8739661, 9.127414, 0.0 ], [ 76.8746712, 9.1282684, 0.0 ], [ 76.8755991, 9.1308905, 0.0 ], [ 76.8785559, 9.1290551, 0.0 ], [ 76.88038, 9.1279701, 0.0 ], [ 76.8826909, 9.1262975, 0.0 ], [ 76.8837144, 9.1258092, 0.0 ], [ 76.8847333, 9.1247333, 0.0 ], [ 76.8839645, 9.1228617, 0.0 ], [ 76.88396, 9.121953, 0.0 ], [ 76.8865483, 9.1219937, 0.0 ], [ 76.8875763, 9.1225723, 0.0 ], [ 76.8883314, 9.1228933, 0.0 ], [ 76.8901691, 9.1232549, 0.0 ], [ 76.8925936, 9.1227621, 0.0 ], [ 76.8951137, 9.1250225, 0.0 ], [ 76.8969561, 9.127215, 0.0 ], [ 76.8981571, 9.1304202, 0.0 ], [ 76.9001449, 9.1286434, 0.0 ], [ 76.9009454, 9.127138, 0.0 ], [ 76.9015822, 9.1257907, 0.0 ], [ 76.9021735, 9.1254155, 0.0 ], [ 76.9030378, 9.1252527, 0.0 ], [ 76.9050848, 9.125881, 0.0 ], [ 76.9071318, 9.1256593, 0.0 ], [ 76.9086966, 9.1256502, 0.0 ], [ 76.9101522, 9.1257495, 0.0 ], [ 76.9112303, 9.1255822, 0.0 ], [ 76.9127905, 9.1252566, 0.0 ], [ 76.9180397, 9.1237507, 0.0 ], [ 76.9206234, 9.1231492, 0.0 ], [ 76.9219289, 9.122923, 0.0 ], [ 76.923853, 9.1225928, 0.0 ], [ 76.9243851, 9.1218378, 0.0 ], [ 76.9250762, 9.1187319, 0.0 ], [ 76.929543, 9.1186545, 0.0 ], [ 76.9309441, 9.1188035, 0.0 ], [ 76.9323996, 9.1183648, 0.0 ], [ 76.9349287, 9.1179305, 0.0 ], [ 76.9366799, 9.1179981, 0.0 ], [ 76.9380217, 9.1172384, 0.0 ], [ 76.940833, 9.1182958, 0.0 ], [ 76.9438534, 9.1186027, 0.0 ], [ 76.9470783, 9.1175127, 0.0 ], [ 76.9482655, 9.1172367, 0.0 ], [ 76.9496213, 9.1187871, 0.0 ], [ 76.9534657, 9.1224075, 0.0 ], [ 76.9556858, 9.1239532, 0.0 ], [ 76.9564685, 9.1254223, 0.0 ], [ 76.9564732, 9.1264937, 0.0 ], [ 76.9586341, 9.1274426, 0.0 ], [ 76.9596669, 9.1279759, 0.0 ], [ 76.9601586, 9.1299559, 0.0 ], [ 76.958007, 9.1305576, 0.0 ], [ 76.9564968, 9.1303499, 0.0 ], [ 76.9540769, 9.1310602, 0.0 ], [ 76.9524575, 9.1310153, 0.0 ], [ 76.9505696, 9.1305952, 0.0 ], [ 76.9489002, 9.1309797, 0.0 ], [ 76.9482543, 9.1313054, 0.0 ], [ 76.9473493, 9.1325985, 0.0 ], [ 76.9456348, 9.1352886, 0.0 ], [ 76.9431832, 9.1365548, 0.0 ], [ 76.9406088, 9.1386077, 0.0 ], [ 76.9396398, 9.1387208, 0.0 ], [ 76.936305, 9.1357873, 0.0 ], [ 76.934531, 9.1368183, 0.0 ], [ 76.9328071, 9.1377905, 0.0 ], [ 76.9313014, 9.137854, 0.0 ], [ 76.9282308, 9.1380307, 0.0 ], [ 76.9263977, 9.1386322, 0.0 ], [ 76.9265208, 9.1410915, 0.0 ], [ 76.926903, 9.1417922, 0.0 ], [ 76.9273584, 9.1462903, 0.0 ], [ 76.926317, 9.1486231, 0.0 ], [ 76.9260625, 9.151096, 0.0 ], [ 76.9262449, 9.15436, 0.0 ], [ 76.9266864, 9.1563988, 0.0 ], [ 76.9272825, 9.1575199, 0.0 ], [ 76.9272052, 9.1579719, 0.0 ], [ 76.9276967, 9.1600605, 0.0 ], [ 76.927756, 9.1612404, 0.0 ], [ 76.9275561, 9.1635505, 0.0 ], [ 76.9283752, 9.1649926, 0.0 ], [ 76.9283346, 9.1678271, 0.0 ], [ 76.9281755, 9.1687991, 0.0 ], [ 76.929618, 9.1716018, 0.0 ], [ 76.9296774, 9.1732111, 0.0 ], [ 76.9303326, 9.1737942, 0.0 ], [ 76.9319429, 9.1727678, 0.0 ], [ 76.9337671, 9.1717956, 0.0 ], [ 76.9347314, 9.1706608, 0.0 ], [ 76.935432, 9.1700684, 0.0 ], [ 76.9367239, 9.16958, 0.0 ], [ 76.9382343, 9.1694668, 0.0 ], [ 76.9394671, 9.1689783, 0.0 ], [ 76.9415095, 9.1671426, 0.0 ], [ 76.9430105, 9.1653657, 0.0 ], [ 76.94488, 9.1635345, 0.0 ], [ 76.9483233, 9.161052, 0.0 ], [ 76.949365, 9.160107, 0.0 ], [ 76.9509799, 9.1596139, 0.0 ], [ 76.9531815, 9.1582618, 0.0 ], [ 76.9545778, 9.1569143, 0.0 ], [ 76.9566201, 9.1555622, 0.0 ], [ 76.9595676, 9.1535634, 0.0 ], [ 76.96151, 9.152912, 0.0 ], [ 76.9634477, 9.1520436, 0.0 ], [ 76.9650035, 9.1517133, 0.0 ], [ 76.9662455, 9.1519209, 0.0 ], [ 76.967219, 9.1521829, 0.0 ], [ 76.967865, 9.1520743, 0.0 ], [ 76.969366, 9.1511517, 0.0 ], [ 76.9716494, 9.1500888, 0.0 ], [ 76.9730507, 9.1504049, 0.0 ], [ 76.9739102, 9.1495457, 0.0 ], [ 76.9755797, 9.1492153, 0.0 ], [ 76.9766578, 9.1492105, 0.0 ], [ 76.977572, 9.1485593, 0.0 ], [ 76.9792417, 9.148925, 0.0 ], [ 76.9797284, 9.1487621, 0.0 ], [ 76.9811792, 9.1476316, 0.0 ], [ 76.9831669, 9.1465958, 0.0 ], [ 76.9862374, 9.1458852, 0.0 ], [ 76.9879022, 9.1455004, 0.0 ], [ 76.9885527, 9.1454957, 0.0 ], [ 76.9895168, 9.1442568, 0.0 ], [ 76.9912539, 9.142127, 0.0 ], [ 76.9918404, 9.1412136, 0.0 ], [ 76.9930229, 9.1403498, 0.0 ], [ 76.9941509, 9.1398612, 0.0 ], [ 76.996722, 9.1400539, 0.0 ], [ 76.9979267, 9.140163, 0.0 ], [ 76.9999999, 9.1396638, 0.0 ], [ 77.0004375, 9.1389257, 0.0 ], [ 77.0010048, 9.1385985, 0.0 ], [ 77.0021922, 9.1384504, 0.0 ], [ 77.0028927, 9.1385138, 0.0 ], [ 77.0029719, 9.1384509, 0.0 ], [ 77.0039211, 9.137696, 0.0 ], [ 77.0046627, 9.1376014, 0.0 ], [ 77.0052994, 9.1378547, 0.0 ], [ 77.0059088, 9.138203, 0.0 ], [ 77.0068593, 9.1390307, 0.0 ], [ 77.0079189, 9.1398312, 0.0 ], [ 77.0088969, 9.140252, 0.0 ], [ 77.0094882, 9.1403199, 0.0 ], [ 77.009966, 9.1398636, 0.0 ], [ 77.011017, 9.1392129, 0.0 ], [ 77.0115267, 9.1387701, 0.0 ], [ 77.0123049, 9.1377712, 0.0 ], [ 77.0127098, 9.1374097, 0.0 ], [ 77.0132922, 9.1371251, 0.0 ], [ 77.0144978, 9.1369718, 0.0 ], [ 77.0151119, 9.1368997, 0.0 ], [ 77.015726, 9.1367958, 0.0 ], [ 77.0163721, 9.1364435, 0.0 ], [ 77.0168227, 9.1358966, 0.0 ], [ 77.0174735, 9.1348074, 0.0 ], [ 77.0176193, 9.1342423, 0.0 ], [ 77.0177287, 9.1334647, 0.0 ], [ 77.0176697, 9.1328002, 0.0 ], [ 77.0176882, 9.1320994, 0.0 ], [ 77.0178522, 9.1314259, 0.0 ], [ 77.0181889, 9.1309061, 0.0 ], [ 77.0186894, 9.130617, 0.0 ], [ 77.0193126, 9.1304544, 0.0 ], [ 77.0199405, 9.1304727, 0.0 ], [ 77.0205272, 9.1304729, 0.0 ], [ 77.0211732, 9.1303555, 0.0 ], [ 77.0218056, 9.1302292, 0.0 ], [ 77.0224106, 9.1300214, 0.0 ], [ 77.0230884, 9.1297458, 0.0 ], [ 77.0235845, 9.1293617, 0.0 ], [ 77.0241213, 9.1290544, 0.0 ], [ 77.0246672, 9.128702, 0.0 ], [ 77.0251814, 9.12844, 0.0 ], [ 77.025791, 9.1282457, 0.0 ], [ 77.0265052, 9.1281148, 0.0 ], [ 77.0272193, 9.1283366, 0.0 ], [ 77.0283382, 9.1290286, 0.0 ], [ 77.0286929, 9.1292005, 0.0 ], [ 77.0290022, 9.1292548, 0.0 ], [ 77.0293297, 9.1292277, 0.0 ], [ 77.0295845, 9.1291149, 0.0 ], [ 77.0301305, 9.1287397, 0.0 ], [ 77.0306855, 9.1282471, 0.0 ], [ 77.0310633, 9.1277771, 0.0 ], [ 77.0315911, 9.1273207, 0.0 ], [ 77.0321189, 9.1269953, 0.0 ], [ 77.032642, 9.1268237, 0.0 ], [ 77.0332562, 9.1267154, 0.0 ], [ 77.0339385, 9.1265302, 0.0 ], [ 77.0350623, 9.1259247, 0.0 ], [ 77.0356309, 9.125631, 0.0 ], [ 77.0367865, 9.1251566, 0.0 ], [ 77.0380283, 9.1248134, 0.0 ], [ 77.0392112, 9.1243526, 0.0 ], [ 77.0404076, 9.1239551, 0.0 ], [ 77.0416585, 9.1239825, 0.0 ], [ 77.0423272, 9.1239555, 0.0 ], [ 77.0429505, 9.1237794, 0.0 ], [ 77.0440832, 9.1234135, 0.0 ], [ 77.0453524, 9.1231697, 0.0 ], [ 77.0460574, 9.1231428, 0.0 ], [ 77.0466775, 9.1231854, 0.0 ], [ 77.046751, 9.1232123, 0.0 ], [ 77.0478768, 9.1240112, 0.0 ], [ 77.0483224, 9.1246035, 0.0 ], [ 77.0490455, 9.1256028, 0.0 ], [ 77.0494274, 9.1261679, 0.0 ], [ 77.0498413, 9.1266156, 0.0 ], [ 77.0502779, 9.1269773, 0.0 ], [ 77.0507872, 9.1273798, 0.0 ], [ 77.0513331, 9.1276015, 0.0 ], [ 77.051697, 9.1276919, 0.0 ], [ 77.0519153, 9.1277011, 0.0 ], [ 77.0525021, 9.1277102, 0.0 ], [ 77.0530707, 9.1276607, 0.0 ], [ 77.0536621, 9.1275297, 0.0 ], [ 77.0542626, 9.1273354, 0.0 ], [ 77.0547494, 9.1269512, 0.0 ], [ 77.0551635, 9.1263274, 0.0 ], [ 77.0553364, 9.1259885, 0.0 ], [ 77.0557052, 9.1243972, 0.0 ], [ 77.0559102, 9.1231043, 0.0 ], [ 77.0560969, 9.1219335, 0.0 ], [ 77.0561883, 9.1200845, 0.0 ], [ 77.0565343, 9.1188911, 0.0 ], [ 77.0569029, 9.1178921, 0.0 ], [ 77.0573124, 9.1174084, 0.0 ], [ 77.0576445, 9.1171553, 0.0 ], [ 77.0579084, 9.1170966, 0.0 ], [ 77.0581813, 9.1171645, 0.0 ], [ 77.058536, 9.1173634, 0.0 ], [ 77.059059, 9.1179151, 0.0 ], [ 77.0593592, 9.1182497, 0.0 ], [ 77.0595639, 9.1184216, 0.0 ], [ 77.0598595, 9.1186296, 0.0 ], [ 77.0601324, 9.1187427, 0.0 ], [ 77.0607328, 9.1188287, 0.0 ], [ 77.0619609, 9.1188244, 0.0 ], [ 77.0625387, 9.1187657, 0.0 ], [ 77.0631982, 9.1188382, 0.0 ], [ 77.0637668, 9.118992, 0.0 ], [ 77.0647674, 9.119381, 0.0 ], [ 77.0650132, 9.1187617, 0.0 ], [ 77.0653272, 9.1182148, 0.0 ], [ 77.0659687, 9.1172294, 0.0 ], [ 77.0664191, 9.1166643, 0.0 ], [ 77.0666877, 9.116054, 0.0 ], [ 77.0669335, 9.1148651, 0.0 ], [ 77.0670473, 9.1145804, 0.0 ], [ 77.0672702, 9.1144222, 0.0 ], [ 77.0678142, 9.1141953, 0.0 ], [ 77.0684621, 9.1139974, 0.0 ], [ 77.0696266, 9.1136767, 0.0 ], [ 77.0699814, 9.1135366, 0.0 ], [ 77.0707138, 9.1130032, 0.0 ], [ 77.0709868, 9.1128541, 0.0 ], [ 77.071428, 9.112827, 0.0 ], [ 77.0721557, 9.113008, 0.0 ], [ 77.072838, 9.1132071, 0.0 ], [ 77.0734839, 9.1131936, 0.0 ], [ 77.0740479, 9.1131756, 0.0 ], [ 77.0743891, 9.1131666, 0.0 ], [ 77.0753762, 9.1132346, 0.0 ], [ 77.075972, 9.1134472, 0.0 ], [ 77.0765314, 9.113592, 0.0 ], [ 77.0772547, 9.1136418, 0.0 ], [ 77.0778369, 9.1135921, 0.0 ], [ 77.0784783, 9.1134657, 0.0 ], [ 77.0791379, 9.1132126, 0.0 ], [ 77.0796838, 9.112842, 0.0 ], [ 77.0799431, 9.112521, 0.0 ], [ 77.0801115, 9.1122724, 0.0 ], [ 77.0802798, 9.1118972, 0.0 ], [ 77.08038, 9.1116169, 0.0 ], [ 77.0804073, 9.110984, 0.0 ], [ 77.0805531, 9.1097047, 0.0 ], [ 77.0811399, 9.1092708, 0.0 ], [ 77.0822999, 9.1086109, 0.0 ], [ 77.0825637, 9.1084618, 0.0 ], [ 77.0831915, 9.108168, 0.0 ], [ 77.0832279, 9.1081499, 0.0 ], [ 77.0834644, 9.1080414, 0.0 ], [ 77.0841468, 9.1077839, 0.0 ], [ 77.08482, 9.1076438, 0.0 ], [ 77.0848791, 9.1076303, 0.0 ], [ 77.0856115, 9.1074766, 0.0 ], [ 77.086685, 9.1070926, 0.0 ], [ 77.0866895, 9.1070925, 0.0 ], [ 77.0869079, 9.1070067, 0.0 ], [ 77.0879723, 9.1066271, 0.0 ], [ 77.0885181, 9.106383, 0.0 ], [ 77.0894643, 9.1059672, 0.0 ], [ 77.0895871, 9.1059129, 0.0 ], [ 77.0896372, 9.1058859, 0.0 ], [ 77.0911019, 9.1050903, 0.0 ], [ 77.0929851, 9.1040644, 0.0 ], [ 77.0936038, 9.1036169, 0.0 ], [ 77.0936129, 9.1036124, 0.0 ], [ 77.094923, 9.1026767, 0.0 ], [ 77.0952596, 9.1024779, 0.0 ], [ 77.0954006, 9.102392, 0.0 ], [ 77.0957099, 9.102288, 0.0 ], [ 77.0960556, 9.1022519, 0.0 ], [ 77.0969153, 9.1024735, 0.0 ], [ 77.0969335, 9.102478, 0.0 ], [ 77.0970881, 9.1024916, 0.0 ], [ 77.0972473, 9.1024418, 0.0 ], [ 77.0975384, 9.1022159, 0.0 ], [ 77.0976476, 9.1020395, 0.0 ], [ 77.0979889, 9.100828, 0.0 ], [ 77.0981208, 9.1005116, 0.0 ], [ 77.0982755, 9.1002901, 0.0 ], [ 77.0985029, 9.1001454, 0.0 ], [ 77.0992262, 9.0998968, 0.0 ], [ 77.0994263, 9.0998426, 0.0 ], [ 77.1003361, 9.0996122, 0.0 ], [ 77.1008682, 9.0995354, 0.0 ], [ 77.1019599, 9.0994631, 0.0 ], [ 77.1023783, 9.099436, 0.0 ], [ 77.1027877, 9.0993231, 0.0 ], [ 77.103088, 9.099183, 0.0 ], [ 77.1036156, 9.0988258, 0.0 ], [ 77.1039568, 9.0986043, 0.0 ], [ 77.1039795, 9.0985863, 0.0 ], [ 77.1045981, 9.0981206, 0.0 ], [ 77.1047938, 9.097881, 0.0 ], [ 77.1049211, 9.0976325, 0.0 ], [ 77.1049257, 9.0976189, 0.0 ], [ 77.1049984, 9.0974924, 0.0 ], [ 77.1050576, 9.0970764, 0.0 ], [ 77.105135, 9.0966469, 0.0 ], [ 77.1051396, 9.0966379, 0.0 ], [ 77.1051941, 9.0965429, 0.0 ], [ 77.1054443, 9.0963441, 0.0 ], [ 77.1059446, 9.0960774, 0.0 ], [ 77.106213, 9.0958468, 0.0 ], [ 77.1068726, 9.0949699, 0.0 ], [ 77.1069272, 9.0948975, 0.0 ], [ 77.1074048, 9.094545, 0.0 ], [ 77.1079324, 9.0944953, 0.0 ], [ 77.1084555, 9.0945044, 0.0 ], [ 77.1093197, 9.0943552, 0.0 ], [ 77.1093243, 9.0943507, 0.0 ], [ 77.1097337, 9.0940433, 0.0 ], [ 77.1104478, 9.0935009, 0.0 ], [ 77.1107571, 9.0933563, 0.0 ], [ 77.1111336, 9.0931889, 0.0 ], [ 77.1111483, 9.0931889, 0.0 ], [ 77.111262, 9.0932703, 0.0 ], [ 77.1119988, 9.0938038, 0.0 ], [ 77.1123354, 9.0939621, 0.0 ], [ 77.1123444, 9.0939666, 0.0 ], [ 77.1125582, 9.0939531, 0.0 ], [ 77.1128493, 9.0939576, 0.0 ], [ 77.1135816, 9.0937497, 0.0 ], [ 77.1140046, 9.0936277, 0.0 ], [ 77.1140547, 9.0936231, 0.0 ], [ 77.1144505, 9.0935372, 0.0 ], [ 77.1147142, 9.0936142, 0.0 ], [ 77.1153146, 9.0938944, 0.0 ], [ 77.1158695, 9.0940437, 0.0 ], [ 77.1159104, 9.0940527, 0.0 ], [ 77.1170385, 9.0945139, 0.0 ], [ 77.1170884, 9.094532, 0.0 ], [ 77.1178253, 9.0947807, 0.0 ], [ 77.1181755, 9.0948665, 0.0 ], [ 77.1182074, 9.0948666, 0.0 ], [ 77.1188669, 9.0948937, 0.0 ], [ 77.1204043, 9.0946948, 0.0 ], [ 77.1205726, 9.0947039, 0.0 ], [ 77.1207636, 9.0946677, 0.0 ], [ 77.1210092, 9.0945366, 0.0 ], [ 77.1213959, 9.0941524, 0.0 ], [ 77.121737, 9.0938947, 0.0 ], [ 77.1217689, 9.0938811, 0.0 ], [ 77.1220326, 9.0937772, 0.0 ], [ 77.1221054, 9.0937501, 0.0 ], [ 77.1227104, 9.0936597, 0.0 ], [ 77.1231425, 9.0935015, 0.0 ], [ 77.1239248, 9.0928912, 0.0 ], [ 77.1239521, 9.0928731, 0.0 ], [ 77.1255714, 9.0918017, 0.0 ], [ 77.1259899, 9.0915757, 0.0 ], [ 77.1278456, 9.0907439, 0.0 ], [ 77.1279593, 9.0906941, 0.0 ], [ 77.1286097, 9.090215, 0.0 ], [ 77.1290055, 9.0897945, 0.0 ], [ 77.1294376, 9.0892566, 0.0 ], [ 77.1303609, 9.0883886, 0.0 ], [ 77.1306019, 9.0881581, 0.0 ], [ 77.1312432, 9.0878461, 0.0 ], [ 77.131498, 9.0877693, 0.0 ], [ 77.1317663, 9.0877512, 0.0 ], [ 77.1325987, 9.087697, 0.0 ], [ 77.1328398, 9.0876562, 0.0 ], [ 77.1330944, 9.087611, 0.0 ], [ 77.1334493, 9.0874709, 0.0 ], [ 77.1338267, 9.0872178, 0.0 ], [ 77.1339223, 9.0871816, 0.0 ], [ 77.1340496, 9.0871183, 0.0 ], [ 77.1343225, 9.0869781, 0.0 ], [ 77.1348092, 9.0868696, 0.0 ], [ 77.1357916, 9.0865306, 0.0 ], [ 77.1364739, 9.0863588, 0.0 ], [ 77.1384024, 9.0860378, 0.0 ], [ 77.1385297, 9.0860152, 0.0 ], [ 77.1387435, 9.085979, 0.0 ], [ 77.1392211, 9.0859203, 0.0 ], [ 77.1397123, 9.0858569, 0.0 ], [ 77.1397169, 9.085857, 0.0 ], [ 77.1418637, 9.0855812, 0.0 ], [ 77.1429143, 9.0853596, 0.0 ], [ 77.1434601, 9.0850883, 0.0 ], [ 77.1435783, 9.0849934, 0.0 ], [ 77.1435829, 9.0849889, 0.0 ], [ 77.1436966, 9.0848984, 0.0 ], [ 77.1438512, 9.0846814, 0.0 ], [ 77.1441923, 9.0840667, 0.0 ], [ 77.1445062, 9.0837185, 0.0 ], [ 77.1447563, 9.0835602, 0.0 ], [ 77.1451793, 9.0834517, 0.0 ], [ 77.1456432, 9.0834291, 0.0 ], [ 77.1464346, 9.0834834, 0.0 ], [ 77.1471579, 9.0835918, 0.0 ], [ 77.1476036, 9.0836913, 0.0 ], [ 77.1486543, 9.0839263, 0.0 ], [ 77.1502189, 9.0840845, 0.0 ], [ 77.1509466, 9.0841568, 0.0 ], [ 77.1514333, 9.0842698, 0.0 ], [ 77.1517107, 9.0844054, 0.0 ], [ 77.1519791, 9.084663, 0.0 ], [ 77.1521428, 9.0850247, 0.0 ], [ 77.1524885, 9.0860509, 0.0 ], [ 77.1525568, 9.0861866, 0.0 ], [ 77.1527888, 9.0866205, 0.0 ], [ 77.1529707, 9.0868601, 0.0 ], [ 77.1530799, 9.0870093, 0.0 ], [ 77.153362, 9.0872263, 0.0 ], [ 77.1536758, 9.0873438, 0.0 ], [ 77.154167, 9.0874026, 0.0 ], [ 77.1544854, 9.0873573, 0.0 ], [ 77.1548856, 9.0871674, 0.0 ], [ 77.1550584, 9.0869775, 0.0 ], [ 77.1551812, 9.0867424, 0.0 ], [ 77.1553359, 9.0862316, 0.0 ], [ 77.1553722, 9.0857885, 0.0 ], [ 77.1552903, 9.0847804, 0.0 ], [ 77.1551174, 9.0843419, 0.0 ], [ 77.1548854, 9.084039, 0.0 ], [ 77.1542168, 9.0833565, 0.0 ], [ 77.1540166, 9.0830084, 0.0 ], [ 77.1539393, 9.0826829, 0.0 ], [ 77.1539438, 9.0823167, 0.0 ], [ 77.1540257, 9.0820544, 0.0 ], [ 77.1541622, 9.0819189, 0.0 ], [ 77.1543167, 9.0818691, 0.0 ], [ 77.1543259, 9.0818646, 0.0 ], [ 77.1545305, 9.081851, 0.0 ], [ 77.1555267, 9.0820182, 0.0 ], [ 77.1562862, 9.0820091, 0.0 ], [ 77.1575642, 9.0817694, 0.0 ], [ 77.1578099, 9.0817016, 0.0 ], [ 77.1579782, 9.081679, 0.0 ], [ 77.1586422, 9.0815252, 0.0 ], [ 77.158815, 9.081471, 0.0 ], [ 77.1591606, 9.0813263, 0.0 ], [ 77.1596928, 9.081159, 0.0 ], [ 77.1599248, 9.0811228, 0.0 ], [ 77.1600704, 9.0813353, 0.0 ], [ 77.1601931, 9.0816427, 0.0 ], [ 77.1602615, 9.0820857, 0.0 ], [ 77.1603342, 9.0821581, 0.0 ], [ 77.1603933, 9.0822214, 0.0 ], [ 77.1606207, 9.0823072, 0.0 ], [ 77.1608254, 9.0823253, 0.0 ], [ 77.1614576, 9.0822574, 0.0 ], [ 77.1616168, 9.0821941, 0.0 ], [ 77.1616304, 9.0821896, 0.0 ], [ 77.1617032, 9.082063, 0.0 ], [ 77.1616804, 9.0813668, 0.0 ], [ 77.1617122, 9.0812674, 0.0 ], [ 77.1617395, 9.0811679, 0.0 ], [ 77.1627765, 9.0805032, 0.0 ], [ 77.1630903, 9.0801732, 0.0 ], [ 77.1633723, 9.0797663, 0.0 ], [ 77.1635814, 9.0795628, 0.0 ], [ 77.1637133, 9.0794543, 0.0 ], [ 77.163918, 9.0793413, 0.0 ], [ 77.1644774, 9.0791062, 0.0 ], [ 77.1646093, 9.0790429, 0.0 ], [ 77.1650232, 9.0789886, 0.0 ], [ 77.1657054, 9.0788619, 0.0 ], [ 77.1670243, 9.0782923, 0.0 ], [ 77.1671335, 9.0783013, 0.0 ], [ 77.1673564, 9.0783871, 0.0 ], [ 77.1677294, 9.0786312, 0.0 ], [ 77.1679113, 9.078708, 0.0 ], [ 77.1682616, 9.0787035, 0.0 ], [ 77.1683934, 9.0786628, 0.0 ], [ 77.1686981, 9.0785046, 0.0 ], [ 77.1689664, 9.0782694, 0.0 ], [ 77.1690665, 9.0781383, 0.0 ], [ 77.1692393, 9.0778852, 0.0 ], [ 77.1694257, 9.0777676, 0.0 ], [ 77.1697214, 9.0776094, 0.0 ], [ 77.1698669, 9.0775777, 0.0 ], [ 77.1701717, 9.0777042, 0.0 ], [ 77.1703718, 9.0777946, 0.0 ], [ 77.1705765, 9.0779076, 0.0 ], [ 77.1714999, 9.0785088, 0.0 ], [ 77.1718638, 9.0788433, 0.0 ], [ 77.1721821, 9.0791868, 0.0 ], [ 77.1722913, 9.0792275, 0.0 ], [ 77.1729735, 9.0792275, 0.0 ], [ 77.17306, 9.0792184, 0.0 ], [ 77.1731782, 9.0792049, 0.0 ], [ 77.173292, 9.0791596, 0.0 ], [ 77.1737604, 9.0790285, 0.0 ], [ 77.1740514, 9.0789289, 0.0 ], [ 77.1743516, 9.0787797, 0.0 ], [ 77.1746472, 9.0785265, 0.0 ], [ 77.1746427, 9.0785265, 0.0 ], [ 77.174761, 9.0784225, 0.0 ], [ 77.1751975, 9.0779478, 0.0 ], [ 77.1754067, 9.0777308, 0.0 ], [ 77.1757569, 9.0775364, 0.0 ], [ 77.1761207, 9.0774052, 0.0 ], [ 77.177085, 9.0772153, 0.0 ], [ 77.1777853, 9.077075, 0.0 ], [ 77.1785767, 9.0767584, 0.0 ], [ 77.1785995, 9.0767449, 0.0 ], [ 77.1793271, 9.0763335, 0.0 ], [ 77.1807143, 9.0762745, 0.0 ], [ 77.1818058, 9.0761297, 0.0 ], [ 77.1818104, 9.0761296, 0.0 ], [ 77.1832249, 9.0759351, 0.0 ], [ 77.1837343, 9.0759124, 0.0 ], [ 77.1843074, 9.0760208, 0.0 ], [ 77.1852898, 9.0764819, 0.0 ], [ 77.1856901, 9.0765812, 0.0 ], [ 77.1857628, 9.0765993, 0.0 ], [ 77.1866089, 9.0765946, 0.0 ], [ 77.1879187, 9.0764724, 0.0 ], [ 77.1879233, 9.0764724, 0.0 ], [ 77.1883417, 9.076504, 0.0 ], [ 77.1894287, 9.0766576, 0.0 ], [ 77.1896516, 9.076653, 0.0 ], [ 77.1898563, 9.0766484, 0.0 ], [ 77.190161, 9.0765941, 0.0 ], [ 77.1906704, 9.0764448, 0.0 ], [ 77.1920802, 9.0758479, 0.0 ], [ 77.1920939, 9.0758434, 0.0 ], [ 77.1925259, 9.075658, 0.0 ], [ 77.192967, 9.0754273, 0.0 ], [ 77.1940268, 9.0753503, 0.0 ], [ 77.1949182, 9.0752326, 0.0 ], [ 77.1950502, 9.0752145, 0.0 ], [ 77.1953548, 9.0751286, 0.0 ], [ 77.1965145, 9.0744954, 0.0 ], [ 77.1967283, 9.0744367, 0.0 ], [ 77.1978562, 9.07412, 0.0 ], [ 77.1979107, 9.0741109, 0.0 ], [ 77.1979608, 9.0741019, 0.0 ], [ 77.1992069, 9.0739208, 0.0 ], [ 77.1994888, 9.0734326, 0.0 ], [ 77.1998799, 9.0729758, 0.0 ], [ 77.2001209, 9.0727769, 0.0 ], [ 77.200512, 9.0725418, 0.0 ], [ 77.2008531, 9.0724061, 0.0 ], [ 77.2013079, 9.072302, 0.0 ], [ 77.2024631, 9.0721571, 0.0 ], [ 77.2029906, 9.0719582, 0.0 ], [ 77.2032862, 9.0718496, 0.0 ], [ 77.2035501, 9.0717817, 0.0 ], [ 77.204073, 9.071646, 0.0 ], [ 77.2045552, 9.0716007, 0.0 ], [ 77.2049054, 9.071664, 0.0 ], [ 77.2062927, 9.0722378, 0.0 ], [ 77.207025, 9.0725948, 0.0 ], [ 77.2081423, 9.07288, 0.0 ], [ 77.2083032, 9.0731144, 0.0 ], [ 77.2086489, 9.0736116, 0.0 ], [ 77.2088719, 9.074041, 0.0 ], [ 77.2089902, 9.0746107, 0.0 ], [ 77.2090448, 9.0748864, 0.0 ], [ 77.2090586, 9.0751124, 0.0 ], [ 77.2086585, 9.0757681, 0.0 ], [ 77.2082765, 9.0761207, 0.0 ], [ 77.2074443, 9.0769799, 0.0 ], [ 77.2066717, 9.0798914, 0.0 ], [ 77.2063809, 9.0811754, 0.0 ], [ 77.2057627, 9.0834811, 0.0 ], [ 77.2056856, 9.0837659, 0.0 ], [ 77.2057675, 9.0842451, 0.0 ], [ 77.2057039, 9.0849865, 0.0 ], [ 77.2061497, 9.0849819, 0.0 ], [ 77.206409, 9.0852079, 0.0 ], [ 77.2066001, 9.0855153, 0.0 ], [ 77.2066048, 9.0862205, 0.0 ], [ 77.207551, 9.0874635, 0.0 ], [ 77.2088251, 9.0894344, 0.0 ], [ 77.2091526, 9.0899632, 0.0 ], [ 77.2099582, 9.0922596, 0.0 ], [ 77.2101175, 9.0929331, 0.0 ], [ 77.2102997, 9.0938734, 0.0 ], [ 77.2103316, 9.0944792, 0.0 ], [ 77.2101909, 9.0956773, 0.0 ], [ 77.2101909, 9.0959756, 0.0 ], [ 77.2102911, 9.0964864, 0.0 ], [ 77.2117518, 9.0994156, 0.0 ], [ 77.212407, 9.1004824, 0.0 ], [ 77.2134167, 9.1002832, 0.0 ], [ 77.2144628, 9.1000976, 0.0 ], [ 77.2148722, 9.1000704, 0.0 ], [ 77.2155863, 9.1002014, 0.0 ], [ 77.2169146, 9.1007843, 0.0 ], [ 77.2187706, 9.1014348, 0.0 ], [ 77.2191619, 9.101715, 0.0 ], [ 77.2198537, 9.1037989, 0.0 ], [ 77.2204226, 9.1051324, 0.0 ], [ 77.2207684, 9.1056749, 0.0 ], [ 77.2210596, 9.1059369, 0.0 ], [ 77.2215145, 9.1061358, 0.0 ], [ 77.2218011, 9.1062262, 0.0 ], [ 77.2231658, 9.1064925, 0.0 ], [ 77.2243985, 9.1067092, 0.0 ], [ 77.2249125, 9.1069035, 0.0 ], [ 77.2252537, 9.1070481, 0.0 ], [ 77.2259589, 9.1076898, 0.0 ], [ 77.2264639, 9.1081915, 0.0 ], [ 77.2267188, 9.1086526, 0.0 ], [ 77.2269418, 9.109317, 0.0 ], [ 77.2270465, 9.1096742, 0.0 ], [ 77.2270831, 9.110506, 0.0 ], [ 77.2271243, 9.1112791, 0.0 ], [ 77.227029, 9.1120882, 0.0 ], [ 77.2267699, 9.112884, 0.0 ], [ 77.2272843, 9.1144435, 0.0 ], [ 77.2275711, 9.1151622, 0.0 ], [ 77.2279078, 9.1158765, 0.0 ], [ 77.2284449, 9.1168844, 0.0 ], [ 77.230551, 9.1172636, 0.0 ], [ 77.2310332, 9.1173629, 0.0 ], [ 77.2313426, 9.1174306, 0.0 ], [ 77.2322752, 9.1180498, 0.0 ], [ 77.2343588, 9.1192924, 0.0 ], [ 77.2356327, 9.1201917, 0.0 ], [ 77.2368886, 9.1212085, 0.0 ], [ 77.2371752, 9.1213802, 0.0 ], [ 77.2390131, 9.1223381, 0.0 ], [ 77.2397639, 9.1228442, 0.0 ], [ 77.2400732, 9.123025, 0.0 ], [ 77.2416658, 9.1246881, 0.0 ], [ 77.2418569, 9.124887, 0.0 ], [ 77.2421481, 9.1250451, 0.0 ], [ 77.2425712, 9.1251806, 0.0 ], [ 77.2429487, 9.1252076, 0.0 ], [ 77.2437175, 9.1252165, 0.0 ], [ 77.2445954, 9.1250534, 0.0 ], [ 77.247284, 9.1246017, 0.0 ], [ 77.2490339, 9.1287075, 0.0 ], [ 77.2490425, 9.1290168, 0.0 ], [ 77.2494426, 9.1294915, 0.0 ], [ 77.2498064, 9.1298714, 0.0 ], [ 77.2499999, 9.1301885, 0.0 ], [ 77.2503668, 9.1314502, 0.0 ], [ 77.2507715, 9.1327278, 0.0 ], [ 77.2515128, 9.1341199, 0.0 ], [ 77.2518035, 9.1353016, 0.0 ], [ 77.2521441, 9.1366923, 0.0 ], [ 77.2526318, 9.1389474, 0.0 ], [ 77.2527223, 9.1391884, 0.0 ], [ 77.253031, 9.1393555, 0.0 ], [ 77.2539474, 9.1396236, 0.0 ], [ 77.2549292, 9.1400039, 0.0 ], [ 77.2555299, 9.1402739, 0.0 ], [ 77.2562079, 9.1405957, 0.0 ], [ 77.2563728, 9.1410697, 0.0 ], [ 77.2567506, 9.1419448, 0.0 ], [ 77.2573462, 9.1426738, 0.0 ], [ 77.2581516, 9.1433209, 0.0 ], [ 77.2593362, 9.1437563, 0.0 ], [ 77.2602165, 9.144093, 0.0 ], [ 77.260655, 9.1442996, 0.0 ], [ 77.2607448, 9.1444198, 0.0 ], [ 77.2603266, 9.1448571, 0.0 ], [ 77.2603559, 9.1456459, 0.0 ], [ 77.2605476, 9.1484424, 0.0 ], [ 77.2607199, 9.1488116, 0.0 ], [ 77.2613386, 9.1493552, 0.0 ], [ 77.2625949, 9.150237, 0.0 ], [ 77.2638776, 9.1508248, 0.0 ], [ 77.2649811, 9.1512285, 0.0 ], [ 77.2658744, 9.1516737, 0.0 ], [ 77.2664709, 9.1519155, 0.0 ], [ 77.2668144, 9.1524608, 0.0 ], [ 77.2671271, 9.153272, 0.0 ], [ 77.2672268, 9.1536658, 0.0 ], [ 77.2671898, 9.1542215, 0.0 ], [ 77.266684, 9.1555169, 0.0 ], [ 77.2665013, 9.1560655, 0.0 ], [ 77.2663251, 9.1563564, 0.0 ], [ 77.2659313, 9.1568177, 0.0 ], [ 77.2655537, 9.1572709, 0.0 ], [ 77.2656436, 9.1580392, 0.0 ], [ 77.2660136, 9.1589385, 0.0 ], [ 77.266082, 9.1595177, 0.0 ], [ 77.2659741, 9.1603637, 0.0 ], [ 77.2657836, 9.1609687, 0.0 ], [ 77.265417, 9.1625288, 0.0 ], [ 77.2653233, 9.1630688, 0.0 ], [ 77.2654073, 9.1635433, 0.0 ], [ 77.265833, 9.1649454, 0.0 ], [ 77.2659521, 9.1658463, 0.0 ], [ 77.2660794, 9.1667794, 0.0 ], [ 77.2663002, 9.1677724, 0.0 ], [ 77.2665453, 9.1681251, 0.0 ], [ 77.2669129, 9.168638, 0.0 ], [ 77.2671174, 9.1689668, 0.0 ], [ 77.2671053, 9.169619, 0.0 ], [ 77.2669715, 9.1702236, 0.0 ], [ 77.2670093, 9.1717249, 0.0 ], [ 77.2670576, 9.1729563, 0.0 ], [ 77.2671028, 9.1736967, 0.0 ], [ 77.2671433, 9.1743204, 0.0 ], [ 77.2670008, 9.1748365, 0.0 ], [ 77.2665988, 9.1752657, 0.0 ], [ 77.2661002, 9.1758002, 0.0 ], [ 77.2659596, 9.1766062, 0.0 ], [ 77.2657985, 9.1773599, 0.0 ], [ 77.2657719, 9.1782618, 0.0 ], [ 77.2656574, 9.1793654, 0.0 ], [ 77.265397, 9.1804217, 0.0 ], [ 77.2651594, 9.1812605, 0.0 ], [ 77.2643891, 9.182968, 0.0 ], [ 77.2640783, 9.1837348, 0.0 ], [ 77.2638783, 9.1841064, 0.0 ], [ 77.2631211, 9.1834429, 0.0 ], [ 77.2622491, 9.1831787, 0.0 ], [ 77.2613984, 9.1830632, 0.0 ], [ 77.2609453, 9.1831144, 0.0 ], [ 77.2605903, 9.1833018, 0.0 ], [ 77.260188, 9.1836907, 0.0 ], [ 77.2595913, 9.1840728, 0.0 ], [ 77.2587964, 9.1844763, 0.0 ], [ 77.2581828, 9.1847378, 0.0 ], [ 77.2577873, 9.1849254, 0.0 ], [ 77.2571595, 9.1855009, 0.0 ], [ 77.2566365, 9.1860114, 0.0 ], [ 77.2556888, 9.1865688, 0.0 ], [ 77.2550841, 9.186959, 0.0 ], [ 77.254293, 9.1873342, 0.0 ], [ 77.2534051, 9.1877423, 0.0 ], [ 77.2523502, 9.1879945, 0.0 ], [ 77.2515766, 9.1882805, 0.0 ], [ 77.2514261, 9.1886359, 0.0 ], [ 77.2514882, 9.1890575, 0.0 ], [ 77.2516175, 9.1893774, 0.0 ], [ 77.2527862, 9.1910032, 0.0 ], [ 77.2532138, 9.1915238, 0.0 ], [ 77.2540437, 9.1925651, 0.0 ], [ 77.2554079, 9.194215, 0.0 ], [ 77.2558454, 9.194955, 0.0 ], [ 77.2564121, 9.195981, 0.0 ], [ 77.256457, 9.196369, 0.0 ], [ 77.2563654, 9.1966565, 0.0 ], [ 77.2556785, 9.1974246, 0.0 ], [ 77.2555118, 9.1979066, 0.0 ], [ 77.2556928, 9.1983444, 0.0 ], [ 77.2561058, 9.1992195, 0.0 ], [ 77.2565627, 9.1989972, 0.0 ], [ 77.257342, 9.1987645, 0.0 ], [ 77.2578845, 9.1986514, 0.0 ], [ 77.2586729, 9.1985029, 0.0 ], [ 77.2601783, 9.1983458, 0.0 ], [ 77.2612148, 9.1984996, 0.0 ], [ 77.2621643, 9.1983418, 0.0 ], [ 77.2631398, 9.1982597, 0.0 ], [ 77.2639044, 9.198373, 0.0 ], [ 77.26443, 9.1989478, 0.0 ], [ 77.2651477, 9.1997029, 0.0 ], [ 77.2663577, 9.2004464, 0.0 ], [ 77.2678735, 9.2005845, 0.0 ], [ 77.2691966, 9.2004412, 0.0 ], [ 77.2700878, 9.2004524, 0.0 ], [ 77.2703434, 9.2006027, 0.0 ], [ 77.2705507, 9.2011753, 0.0 ], [ 77.2706064, 9.2019261, 0.0 ], [ 77.2706539, 9.2033901, 0.0 ], [ 77.270616, 9.2040992, 0.0 ], [ 77.2703154, 9.2048691, 0.0 ], [ 77.2703843, 9.205029, 0.0 ], [ 77.2706832, 9.2053225, 0.0 ], [ 77.2713379, 9.2061666, 0.0 ], [ 77.2718859, 9.2069227, 0.0 ], [ 77.2724337, 9.207645, 0.0 ], [ 77.2733563, 9.208576, 0.0 ], [ 77.2747937, 9.2097104, 0.0 ], [ 77.2750857, 9.2102487, 0.0 ], [ 77.2753382, 9.2112514, 0.0 ], [ 77.2755023, 9.2116892, 0.0 ], [ 77.276256, 9.2120937, 0.0 ], [ 77.2774835, 9.212913, 0.0 ], [ 77.2782285, 9.2139548, 0.0 ], [ 77.2793406, 9.2153065, 0.0 ], [ 77.2798745, 9.2158559, 0.0 ], [ 77.2803947, 9.2162324, 0.0 ], [ 77.2815251, 9.21647, 0.0 ], [ 77.2817124, 9.2165701, 0.0 ], [ 77.2817754, 9.2171182, 0.0 ], [ 77.2819011, 9.2181977, 0.0 ], [ 77.2817408, 9.2203297, 0.0 ], [ 77.2816584, 9.2207184, 0.0 ], [ 77.2812781, 9.220974, 0.0 ], [ 77.2807869, 9.2211375, 0.0 ], [ 77.280347, 9.2213597, 0.0 ], [ 77.2798228, 9.2216837, 0.0 ], [ 77.2794108, 9.2222855, 0.0 ], [ 77.2789987, 9.2235455, 0.0 ], [ 77.2783871, 9.2251128, 0.0 ], [ 77.2781741, 9.2256458, 0.0 ], [ 77.2772911, 9.2272697, 0.0 ], [ 77.2768833, 9.2278588, 0.0 ], [ 77.275751, 9.2289779, 0.0 ], [ 77.2755499, 9.2293969, 0.0 ], [ 77.2753459, 9.2300059, 0.0 ], [ 77.2754609, 9.2305948, 0.0 ], [ 77.2752732, 9.2310981, 0.0 ], [ 77.2749929, 9.2317371, 0.0 ], [ 77.2749213, 9.2324717, 0.0 ], [ 77.2748046, 9.2331539, 0.0 ], [ 77.2742257, 9.2351935, 0.0 ], [ 77.2741067, 9.235823, 0.0 ], [ 77.274509, 9.2360165, 0.0 ], [ 77.2752328, 9.236379, 0.0 ], [ 77.2769299, 9.2372986, 0.0 ], [ 77.2775437, 9.2377251, 0.0 ], [ 77.2783376, 9.2384332, 0.0 ], [ 77.2787704, 9.2394072, 0.0 ], [ 77.2791335, 9.2407699, 0.0 ], [ 77.2794512, 9.242, 0.0 ], [ 77.2795443, 9.2429551, 0.0 ], [ 77.27955, 9.2438327, 0.0 ], [ 77.2794518, 9.2440803, 0.0 ], [ 77.2789845, 9.2446571, 0.0 ], [ 77.2786483, 9.245174, 0.0 ], [ 77.2782487, 9.2460691, 0.0 ], [ 77.2777858, 9.2466796, 0.0 ], [ 77.2774024, 9.2471251, 0.0 ], [ 77.2774525, 9.2473211, 0.0 ], [ 77.2778986, 9.2480483, 0.0 ], [ 77.2783552, 9.2487859, 0.0 ], [ 77.2783295, 9.249419, 0.0 ], [ 77.2789257, 9.2499812, 0.0 ], [ 77.2789537, 9.2500022, 0.0 ], [ 77.27902, 9.2514712, 0.0 ], [ 77.2790653, 9.2518884, 0.0 ], [ 77.281099, 9.2535752, 0.0 ], [ 77.2819223, 9.2546198, 0.0 ], [ 77.2825407, 9.2559987, 0.0 ], [ 77.2826997, 9.2569934, 0.0 ], [ 77.2826128, 9.2585394, 0.0 ], [ 77.2822348, 9.2595474, 0.0 ], [ 77.2816474, 9.2611341, 0.0 ], [ 77.2815013, 9.2624134, 0.0 ], [ 77.2816786, 9.2633176, 0.0 ], [ 77.2824653, 9.2652708, 0.0 ], [ 77.2835204, 9.2672783, 0.0 ], [ 77.2829876, 9.2687112, 0.0 ], [ 77.2820949, 9.2713918, 0.0 ], [ 77.2817533, 9.2723184, 0.0 ], [ 77.2820081, 9.2728067, 0.0 ], [ 77.2831547, 9.2734083, 0.0 ], [ 77.2847246, 9.2737478, 0.0 ], [ 77.2876006, 9.273961, 0.0 ], [ 77.2885288, 9.2741737, 0.0 ], [ 77.2876909, 9.2765152, 0.0 ], [ 77.2876495, 9.2779212, 0.0 ], [ 77.2880448, 9.2802314, 0.0 ], [ 77.2878807, 9.2813479, 0.0 ], [ 77.2873843, 9.2824147, 0.0 ], [ 77.2869337, 9.2830158, 0.0 ], [ 77.2858866, 9.2841593, 0.0 ], [ 77.2853675, 9.2853481, 0.0 ], [ 77.2851897, 9.2863743, 0.0 ], [ 77.2856354, 9.2873509, 0.0 ], [ 77.2856899, 9.2879386, 0.0 ], [ 77.284775, 9.2885758, 0.0 ], [ 77.2836322, 9.2904109, 0.0 ], [ 77.2832224, 9.2913149, 0.0 ], [ 77.2832039, 9.2924315, 0.0 ], [ 77.2838633, 9.2939236, 0.0 ], [ 77.2827384, 9.2965769, 0.0 ], [ 77.2822009, 9.2985433, 0.0 ], [ 77.2826147, 9.2994701, 0.0 ], [ 77.2829873, 9.3013327, 0.0 ], [ 77.2843119, 9.3008178, 0.0 ], [ 77.2848125, 9.3007456, 0.0 ], [ 77.2855634, 9.3008679, 0.0 ], [ 77.2866191, 9.3015598, 0.0 ], [ 77.287156, 9.3017362, 0.0 ], [ 77.2881027, 9.3015602, 0.0 ], [ 77.2884941, 9.3016507, 0.0 ], [ 77.2888536, 9.3018813, 0.0 ], [ 77.2892082, 9.3031744, 0.0 ], [ 77.2894402, 9.3036717, 0.0 ], [ 77.2897632, 9.304029, 0.0 ], [ 77.2916747, 9.3040475, 0.0 ], [ 77.2927988, 9.3042603, 0.0 ], [ 77.2936815, 9.3047624, 0.0 ], [ 77.2943049, 9.3055265, 0.0 ], [ 77.2952876, 9.3068242, 0.0 ], [ 77.2960564, 9.3082258, 0.0 ], [ 77.2972897, 9.3083165, 0.0 ], [ 77.2975036, 9.3086602, 0.0 ], [ 77.2977718, 9.3096186, 0.0 ], [ 77.2983042, 9.3100618, 0.0 ], [ 77.2995374, 9.310912, 0.0 ], [ 77.2993777, 9.3126524, 0.0 ], [ 77.299482, 9.3141804, 0.0 ], [ 77.2997822, 9.3147004, 0.0 ], [ 77.3006376, 9.3160297, 0.0 ], [ 77.302048, 9.3179287, 0.0 ], [ 77.3023346, 9.3185345, 0.0 ], [ 77.3025164, 9.3195337, 0.0 ], [ 77.3021384, 9.3205462, 0.0 ], [ 77.301906, 9.3217893, 0.0 ], [ 77.3020514, 9.3229286, 0.0 ], [ 77.3018008, 9.3242396, 0.0 ], [ 77.3010859, 9.3253922, 0.0 ], [ 77.2996565, 9.326617, 0.0 ], [ 77.2979949, 9.3278417, 0.0 ], [ 77.2971891, 9.3287999, 0.0 ], [ 77.2970296, 9.3295141, 0.0 ], [ 77.2974392, 9.3299211, 0.0 ], [ 77.2986361, 9.330274, 0.0 ], [ 77.2995829, 9.3299397, 0.0 ], [ 77.3005297, 9.3296913, 0.0 ], [ 77.3009938, 9.3301163, 0.0 ], [ 77.3009937, 9.3306859, 0.0 ], [ 77.3002605, 9.3320691, 0.0 ], [ 77.3004013, 9.333335, 0.0 ], [ 77.299973, 9.3350753, 0.0 ], [ 77.2999727, 9.336653, 0.0 ], [ 77.3014518, 9.3373993, 0.0 ], [ 77.3022756, 9.3375261, 0.0 ], [ 77.3031405, 9.3369521, 0.0 ], [ 77.3044602, 9.3378069, 0.0 ], [ 77.305803, 9.3377891, 0.0 ], [ 77.3091258, 9.3370619, 0.0 ], [ 77.3100179, 9.3366371, 0.0 ], [ 77.3101091, 9.3361896, 0.0 ], [ 77.3108238, 9.3354303, 0.0 ], [ 77.3126354, 9.3351097, 0.0 ], [ 77.3156167, 9.3348616, 0.0 ], [ 77.3172051, 9.3351106, 0.0 ], [ 77.318402, 9.3357844, 0.0 ], [ 77.3200995, 9.3375252, 0.0 ], [ 77.3207503, 9.3375931, 0.0 ], [ 77.3241095, 9.3370422, 0.0 ], [ 77.3252883, 9.3371147, 0.0 ], [ 77.3251557, 9.3405142, 0.0 ], [ 77.3250506, 9.3434798, 0.0 ], [ 77.3253735, 9.3448994, 0.0 ], [ 77.3260332, 9.3465496, 0.0 ], [ 77.3267614, 9.3475985, 0.0 ], [ 77.3290277, 9.349606, 0.0 ], [ 77.3302701, 9.3514417, 0.0 ], [ 77.3317718, 9.3540368, 0.0 ], [ 77.3333282, 9.3563245, 0.0 ], [ 77.3343429, 9.3582821, 0.0 ], [ 77.3357854, 9.3610399, 0.0 ], [ 77.3358218, 9.3621611, 0.0 ], [ 77.3354439, 9.3626583, 0.0 ], [ 77.3354256, 9.3631737, 0.0 ], [ 77.3357304, 9.3639196, 0.0 ], [ 77.3366954, 9.3641865, 0.0 ], [ 77.3373235, 9.3649822, 0.0 ], [ 77.3374097, 9.3668492, 0.0 ], [ 77.3378193, 9.3676811, 0.0 ], [ 77.3377691, 9.3684993, 0.0 ], [ 77.3370542, 9.3704703, 0.0 ], [ 77.3360889, 9.3722287, 0.0 ], [ 77.3366302, 9.3751265, 0.0 ], [ 77.3366436, 9.3769212, 0.0 ], [ 77.3364296, 9.37731, 0.0 ], [ 77.3345722, 9.3782139, 0.0 ], [ 77.3343582, 9.3791361, 0.0 ], [ 77.3345536, 9.3812157, 0.0 ], [ 77.3351408, 9.3817853, 0.0 ], [ 77.3354637, 9.3835439, 0.0 ], [ 77.3360051, 9.3862384, 0.0 ], [ 77.3365967, 9.3873234, 0.0 ], [ 77.3389729, 9.3872333, 0.0 ], [ 77.3394874, 9.3874097, 0.0 ], [ 77.341399, 9.3898059, 0.0 ], [ 77.3404883, 9.3914784, 0.0 ], [ 77.3398281, 9.3925091, 0.0 ], [ 77.3397734, 9.3937478, 0.0 ], [ 77.3404514, 9.3949729, 0.0 ], [ 77.3420945, 9.3978348, 0.0 ], [ 77.3435965, 9.4008366, 0.0 ], [ 77.3436646, 9.402437, 0.0 ], [ 77.3423851, 9.4040372, 0.0 ], [ 77.3399038, 9.4064871, 0.0 ], [ 77.3382965, 9.408259, 0.0 ], [ 77.336853, 9.4105191, 0.0 ], [ 77.3363885, 9.4119025, 0.0 ], [ 77.336493, 9.4133581, 0.0 ], [ 77.3372986, 9.4149857, 0.0 ], [ 77.3381359, 9.4175038, 0.0 ], [ 77.3388504, 9.4192263, 0.0 ], [ 77.3393739, 9.420135, 0.0 ], [ 77.3397107, 9.4207182, 0.0 ], [ 77.3407396, 9.4213784, 0.0 ], [ 77.3439034, 9.4232231, 0.0 ], [ 77.3445999, 9.4244167, 0.0 ], [ 77.3453963, 9.4266591, 0.0 ], [ 77.3455189, 9.429254, 0.0 ], [ 77.346443, 9.4311392, 0.0 ], [ 77.3471758, 9.4327215, 0.0 ], [ 77.3485688, 9.4345119, 0.0 ], [ 77.3485686, 9.4364377, 0.0 ], [ 77.3486594, 9.43901, 0.0 ], [ 77.3489051, 9.4403075, 0.0 ], [ 77.3494059, 9.4411754, 0.0 ], [ 77.350849, 9.4426629, 0.0 ], [ 77.3524924, 9.4445798, 0.0 ], [ 77.3541495, 9.445796, 0.0 ], [ 77.356385, 9.4475683, 0.0 ], [ 77.35674, 9.4483143, 0.0 ], [ 77.3574183, 9.4501136, 0.0 ], [ 77.3580419, 9.4521389, 0.0 ], [ 77.3587065, 9.4535584, 0.0 ], [ 77.3602954, 9.4554391, 0.0 ], [ 77.3619982, 9.457243, 0.0 ], [ 77.3660002, 9.4600822, 0.0 ], [ 77.3710315, 9.4576413, 0.0 ], [ 77.3728892, 9.4566287, 0.0 ], [ 77.3736952, 9.4543412, 0.0 ], [ 77.3742279, 9.4534868, 0.0 ], [ 77.3771965, 9.4527772, 0.0 ], [ 77.3781801, 9.4533513, 0.0 ], [ 77.3798965, 9.4545222, 0.0 ], [ 77.3809346, 9.4550557, 0.0 ], [ 77.3815948, 9.4551958, 0.0 ], [ 77.3833113, 9.4543956, 0.0 ], [ 77.3845225, 9.4548477, 0.0 ], [ 77.3863255, 9.4554353, 0.0 ], [ 77.3869674, 9.4556479, 0.0 ], [ 77.3886294, 9.4569905, 0.0 ], [ 77.3906282, 9.4582834, 0.0 ], [ 77.3926134, 9.4593502, 0.0 ], [ 77.3916663, 9.4606612, 0.0 ], [ 77.3913978, 9.4618185, 0.0 ], [ 77.3916846, 9.4621756, 0.0 ], [ 77.3925225, 9.4639342, 0.0 ], [ 77.3924724, 9.4650824, 0.0 ], [ 77.3920262, 9.4666421, 0.0 ], [ 77.3914708, 9.4686854, 0.0 ], [ 77.39311, 9.4694223, 0.0 ], [ 77.3957873, 9.4705795, 0.0 ], [ 77.3971306, 9.4713389, 0.0 ], [ 77.3982325, 9.4724917, 0.0 ], [ 77.3988929, 9.4741417, 0.0 ], [ 77.39984, 9.4754707, 0.0 ], [ 77.4008554, 9.4763341, 0.0 ], [ 77.401716, 9.4768991, 0.0 ], [ 77.4019848, 9.4786486, 0.0 ], [ 77.4005004, 9.4795032, 0.0 ], [ 77.3994486, 9.4798739, 0.0 ], [ 77.3992164, 9.4800864, 0.0 ], [ 77.3986245, 9.4816325, 0.0 ], [ 77.3988385, 9.4823693, 0.0 ], [ 77.3996082, 9.4845709, 0.0 ], [ 77.3992531, 9.4855383, 0.0 ], [ 77.3985929, 9.4875229, 0.0 ], [ 77.3985383, 9.4887661, 0.0 ], [ 77.3983426, 9.4922696, 0.0 ], [ 77.3988983, 9.4938337, 0.0 ], [ 77.3988983, 9.4954657, 0.0 ], [ 77.3993082, 9.4965688, 0.0 ], [ 77.4008429, 9.4992314, 0.0 ], [ 77.4014393, 9.5000015, 0.0 ], [ 77.402976, 9.501476, 0.0 ], [ 77.40419, 9.5023733, 0.0 ], [ 77.4053012, 9.5032729, 0.0 ], [ 77.4062666, 9.5040684, 0.0 ], [ 77.4072321, 9.5048685, 0.0 ], [ 77.407733, 9.5052437, 0.0 ], [ 77.4090036, 9.5054561, 0.0 ], [ 77.4097139, 9.50556, 0.0 ], [ 77.4109481, 9.5066088, 0.0 ], [ 77.4117191, 9.5076474, 0.0 ], [ 77.4119682, 9.507983, 0.0 ], [ 77.4123964, 9.5089774, 0.0 ], [ 77.4122735, 9.5094024, 0.0 ], [ 77.4119594, 9.5104874, 0.0 ], [ 77.4116452, 9.5115679, 0.0 ], [ 77.4114676, 9.5117984, 0.0 ], [ 77.4105023, 9.5121466, 0.0 ], [ 77.4095369, 9.5124948, 0.0 ], [ 77.4093502, 9.5128247, 0.0 ], [ 77.408312, 9.5147597, 0.0 ], [ 77.4080297, 9.5149541, 0.0 ], [ 77.4069641, 9.5150355, 0.0 ], [ 77.4058985, 9.515117, 0.0 ], [ 77.4049149, 9.5153295, 0.0 ], [ 77.4041818, 9.5162879, 0.0 ], [ 77.4034122, 9.5169796, 0.0 ], [ 77.4027564, 9.5173595, 0.0 ], [ 77.4006845, 9.5177348, 0.0 ], [ 77.4004158, 9.5178568, 0.0 ], [ 77.4013084, 9.5195023, 0.0 ], [ 77.4015589, 9.5200176, 0.0 ], [ 77.4021829, 9.5206415, 0.0 ], [ 77.403203, 9.5217581, 0.0 ], [ 77.4033123, 9.5230012, 0.0 ], [ 77.4031848, 9.5235979, 0.0 ], [ 77.40247, 9.5250537, 0.0 ], [ 77.4018097, 9.5262607, 0.0 ], [ 77.4005073, 9.5273638, 0.0 ], [ 77.4000064, 9.5270609, 0.0 ], [ 77.3979523, 9.5247012, 0.0 ], [ 77.3973057, 9.5240593, 0.0 ], [ 77.3959531, 9.5233044, 0.0 ], [ 77.3919, 9.5211799, 0.0 ], [ 77.389286, 9.5200271, 0.0 ], [ 77.3869681, 9.5194078, 0.0 ], [ 77.3858934, 9.519123, 0.0 ], [ 77.3851784, 9.5192315, 0.0 ], [ 77.3848733, 9.5195163, 0.0 ], [ 77.3838805, 9.5207459, 0.0 ], [ 77.3805242, 9.5250948, 0.0 ], [ 77.3801325, 9.5253615, 0.0 ], [ 77.3769265, 9.5248281, 0.0 ], [ 77.3764984, 9.5250585, 0.0 ], [ 77.3754237, 9.5261616, 0.0 ], [ 77.3751413, 9.5263153, 0.0 ], [ 77.3737478, 9.5265096, 0.0 ], [ 77.3733379, 9.5268487, 0.0 ], [ 77.3731375, 9.5283586, 0.0 ], [ 77.3729598, 9.5298866, 0.0 ], [ 77.3719989, 9.5312246, 0.0 ], [ 77.3696716, 9.5332499, 0.0 ], [ 77.3692618, 9.533729, 0.0 ], [ 77.3687425, 9.5347778, 0.0 ], [ 77.3686059, 9.5348773, 0.0 ], [ 77.3656184, 9.5349991, 0.0 ], [ 77.3655637, 9.5350895, 0.0 ], [ 77.3654771, 9.5357812, 0.0 ], [ 77.3651354, 9.5386609, 0.0 ], [ 77.3651354, 9.5396237, 0.0 ], [ 77.3653675, 9.541527, 0.0 ], [ 77.3652764, 9.5421102, 0.0 ], [ 77.3645977, 9.5436561, 0.0 ], [ 77.3645294, 9.5440901, 0.0 ], [ 77.3646158, 9.5467031, 0.0 ], [ 77.3650484, 9.5486922, 0.0 ], [ 77.3653716, 9.5497094, 0.0 ], [ 77.3657997, 9.5509164, 0.0 ], [ 77.3656722, 9.5514499, 0.0 ], [ 77.3650845, 9.5527292, 0.0 ], [ 77.3641326, 9.5544153, 0.0 ], [ 77.3632854, 9.5556494, 0.0 ], [ 77.3615319, 9.5577785, 0.0 ], [ 77.3612631, 9.5579367, 0.0 ], [ 77.3596599, 9.558027, 0.0 ], [ 77.3570639, 9.5579726, 0.0 ], [ 77.35603, 9.5581308, 0.0 ], [ 77.3539349, 9.5590573, 0.0 ], [ 77.3529055, 9.5595817, 0.0 ], [ 77.3523498, 9.5608428, 0.0 ], [ 77.3523178, 9.561747, 0.0 ], [ 77.3524407, 9.5627958, 0.0 ], [ 77.3522129, 9.563388, 0.0 ], [ 77.3504409, 9.5665161, 0.0 ], [ 77.3502632, 9.5670811, 0.0 ], [ 77.3503497, 9.5673298, 0.0 ], [ 77.3511558, 9.5686816, 0.0 ], [ 77.3517067, 9.5698977, 0.0 ], [ 77.3523351, 9.5715659, 0.0 ], [ 77.3529727, 9.5728588, 0.0 ], [ 77.3537241, 9.5735867, 0.0 ], [ 77.3544027, 9.5739077, 0.0 ], [ 77.3558465, 9.5739938, 0.0 ], [ 77.3581375, 9.573908, 0.0 ], [ 77.3581558, 9.5740482, 0.0 ], [ 77.3582787, 9.5749026, 0.0 ], [ 77.3585473, 9.5756576, 0.0 ], [ 77.3590665, 9.5762272, 0.0 ], [ 77.3597452, 9.5770048, 0.0 ], [ 77.3598908, 9.57738, 0.0 ], [ 77.3599955, 9.5785147, 0.0 ], [ 77.3596903, 9.579464, 0.0 ], [ 77.3588839, 9.582416, 0.0 ], [ 77.3582962, 9.5839258, 0.0 ], [ 77.3576175, 9.5848661, 0.0 ], [ 77.3565652, 9.5856888, 0.0 ], [ 77.3550074, 9.5865566, 0.0 ], [ 77.354971, 9.5866832, 0.0 ], [ 77.3552944, 9.58709, 0.0 ], [ 77.3559729, 9.588157, 0.0 ], [ 77.3564374, 9.5897619, 0.0 ], [ 77.3569929, 9.5917871, 0.0 ], [ 77.3572251, 9.5935457, 0.0 ], [ 77.3574755, 9.5944317, 0.0 ], [ 77.3585822, 9.5961, 0.0 ], [ 77.3600671, 9.5974653, 0.0 ], [ 77.3608506, 9.597836, 0.0 ], [ 77.3611193, 9.597818, 0.0 ], [ 77.3612287, 9.5975332, 0.0 ], [ 77.3615157, 9.5963081, 0.0 ], [ 77.3618345, 9.5959736, 0.0 ], [ 77.3623902, 9.5955622, 0.0 ], [ 77.3631236, 9.595386, 0.0 ], [ 77.3646085, 9.5952957, 0.0 ], [ 77.3657153, 9.5955806, 0.0 ], [ 77.3661436, 9.5959558, 0.0 ], [ 77.3658428, 9.5976103, 0.0 ], [ 77.3658062, 9.599744, 0.0 ], [ 77.364089, 9.599866, 0.0 ], [ 77.3627726, 9.6002005, 0.0 ], [ 77.3621986, 9.6005395, 0.0 ], [ 77.3617158, 9.6009463, 0.0 ], [ 77.3612693, 9.6021216, 0.0 ], [ 77.3611281, 9.6022617, 0.0 ], [ 77.3605359, 9.6023522, 0.0 ], [ 77.3591056, 9.6027589, 0.0 ], [ 77.3576115, 9.6032561, 0.0 ], [ 77.3545869, 9.6040696, 0.0 ], [ 77.352533, 9.6002811, 0.0 ], [ 77.350602, 9.5968452, 0.0 ], [ 77.349386, 9.5950685, 0.0 ], [ 77.3489396, 9.594214, 0.0 ], [ 77.3485116, 9.5926951, 0.0 ], [ 77.3479379, 9.5906878, 0.0 ], [ 77.3472775, 9.5898921, 0.0 ], [ 77.3460296, 9.5888793, 0.0 ], [ 77.3454786, 9.5879616, 0.0 ], [ 77.3449231, 9.5864878, 0.0 ], [ 77.344495, 9.5854932, 0.0 ], [ 77.3436343, 9.5835221, 0.0 ], [ 77.3429103, 9.582306, 0.0 ], [ 77.3422273, 9.5810084, 0.0 ], [ 77.3419404, 9.5799415, 0.0 ], [ 77.3419588, 9.5786035, 0.0 ], [ 77.342123, 9.5770393, 0.0 ], [ 77.3419044, 9.5764561, 0.0 ], [ 77.3410847, 9.5752309, 0.0 ], [ 77.3399371, 9.5737073, 0.0 ], [ 77.3394908, 9.5733139, 0.0 ], [ 77.3379511, 9.5753209, 0.0 ], [ 77.3373498, 9.5759221, 0.0 ], [ 77.3364707, 9.5765232, 0.0 ], [ 77.3359742, 9.5767537, 0.0 ], [ 77.3351498, 9.5766135, 0.0 ], [ 77.3345941, 9.5766676, 0.0 ], [ 77.3343071, 9.5768981, 0.0 ], [ 77.3339746, 9.5773185, 0.0 ], [ 77.3332229, 9.578331, 0.0 ], [ 77.3325077, 9.5788101, 0.0 ], [ 77.331615, 9.5790225, 0.0 ], [ 77.3300936, 9.5792031, 0.0 ], [ 77.3270784, 9.5797134, 0.0 ], [ 77.3264545, 9.5798299, 0.0 ], [ 77.3253612, 9.580034, 0.0 ], [ 77.3250604, 9.5808432, 0.0 ], [ 77.3248826, 9.5816208, 0.0 ], [ 77.3253106, 9.5822266, 0.0 ], [ 77.3256476, 9.5829364, 0.0 ], [ 77.3256156, 9.5834518, 0.0 ], [ 77.3253104, 9.5839309, 0.0 ], [ 77.3240759, 9.5847669, 0.0 ], [ 77.3238253, 9.5851557, 0.0 ], [ 77.32393, 9.5854496, 0.0 ], [ 77.3254875, 9.587136, 0.0 ], [ 77.3259155, 9.58776, 0.0 ], [ 77.3261841, 9.588628, 0.0 ], [ 77.3260929, 9.5891704, 0.0 ], [ 77.3257193, 9.590079, 0.0 ], [ 77.3248399, 9.5914622, 0.0 ], [ 77.3245529, 9.592077, 0.0 ], [ 77.3244297, 9.592859, 0.0 ], [ 77.3245345, 9.5933382, 0.0 ], [ 77.3250035, 9.5940119, 0.0 ], [ 77.325468, 9.5945634, 0.0 ], [ 77.3257867, 9.5952552, 0.0 ], [ 77.3262193, 9.595965, 0.0 ], [ 77.3272531, 9.596702, 0.0 ], [ 77.3295213, 9.5980857, 0.0 ], [ 77.3298993, 9.5986915, 0.0 ], [ 77.3298993, 9.5989945, 0.0 ], [ 77.3294346, 9.5993108, 0.0 ], [ 77.3284688, 9.6000928, 0.0 ], [ 77.3281499, 9.6001514, 0.0 ], [ 77.3260004, 9.5981123, 0.0 ], [ 77.3250028, 9.5976827, 0.0 ], [ 77.3244471, 9.5977188, 0.0 ], [ 77.3224064, 9.5982879, 0.0 ], [ 77.3216411, 9.5987444, 0.0 ], [ 77.3196229, 9.6005749, 0.0 ], [ 77.3187162, 9.601601, 0.0 ], [ 77.3180602, 9.6022654, 0.0 ], [ 77.3178187, 9.6025049, 0.0 ], [ 77.3169808, 9.601795, 0.0 ], [ 77.3153685, 9.6007098, 0.0 ], [ 77.3145304, 9.6004971, 0.0 ], [ 77.3133507, 9.600524, 0.0 ], [ 77.3121663, 9.6005509, 0.0 ], [ 77.3112326, 9.6004964, 0.0 ], [ 77.3106176, 9.6003245, 0.0 ], [ 77.3078347, 9.5993474, 0.0 ], [ 77.3038083, 9.5987408, 0.0 ], [ 77.3031752, 9.5982343, 0.0 ], [ 77.3020095, 9.5971762, 0.0 ], [ 77.3004156, 9.5957338, 0.0 ], [ 77.2999875, 9.595268, 0.0 ], [ 77.2998465, 9.5944181, 0.0 ], [ 77.2995233, 9.593654, 0.0 ], [ 77.2990997, 9.5933374, 0.0 ], [ 77.2975787, 9.5923064, 0.0 ], [ 77.2966496, 9.5916914, 0.0 ], [ 77.2957754, 9.5905202, 0.0 ], [ 77.2945596, 9.5892407, 0.0 ], [ 77.2940085, 9.588924, 0.0 ], [ 77.2904102, 9.5887785, 0.0 ], [ 77.2900686, 9.5886879, 0.0 ], [ 77.2903376, 9.5875714, 0.0 ], [ 77.2904838, 9.5859486, 0.0 ], [ 77.2903384, 9.5847731, 0.0 ], [ 77.2896098, 9.5842801, 0.0 ], [ 77.2854974, 9.5820955, 0.0 ], [ 77.2850557, 9.5818423, 0.0 ], [ 77.281672, 9.5801189, 0.0 ], [ 77.2804788, 9.5795806, 0.0 ], [ 77.2802102, 9.579264, 0.0 ], [ 77.278225, 9.5770438, 0.0 ], [ 77.2769273, 9.5757461, 0.0 ], [ 77.2723541, 9.5764724, 0.0 ], [ 77.2720125, 9.5764542, 0.0 ], [ 77.271621, 9.5759387, 0.0 ], [ 77.2701234, 9.5733886, 0.0 ], [ 77.2697137, 9.5727691, 0.0 ], [ 77.2694268, 9.5728053, 0.0 ], [ 77.2679145, 9.5732115, 0.0 ], [ 77.2659831, 9.5736901, 0.0 ], [ 77.2638515, 9.5737436, 0.0 ], [ 77.2636966, 9.5738611, 0.0 ], [ 77.262407, 9.5756553, 0.0 ], [ 77.2614455, 9.5768259, 0.0 ], [ 77.2601246, 9.5769836, 0.0 ], [ 77.2591546, 9.5768069, 0.0 ], [ 77.2583348, 9.5764857, 0.0 ], [ 77.2578013, 9.5781672, 0.0 ], [ 77.2573001, 9.5787366, 0.0 ], [ 77.2561929, 9.5797307, 0.0 ], [ 77.2551085, 9.5807656, 0.0 ], [ 77.2536047, 9.5825914, 0.0 ], [ 77.2530671, 9.5829664, 0.0 ], [ 77.25, 9.5832746, 0.0 ], [ 77.2490333, 9.5836994, 0.0 ], [ 77.2486805, 9.5838308, 0.0 ], [ 77.2457454, 9.5846142, 0.0 ], [ 77.2440071, 9.5850768, 0.0 ], [ 77.2434339, 9.5852506, 0.0 ], [ 77.2427733, 9.5852169, 0.0 ], [ 77.2424858, 9.5850596, 0.0 ], [ 77.2421112, 9.5847582, 0.0 ], [ 77.2416864, 9.5844117, 0.0 ], [ 77.2386766, 9.5821355, 0.0 ], [ 77.2377995, 9.5814334, 0.0 ], [ 77.2371286, 9.5810607, 0.0 ], [ 77.236723, 9.5809989, 0.0 ], [ 77.2362677, 9.5810412, 0.0 ], [ 77.2355532, 9.5812109, 0.0 ], [ 77.234839, 9.5814665, 0.0 ], [ 77.2343018, 9.5815453, 0.0 ], [ 77.2341661, 9.5818034, 0.0 ], [ 77.2340222, 9.5823237, 0.0 ], [ 77.2339365, 9.5825635, 0.0 ], [ 77.2336723, 9.5825735, 0.0 ], [ 77.2334601, 9.5830714, 0.0 ], [ 77.2331927, 9.583443, 0.0 ], [ 77.2326888, 9.5838967, 0.0 ], [ 77.231358, 9.5849454, 0.0 ], [ 77.2302491, 9.5856635, 0.0 ], [ 77.2291671, 9.5862502, 0.0 ], [ 77.228699, 9.5865322, 0.0 ], [ 77.2281319, 9.5871533, 0.0 ], [ 77.2269748, 9.5883777, 0.0 ], [ 77.2257863, 9.5897694, 0.0 ], [ 77.225533, 9.5902449, 0.0 ], [ 77.2251885, 9.5907297, 0.0 ], [ 77.2248618, 9.5910744, 0.0 ], [ 77.2240524, 9.5914613, 0.0 ], [ 77.2234205, 9.5918161, 0.0 ], [ 77.2229119, 9.5922517, 0.0 ], [ 77.2224947, 9.5927775, 0.0 ], [ 77.2223277, 9.5932075, 0.0 ], [ 77.2221477, 9.5938137, 0.0 ], [ 77.2219821, 9.5946595, 0.0 ], [ 77.2218614, 9.5952926, 0.0 ], [ 77.2219365, 9.595898, 0.0 ], [ 77.2220246, 9.5963723, 0.0 ], [ 77.2221397, 9.5966883, 0.0 ], [ 77.2222139, 9.5970586, 0.0 ], [ 77.2221843, 9.5977141, 0.0 ], [ 77.2219117, 9.5979094, 0.0 ], [ 77.2213762, 9.5984445, 0.0 ], [ 77.2209631, 9.5988483, 0.0 ], [ 77.2202955, 9.5994382, 0.0 ], [ 77.2197406, 9.599657, 0.0 ], [ 77.2192813, 9.5998576, 0.0 ], [ 77.2189545, 9.6002112, 0.0 ], [ 77.218469, 9.6007281, 0.0 ], [ 77.217597, 9.6014362, 0.0 ], [ 77.2171376, 9.6016186, 0.0 ], [ 77.216859, 9.6014252, 0.0 ], [ 77.2165803, 9.6011912, 0.0 ], [ 77.2161286, 9.6009623, 0.0 ], [ 77.2144378, 9.6007105, 0.0 ], [ 77.2141698, 9.6009239, 0.0 ], [ 77.2130486, 9.6020532, 0.0 ], [ 77.2122093, 9.6029962, 0.0 ], [ 77.2116384, 9.603857, 0.0 ], [ 77.2111029, 9.6044328, 0.0 ], [ 77.209843, 9.6049705, 0.0 ], [ 77.2096951, 9.6056445, 0.0 ], [ 77.2096871, 9.6072445, 0.0 ], [ 77.2097356, 9.6080849, 0.0 ], [ 77.210137, 9.6095118, 0.0 ], [ 77.2103078, 9.6101891, 0.0 ], [ 77.2104697, 9.610862, 0.0 ], [ 77.2102421, 9.6122052, 0.0 ], [ 77.2100153, 9.6124862, 0.0 ], [ 77.2093478, 9.6130851, 0.0 ], [ 77.2089573, 9.6134435, 0.0 ], [ 77.2086797, 9.6135304, 0.0 ], [ 77.2083284, 9.6133598, 0.0 ], [ 77.2077627, 9.6130906, 0.0 ], [ 77.2074893, 9.613087, 0.0 ], [ 77.2064338, 9.6134568, 0.0 ], [ 77.2054783, 9.6137946, 0.0 ], [ 77.2043001, 9.6142325, 0.0 ], [ 77.203622, 9.6144246, 0.0 ], [ 77.2028479, 9.6144906, 0.0 ], [ 77.2023102, 9.6144247, 0.0 ], [ 77.2016177, 9.6144225, 0.0 ], [ 77.1995632, 9.614389, 0.0 ], [ 77.1985975, 9.6144059, 0.0 ], [ 77.1982011, 9.6143575, 0.0 ], [ 77.1981456, 9.6141317, 0.0 ], [ 77.1976566, 9.6123707, 0.0 ], [ 77.1973571, 9.6113819, 0.0 ], [ 77.1972602, 9.6110343, 0.0 ], [ 77.1970592, 9.6108451, 0.0 ], [ 77.1966577, 9.6106973, 0.0 ], [ 77.1961835, 9.6105588, 0.0 ], [ 77.1952719, 9.6103767, 0.0 ], [ 77.1948614, 9.610247, 0.0 ], [ 77.1946604, 9.6100578, 0.0 ], [ 77.1941992, 9.6097475, 0.0 ], [ 77.1938976, 9.6094593, 0.0 ], [ 77.1937335, 9.6094283, 0.0 ], [ 77.1934563, 9.6096281, 0.0 ], [ 77.1928149, 9.609906, 0.0 ], [ 77.1925371, 9.6099024, 0.0 ], [ 77.1918897, 9.6097464, 0.0 ], [ 77.191438, 9.6095265, 0.0 ], [ 77.190822, 9.6092212, 0.0 ], [ 77.1903883, 9.608938, 0.0 ], [ 77.1898659, 9.6080584, 0.0 ], [ 77.1894719, 9.6073864, 0.0 ], [ 77.1890873, 9.6068273, 0.0 ], [ 77.1888531, 9.6062856, 0.0 ], [ 77.1886794, 9.606101, 0.0 ], [ 77.1879187, 9.6061306, 0.0 ], [ 77.187163, 9.6062236, 0.0 ], [ 77.1860844, 9.606512, 0.0 ], [ 77.1852433, 9.606985, 0.0 ], [ 77.1827568, 9.6084713, 0.0 ], [ 77.1822019, 9.6087218, 0.0 ], [ 77.1819476, 9.6089577, 0.0 ], [ 77.181862, 9.6092066, 0.0 ], [ 77.1800821, 9.6095561, 0.0 ], [ 77.1790218, 9.609858, 0.0 ], [ 77.178034, 9.6100557, 0.0 ], [ 77.1776613, 9.61031, 0.0 ], [ 77.1770153, 9.6105473, 0.0 ], [ 77.1767557, 9.6105571, 0.0 ], [ 77.1764361, 9.6103504, 0.0 ], [ 77.176003, 9.6102253, 0.0 ], [ 77.1756431, 9.6102129, 0.0 ], [ 77.175274, 9.6102006, 0.0 ], [ 77.174906, 9.6104775, 0.0 ], [ 77.1748258, 9.610984, 0.0 ], [ 77.1740931, 9.6111854, 0.0 ], [ 77.1734782, 9.6112055, 0.0 ], [ 77.1731224, 9.6110801, 0.0 ], [ 77.1726071, 9.6108876, 0.0 ], [ 77.1723739, 9.6106398, 0.0 ], [ 77.1719721, 9.6103744, 0.0 ], [ 77.1715473, 9.6100097, 0.0 ], [ 77.1712595, 9.6098028, 0.0 ], [ 77.1706488, 9.6096738, 0.0 ], [ 77.1703026, 9.6096705, 0.0 ], [ 77.1701117, 9.6098203, 0.0 ], [ 77.1697475, 9.6098802, 0.0 ], [ 77.1693481, 9.6103019, 0.0 ], [ 77.1689895, 9.6106827, 0.0 ], [ 77.1687023, 9.6106249, 0.0 ], [ 77.1683298, 9.6109064, 0.0 ], [ 77.1680987, 9.6112914, 0.0 ], [ 77.1677894, 9.6114054, 0.0 ], [ 77.1672028, 9.6117057, 0.0 ], [ 77.1663398, 9.6124453, 0.0 ], [ 77.165863, 9.6128627, 0.0 ], [ 77.1657299, 9.6139253, 0.0 ], [ 77.1660679, 9.6141818, 0.0 ], [ 77.1671583, 9.6146617, 0.0 ], [ 77.1676145, 9.6148636, 0.0 ], [ 77.1677789, 9.6150167, 0.0 ], [ 77.1678023, 9.6151794, 0.0 ], [ 77.1678993, 9.6155767, 0.0 ], [ 77.1679691, 9.6160375, 0.0 ], [ 77.1681397, 9.6166064, 0.0 ], [ 77.1682749, 9.6175416, 0.0 ], [ 77.1683586, 9.6180249, 0.0 ], [ 77.168388, 9.6186576, 0.0 ], [ 77.1684301, 9.6189331, 0.0 ], [ 77.1687413, 9.6193615, 0.0 ], [ 77.1688744, 9.6196729, 0.0 ], [ 77.1688846, 9.6199983, 0.0 ], [ 77.1687044, 9.620582, 0.0 ], [ 77.1684975, 9.62136, 0.0 ], [ 77.1683257, 9.6217358, 0.0 ], [ 77.1682448, 9.622066, 0.0 ], [ 77.1684369, 9.6222868, 0.0 ], [ 77.1688119, 9.622724, 0.0 ], [ 77.1689723, 9.6229991, 0.0 ], [ 77.168982, 9.6231709, 0.0 ], [ 77.1690561, 9.6235321, 0.0 ], [ 77.1691078, 9.623975, 0.0 ], [ 77.1693911, 9.6242406, 0.0 ], [ 77.1698526, 9.6246549, 0.0 ], [ 77.1703463, 9.625155, 0.0 ], [ 77.1707845, 9.6254382, 0.0 ], [ 77.1711685, 9.6258211, 0.0 ], [ 77.1713697, 9.6260283, 0.0 ], [ 77.1717164, 9.6261718, 0.0 ], [ 77.1725182, 9.6261917, 0.0 ], [ 77.1730242, 9.6262759, 0.0 ], [ 77.173348, 9.6264194, 0.0 ], [ 77.1741043, 9.6264575, 0.0 ], [ 77.1744278, 9.6264654, 0.0 ], [ 77.1746013, 9.6265779, 0.0 ], [ 77.1748166, 9.6269343, 0.0 ], [ 77.1751324, 9.6273625, 0.0 ], [ 77.1752653, 9.62757, 0.0 ], [ 77.1754079, 9.6279853, 0.0 ], [ 77.1755822, 9.6283282, 0.0 ], [ 77.1758112, 9.6286891, 0.0 ], [ 77.1761317, 9.6291806, 0.0 ], [ 77.1762603, 9.6294785, 0.0 ], [ 77.176079, 9.6297277, 0.0 ], [ 77.1757075, 9.63033, 0.0 ], [ 77.1751279, 9.6313353, 0.0 ], [ 77.1745071, 9.6323137, 0.0 ], [ 77.1743079, 9.6326579, 0.0 ], [ 77.1741536, 9.6328664, 0.0 ], [ 77.1741045, 9.6331241, 0.0 ], [ 77.1740974, 9.6337208, 0.0 ], [ 77.1742036, 9.6341543, 0.0 ], [ 77.1742462, 9.6346017, 0.0 ], [ 77.1742568, 9.63504, 0.0 ], [ 77.1742488, 9.635388, 0.0 ], [ 77.1741316, 9.6357229, 0.0 ], [ 77.1741323, 9.6359308, 0.0 ], [ 77.1740742, 9.6362519, 0.0 ], [ 77.174098, 9.6365637, 0.0 ], [ 77.1740128, 9.6369618, 0.0 ], [ 77.174046, 9.6373053, 0.0 ], [ 77.1742563, 9.6375484, 0.0 ], [ 77.1747314, 9.6379446, 0.0 ], [ 77.175371, 9.6384622, 0.0 ], [ 77.1756406, 9.6387189, 0.0 ], [ 77.1759656, 9.6391652, 0.0 ], [ 77.1762132, 9.6396209, 0.0 ], [ 77.1765803, 9.6403836, 0.0 ], [ 77.1769124, 9.6415892, 0.0 ], [ 77.1769825, 9.6420996, 0.0 ], [ 77.1770972, 9.6423342, 0.0 ], [ 77.1774255, 9.6424145, 0.0 ], [ 77.1776991, 9.642513, 0.0 ], [ 77.1778957, 9.6427113, 0.0 ], [ 77.1780696, 9.6429412, 0.0 ], [ 77.1782984, 9.6432296, 0.0 ], [ 77.178482, 9.6436358, 0.0 ], [ 77.1788485, 9.644204, 0.0 ], [ 77.1792698, 9.644858, 0.0 ], [ 77.1793806, 9.645287, 0.0 ], [ 77.1793906, 9.6455581, 0.0 ], [ 77.1794193, 9.6459422, 0.0 ], [ 77.1794209, 9.6463986, 0.0 ], [ 77.1793279, 9.6471628, 0.0 ], [ 77.1791811, 9.6481893, 0.0 ], [ 77.1790966, 9.6487681, 0.0 ], [ 77.1791666, 9.6492786, 0.0 ], [ 77.1792421, 9.6500332, 0.0 ], [ 77.1793529, 9.6504531, 0.0 ], [ 77.1794184, 9.6509365, 0.0 ], [ 77.1794386, 9.6515331, 0.0 ], [ 77.179354, 9.6520937, 0.0 ], [ 77.179334, 9.6528893, 0.0 ], [ 77.179533, 9.6537835, 0.0 ], [ 77.1796045, 9.6547143, 0.0 ], [ 77.1795846, 9.6555415, 0.0 ], [ 77.1797375, 9.6562642, 0.0 ], [ 77.1799856, 9.6568689, 0.0 ], [ 77.1801874, 9.6572795, 0.0 ], [ 77.180586, 9.6579245, 0.0 ], [ 77.1807111, 9.658213, 0.0 ], [ 77.1809945, 9.6587774, 0.0 ], [ 77.1811462, 9.6592063, 0.0 ], [ 77.1815668, 9.6596342, 0.0 ], [ 77.1820051, 9.6598993, 0.0 ], [ 77.1824664, 9.6602097, 0.0 ], [ 77.183238, 9.6606906, 0.0 ], [ 77.183986, 9.6609367, 0.0 ], [ 77.1847198, 9.6610336, 0.0 ], [ 77.1858865, 9.6611561, 0.0 ], [ 77.1869756, 9.6612157, 0.0 ], [ 77.1875094, 9.6614398, 0.0 ], [ 77.1876884, 9.6617963, 0.0 ], [ 77.1874584, 9.6625111, 0.0 ], [ 77.1870825, 9.6631362, 0.0 ], [ 77.1866925, 9.6636618, 0.0 ], [ 77.1863978, 9.6640741, 0.0 ], [ 77.18629, 9.664531, 0.0 ], [ 77.1863466, 9.665046, 0.0 ], [ 77.1864675, 9.6657597, 0.0 ], [ 77.1868159, 9.6664139, 0.0 ], [ 77.1870263, 9.6666482, 0.0 ], [ 77.1878201, 9.6669257, 0.0 ], [ 77.1883268, 9.6672087, 0.0 ], [ 77.188669, 9.6673521, 0.0 ], [ 77.1896179, 9.6677285, 0.0 ], [ 77.1903159, 9.6679883, 0.0 ], [ 77.1915524, 9.6685128, 0.0 ], [ 77.1920223, 9.6687146, 0.0 ], [ 77.1928398, 9.6692768, 0.0 ], [ 77.193521, 9.6699253, 0.0 ], [ 77.1941109, 9.670556, 0.0 ], [ 77.194331, 9.6709574, 0.0 ], [ 77.1945009, 9.6713365, 0.0 ], [ 77.1945883, 9.6716029, 0.0 ], [ 77.1946181, 9.6723079, 0.0 ], [ 77.1945339, 9.6729725, 0.0 ], [ 77.194522, 9.6734742, 0.0 ], [ 77.194546, 9.6738132, 0.0 ], [ 77.1945699, 9.674125, 0.0 ], [ 77.194703, 9.6744092, 0.0 ], [ 77.1951383, 9.6751173, 0.0 ], [ 77.1956524, 9.6761912, 0.0 ], [ 77.1962309, 9.6774729, 0.0 ], [ 77.1966485, 9.6783346, 0.0 ], [ 77.1968414, 9.6787634, 0.0 ], [ 77.1970752, 9.6791648, 0.0 ], [ 77.1974284, 9.6798279, 0.0 ], [ 77.198014, 9.6805491, 0.0 ], [ 77.1984036, 9.681185, 0.0 ], [ 77.1986556, 9.6815999, 0.0 ], [ 77.1990323, 9.6824665, 0.0 ], [ 77.1993627, 9.6831523, 0.0 ], [ 77.199684, 9.6838246, 0.0 ], [ 77.1999224, 9.6842486, 0.0 ], [ 77.2002224, 9.6853323, 0.0 ], [ 77.2005528, 9.686, 0.0 ], [ 77.2007818, 9.6863292, 0.0 ], [ 77.2010058, 9.686559, 0.0 ], [ 77.2012572, 9.686784, 0.0 ], [ 77.2015817, 9.6870767, 0.0 ], [ 77.201861, 9.6874599, 0.0 ], [ 77.2020175, 9.6878932, 0.0 ], [ 77.2022107, 9.6884078, 0.0 ], [ 77.2024456, 9.6891573, 0.0 ], [ 77.2026574, 9.6897441, 0.0 ], [ 77.2029006, 9.6902314, 0.0 ], [ 77.2032391, 9.6906279, 0.0 ], [ 77.2037372, 9.6910556, 0.0 ], [ 77.2039022, 9.6913172, 0.0 ], [ 77.2050416, 9.6927007, 0.0 ], [ 77.2060022, 9.6937549, 0.0 ], [ 77.2066151, 9.6944353, 0.0 ], [ 77.2067162, 9.6946564, 0.0 ], [ 77.2068041, 9.6950448, 0.0 ], [ 77.2068566, 9.695709, 0.0 ], [ 77.2067393, 9.6960439, 0.0 ], [ 77.2064033, 9.6963659, 0.0 ], [ 77.2059167, 9.6966524, 0.0 ], [ 77.2056305, 9.6968794, 0.0 ], [ 77.2054683, 9.6973906, 0.0 ], [ 77.2052106, 9.697952, 0.0 ], [ 77.20505, 9.6989152, 0.0 ], [ 77.2048855, 9.7000819, 0.0 ], [ 77.2047662, 9.7011173, 0.0 ], [ 77.2045765, 9.7015835, 0.0 ], [ 77.2042818, 9.7020229, 0.0 ], [ 77.2035096, 9.702699, 0.0 ], [ 77.2029733, 9.7030715, 0.0 ], [ 77.2021993, 9.7032143, 0.0 ], [ 77.202036, 9.7034318, 0.0 ], [ 77.2019464, 9.7038932, 0.0 ], [ 77.2019891, 9.704345, 0.0 ], [ 77.202173, 9.7047963, 0.0 ], [ 77.2023662, 9.705338, 0.0 ], [ 77.2024686, 9.7059433, 0.0 ], [ 77.2027212, 9.7065119, 0.0 ], [ 77.2029103, 9.7071485, 0.0 ], [ 77.203058, 9.7076587, 0.0 ], [ 77.2032187, 9.7080333, 0.0 ], [ 77.2033715, 9.7087333, 0.0 ], [ 77.2033825, 9.7092349, 0.0 ], [ 77.2035387, 9.7096096, 0.0 ], [ 77.2035924, 9.7106173, 0.0 ], [ 77.2036579, 9.711087, 0.0 ], [ 77.2038777, 9.7113936, 0.0 ], [ 77.2042796, 9.7116498, 0.0 ], [ 77.2046777, 9.7121592, 0.0 ], [ 77.2050855, 9.7127634, 0.0 ], [ 77.2053008, 9.7130925, 0.0 ], [ 77.2053017, 9.7133502, 0.0 ], [ 77.2052667, 9.7137661, 0.0 ], [ 77.2051737, 9.7145167, 0.0 ], [ 77.2050475, 9.7149103, 0.0 ], [ 77.2048465, 9.7160681, 0.0 ], [ 77.204707, 9.7165612, 0.0 ], [ 77.2048715, 9.7166826, 0.0 ], [ 77.2051867, 9.7168985, 0.0 ], [ 77.2056478, 9.7171364, 0.0 ], [ 77.205913, 9.7173841, 0.0 ], [ 77.206105, 9.7175733, 0.0 ], [ 77.2060925, 9.7179259, 0.0 ], [ 77.2061443, 9.7183731, 0.0 ], [ 77.2059152, 9.7192959, 0.0 ], [ 77.2057134, 9.7202141, 0.0 ], [ 77.2053729, 9.7205723, 0.0 ], [ 77.2041227, 9.7213813, 0.0 ], [ 77.2037409, 9.7216537, 0.0 ], [ 77.2034593, 9.7219079, 0.0 ], [ 77.2035557, 9.7221064, 0.0 ], [ 77.2040192, 9.7230267, 0.0 ], [ 77.204308, 9.7235093, 0.0 ], [ 77.204605, 9.7237343, 0.0 ], [ 77.2049609, 9.7238912, 0.0 ], [ 77.2057765, 9.7238658, 0.0 ], [ 77.2065964, 9.7237725, 0.0 ], [ 77.2069975, 9.7238027, 0.0 ], [ 77.2071438, 9.7239423, 0.0 ], [ 77.2072583, 9.7241046, 0.0 ], [ 77.207317, 9.7244765, 0.0 ], [ 77.2075341, 9.724759, 0.0 ], [ 77.207876, 9.7248392, 0.0 ], [ 77.2083992, 9.7245888, 0.0 ], [ 77.2089494, 9.724266, 0.0 ], [ 77.2099058, 9.7241225, 0.0 ], [ 77.2110316, 9.7241999, 0.0 ], [ 77.2116333, 9.7242656, 0.0 ], [ 77.2122125, 9.7244263, 0.0 ], [ 77.2131431, 9.7246941, 0.0 ], [ 77.2137638, 9.7249767, 0.0 ], [ 77.2142841, 9.7252008, 0.0 ], [ 77.2152406, 9.7263455, 0.0 ], [ 77.2156428, 9.726674, 0.0 ], [ 77.2164718, 9.7266214, 0.0 ], [ 77.2183792, 9.7260812, 0.0 ], [ 77.218895, 9.7263189, 0.0 ], [ 77.2191468, 9.7266525, 0.0 ], [ 77.2193991, 9.7271217, 0.0 ], [ 77.2202496, 9.7292248, 0.0 ], [ 77.2206704, 9.7296392, 0.0 ], [ 77.2215232, 9.7298305, 0.0 ], [ 77.2223162, 9.7298458, 0.0 ], [ 77.2234514, 9.7299999, 0.0 ], [ 77.2239084, 9.7303734, 0.0 ], [ 77.2239184, 9.7306174, 0.0 ], [ 77.2239192, 9.7308569, 0.0 ], [ 77.2239293, 9.7311281, 0.0 ], [ 77.2238119, 9.7314043, 0.0 ], [ 77.2234941, 9.7317534, 0.0 ], [ 77.2230133, 9.7323427, 0.0 ], [ 77.2230386, 9.7330656, 0.0 ], [ 77.2228675, 9.7336448, 0.0 ], [ 77.2227006, 9.7341064, 0.0 ], [ 77.2226403, 9.7350557, 0.0 ], [ 77.2226229, 9.7352772, 0.0 ], [ 77.222507, 9.736028, 0.0 ], [ 77.2222131, 9.7366437, 0.0 ], [ 77.2218376, 9.7373952, 0.0 ], [ 77.2217893, 9.7378835, 0.0 ], [ 77.2219367, 9.7383395, 0.0 ], [ 77.22213, 9.7388676, 0.0 ], [ 77.2223412, 9.7393052, 0.0 ], [ 77.222561, 9.7395983, 0.0 ], [ 77.2227119, 9.7397378, 0.0 ], [ 77.2226763, 9.7399865, 0.0 ], [ 77.2225312, 9.740195, 0.0 ], [ 77.2219901, 9.7405042, 0.0 ], [ 77.2206898, 9.7413495, 0.0 ], [ 77.2200896, 9.741686, 0.0 ], [ 77.2198449, 9.7420847, 0.0 ], [ 77.2198007, 9.7424464, 0.0 ], [ 77.2200623, 9.7429607, 0.0 ], [ 77.2205126, 9.7440257, 0.0 ], [ 77.2206371, 9.744423, 0.0 ], [ 77.220638, 9.744658, 0.0 ], [ 77.2203926, 9.7448397, 0.0 ], [ 77.2202338, 9.7450391, 0.0 ], [ 77.2203398, 9.7453912, 0.0 ], [ 77.2205834, 9.7459508, 0.0 ], [ 77.2210296, 9.7470882, 0.0 ], [ 77.2213917, 9.7476745, 0.0 ], [ 77.221791, 9.7484685, 0.0 ], [ 77.2220028, 9.7490734, 0.0 ], [ 77.2223713, 9.7500022, 0.0 ], [ 77.2224397, 9.7501746, 0.0 ], [ 77.2227597, 9.7504582, 0.0 ], [ 77.2233944, 9.7507994, 0.0 ], [ 77.2235867, 9.7509486, 0.0 ], [ 77.2244009, 9.7517373, 0.0 ], [ 77.2248038, 9.7522781, 0.0 ], [ 77.2251428, 9.7527695, 0.0 ], [ 77.2251334, 9.7539715, 0.0 ], [ 77.2249832, 9.755251, 0.0 ], [ 77.2249484, 9.7557211, 0.0 ], [ 77.226543, 9.7569039, 0.0 ], [ 77.2266851, 9.757152, 0.0 ], [ 77.2264743, 9.7593354, 0.0 ], [ 77.2262448, 9.7613833, 0.0 ], [ 77.2271244, 9.7626726, 0.0 ], [ 77.2274717, 9.7642079, 0.0 ], [ 77.2281692, 9.7655385, 0.0 ], [ 77.2290195, 9.7663172, 0.0 ], [ 77.2301054, 9.7666839, 0.0 ], [ 77.2311696, 9.767367, 0.0 ], [ 77.2321937, 9.7683032, 0.0 ], [ 77.2323997, 9.7685737, 0.0 ], [ 77.2317375, 9.769394, 0.0 ], [ 77.2300404, 9.770105, 0.0 ], [ 77.2290261, 9.7706103, 0.0 ], [ 77.2282309, 9.7712232, 0.0 ], [ 77.2277284, 9.7721333, 0.0 ], [ 77.2270639, 9.7736089, 0.0 ], [ 77.226589, 9.7745822, 0.0 ], [ 77.226053, 9.7750405, 0.0 ], [ 77.2249886, 9.7755595, 0.0 ], [ 77.2245471, 9.776953, 0.0 ], [ 77.2240831, 9.7784278, 0.0 ], [ 77.2242478, 9.7798688, 0.0 ], [ 77.2245439, 9.781097, 0.0 ], [ 77.2239758, 9.7827665, 0.0 ], [ 77.2231821, 9.7850424, 0.0 ], [ 77.2236523, 9.786532, 0.0 ], [ 77.2226635, 9.7877918, 0.0 ], [ 77.22312, 9.7880477, 0.0 ], [ 77.2238272, 9.7882667, 0.0 ], [ 77.2254466, 9.7887083, 0.0 ], [ 77.2264083, 9.788768, 0.0 ], [ 77.2277966, 9.7883247, 0.0 ], [ 77.228425, 9.7882231, 0.0 ], [ 77.2294925, 9.7885446, 0.0 ], [ 77.2302531, 9.7884244, 0.0 ], [ 77.2314447, 9.7890166, 0.0 ], [ 77.2321249, 9.7893531, 0.0 ], [ 77.23356, 9.7892576, 0.0 ], [ 77.2345452, 9.789489, 0.0 ], [ 77.2355035, 9.7898741, 0.0 ], [ 77.23601, 9.7900576, 0.0 ], [ 77.2375776, 9.7912675, 0.0 ], [ 77.2381086, 9.7919164, 0.0 ], [ 77.2387537, 9.7938572, 0.0 ], [ 77.2391165, 9.7958397, 0.0 ], [ 77.2400406, 9.796808, 0.0 ], [ 77.2401594, 9.7969205, 0.0 ], [ 77.2417275, 9.7957941, 0.0 ], [ 77.2457301, 9.797429, 0.0 ], [ 77.246666, 9.7978866, 0.0 ], [ 77.2462047, 9.8000663, 0.0 ], [ 77.2457829, 9.8018303, 0.0 ], [ 77.2450937, 9.8027773, 0.0 ], [ 77.2461234, 9.803953, 0.0 ], [ 77.2462646, 9.8063611, 0.0 ], [ 77.2467901, 9.807995, 0.0 ], [ 77.2456301, 9.8085461, 0.0 ], [ 77.2447351, 9.8105377, 0.0 ], [ 77.2441335, 9.8117645, 0.0 ], [ 77.2440844, 9.811831, 0.0 ], [ 77.2435848, 9.8125076, 0.0 ], [ 77.2421009, 9.812974, 0.0 ], [ 77.2416869, 9.814417, 0.0 ], [ 77.2411537, 9.8156346, 0.0 ], [ 77.2401997, 9.8164605, 0.0 ], [ 77.2357196, 9.816418, 0.0 ], [ 77.2347579, 9.8164079, 0.0 ], [ 77.2325879, 9.8174236, 0.0 ], [ 77.2325484, 9.8190867, 0.0 ], [ 77.2329808, 9.8201787, 0.0 ], [ 77.233017, 9.8213716, 0.0 ], [ 77.2327258, 9.8214857, 0.0 ], [ 77.2317869, 9.8214665, 0.0 ], [ 77.2282861, 9.8212892, 0.0 ], [ 77.2271698, 9.821361, 0.0 ], [ 77.2268326, 9.8213668, 0.0 ], [ 77.2255676, 9.8206574, 0.0 ], [ 77.2250103, 9.8202978, 0.0 ], [ 77.2244685, 9.8216916, 0.0 ], [ 77.2243101, 9.822004, 0.0 ], [ 77.2236456, 9.8222369, 0.0 ], [ 77.2226251, 9.8223309, 0.0 ], [ 77.2217778, 9.8224514, 0.0 ], [ 77.2227967, 9.8231709, 0.0 ], [ 77.223852, 9.8238494, 0.0 ], [ 77.2239523, 9.8263706, 0.0 ], [ 77.2237831, 9.8287031, 0.0 ], [ 77.225253, 9.829353, 0.0 ], [ 77.2261488, 9.8300458, 0.0 ], [ 77.2265523, 9.8307222, 0.0 ], [ 77.2265518, 9.8318158, 0.0 ], [ 77.226376, 9.8323406, 0.0 ], [ 77.2255994, 9.8330981, 0.0 ], [ 77.2254361, 9.8332975, 0.0 ], [ 77.2265095, 9.8351962, 0.0 ], [ 77.2268817, 9.8360263, 0.0 ], [ 77.2275274, 9.8380937, 0.0 ], [ 77.2255921, 9.8410787, 0.0 ], [ 77.2248805, 9.8409095, 0.0 ], [ 77.2233424, 9.8440331, 0.0 ], [ 77.2229353, 9.8448797, 0.0 ], [ 77.2252814, 9.8458338, 0.0 ], [ 77.226327, 9.8463362, 0.0 ], [ 77.2270826, 9.8473005, 0.0 ], [ 77.2281376, 9.8491405, 0.0 ], [ 77.2308417, 9.8494877, 0.0 ], [ 77.2343036, 9.8501756, 0.0 ], [ 77.2355362, 9.8507134, 0.0 ], [ 77.237184, 9.8513808, 0.0 ], [ 77.2360492, 9.8538568, 0.0 ], [ 77.2359058, 9.8545125, 0.0 ], [ 77.2362671, 9.8548411, 0.0 ], [ 77.2363075, 9.8596039, 0.0 ], [ 77.2326865, 9.8615422, 0.0 ], [ 77.2296407, 9.861264, 0.0 ], [ 77.2261387, 9.8608564, 0.0 ], [ 77.2240599, 9.8620072, 0.0 ], [ 77.2213292, 9.8631333, 0.0 ], [ 77.219612, 9.8646894, 0.0 ], [ 77.2187842, 9.8676659, 0.0 ], [ 77.2173903, 9.8682636, 0.0 ], [ 77.2169455, 9.8684543, 0.0 ], [ 77.2161211, 9.8698537, 0.0 ], [ 77.2146942, 9.8723126, 0.0 ], [ 77.2138891, 9.8740192, 0.0 ], [ 77.2131694, 9.8754045, 0.0 ], [ 77.2124501, 9.8768848, 0.0 ], [ 77.2122476, 9.8776357, 0.0 ], [ 77.2152688, 9.87739, 0.0 ], [ 77.2166348, 9.8794818, 0.0 ], [ 77.2165062, 9.8804765, 0.0 ], [ 77.2164249, 9.8818958, 0.0 ], [ 77.2165598, 9.8826544, 0.0 ], [ 77.2170833, 9.883719, 0.0 ], [ 77.2175232, 9.8843457, 0.0 ], [ 77.2194015, 9.8844157, 0.0 ], [ 77.2207465, 9.8844832, 0.0 ], [ 77.2207437, 9.8849622, 0.0 ], [ 77.2206373, 9.8858031, 0.0 ], [ 77.2204851, 9.8865539, 0.0 ], [ 77.220143, 9.8877255, 0.0 ], [ 77.2194836, 9.8894315, 0.0 ], [ 77.2191546, 9.8904404, 0.0 ], [ 77.2187594, 9.8920551, 0.0 ], [ 77.2186778, 9.8934428, 0.0 ], [ 77.218554, 9.8944781, 0.0 ], [ 77.2182936, 9.89555, 0.0 ], [ 77.2180869, 9.8963687, 0.0 ], [ 77.2180891, 9.8969924, 0.0 ], [ 77.2183465, 9.898799, 0.0 ], [ 77.2184037, 9.8995083, 0.0 ], [ 77.2184556, 9.899969, 0.0 ], [ 77.218308, 9.9007468, 0.0 ], [ 77.2178843, 9.9020634, 0.0 ], [ 77.2178264, 9.9024297, 0.0 ], [ 77.2179929, 9.9030753, 0.0 ], [ 77.2182526, 9.9042944, 0.0 ], [ 77.2188732, 9.9044459, 0.0 ], [ 77.2198227, 9.9048265, 0.0 ], [ 77.2213291, 9.9053995, 0.0 ], [ 77.2225802, 9.9059554, 0.0 ], [ 77.2229219, 9.9071246, 0.0 ], [ 77.2232634, 9.9082576, 0.0 ], [ 77.2237354, 9.9089247, 0.0 ], [ 77.22439, 9.909668, 0.0 ], [ 77.2249809, 9.9099748, 0.0 ], [ 77.2255913, 9.9102918, 0.0 ], [ 77.2279611, 9.9113632, 0.0 ], [ 77.2291391, 9.9118425, 0.0 ], [ 77.2298012, 9.9121293, 0.0 ], [ 77.2300622, 9.9124673, 0.0 ], [ 77.2303381, 9.913108, 0.0 ], [ 77.2302272, 9.9139127, 0.0 ], [ 77.2299815, 9.9153054, 0.0 ], [ 77.2305749, 9.9167087, 0.0 ], [ 77.2308465, 9.9174489, 0.0 ], [ 77.2309861, 9.9194367, 0.0 ], [ 77.2309841, 9.9201055, 0.0 ], [ 77.2309438, 9.920309, 0.0 ], [ 77.2303661, 9.9206636, 0.0 ], [ 77.2305603, 9.9213859, 0.0 ], [ 77.2312179, 9.9217089, 0.0 ], [ 77.2314509, 9.9230863, 0.0 ], [ 77.2317007, 9.9240434, 0.0 ], [ 77.2325234, 9.9246234, 0.0 ], [ 77.2330269, 9.9251412, 0.0 ], [ 77.2343894, 9.9249916, 0.0 ], [ 77.2348868, 9.926341, 0.0 ], [ 77.2356391, 9.9263699, 0.0 ], [ 77.2358264, 9.9277068, 0.0 ], [ 77.2356723, 9.929167, 0.0 ], [ 77.2351255, 9.9292323, 0.0 ], [ 77.2348073, 9.9294911, 0.0 ], [ 77.2349048, 9.9299426, 0.0 ], [ 77.2343281, 9.9305818, 0.0 ], [ 77.2348901, 9.9321208, 0.0 ], [ 77.2364721, 9.9345959, 0.0 ], [ 77.2362288, 9.9353741, 0.0 ], [ 77.2369379, 9.9360221, 0.0 ], [ 77.2369679, 9.9366999, 0.0 ], [ 77.2372289, 9.9370288, 0.0 ], [ 77.2380674, 9.9369354, 0.0 ], [ 77.2397703, 9.9388, 0.0 ], [ 77.2419097, 9.940315, 0.0 ], [ 77.2422717, 9.9408198, 0.0 ], [ 77.2426263, 9.9417494, 0.0 ], [ 77.2430926, 9.9420866, 0.0 ], [ 77.243354, 9.9424924, 0.0 ], [ 77.2438063, 9.9427573, 0.0 ], [ 77.2437541, 9.9434218, 0.0 ], [ 77.2450856, 9.9447048, 0.0 ], [ 77.245795, 9.9454252, 0.0 ], [ 77.2474676, 9.9464854, 0.0 ], [ 77.2478976, 9.9468454, 0.0 ], [ 77.2481593, 9.9473324, 0.0 ], [ 77.2479788, 9.9478257, 0.0 ], [ 77.2471975, 9.9485832, 0.0 ], [ 77.2469939, 9.9490133, 0.0 ], [ 77.246748, 9.9502931, 0.0 ], [ 77.2465424, 9.9513965, 0.0 ], [ 77.2488492, 9.9522205, 0.0 ], [ 77.2495797, 9.9525503, 0.0 ], [ 77.2495945, 9.9525096, 0.0 ], [ 77.2499994, 9.9516334, 0.0 ], [ 77.2502106, 9.9511763, 0.0 ], [ 77.2516283, 9.9522844, 0.0 ], [ 77.2529639, 9.9534512, 0.0 ], [ 77.255253, 9.9531673, 0.0 ], [ 77.2552396, 9.9524078, 0.0 ], [ 77.2576108, 9.9521194, 0.0 ], [ 77.2576653, 9.9528382, 0.0 ], [ 77.2607114, 9.9524099, 0.0 ], [ 77.2610123, 9.9524869, 0.0 ], [ 77.2618006, 9.9538704, 0.0 ], [ 77.2629998, 9.9541692, 0.0 ], [ 77.2635557, 9.9551142, 0.0 ], [ 77.2646313, 9.9565612, 0.0 ], [ 77.2665411, 9.9588176, 0.0 ], [ 77.2674208, 9.9599978, 0.0 ], [ 77.2675046, 9.9600664, 0.0 ], [ 77.2675065, 9.9600679, 0.0 ], [ 77.2685376, 9.9609113, 0.0 ], [ 77.2697138, 9.9615807, 0.0 ], [ 77.2710451, 9.9624311, 0.0 ], [ 77.2718389, 9.9613328, 0.0 ], [ 77.2724449, 9.9627434, 0.0 ], [ 77.2728548, 9.9641947, 0.0 ], [ 77.2728772, 9.9653248, 0.0 ], [ 77.2726808, 9.96636, 0.0 ], [ 77.2723243, 9.9686427, 0.0 ], [ 77.2721779, 9.970148, 0.0 ], [ 77.2718631, 9.9703875, 0.0 ], [ 77.2708734, 9.9709115, 0.0 ], [ 77.2712697, 9.9722498, 0.0 ], [ 77.2715565, 9.9736964, 0.0 ], [ 77.2716382, 9.9747181, 0.0 ], [ 77.2718479, 9.9750843, 0.0 ], [ 77.2726683, 9.9763368, 0.0 ], [ 77.2712588, 9.9775524, 0.0 ], [ 77.2689188, 9.9793327, 0.0 ], [ 77.2679609, 9.9799064, 0.0 ], [ 77.2683711, 9.9807248, 0.0 ], [ 77.2681429, 9.9811044, 0.0 ], [ 77.2675772, 9.9817823, 0.0 ], [ 77.2671028, 9.9823065, 0.0 ], [ 77.2673397, 9.9827722, 0.0 ], [ 77.2669565, 9.9833779, 0.0 ], [ 77.2671022, 9.9838074, 0.0 ], [ 77.2659434, 9.9852671, 0.0 ], [ 77.2650355, 9.9863472, 0.0 ], [ 77.2644014, 9.9871742, 0.0 ], [ 77.265418, 9.9881194, 0.0 ], [ 77.2663935, 9.9891459, 0.0 ], [ 77.2667764, 9.9895529, 0.0 ], [ 77.2669313, 9.9900185, 0.0 ], [ 77.2668263, 9.9902942, 0.0 ], [ 77.2665618, 9.9904388, 0.0 ], [ 77.2655174, 9.9906193, 0.0 ], [ 77.2640626, 9.9908538, 0.0 ], [ 77.2628632, 9.9909438, 0.0 ], [ 77.2617686, 9.9911016, 0.0 ], [ 77.2613855, 9.9912823, 0.0 ], [ 77.2610934, 9.9917297, 0.0 ], [ 77.2609107, 9.992679, 0.0 ], [ 77.2607778, 9.9943154, 0.0 ], [ 77.2608046, 9.9957619, 0.0 ], [ 77.2616752, 9.9969195, 0.0 ], [ 77.2626234, 9.9981675, 0.0 ], [ 77.2634802, 9.9994426, 0.0 ], [ 77.2638805, 10.0000005, 0.0 ], [ 77.2643087, 10.0003714, 0.0 ], [ 77.2661569, 10.0014242, 0.0 ], [ 77.2661313, 10.0018897, 0.0 ], [ 77.2653795, 10.0020779, 0.0 ], [ 77.2649523, 10.0024592, 0.0 ], [ 77.2646303, 10.0029304, 0.0 ], [ 77.2643762, 10.0032613, 0.0 ], [ 77.2638804, 10.0036066, 0.0 ], [ 77.2631526, 10.0040975, 0.0 ], [ 77.2616218, 10.0056896, 0.0 ], [ 77.2606398, 10.0064797, 0.0 ], [ 77.2598719, 10.0072238, 0.0 ], [ 77.2591578, 10.0077417, 0.0 ], [ 77.2586753, 10.0079695, 0.0 ], [ 77.2578288, 10.0084517, 0.0 ], [ 77.2571274, 10.0086849, 0.0 ], [ 77.2566584, 10.0088629, 0.0 ], [ 77.2559759, 10.0092948, 0.0 ], [ 77.2552076, 10.0099304, 0.0 ], [ 77.2546541, 10.0106918, 0.0 ], [ 77.253451, 10.012138, 0.0 ], [ 77.2531936, 10.0128123, 0.0 ], [ 77.2535151, 10.0134123, 0.0 ], [ 77.2541193, 10.0139659, 0.0 ], [ 77.2547635, 10.0142618, 0.0 ], [ 77.2558636, 10.0145333, 0.0 ], [ 77.2567396, 10.0169932, 0.0 ], [ 77.2574371, 10.0193001, 0.0 ], [ 77.2574375, 10.0193, 0.0 ], [ 77.2574386, 10.0193037, 0.0 ], [ 77.2578947, 10.0193536, 0.0 ], [ 77.258483, 10.0193584, 0.0 ], [ 77.2593679, 10.0192005, 0.0 ], [ 77.2595376, 10.0192474, 0.0 ], [ 77.2597281, 10.0193001, 0.0 ], [ 77.2602888, 10.0198037, 0.0 ], [ 77.2608862, 10.0203402, 0.0 ], [ 77.2615928, 10.0212039, 0.0 ], [ 77.261659, 10.0213925, 0.0 ], [ 77.2618388, 10.0219047, 0.0 ], [ 77.2620391, 10.0227772, 0.0 ], [ 77.2622585, 10.0236859, 0.0 ], [ 77.2623306, 10.0239843, 0.0 ], [ 77.2623349, 10.024581, 0.0 ], [ 77.2622388, 10.0255981, 0.0 ], [ 77.2623891, 10.0261813, 0.0 ], [ 77.2624179, 10.0273215, 0.0 ], [ 77.262434, 10.0279579, 0.0 ], [ 77.2622833, 10.028437, 0.0 ], [ 77.2618997, 10.0297252, 0.0 ], [ 77.26178, 10.0299303, 0.0 ], [ 77.2614935, 10.0304213, 0.0 ], [ 77.2601382, 10.0322696, 0.0 ], [ 77.2601207, 10.0322991, 0.0 ], [ 77.2594355, 10.0334492, 0.0 ], [ 77.2588605, 10.0340683, 0.0 ], [ 77.2581762, 10.0347235, 0.0 ], [ 77.2581761, 10.0347235, 0.0 ], [ 77.2574964, 10.0351482, 0.0 ], [ 77.2569845, 10.0353171, 0.0 ], [ 77.2566342, 10.0354327, 0.0 ], [ 77.2561506, 10.0355785, 0.0 ], [ 77.2558405, 10.035672, 0.0 ], [ 77.255398, 10.0359792, 0.0 ], [ 77.2548048, 10.0366706, 0.0 ], [ 77.2542846, 10.0373936, 0.0 ], [ 77.2539193, 10.0383247, 0.0 ], [ 77.2539193, 10.0383248, 0.0 ], [ 77.2533762, 10.0393236, 0.0 ], [ 77.2531384, 10.039738, 0.0 ], [ 77.2529197, 10.040119, 0.0 ], [ 77.2523099, 10.040831, 0.0 ], [ 77.2521805, 10.0409821, 0.0 ], [ 77.2519478, 10.0411177, 0.0 ], [ 77.2507843, 10.0421931, 0.0 ], [ 77.2507829, 10.0421949, 0.0 ], [ 77.2503234, 10.042776, 0.0 ], [ 77.2498852, 10.0436664, 0.0 ], [ 77.2495633, 10.0446773, 0.0 ], [ 77.2495153, 10.044828, 0.0 ], [ 77.2494634, 10.0449056, 0.0 ], [ 77.2493099, 10.0451354, 0.0 ], [ 77.2490681, 10.0452935, 0.0 ], [ 77.2490155, 10.0453247, 0.0 ], [ 77.2485888, 10.0452982, 0.0 ], [ 77.2481511, 10.0457052, 0.0 ], [ 77.247604, 10.0464467, 0.0 ], [ 77.2475537, 10.0465326, 0.0 ], [ 77.247408, 10.0467813, 0.0 ], [ 77.2471516, 10.0471304, 0.0 ], [ 77.247139, 10.0471475, 0.0 ], [ 77.2469795, 10.0473872, 0.0 ], [ 77.2465418, 10.0478846, 0.0 ], [ 77.2463685, 10.0480383, 0.0 ], [ 77.2459536, 10.0485176, 0.0 ], [ 77.2458858, 10.0487122, 0.0 ], [ 77.2458306, 10.0488703, 0.0 ], [ 77.2456907, 10.0491232, 0.0 ], [ 77.2455981, 10.0492908, 0.0 ], [ 77.2455515, 10.0494052, 0.0 ], [ 77.2455116, 10.0495032, 0.0 ], [ 77.2454706, 10.0496931, 0.0 ], [ 77.2452882, 10.0500955, 0.0 ], [ 77.2451379, 10.0505115, 0.0 ], [ 77.24499, 10.0508665, 0.0 ], [ 77.2448781, 10.0511354, 0.0 ], [ 77.2448508, 10.0512529, 0.0 ], [ 77.2446365, 10.051705, 0.0 ], [ 77.2445289, 10.0518239, 0.0 ], [ 77.2443949, 10.0519718, 0.0 ], [ 77.244021, 10.0522884, 0.0 ], [ 77.2433689, 10.0527, 0.0 ], [ 77.2430907, 10.0528628, 0.0 ], [ 77.2426665, 10.0530619, 0.0 ], [ 77.2423883, 10.0531253, 0.0 ], [ 77.2422889, 10.0531545, 0.0 ], [ 77.2418502, 10.0532836, 0.0 ], [ 77.241531, 10.0534781, 0.0 ], [ 77.2410841, 10.053867, 0.0 ], [ 77.2409199, 10.0540253, 0.0 ], [ 77.2403773, 10.0543871, 0.0 ], [ 77.2397333, 10.0548451, 0.0 ], [ 77.2396841, 10.0548801, 0.0 ], [ 77.2396017, 10.0549335, 0.0 ], [ 77.2390001, 10.0553233, 0.0 ], [ 77.2387918, 10.055514, 0.0 ], [ 77.2385259, 10.0557574, 0.0 ], [ 77.2382295, 10.0559293, 0.0 ], [ 77.2377096, 10.0562459, 0.0 ], [ 77.2372308, 10.0566665, 0.0 ], [ 77.2370128, 10.0568826, 0.0 ], [ 77.2369663, 10.0569287, 0.0 ], [ 77.2368291, 10.0571228, 0.0 ], [ 77.2365924, 10.0574578, 0.0 ], [ 77.2365059, 10.0576748, 0.0 ], [ 77.2364077, 10.0578106, 0.0 ], [ 77.2362186, 10.0580727, 0.0 ], [ 77.2359861, 10.0583801, 0.0 ], [ 77.2356486, 10.0587238, 0.0 ], [ 77.2353659, 10.0589409, 0.0 ], [ 77.2350422, 10.0592981, 0.0 ], [ 77.2347959, 10.0595197, 0.0 ], [ 77.2346809, 10.0596321, 0.0 ], [ 77.2344676, 10.0598407, 0.0 ], [ 77.2343787, 10.0599808, 0.0 ], [ 77.2342898, 10.060121, 0.0 ], [ 77.2340391, 10.060537, 0.0 ], [ 77.2339115, 10.0608851, 0.0 ], [ 77.2337777, 10.0612638, 0.0 ], [ 77.2337565, 10.0613237, 0.0 ], [ 77.2336562, 10.0615362, 0.0 ], [ 77.2336426, 10.0616899, 0.0 ], [ 77.2334644, 10.0620527, 0.0 ], [ 77.2333828, 10.0622188, 0.0 ], [ 77.2332054, 10.0625565, 0.0 ], [ 77.2330454, 10.0628609, 0.0 ], [ 77.2329395, 10.0630583, 0.0 ], [ 77.232895, 10.0631412, 0.0 ], [ 77.232702, 10.0634999, 0.0 ], [ 77.2326762, 10.0635481, 0.0 ], [ 77.2323935, 10.0638872, 0.0 ], [ 77.2321883, 10.0642806, 0.0 ], [ 77.2321337, 10.0646784, 0.0 ], [ 77.2321069, 10.0649014, 0.0 ], [ 77.2320746, 10.0651712, 0.0 ], [ 77.2319342, 10.0654199, 0.0 ], [ 77.2318603, 10.0655509, 0.0 ], [ 77.2316986, 10.0658121, 0.0 ], [ 77.2315776, 10.0660076, 0.0 ], [ 77.2314363, 10.0662698, 0.0 ], [ 77.2310843, 10.0665046, 0.0 ], [ 77.230921, 10.0666135, 0.0 ], [ 77.2307066, 10.0667537, 0.0 ], [ 77.2304113, 10.0669351, 0.0 ], [ 77.2301913, 10.0670703, 0.0 ], [ 77.229393, 10.0672469, 0.0 ], [ 77.2287545, 10.0673058, 0.0 ], [ 77.2281543, 10.0674373, 0.0 ], [ 77.228011, 10.0674687, 0.0 ], [ 77.2277146, 10.067514, 0.0 ], [ 77.227003, 10.0677583, 0.0 ], [ 77.2268643, 10.0678132, 0.0 ], [ 77.2264421, 10.06798, 0.0 ], [ 77.2263816, 10.0680108, 0.0 ], [ 77.2262824, 10.0680614, 0.0 ], [ 77.2258851, 10.0683885, 0.0 ], [ 77.2257991, 10.0684593, 0.0 ], [ 77.225799, 10.0684594, 0.0 ], [ 77.2257923, 10.0684628, 0.0 ], [ 77.2255528, 10.0685861, 0.0 ], [ 77.2251331, 10.068831, 0.0 ], [ 77.2250648, 10.0688709, 0.0 ], [ 77.2250225, 10.0688922, 0.0 ], [ 77.2247592, 10.0690248, 0.0 ], [ 77.2235003, 10.0691788, 0.0 ], [ 77.2234216, 10.069273, 0.0 ], [ 77.2233908, 10.0693099, 0.0 ], [ 77.22337, 10.0694557, 0.0 ], [ 77.2232634, 10.0702005, 0.0 ], [ 77.2232545, 10.0710503, 0.0 ], [ 77.2232318, 10.0717103, 0.0 ], [ 77.2231772, 10.0721534, 0.0 ], [ 77.2230451, 10.072628, 0.0 ], [ 77.2229898, 10.0727488, 0.0 ], [ 77.2228855, 10.0729762, 0.0 ], [ 77.2224159, 10.0736906, 0.0 ], [ 77.2219781, 10.074185, 0.0 ], [ 77.2217273, 10.0744682, 0.0 ], [ 77.22151, 10.0747401, 0.0 ], [ 77.2214309, 10.074839, 0.0 ], [ 77.221329, 10.0749794, 0.0 ], [ 77.2210798, 10.0753228, 0.0 ], [ 77.2209023, 10.0756319, 0.0 ], [ 77.2208929, 10.0756484, 0.0 ], [ 77.2207493, 10.0758441, 0.0 ], [ 77.2203457, 10.0763944, 0.0 ], [ 77.2199171, 10.0769686, 0.0 ], [ 77.219835, 10.077163, 0.0 ], [ 77.2194839, 10.0774795, 0.0 ], [ 77.2193248, 10.0775378, 0.0 ], [ 77.2192741, 10.0775564, 0.0 ], [ 77.2190551, 10.0776153, 0.0 ], [ 77.218704, 10.0779272, 0.0 ], [ 77.2185477, 10.0780454, 0.0 ], [ 77.2183391, 10.0782031, 0.0 ], [ 77.217842, 10.0785377, 0.0 ], [ 77.2176519, 10.0786634, 0.0 ], [ 77.2176094, 10.0786915, 0.0 ], [ 77.2172947, 10.0789493, 0.0 ], [ 77.2172221, 10.079026, 0.0 ], [ 77.2171579, 10.0790939, 0.0 ], [ 77.2170882, 10.0791827, 0.0 ], [ 77.2169664, 10.0793381, 0.0 ], [ 77.2166827, 10.0796083, 0.0 ], [ 77.2165012, 10.0797812, 0.0 ], [ 77.2163507, 10.0799169, 0.0 ], [ 77.2162253, 10.0800039, 0.0 ], [ 77.2162139, 10.0800118, 0.0 ], [ 77.215873, 10.080032, 0.0 ], [ 77.2155251, 10.0800527, 0.0 ], [ 77.2152708, 10.0800178, 0.0 ], [ 77.2151966, 10.0800076, 0.0 ], [ 77.2145991, 10.0800891, 0.0 ], [ 77.2145167, 10.0801135, 0.0 ], [ 77.2140198, 10.080261, 0.0 ], [ 77.213582, 10.0805278, 0.0 ], [ 77.2133533, 10.0806625, 0.0 ], [ 77.2129982, 10.0808716, 0.0 ], [ 77.2128112, 10.0809981, 0.0 ], [ 77.2124509, 10.0813011, 0.0 ], [ 77.2120906, 10.0815634, 0.0 ], [ 77.2116573, 10.0819568, 0.0 ], [ 77.2116328, 10.0819802, 0.0 ], [ 77.2112287, 10.082365, 0.0 ], [ 77.2112279, 10.0823649, 0.0 ], [ 77.2109642, 10.0826144, 0.0 ], [ 77.2101998, 10.0831188, 0.0 ], [ 77.2095537, 10.0835732, 0.0 ], [ 77.2093765, 10.0837772, 0.0 ], [ 77.2088257, 10.0841046, 0.0 ], [ 77.208539, 10.0842683, 0.0 ], [ 77.2082118, 10.0846221, 0.0 ], [ 77.2079297, 10.0847903, 0.0 ], [ 77.2074522, 10.0852214, 0.0 ], [ 77.2071793, 10.0854213, 0.0 ], [ 77.2065606, 10.0858845, 0.0 ], [ 77.2062921, 10.0860662, 0.0 ], [ 77.205737, 10.0864524, 0.0 ], [ 77.2049817, 10.0869839, 0.0 ], [ 77.2046587, 10.0871975, 0.0 ], [ 77.2039763, 10.0877288, 0.0 ], [ 77.2035677, 10.0882501, 0.0 ], [ 77.2032824, 10.088807, 0.0 ], [ 77.2032017, 10.0891869, 0.0 ], [ 77.2031532, 10.0896435, 0.0 ], [ 77.2031906, 10.0898875, 0.0 ], [ 77.2032096, 10.0901044, 0.0 ], [ 77.2032387, 10.0905426, 0.0 ], [ 77.2032356, 10.0909449, 0.0 ], [ 77.2032008, 10.0914196, 0.0 ], [ 77.2032522, 10.0917764, 0.0 ], [ 77.203433, 10.093778, 0.0 ], [ 77.2034306, 10.0943384, 0.0 ], [ 77.2038597, 10.0956837, 0.0 ], [ 77.2039754, 10.0961217, 0.0 ], [ 77.2040116, 10.0972785, 0.0 ], [ 77.203818, 10.0979662, 0.0 ], [ 77.2035486, 10.0991333, 0.0 ], [ 77.2033007, 10.0999431, 0.0 ], [ 77.2030845, 10.1007123, 0.0 ], [ 77.2031586, 10.1022441, 0.0 ], [ 77.2030804, 10.103302, 0.0 ], [ 77.2029285, 10.1041567, 0.0 ], [ 77.2025978, 10.1048133, 0.0 ], [ 77.2023346, 10.1051713, 0.0 ], [ 77.2018885, 10.1054396, 0.0 ], [ 77.2014058, 10.1056718, 0.0 ], [ 77.2012649, 10.1058214, 0.0 ], [ 77.2013256, 10.10621, 0.0 ], [ 77.2015935, 10.1070722, 0.0 ], [ 77.2019066, 10.1078665, 0.0 ], [ 77.2026239, 10.109396, 0.0 ], [ 77.2029553, 10.1101812, 0.0 ], [ 77.2034232, 10.1108936, 0.0 ], [ 77.203983, 10.1117548, 0.0 ], [ 77.2043871, 10.1124675, 0.0 ], [ 77.2046208, 10.1127559, 0.0 ], [ 77.2050272, 10.1128312, 0.0 ], [ 77.2058022, 10.1126793, 0.0 ], [ 77.2064814, 10.1125638, 0.0 ], [ 77.2070374, 10.1136148, 0.0 ], [ 77.2073096, 10.114459, 0.0 ], [ 77.2076779, 10.1153255, 0.0 ], [ 77.2077203, 10.1156823, 0.0 ], [ 77.2076399, 10.1161616, 0.0 ], [ 77.207739, 10.1170653, 0.0 ], [ 77.2078919, 10.117702, 0.0 ], [ 77.2082529, 10.1178362, 0.0 ], [ 77.2093491, 10.1181848, 0.0 ], [ 77.2098239, 10.118296, 0.0 ], [ 77.21085, 10.1181612, 0.0 ], [ 77.2115105, 10.1179102, 0.0 ], [ 77.2122112, 10.1173924, 0.0 ], [ 77.2128842, 10.1168114, 0.0 ], [ 77.2132934, 10.1164483, 0.0 ], [ 77.2139497, 10.1162743, 0.0 ], [ 77.2146151, 10.1160865, 0.0 ], [ 77.2154267, 10.115966, 0.0 ], [ 77.2164345, 10.1158538, 0.0 ], [ 77.2167748, 10.1165622, 0.0 ], [ 77.2169908, 10.1169862, 0.0 ], [ 77.2172656, 10.117297, 0.0 ], [ 77.2178234, 10.1176024, 0.0 ], [ 77.2185999, 10.1178751, 0.0 ], [ 77.2195041, 10.1180797, 0.0 ], [ 77.2205904, 10.1182158, 0.0 ], [ 77.2215395, 10.1182757, 0.0 ], [ 77.2221008, 10.1183278, 0.0 ], [ 77.2227988, 10.1183116, 0.0 ], [ 77.2231048, 10.1184054, 0.0 ], [ 77.2238787, 10.1191573, 0.0 ], [ 77.2246337, 10.1197556, 0.0 ], [ 77.2255846, 10.1202944, 0.0 ], [ 77.2262203, 10.1206988, 0.0 ], [ 77.226897, 10.1210805, 0.0 ], [ 77.2271711, 10.1211925, 0.0 ], [ 77.2283104, 10.1208494, 0.0 ], [ 77.2291765, 10.1206563, 0.0 ], [ 77.2299744, 10.1205404, 0.0 ], [ 77.2303802, 10.1205026, 0.0 ], [ 77.2302646, 10.1212895, 0.0 ], [ 77.230072, 10.1222303, 0.0 ], [ 77.229918, 10.1225201, 0.0 ], [ 77.2305116, 10.1226761, 0.0 ], [ 77.2313294, 10.1229578, 0.0 ], [ 77.2321208, 10.1235152, 0.0 ], [ 77.2327612, 10.1239603, 0.0 ], [ 77.2323944, 10.1246803, 0.0 ], [ 77.2320453, 10.1252781, 0.0 ], [ 77.2327045, 10.1258587, 0.0 ], [ 77.2333588, 10.126367, 0.0 ], [ 77.2334046, 10.1264166, 0.0 ], [ 77.2335739, 10.1277266, 0.0 ], [ 77.2337254, 10.12797, 0.0 ], [ 77.2340914, 10.1282669, 0.0 ], [ 77.234334, 10.1284514, 0.0 ], [ 77.2351105, 10.128697, 0.0 ], [ 77.2358457, 10.1288932, 0.0 ], [ 77.2362887, 10.1289819, 0.0 ], [ 77.2367548, 10.129179, 0.0 ], [ 77.2372392, 10.1293942, 0.0 ], [ 77.2374821, 10.1297005, 0.0 ], [ 77.2378391, 10.1299704, 0.0 ], [ 77.2382409, 10.1300773, 0.0 ], [ 77.2390168, 10.1301468, 0.0 ], [ 77.2399474, 10.1301207, 0.0 ], [ 77.2415213, 10.1300832, 0.0 ], [ 77.2420099, 10.1301898, 0.0 ], [ 77.2420189, 10.1301807, 0.0 ], [ 77.2420418, 10.1301942, 0.0 ], [ 77.2429731, 10.1303534, 0.0 ], [ 77.2438585, 10.1304179, 0.0 ], [ 77.2443011, 10.1304478, 0.0 ], [ 77.244375, 10.1306736, 0.0 ], [ 77.2444578, 10.130854, 0.0 ], [ 77.2445951, 10.1309484, 0.0 ], [ 77.2447638, 10.1309477, 0.0 ], [ 77.24525, 10.1304442, 0.0 ], [ 77.2456183, 10.1301039, 0.0 ], [ 77.2458279, 10.1300263, 0.0 ], [ 77.2461427, 10.1300116, 0.0 ], [ 77.2463984, 10.1301055, 0.0 ], [ 77.2466498, 10.1301994, 0.0 ], [ 77.2468371, 10.1302801, 0.0 ], [ 77.2473169, 10.1304681, 0.0 ], [ 77.2474402, 10.1304903, 0.0 ], [ 77.2476455, 10.1305031, 0.0 ], [ 77.2478094, 10.1304165, 0.0 ], [ 77.2480278, 10.130262, 0.0 ], [ 77.2481318, 10.1300177, 0.0 ], [ 77.2482358, 10.1297732, 0.0 ], [ 77.2487076, 10.1278777, 0.0 ], [ 77.2487211, 10.1278415, 0.0 ], [ 77.2489452, 10.1268057, 0.0 ], [ 77.2490318, 10.1267692, 0.0 ], [ 77.2493642, 10.1266143, 0.0 ], [ 77.2496783, 10.1264052, 0.0 ], [ 77.2499994, 10.1262606, 0.0 ], [ 77.2511266, 10.1257535, 0.0 ], [ 77.25149, 10.1253544, 0.0 ], [ 77.2515212, 10.1251554, 0.0 ], [ 77.2517717, 10.125037, 0.0 ], [ 77.2526909, 10.1244459, 0.0 ], [ 77.253183, 10.1242859, 0.0 ], [ 77.2537669, 10.124243, 0.0 ], [ 77.254173, 10.1242595, 0.0 ], [ 77.2548859, 10.1245823, 0.0 ], [ 77.2553704, 10.1248155, 0.0 ], [ 77.2565124, 10.123993, 0.0 ], [ 77.2568724, 10.1238878, 0.0 ], [ 77.2578946, 10.1239697, 0.0 ], [ 77.2583141, 10.1239185, 0.0 ], [ 77.260465, 10.1232505, 0.0 ], [ 77.2629714, 10.1225539, 0.0 ], [ 77.2665814, 10.121695, 0.0 ], [ 77.2677764, 10.1216136, 0.0 ], [ 77.2671265, 10.1234239, 0.0 ], [ 77.2670695, 10.1240116, 0.0 ], [ 77.2671407, 10.1247389, 0.0 ], [ 77.2672472, 10.1251454, 0.0 ], [ 77.2676927, 10.1258984, 0.0 ], [ 77.2679958, 10.1264079, 0.0 ], [ 77.268359, 10.1271387, 0.0 ], [ 77.2684093, 10.1271385, 0.0 ], [ 77.2688975, 10.1271411, 0.0 ], [ 77.2696917, 10.1272511, 0.0 ], [ 77.2705637, 10.1274239, 0.0 ], [ 77.271313, 10.1276877, 0.0 ], [ 77.2718895, 10.1281148, 0.0 ], [ 77.2732842, 10.128914, 0.0 ], [ 77.2740529, 10.129485, 0.0 ], [ 77.2741771, 10.1297692, 0.0 ], [ 77.274369, 10.1309933, 0.0 ], [ 77.2743699, 10.1312057, 0.0 ], [ 77.2744997, 10.1317204, 0.0 ], [ 77.2747721, 10.1325465, 0.0 ], [ 77.2745912, 10.1329674, 0.0 ], [ 77.2745288, 10.1333247, 0.0 ], [ 77.2743836, 10.1335422, 0.0 ], [ 77.2743309, 10.1340577, 0.0 ], [ 77.2741697, 10.1348356, 0.0 ], [ 77.2741179, 10.135595, 0.0 ], [ 77.2742284, 10.1358297, 0.0 ], [ 77.2742121, 10.1363449, 0.0 ], [ 77.2747168, 10.1370525, 0.0 ], [ 77.274683, 10.1377622, 0.0 ], [ 77.2746533, 10.1383182, 0.0 ], [ 77.274558, 10.1384541, 0.0 ], [ 77.2745312, 10.1397558, 0.0 ], [ 77.2743035, 10.1398562, 0.0 ], [ 77.2728489, 10.1400696, 0.0 ], [ 77.2725576, 10.1402516, 0.0 ], [ 77.2723948, 10.1406228, 0.0 ], [ 77.2720689, 10.1412794, 0.0 ], [ 77.2717979, 10.1419944, 0.0 ], [ 77.2718147, 10.1427763, 0.0 ], [ 77.2722036, 10.144212, 0.0 ], [ 77.2722794, 10.1449258, 0.0 ], [ 77.2724726, 10.1465113, 0.0 ], [ 77.2731234, 10.1472455, 0.0 ], [ 77.2736233, 10.1478944, 0.0 ], [ 77.2734386, 10.1485097, 0.0 ], [ 77.2730892, 10.1501426, 0.0 ], [ 77.2728964, 10.1510156, 0.0 ], [ 77.2735265, 10.1511217, 0.0 ], [ 77.2735767, 10.1522875, 0.0 ], [ 77.2734737, 10.1528121, 0.0 ], [ 77.2733719, 10.1535989, 0.0 ], [ 77.2733749, 10.1543355, 0.0 ], [ 77.2736254, 10.1553831, 0.0 ], [ 77.2733792, 10.1554609, 0.0 ], [ 77.2732155, 10.1555835, 0.0 ], [ 77.2740658, 10.1571711, 0.0 ], [ 77.2741408, 10.1576725, 0.0 ], [ 77.2739429, 10.1584009, 0.0 ], [ 77.2736992, 10.1590797, 0.0 ], [ 77.2733002, 10.1597321, 0.0 ], [ 77.2730565, 10.1604199, 0.0 ], [ 77.2730314, 10.1609804, 0.0 ], [ 77.273148, 10.1616263, 0.0 ], [ 77.2733277, 10.1620685, 0.0 ], [ 77.2729251, 10.1629739, 0.0 ], [ 77.272832, 10.1636386, 0.0 ], [ 77.2727889, 10.1642897, 0.0 ], [ 77.2729161, 10.1653376, 0.0 ], [ 77.2729906, 10.1656898, 0.0 ], [ 77.2735468, 10.1678932, 0.0 ], [ 77.2738881, 10.1688274, 0.0 ], [ 77.2741879, 10.1696307, 0.0 ], [ 77.2742535, 10.1700689, 0.0 ], [ 77.273908, 10.1727231, 0.0 ], [ 77.2746069, 10.1729012, 0.0 ], [ 77.2747029, 10.175269, 0.0 ], [ 77.2762056, 10.1756609, 0.0 ], [ 77.2762743, 10.1757058, 0.0 ], [ 77.2753788, 10.1777249, 0.0 ], [ 77.2753168, 10.1782133, 0.0 ], [ 77.2753772, 10.1808163, 0.0 ], [ 77.2753398, 10.1828863, 0.0 ], [ 77.2753161, 10.1838264, 0.0 ], [ 77.2753048, 10.1844185, 0.0 ], [ 77.27561, 10.1854568, 0.0 ], [ 77.276113, 10.1868649, 0.0 ], [ 77.2764764, 10.1876047, 0.0 ], [ 77.277163, 10.1881399, 0.0 ], [ 77.2772416, 10.1884107, 0.0 ], [ 77.2774036, 10.1889931, 0.0 ], [ 77.2775295, 10.189675, 0.0 ], [ 77.2775967, 10.1904838, 0.0 ], [ 77.2776203, 10.1906915, 0.0 ], [ 77.2774763, 10.1912119, 0.0 ], [ 77.2775835, 10.1917944, 0.0 ], [ 77.2779117, 10.1928372, 0.0 ], [ 77.2785651, 10.194213, 0.0 ], [ 77.2792261, 10.1951731, 0.0 ], [ 77.2807242, 10.1943989, 0.0 ], [ 77.2812719, 10.1955538, 0.0 ], [ 77.2824561, 10.1961458, 0.0 ], [ 77.2829644, 10.1965867, 0.0 ], [ 77.2831297, 10.1968436, 0.0 ], [ 77.2834473, 10.1975384, 0.0 ], [ 77.2847407, 10.2003309, 0.0 ], [ 77.2848192, 10.200552, 0.0 ], [ 77.28496, 10.2015186, 0.0 ], [ 77.2849153, 10.2017719, 0.0 ], [ 77.2850987, 10.203127, 0.0 ], [ 77.2851545, 10.2033708, 0.0 ], [ 77.2854205, 10.2037178, 0.0 ], [ 77.2858748, 10.2043577, 0.0 ], [ 77.2851105, 10.2049302, 0.0 ], [ 77.2846059, 10.2054519, 0.0 ], [ 77.2838999, 10.2069324, 0.0 ], [ 77.2836718, 10.2080903, 0.0 ], [ 77.2832245, 10.2080695, 0.0 ], [ 77.2831173, 10.2086484, 0.0 ], [ 77.2840394, 10.2087171, 0.0 ], [ 77.2872999, 10.2092512, 0.0 ], [ 77.2872343, 10.2111271, 0.0 ], [ 77.2875466, 10.2116049, 0.0 ], [ 77.2884554, 10.2129164, 0.0 ], [ 77.289539, 10.2145572, 0.0 ], [ 77.2897907, 10.2147325, 0.0 ], [ 77.2929003, 10.2152083, 0.0 ], [ 77.2933661, 10.2152924, 0.0 ], [ 77.2943493, 10.2169065, 0.0 ], [ 77.2949556, 10.2178984, 0.0 ], [ 77.2946624, 10.2187356, 0.0 ], [ 77.2937196, 10.2214917, 0.0 ], [ 77.2928575, 10.2227108, 0.0 ], [ 77.2919322, 10.224147, 0.0 ], [ 77.290963, 10.2259992, 0.0 ], [ 77.2900886, 10.2275845, 0.0 ], [ 77.2898984, 10.2279468, 0.0 ], [ 77.2891966, 10.2293416, 0.0 ], [ 77.2882739, 10.2314015, 0.0 ], [ 77.2881277, 10.2317657, 0.0 ], [ 77.2880886, 10.2318632, 0.0 ], [ 77.287932, 10.2319346, 0.0 ], [ 77.2876786, 10.2320501, 0.0 ], [ 77.2854993, 10.2326145, 0.0 ], [ 77.2852895, 10.2326289, 0.0 ], [ 77.2851349, 10.2327651, 0.0 ], [ 77.2842201, 10.2334241, 0.0 ], [ 77.2831659, 10.234558, 0.0 ], [ 77.2818382, 10.235806, 0.0 ], [ 77.281937, 10.2365559, 0.0 ], [ 77.2814035, 10.2366709, 0.0 ], [ 77.2808931, 10.2368492, 0.0 ], [ 77.2801581, 10.2356363, 0.0 ], [ 77.2791007, 10.2360065, 0.0 ], [ 77.2783037, 10.2364255, 0.0 ], [ 77.2780757, 10.2364806, 0.0 ], [ 77.2777236, 10.2351577, 0.0 ], [ 77.2765459, 10.2350856, 0.0 ], [ 77.2731592, 10.2350083, 0.0 ], [ 77.2716536, 10.2351362, 0.0 ], [ 77.2713763, 10.235413, 0.0 ], [ 77.2692606, 10.2370436, 0.0 ], [ 77.2687547, 10.2348943, 0.0 ], [ 77.2685983, 10.2345876, 0.0 ], [ 77.2647489, 10.2352171, 0.0 ], [ 77.2645504, 10.2323254, 0.0 ], [ 77.2597231, 10.2302741, 0.0 ], [ 77.2595536, 10.2313097, 0.0 ], [ 77.2592022, 10.2347775, 0.0 ], [ 77.258964, 10.2380686, 0.0 ], [ 77.2589325, 10.2381817, 0.0 ], [ 77.2586927, 10.2410434, 0.0 ], [ 77.2586281, 10.2420334, 0.0 ], [ 77.2584225, 10.2442985, 0.0 ], [ 77.2580051, 10.2484354, 0.0 ], [ 77.2580059, 10.2486252, 0.0 ], [ 77.2578799, 10.2500046, 0.0 ], [ 77.2578002, 10.2508766, 0.0 ], [ 77.2577507, 10.2510621, 0.0 ], [ 77.2574691, 10.2514067, 0.0 ], [ 77.2574017, 10.2557038, 0.0 ], [ 77.2571903, 10.2593924, 0.0 ], [ 77.258331, 10.2603376, 0.0 ], [ 77.2590794, 10.2608035, 0.0 ], [ 77.259823, 10.2613553, 0.0 ], [ 77.2615114, 10.2624363, 0.0 ], [ 77.262926, 10.2633319, 0.0 ], [ 77.2624739, 10.2639555, 0.0 ], [ 77.2608117, 10.2660524, 0.0 ], [ 77.2593916, 10.2677923, 0.0 ], [ 77.2580672, 10.2694372, 0.0 ], [ 77.2564735, 10.2714979, 0.0 ], [ 77.2553547, 10.2728988, 0.0 ], [ 77.253359, 10.27566, 0.0 ], [ 77.2527836, 10.2763514, 0.0 ], [ 77.252578, 10.276731, 0.0 ], [ 77.2511304, 10.2784166, 0.0 ], [ 77.250427, 10.2793656, 0.0 ], [ 77.2500012, 10.2799722, 0.0 ], [ 77.2496909, 10.2804152, 0.0 ], [ 77.2493209, 10.281047, 0.0 ], [ 77.2489508, 10.2816789, 0.0 ], [ 77.248525, 10.2822455, 0.0 ], [ 77.2477658, 10.2830303, 0.0 ], [ 77.2471889, 10.283742, 0.0 ], [ 77.2465304, 10.2845988, 0.0 ], [ 77.2464073, 10.2846535, 0.0 ], [ 77.2463672, 10.284875, 0.0 ], [ 77.2463134, 10.2851239, 0.0 ], [ 77.2462419, 10.2855535, 0.0 ], [ 77.2461745, 10.2857978, 0.0 ], [ 77.2460609, 10.2859428, 0.0 ], [ 77.2459293, 10.2861512, 0.0 ], [ 77.2455887, 10.2865909, 0.0 ], [ 77.2454661, 10.2867631, 0.0 ], [ 77.2452617, 10.2870125, 0.0 ], [ 77.244731, 10.2878687, 0.0 ], [ 77.2447056, 10.2883886, 0.0 ], [ 77.244693, 10.2886869, 0.0 ], [ 77.2445985, 10.2890036, 0.0 ], [ 77.2444759, 10.2891713, 0.0 ], [ 77.2442892, 10.289303, 0.0 ], [ 77.2440615, 10.289435, 0.0 ], [ 77.2435422, 10.2896991, 0.0 ], [ 77.2434507, 10.2896542, 0.0 ], [ 77.2433918, 10.2897448, 0.0 ], [ 77.2432598, 10.2898448, 0.0 ], [ 77.2431278, 10.2899447, 0.0 ], [ 77.2429957, 10.2900221, 0.0 ], [ 77.2428637, 10.2901129, 0.0 ], [ 77.2425729, 10.2904711, 0.0 ], [ 77.2424367, 10.2906659, 0.0 ], [ 77.242346, 10.2908244, 0.0 ], [ 77.2422556, 10.2910236, 0.0 ], [ 77.2421613, 10.2914218, 0.0 ], [ 77.2421214, 10.2917518, 0.0 ], [ 77.2420902, 10.2919418, 0.0 ], [ 77.24205, 10.2921589, 0.0 ], [ 77.2419183, 10.2923536, 0.0 ], [ 77.2418229, 10.292467, 0.0 ], [ 77.2416772, 10.2925624, 0.0 ], [ 77.2414406, 10.2927622, 0.0 ], [ 77.2406538, 10.2934928, 0.0 ], [ 77.2405537, 10.2935791, 0.0 ], [ 77.2400952, 10.2942136, 0.0 ], [ 77.2400041, 10.2942953, 0.0 ], [ 77.2398763, 10.2942686, 0.0 ], [ 77.2398446, 10.294332, 0.0 ], [ 77.2393131, 10.2950256, 0.0 ], [ 77.2392452, 10.2951614, 0.0 ], [ 77.2392291, 10.2956993, 0.0 ], [ 77.2392023, 10.2958575, 0.0 ], [ 77.2389789, 10.2959398, 0.0 ], [ 77.2392126, 10.2961739, 0.0 ], [ 77.2393729, 10.2962863, 0.0 ], [ 77.2394969, 10.2964937, 0.0 ], [ 77.2395802, 10.2968052, 0.0 ], [ 77.2397792, 10.2974778, 0.0 ], [ 77.2398348, 10.2976991, 0.0 ], [ 77.2398502, 10.2981555, 0.0 ], [ 77.2398152, 10.2985263, 0.0 ], [ 77.2397017, 10.2986894, 0.0 ], [ 77.2394606, 10.2988937, 0.0 ], [ 77.2392556, 10.2990165, 0.0 ], [ 77.23906, 10.2991753, 0.0 ], [ 77.238796, 10.2993798, 0.0 ], [ 77.237876, 10.2999301, 0.0 ], [ 77.237617, 10.3002203, 0.0 ], [ 77.2374076, 10.3003703, 0.0 ], [ 77.2372342, 10.300389, 0.0 ], [ 77.2370844, 10.3005975, 0.0 ], [ 77.236939, 10.3007743, 0.0 ], [ 77.2367618, 10.3009964, 0.0 ], [ 77.2365582, 10.3014401, 0.0 ], [ 77.236531, 10.3015125, 0.0 ], [ 77.2364769, 10.3016799, 0.0 ], [ 77.2364183, 10.3018565, 0.0 ], [ 77.2363412, 10.3020104, 0.0 ], [ 77.236219, 10.3022729, 0.0 ], [ 77.2361013, 10.3025129, 0.0 ], [ 77.2360337, 10.3027572, 0.0 ], [ 77.235813, 10.3035309, 0.0 ], [ 77.2357102, 10.3041098, 0.0 ], [ 77.2356749, 10.3044037, 0.0 ], [ 77.23569, 10.3047652, 0.0 ], [ 77.2357048, 10.3050544, 0.0 ], [ 77.235692, 10.3052714, 0.0 ], [ 77.235621, 10.3058095, 0.0 ], [ 77.2356266, 10.3060806, 0.0 ], [ 77.2355288, 10.3067453, 0.0 ], [ 77.2354653, 10.3068541, 0.0 ], [ 77.2354755, 10.3071388, 0.0 ], [ 77.2354124, 10.3073514, 0.0 ], [ 77.2353535, 10.3074601, 0.0 ], [ 77.2352766, 10.3076502, 0.0 ], [ 77.2351041, 10.3078814, 0.0 ], [ 77.2349634, 10.3081078, 0.0 ], [ 77.2348453, 10.3082439, 0.0 ], [ 77.2347179, 10.3083528, 0.0 ], [ 77.2345949, 10.3084392, 0.0 ], [ 77.2344674, 10.3085119, 0.0 ], [ 77.2342804, 10.3085533, 0.0 ], [ 77.2341208, 10.3085811, 0.0 ], [ 77.2339197, 10.3085412, 0.0 ], [ 77.2336957, 10.3084562, 0.0 ], [ 77.2332844, 10.3083356, 0.0 ], [ 77.2328865, 10.3081247, 0.0 ], [ 77.2327126, 10.308035, 0.0 ], [ 77.232475, 10.3079772, 0.0 ], [ 77.2322834, 10.3079959, 0.0 ], [ 77.2319778, 10.3080514, 0.0 ], [ 77.231718, 10.3081473, 0.0 ], [ 77.2315996, 10.3082381, 0.0 ], [ 77.2314132, 10.3084241, 0.0 ], [ 77.2312132, 10.3086508, 0.0 ], [ 77.2310817, 10.3088773, 0.0 ], [ 77.2310061, 10.3093928, 0.0 ], [ 77.2308753, 10.3098227, 0.0 ], [ 77.2309543, 10.3101658, 0.0 ], [ 77.2309645, 10.3104415, 0.0 ], [ 77.2309512, 10.3105364, 0.0 ], [ 77.2309542, 10.3113318, 0.0 ], [ 77.2309711, 10.3121453, 0.0 ], [ 77.2309271, 10.3125703, 0.0 ], [ 77.2307998, 10.3127199, 0.0 ], [ 77.2306999, 10.3128559, 0.0 ], [ 77.2305639, 10.3130959, 0.0 ], [ 77.2304279, 10.3133541, 0.0 ], [ 77.2303052, 10.3135127, 0.0 ], [ 77.230146, 10.3136262, 0.0 ], [ 77.2299181, 10.3137356, 0.0 ], [ 77.2291991, 10.3143032, 0.0 ], [ 77.2290623, 10.3143625, 0.0 ], [ 77.2288937, 10.3144355, 0.0 ], [ 77.2286933, 10.3145628, 0.0 ], [ 77.2282514, 10.3147994, 0.0 ], [ 77.2280741, 10.3149854, 0.0 ], [ 77.2278287, 10.3152665, 0.0 ], [ 77.2277471, 10.315416, 0.0 ], [ 77.2276982, 10.3157551, 0.0 ], [ 77.2277037, 10.3160173, 0.0 ], [ 77.2276646, 10.3164965, 0.0 ], [ 77.2276428, 10.3167768, 0.0 ], [ 77.2276395, 10.3171112, 0.0 ], [ 77.2277733, 10.3174858, 0.0 ], [ 77.2279204, 10.3177383, 0.0 ], [ 77.2280127, 10.3179866, 0.0 ], [ 77.2280042, 10.3181629, 0.0 ], [ 77.2279872, 10.3184884, 0.0 ], [ 77.227956, 10.3187054, 0.0 ], [ 77.2279339, 10.3188862, 0.0 ], [ 77.2278257, 10.3192302, 0.0 ], [ 77.227739, 10.319244, 0.0 ], [ 77.2277032, 10.319425, 0.0 ], [ 77.2276399, 10.3195924, 0.0 ], [ 77.2276085, 10.3197372, 0.0 ], [ 77.2276185, 10.3199541, 0.0 ], [ 77.227738, 10.3201796, 0.0 ], [ 77.2278618, 10.3203283, 0.0 ], [ 77.2279813, 10.3205176, 0.0 ], [ 77.2283113, 10.3208689, 0.0 ], [ 77.2286231, 10.3212202, 0.0 ], [ 77.2288111, 10.3214229, 0.0 ], [ 77.2294298, 10.3220488, 0.0 ], [ 77.2295126, 10.3222112, 0.0 ], [ 77.2295725, 10.3223601, 0.0 ], [ 77.229573, 10.3224775, 0.0 ], [ 77.2295552, 10.3226313, 0.0 ], [ 77.2293509, 10.3229077, 0.0 ], [ 77.2292738, 10.3230346, 0.0 ], [ 77.2291375, 10.3232023, 0.0 ], [ 77.2290794, 10.3235506, 0.0 ], [ 77.2290897, 10.3238217, 0.0 ], [ 77.2291045, 10.3241154, 0.0 ], [ 77.2292011, 10.3243004, 0.0 ], [ 77.229275, 10.3245261, 0.0 ], [ 77.2293856, 10.3247923, 0.0 ], [ 77.2294595, 10.3250225, 0.0 ], [ 77.2294658, 10.3254789, 0.0 ], [ 77.2294164, 10.3256915, 0.0 ], [ 77.2293717, 10.3259358, 0.0 ], [ 77.2291713, 10.3260405, 0.0 ], [ 77.2290211, 10.3261676, 0.0 ], [ 77.2284345, 10.3267754, 0.0 ], [ 77.2282212, 10.327088, 0.0 ], [ 77.2281671, 10.3272691, 0.0 ], [ 77.2281733, 10.3276848, 0.0 ], [ 77.2282706, 10.3280776, 0.0 ], [ 77.2285366, 10.328384, 0.0 ], [ 77.2290541, 10.3288113, 0.0 ], [ 77.2293983, 10.3292801, 0.0 ], [ 77.2292588, 10.3298138, 0.0 ], [ 77.2292017, 10.330388, 0.0 ], [ 77.2292119, 10.3306547, 0.0 ], [ 77.2293549, 10.3310383, 0.0 ], [ 77.2299012, 10.3318135, 0.0 ], [ 77.230135, 10.3320974, 0.0 ], [ 77.2302002, 10.3324045, 0.0 ], [ 77.2303383, 10.3327022, 0.0 ], [ 77.2306191, 10.3333023, 0.0 ], [ 77.2309025, 10.3334097, 0.0 ], [ 77.2310858, 10.3335988, 0.0 ], [ 77.2315712, 10.3339631, 0.0 ], [ 77.2319737, 10.3341558, 0.0 ], [ 77.2322575, 10.3343446, 0.0 ], [ 77.2328753, 10.33474, 0.0 ], [ 77.233173, 10.3349919, 0.0 ], [ 77.2333438, 10.3354613, 0.0 ], [ 77.2333172, 10.3356738, 0.0 ], [ 77.2332231, 10.3361306, 0.0 ], [ 77.2331301, 10.3368631, 0.0 ], [ 77.2331689, 10.3374595, 0.0 ], [ 77.2330647, 10.3376588, 0.0 ], [ 77.2330464, 10.3376498, 0.0 ], [ 77.2332843, 10.3377755, 0.0 ], [ 77.2337322, 10.3379274, 0.0 ], [ 77.2341483, 10.3380795, 0.0 ], [ 77.2346231, 10.3380912, 0.0 ], [ 77.2350524, 10.3381393, 0.0 ], [ 77.2353903, 10.338138, 0.0 ], [ 77.236191, 10.338614, 0.0 ], [ 77.2363747, 10.338889, 0.0 ], [ 77.2364129, 10.3393137, 0.0 ], [ 77.2363271, 10.3395536, 0.0 ], [ 77.2362374, 10.3399833, 0.0 ], [ 77.2360407, 10.3410506, 0.0 ], [ 77.2359929, 10.3416564, 0.0 ], [ 77.2359944, 10.3432337, 0.0 ], [ 77.2359916, 10.3448652, 0.0 ], [ 77.2360072, 10.3465284, 0.0 ], [ 77.2356725, 10.3473476, 0.0 ], [ 77.2355191, 10.3478001, 0.0 ], [ 77.2354926, 10.3480308, 0.0 ], [ 77.2354343, 10.3483066, 0.0 ], [ 77.235409, 10.3488581, 0.0 ], [ 77.2354106, 10.3492422, 0.0 ], [ 77.2353385, 10.3494911, 0.0 ], [ 77.2353389, 10.349586, 0.0 ], [ 77.2352024, 10.3497086, 0.0 ], [ 77.2351673, 10.3512544, 0.0 ], [ 77.2353468, 10.3516514, 0.0 ], [ 77.2358414, 10.3520066, 0.0 ], [ 77.2356459, 10.3522513, 0.0 ], [ 77.2355729, 10.3522516, 0.0 ], [ 77.2354633, 10.3522385, 0.0 ], [ 77.2349744, 10.3521319, 0.0 ], [ 77.2345855, 10.3519435, 0.0 ], [ 77.2343573, 10.3519308, 0.0 ], [ 77.2337089, 10.3519333, 0.0 ], [ 77.2333118, 10.3519439, 0.0 ], [ 77.2330152, 10.3519857, 0.0 ], [ 77.2325317, 10.3520914, 0.0 ], [ 77.231715, 10.3522482, 0.0 ], [ 77.2310946, 10.3523681, 0.0 ], [ 77.2305789, 10.3524198, 0.0 ], [ 77.2302824, 10.3524887, 0.0 ], [ 77.2296619, 10.3525859, 0.0 ], [ 77.2293107, 10.3527002, 0.0 ], [ 77.2293564, 10.3527091, 0.0 ], [ 77.2291739, 10.3527098, 0.0 ], [ 77.2289277, 10.3528057, 0.0 ], [ 77.2284534, 10.3529385, 0.0 ], [ 77.2280201, 10.3530441, 0.0 ], [ 77.2278283, 10.3530403, 0.0 ], [ 77.2276141, 10.3531541, 0.0 ], [ 77.2272399, 10.3531827, 0.0 ], [ 77.2264508, 10.3533664, 0.0 ], [ 77.2262364, 10.3534214, 0.0 ], [ 77.2255792, 10.3534737, 0.0 ], [ 77.2245932, 10.353527, 0.0 ], [ 77.2236347, 10.353594, 0.0 ], [ 77.2230139, 10.3536235, 0.0 ], [ 77.2226168, 10.3536611, 0.0 ], [ 77.2217446, 10.3536057, 0.0 ], [ 77.2209452, 10.3534731, 0.0 ], [ 77.2202052, 10.3533764, 0.0 ], [ 77.2198535, 10.3533506, 0.0 ], [ 77.2194561, 10.3532934, 0.0 ], [ 77.219045, 10.3532317, 0.0 ], [ 77.2182461, 10.3532482, 0.0 ], [ 77.2165743, 10.3530466, 0.0 ], [ 77.2153738, 10.3531053, 0.0 ], [ 77.2150126, 10.3529665, 0.0 ], [ 77.2148531, 10.3530621, 0.0 ], [ 77.2140729, 10.3531644, 0.0 ], [ 77.2124929, 10.3530845, 0.0 ], [ 77.211731, 10.3532229, 0.0 ], [ 77.2107992, 10.3531134, 0.0 ], [ 77.2102331, 10.3531246, 0.0 ], [ 77.2093926, 10.3530238, 0.0 ], [ 77.2081655, 10.3532814, 0.0 ], [ 77.2071302, 10.353561, 0.0 ], [ 77.2061953, 10.3538084, 0.0 ], [ 77.2058023, 10.3537376, 0.0 ], [ 77.2055514, 10.3537928, 0.0 ], [ 77.2050309, 10.3537766, 0.0 ], [ 77.2046523, 10.3538549, 0.0 ], [ 77.2043426, 10.3540549, 0.0 ], [ 77.2043016, 10.3541002, 0.0 ], [ 77.2039242, 10.3544993, 0.0 ], [ 77.2037746, 10.3547666, 0.0 ], [ 77.2037927, 10.3547394, 0.0 ], [ 77.2036931, 10.3549567, 0.0 ], [ 77.203517, 10.3554906, 0.0 ], [ 77.2034095, 10.3560288, 0.0 ], [ 77.2031198, 10.3566762, 0.0 ], [ 77.2029612, 10.3569977, 0.0 ], [ 77.2027522, 10.3572787, 0.0 ], [ 77.2024428, 10.3575375, 0.0 ], [ 77.2020641, 10.3576292, 0.0 ], [ 77.2015529, 10.3576538, 0.0 ], [ 77.2008908, 10.3576155, 0.0 ], [ 77.2003882, 10.3575089, 0.0 ], [ 77.1995104, 10.3571912, 0.0 ], [ 77.1987241, 10.3569185, 0.0 ], [ 77.1981298, 10.3567309, 0.0 ], [ 77.1976676, 10.3564343, 0.0 ], [ 77.1973007, 10.3560198, 0.0 ], [ 77.1969932, 10.355569, 0.0 ], [ 77.196846, 10.3552758, 0.0 ], [ 77.1960487, 10.3545059, 0.0 ], [ 77.195437, 10.3545353, 0.0 ], [ 77.1944971, 10.354697, 0.0 ], [ 77.1924124, 10.3551566, 0.0 ], [ 77.1909482, 10.355528, 0.0 ], [ 77.189282, 10.3555748, 0.0 ], [ 77.1884696, 10.3556366, 0.0 ], [ 77.1871586, 10.3554741, 0.0 ], [ 77.1858497, 10.3558586, 0.0 ], [ 77.1849744, 10.3561827, 0.0 ], [ 77.1832598, 10.3567403, 0.0 ], [ 77.1817363, 10.3571119, 0.0 ], [ 77.179642, 10.3574495, 0.0 ], [ 77.1782422, 10.3579472, 0.0 ], [ 77.176778, 10.3583186, 0.0 ] ] ], [ [ [ 75.47073, 12.2997491, 0.0 ], [ 75.4705999, 12.3004357, 0.0 ], [ 75.4701489, 12.3007106, 0.0 ], [ 75.4695377, 12.3006597, 0.0 ], [ 75.4687114, 12.3001428, 0.0 ], [ 75.4677294, 12.2993137, 0.0 ], [ 75.4671966, 12.2991048, 0.0 ], [ 75.4661025, 12.2991659, 0.0 ], [ 75.4651422, 12.2989922, 0.0 ], [ 75.4637371, 12.2983025, 0.0 ], [ 75.4629213, 12.297171, 0.0 ], [ 75.4623119, 12.2962071, 0.0 ], [ 75.4614443, 12.2957081, 0.0 ], [ 75.461082, 12.2952826, 0.0 ], [ 75.46039, 12.2943186, 0.0 ], [ 75.4599033, 12.2940419, 0.0 ], [ 75.4594067, 12.2941312, 0.0 ], [ 75.4586474, 12.2945727, 0.0 ], [ 75.4569091, 12.2950121, 0.0 ], [ 75.4546696, 12.2955229, 0.0 ], [ 75.4512351, 12.2959679, 0.0 ], [ 75.4488207, 12.2965912, 0.0 ], [ 75.4472107, 12.2971664, 0.0 ], [ 75.4457343, 12.2976335, 0.0 ], [ 75.4449901, 12.2974421, 0.0 ], [ 75.4429094, 12.2967147, 0.0 ], [ 75.4412045, 12.2966027, 0.0 ], [ 75.439678, 12.2968165, 0.0 ], [ 75.437589, 12.2978335, 0.0 ], [ 75.4363512, 12.2984502, 0.0 ], [ 75.4356847, 12.2984895, 0.0 ], [ 75.4340776, 12.2976861, 0.0 ], [ 75.4330166, 12.2973449, 0.0 ], [ 75.432552, 12.2974976, 0.0 ], [ 75.4316769, 12.2983138, 0.0 ], [ 75.4310461, 12.2988007, 0.0 ], [ 75.430085, 12.2990111, 0.0 ], [ 75.4285278, 12.2985558, 0.0 ], [ 75.4273803, 12.2978076, 0.0 ], [ 75.4271657, 12.2971789, 0.0 ], [ 75.426879, 12.2958902, 0.0 ], [ 75.4265991, 12.2956139, 0.0 ], [ 75.4259881, 12.2954997, 0.0 ], [ 75.4246596, 12.2955962, 0.0 ], [ 75.4236485, 12.2955037, 0.0 ], [ 75.4228404, 12.2950952, 0.0 ], [ 75.4223593, 12.2944298, 0.0 ], [ 75.4213759, 12.2922674, 0.0 ], [ 75.4210967, 12.2917108, 0.0 ], [ 75.4204034, 12.2913975, 0.0 ], [ 75.419507, 12.2914407, 0.0 ], [ 75.4179485, 12.2916137, 0.0 ], [ 75.4154817, 12.2909349, 0.0 ], [ 75.4144392, 12.2905756, 0.0 ], [ 75.4139241, 12.2906694, 0.0 ], [ 75.4135599, 12.2912019, 0.0 ], [ 75.4136224, 12.2920472, 0.0 ], [ 75.4137273, 12.2923593, 0.0 ], [ 75.4135103, 12.2927927, 0.0 ], [ 75.4129943, 12.2933521, 0.0 ], [ 75.4122527, 12.2940781, 0.0 ], [ 75.4117275, 12.2946012, 0.0 ], [ 75.4110832, 12.2949569, 0.0 ], [ 75.4102094, 12.2951765, 0.0 ], [ 75.4095062, 12.2951613, 0.0 ], [ 75.4085233, 12.2948429, 0.0 ], [ 75.4076652, 12.2941901, 0.0 ], [ 75.407041, 12.2938181, 0.0 ], [ 75.4064714, 12.2936316, 0.0 ], [ 75.4056027, 12.2936523, 0.0 ], [ 75.4048393, 12.2938179, 0.0 ], [ 75.4037772, 12.2939692, 0.0 ], [ 75.4029823, 12.2938409, 0.0 ], [ 75.4018893, 12.2934497, 0.0 ], [ 75.4009199, 12.2932397, 0.0 ], [ 75.400543, 12.2932615, 0.0 ], [ 75.3993287, 12.2936339, 0.0 ], [ 75.3985143, 12.2939892, 0.0 ], [ 75.3974111, 12.2940454, 0.0 ], [ 75.39635, 12.2937448, 0.0 ], [ 75.3955379, 12.2931148, 0.0 ], [ 75.3946629, 12.2918247, 0.0 ], [ 75.3939665, 12.2908741, 0.0 ], [ 75.3934159, 12.2904841, 0.0 ], [ 75.3928603, 12.2902208, 0.0 ], [ 75.3923133, 12.2902376, 0.0 ], [ 75.3922662, 12.2902597, 0.0 ], [ 75.3917842, 12.290485, 0.0 ], [ 75.3913238, 12.2908004, 0.0 ], [ 75.3911158, 12.2912654, 0.0 ], [ 75.391233, 12.2923097, 0.0 ], [ 75.3916453, 12.2948868, 0.0 ], [ 75.3915886, 12.2955013, 0.0 ], [ 75.3914768, 12.2961519, 0.0 ], [ 75.3912512, 12.2963412, 0.0 ], [ 75.3907539, 12.2967107, 0.0 ], [ 75.3898853, 12.2966409, 0.0 ], [ 75.388976, 12.2963406, 0.0 ], [ 75.387833, 12.2956691, 0.0 ], [ 75.3869434, 12.2947903, 0.0 ], [ 75.3864859, 12.2938402, 0.0 ], [ 75.3861663, 12.2929672, 0.0 ], [ 75.3860491, 12.2919409, 0.0 ], [ 75.3862225, 12.2905538, 0.0 ], [ 75.3866204, 12.2894158, 0.0 ], [ 75.3870217, 12.2888427, 0.0 ], [ 75.38734, 12.2883236, 0.0 ], [ 75.387396, 12.2879486, 0.0 ], [ 75.3873045, 12.2877812, 0.0 ], [ 75.3868679, 12.2877622, 0.0 ], [ 75.386146, 12.2878735, 0.0 ], [ 75.3850058, 12.2880427, 0.0 ], [ 75.3844408, 12.2879103, 0.0 ], [ 75.3838164, 12.2875789, 0.0 ], [ 75.3830415, 12.2868088, 0.0 ], [ 75.3823361, 12.2857452, 0.0 ], [ 75.3820337, 12.2853558, 0.0 ], [ 75.3813312, 12.2850197, 0.0 ], [ 75.3801369, 12.2847549, 0.0 ], [ 75.3789608, 12.2845352, 0.0 ], [ 75.37835, 12.2843259, 0.0 ], [ 75.3774596, 12.2837905, 0.0 ], [ 75.3763805, 12.2833407, 0.0 ], [ 75.3757189, 12.2832668, 0.0 ], [ 75.3748082, 12.2835268, 0.0 ], [ 75.3735146, 12.2844051, 0.0 ], [ 75.3724186, 12.2852795, 0.0 ], [ 75.3717926, 12.2856757, 0.0 ], [ 75.3709375, 12.2857279, 0.0 ], [ 75.3703489, 12.2858396, 0.0 ], [ 75.3692525, 12.2850009, 0.0 ], [ 75.3686981, 12.28429, 0.0 ], [ 75.3683377, 12.2831548, 0.0 ], [ 75.3682019, 12.2823048, 0.0 ], [ 75.3680327, 12.2819157, 0.0 ], [ 75.3676705, 12.2815397, 0.0 ], [ 75.3667433, 12.2810359, 0.0 ], [ 75.3662485, 12.2803794, 0.0 ], [ 75.366008, 12.2790998, 0.0 ], [ 75.3657018, 12.2783895, 0.0 ], [ 75.3653217, 12.2778101, 0.0 ], [ 75.364679, 12.2775283, 0.0 ], [ 75.3634665, 12.2771549, 0.0 ], [ 75.3622353, 12.2769125, 0.0 ], [ 75.3606186, 12.2765019, 0.0 ], [ 75.3594247, 12.27602, 0.0 ], [ 75.3586124, 12.27553, 0.0 ], [ 75.3579113, 12.2746968, 0.0 ], [ 75.3565442, 12.2736675, 0.0 ], [ 75.3537951, 12.2720701, 0.0 ], [ 75.3501543, 12.2705157, 0.0 ], [ 75.3477494, 12.2691586, 0.0 ], [ 75.3465155, 12.2681839, 0.0 ], [ 75.3459105, 12.2675, 0.0 ], [ 75.3454562, 12.2672368, 0.0 ], [ 75.344923, 12.2672897, 0.0 ], [ 75.3436894, 12.2680188, 0.0 ], [ 75.342005, 12.2689504, 0.0 ], [ 75.3406945, 12.2691912, 0.0 ], [ 75.3395042, 12.2691748, 0.0 ], [ 75.3377728, 12.2687096, 0.0 ], [ 75.3348391, 12.267455, 0.0 ], [ 75.3337375, 12.2668783, 0.0 ], [ 75.3327272, 12.2665775, 0.0 ], [ 75.330908, 12.2662974, 0.0 ], [ 75.3292024, 12.2665055, 0.0 ], [ 75.3284106, 12.2670234, 0.0 ], [ 75.3278932, 12.2680345, 0.0 ], [ 75.3277664, 12.2691189, 0.0 ], [ 75.3275334, 12.2703476, 0.0 ], [ 75.3271967, 12.2708123, 0.0 ], [ 75.3246883, 12.2722117, 0.0 ], [ 75.3232705, 12.2730488, 0.0 ], [ 75.3220751, 12.2732582, 0.0 ], [ 75.3215116, 12.2734806, 0.0 ], [ 75.3209939, 12.2736849, 0.0 ], [ 75.3201975, 12.2741891, 0.0 ], [ 75.3190574, 12.2742811, 0.0 ], [ 75.318282, 12.2737775, 0.0 ], [ 75.3164971, 12.2726386, 0.0 ], [ 75.3142669, 12.2713178, 0.0 ], [ 75.3131143, 12.2709578, 0.0 ], [ 75.3108205, 12.2711057, 0.0 ], [ 75.3088849, 12.2713674, 0.0 ], [ 75.3078408, 12.2716495, 0.0 ], [ 75.3071241, 12.2715528, 0.0 ], [ 75.3054347, 12.2708433, 0.0 ], [ 75.3046776, 12.270394, 0.0 ], [ 75.3037265, 12.270265, 0.0 ], [ 75.3018147, 12.2702104, 0.0 ], [ 75.3001649, 12.2701384, 0.0 ], [ 75.2990629, 12.2697785, 0.0 ], [ 75.297663, 12.2690879, 0.0 ], [ 75.2966956, 12.2681905, 0.0 ], [ 75.2957483, 12.266683, 0.0 ], [ 75.2941203, 12.2653817, 0.0 ], [ 75.2929236, 12.2643165, 0.0 ], [ 75.2918037, 12.2637396, 0.0 ], [ 75.2907394, 12.2630454, 0.0 ], [ 75.2901294, 12.2625827, 0.0 ], [ 75.2896394, 12.2619262, 0.0 ], [ 75.2894699, 12.2617404, 0.0 ], [ 75.2886744, 12.2619056, 0.0 ], [ 75.288292, 12.2622435, 0.0 ], [ 75.2877874, 12.2619078, 0.0 ], [ 75.287742, 12.2616681, 0.0 ], [ 75.2875226, 12.2612562, 0.0 ], [ 75.2872665, 12.260781, 0.0 ], [ 75.2872301, 12.2606453, 0.0 ], [ 75.2871248, 12.260505, 0.0 ], [ 75.2869201, 12.259727, 0.0 ], [ 75.2868947, 12.258918, 0.0 ], [ 75.2870552, 12.2573637, 0.0 ], [ 75.287061, 12.2569298, 0.0 ], [ 75.2869788, 12.2567126, 0.0 ], [ 75.2870846, 12.2566813, 0.0 ], [ 75.2871965, 12.2561076, 0.0 ], [ 75.2874969, 12.2554667, 0.0 ], [ 75.2879077, 12.2547989, 0.0 ], [ 75.2884106, 12.2541041, 0.0 ], [ 75.28866, 12.2536438, 0.0 ], [ 75.288839, 12.2512272, 0.0 ], [ 75.2889522, 12.2501635, 0.0 ], [ 75.2889417, 12.2500145, 0.0 ], [ 75.2889407, 12.2500002, 0.0 ], [ 75.2890694, 12.2493967, 0.0 ], [ 75.2896028, 12.2485788, 0.0 ], [ 75.2897409, 12.2478557, 0.0 ], [ 75.2901318, 12.2471055, 0.0 ], [ 75.2902468, 12.2466761, 0.0 ], [ 75.2902011, 12.2460388, 0.0 ], [ 75.2902471, 12.2457676, 0.0 ], [ 75.2904773, 12.2446332, 0.0 ], [ 75.2910106, 12.2440187, 0.0 ], [ 75.2914933, 12.2435217, 0.0 ], [ 75.2913326, 12.2431103, 0.0 ], [ 75.2908046, 12.2415915, 0.0 ], [ 75.2906669, 12.2410671, 0.0 ], [ 75.2909888, 12.2403215, 0.0 ], [ 75.291081, 12.2396842, 0.0 ], [ 75.2910122, 12.2391599, 0.0 ], [ 75.2906908, 12.2383914, 0.0 ], [ 75.2905761, 12.2377766, 0.0 ], [ 75.2906682, 12.2373473, 0.0 ], [ 75.2909257, 12.2367688, 0.0 ], [ 75.2906089, 12.235919, 0.0 ], [ 75.2892263, 12.2342823, 0.0 ], [ 75.2885188, 12.2338663, 0.0 ], [ 75.2872094, 12.2330613, 0.0 ], [ 75.2863639, 12.2329932, 0.0 ], [ 75.2832483, 12.2329559, 0.0 ], [ 75.2818329, 12.2331317, 0.0 ], [ 75.2815526, 12.2330593, 0.0 ], [ 75.2810563, 12.2328873, 0.0 ], [ 75.2758549, 12.2317373, 0.0 ], [ 75.2755749, 12.2310909, 0.0 ], [ 75.2738427, 12.2305659, 0.0 ], [ 75.2733098, 12.230186, 0.0 ], [ 75.2728504, 12.2297339, 0.0 ], [ 75.2725703, 12.2292095, 0.0 ], [ 75.272286, 12.2278534, 0.0 ], [ 75.2712247, 12.2274326, 0.0 ], [ 75.2695614, 12.2270523, 0.0 ], [ 75.2682198, 12.2265636, 0.0 ], [ 75.2647512, 12.224822, 0.0 ], [ 75.2627336, 12.2254494, 0.0 ], [ 75.2617824, 12.2254806, 0.0 ], [ 75.2611438, 12.2252724, 0.0 ], [ 75.260859, 12.224992, 0.0 ], [ 75.2582089, 12.222071, 0.0 ], [ 75.2568995, 12.2217224, 0.0 ], [ 75.2533986, 12.2205004, 0.0 ], [ 75.2529025, 12.2200844, 0.0 ], [ 75.2521263, 12.219388, 0.0 ], [ 75.2506414, 12.2207071, 0.0 ], [ 75.2501452, 12.2207068, 0.0 ], [ 75.2500414, 12.2205394, 0.0 ], [ 75.2499987, 12.2205218, 0.0 ], [ 75.24823, 12.2197938, 0.0 ], [ 75.2477152, 12.2195137, 0.0 ], [ 75.2472051, 12.2194009, 0.0 ], [ 75.2466076, 12.2190397, 0.0 ], [ 75.2459826, 12.2188455, 0.0 ], [ 75.2442778, 12.2185931, 0.0 ], [ 75.2431427, 12.2185077, 0.0 ], [ 75.2425177, 12.2182277, 0.0 ], [ 75.2420627, 12.2182596, 0.0 ], [ 75.241438, 12.2185355, 0.0 ], [ 75.2408959, 12.2187618, 0.0 ], [ 75.2403307, 12.2188749, 0.0 ], [ 75.2396735, 12.2187893, 0.0 ], [ 75.2391358, 12.2185364, 0.0 ], [ 75.2386808, 12.218288, 0.0 ], [ 75.2382258, 12.2180938, 0.0 ], [ 75.2376285, 12.2180353, 0.0 ], [ 75.2371184, 12.2181485, 0.0 ], [ 75.2369703, 12.2183105, 0.0 ], [ 75.2362963, 12.2190483, 0.0 ], [ 75.2357818, 12.2194101, 0.0 ], [ 75.2352166, 12.2196091, 0.0 ], [ 75.2334528, 12.2213996, 0.0 ], [ 75.2329429, 12.2217343, 0.0 ], [ 75.2323456, 12.2219289, 0.0 ], [ 75.2318356, 12.2219019, 0.0 ], [ 75.2315782, 12.2220151, 0.0 ], [ 75.2312933, 12.2217891, 0.0 ], [ 75.2309531, 12.2213147, 0.0 ], [ 75.2305256, 12.2207543, 0.0 ], [ 75.2303278, 12.2205601, 0.0 ], [ 75.2298452, 12.2201128, 0.0 ], [ 75.2294178, 12.2197197, 0.0 ], [ 75.2291925, 12.2195254, 0.0 ], [ 75.2286548, 12.2192726, 0.0 ], [ 75.2282273, 12.2190512, 0.0 ], [ 75.22797, 12.2188841, 0.0 ], [ 75.228025, 12.2186038, 0.0 ], [ 75.2279144, 12.2175145, 0.0 ], [ 75.2275145, 12.2171215, 0.0 ], [ 75.2269445, 12.2168414, 0.0 ], [ 75.2263196, 12.2166473, 0.0 ], [ 75.2257818, 12.2164531, 0.0 ], [ 75.2251844, 12.2161731, 0.0 ], [ 75.2231388, 12.2136562, 0.0 ], [ 75.222256, 12.2120338, 0.0 ], [ 75.221603, 12.2104702, 0.0 ], [ 75.2212027, 12.2091551, 0.0 ], [ 75.2209498, 12.2084862, 0.0 ], [ 75.2206923, 12.2079258, 0.0 ], [ 75.2201821, 12.2074243, 0.0 ], [ 75.2197547, 12.2069769, 0.0 ], [ 75.2188171, 12.2062766, 0.0 ], [ 75.2177968, 12.205495, 0.0 ], [ 75.2173694, 12.2051336, 0.0 ], [ 75.2168591, 12.2046863, 0.0 ], [ 75.2164868, 12.2042118, 0.0 ], [ 75.2160593, 12.2036515, 0.0 ], [ 75.215834, 12.2031182, 0.0 ], [ 75.2153515, 12.2026437, 0.0 ], [ 75.2147265, 12.2024496, 0.0 ], [ 75.214244, 12.2022802, 0.0 ], [ 75.2137615, 12.2021109, 0.0 ], [ 75.2127091, 12.2017225, 0.0 ], [ 75.2119968, 12.2012165, 0.0 ], [ 75.2116844, 12.2011352, 0.0 ], [ 75.2112891, 12.2009681, 0.0 ], [ 75.2106641, 12.2004349, 0.0 ], [ 75.2101218, 12.1999605, 0.0 ], [ 75.2095243, 12.1995403, 0.0 ], [ 75.2090143, 12.1993732, 0.0 ], [ 75.2085869, 12.1990931, 0.0 ], [ 75.2083019, 12.1987045, 0.0 ], [ 75.2083018, 12.1981711, 0.0 ], [ 75.2081592, 12.1976966, 0.0 ], [ 75.2077915, 12.1973351, 0.0 ], [ 75.2072768, 12.196942, 0.0 ], [ 75.2069091, 12.1965805, 0.0 ], [ 75.2068538, 12.195767, 0.0 ], [ 75.2065412, 12.1950981, 0.0 ], [ 75.2060264, 12.194592, 0.0 ], [ 75.2056588, 12.1942577, 0.0 ], [ 75.205144, 12.1938962, 0.0 ], [ 75.2047487, 12.1933359, 0.0 ], [ 75.204551, 12.1928025, 0.0 ], [ 75.2044359, 12.1920794, 0.0 ], [ 75.2041234, 12.1915461, 0.0 ], [ 75.2038982, 12.1913519, 0.0 ], [ 75.2025611, 12.1913251, 0.0 ], [ 75.2018765, 12.1912981, 0.0 ], [ 75.2010541, 12.1910452, 0.0 ], [ 75.2002868, 12.190964, 0.0 ], [ 75.1999192, 12.1910184, 0.0 ], [ 75.1990371, 12.1914118, 0.0 ], [ 75.1977875, 12.1918596, 0.0 ], [ 75.1969054, 12.1920542, 0.0 ], [ 75.1962806, 12.1922757, 0.0 ], [ 75.1955408, 12.192276, 0.0 ], [ 75.1953434, 12.1926692, 0.0 ], [ 75.1946911, 12.193031, 0.0 ], [ 75.1940938, 12.1932842, 0.0 ], [ 75.1934092, 12.1933929, 0.0 ], [ 75.1928441, 12.1934517, 0.0 ], [ 75.1914795, 12.1933932, 0.0 ], [ 75.1902297, 12.1931992, 0.0 ], [ 75.1889524, 12.1930323, 0.0 ], [ 75.1877577, 12.1927251, 0.0 ], [ 75.1838382, 12.1910761, 0.0 ], [ 75.1831536, 12.190909, 0.0 ], [ 75.1826436, 12.1908233, 0.0 ], [ 75.1821014, 12.1907691, 0.0 ], [ 75.1815363, 12.1908551, 0.0 ], [ 75.1810815, 12.191384, 0.0 ], [ 75.1804291, 12.1915513, 0.0 ], [ 75.1798318, 12.1914972, 0.0 ], [ 75.1786647, 12.19105, 0.0 ], [ 75.1782143, 12.1907427, 0.0 ], [ 75.1770473, 12.1902682, 0.0 ], [ 75.1758801, 12.189934, 0.0 ], [ 75.1752277, 12.1898753, 0.0 ], [ 75.1743456, 12.1897624, 0.0 ], [ 75.1734083, 12.1898756, 0.0 ], [ 75.1727283, 12.1898757, 0.0 ], [ 75.1726731, 12.1893469, 0.0 ], [ 75.1728154, 12.1889807, 0.0 ], [ 75.1730957, 12.1885333, 0.0 ], [ 75.1732157, 12.1883838, 0.0 ], [ 75.173408, 12.1881445, 0.0 ], [ 75.1738629, 12.1877512, 0.0 ], [ 75.1742625, 12.1873895, 0.0 ], [ 75.1744324, 12.1868019, 0.0 ], [ 75.1745196, 12.1862143, 0.0 ], [ 75.1746344, 12.185794, 0.0 ], [ 75.1748319, 12.1853735, 0.0 ], [ 75.1753142, 12.1848447, 0.0 ], [ 75.1757139, 12.1845102, 0.0 ], [ 75.1760262, 12.1840897, 0.0 ], [ 75.1763109, 12.1831677, 0.0 ], [ 75.1767335, 12.1824941, 0.0 ], [ 75.1770183, 12.1819065, 0.0 ], [ 75.1771881, 12.1813189, 0.0 ], [ 75.1775005, 12.1808443, 0.0 ], [ 75.1780379, 12.1802566, 0.0 ], [ 75.1785249, 12.179809, 0.0 ], [ 75.1787499, 12.1795559, 0.0 ], [ 75.1789199, 12.1792213, 0.0 ], [ 75.1791495, 12.1787467, 0.0 ], [ 75.1792321, 12.1781591, 0.0 ], [ 75.1794341, 12.1772641, 0.0 ], [ 75.1795443, 12.1768166, 0.0 ], [ 75.1796867, 12.1765092, 0.0 ], [ 75.1799991, 12.1762877, 0.0 ], [ 75.1803987, 12.1762018, 0.0 ], [ 75.1807663, 12.176369, 0.0 ], [ 75.1811385, 12.1766762, 0.0 ], [ 75.1813911, 12.1767034, 0.0 ], [ 75.1815061, 12.1765949, 0.0 ], [ 75.181506, 12.1761745, 0.0 ], [ 75.1815334, 12.1756999, 0.0 ], [ 75.181933, 12.175058, 0.0 ], [ 75.182328, 12.1747189, 0.0 ], [ 75.1826404, 12.1743573, 0.0 ], [ 75.18287, 12.1738826, 0.0 ], [ 75.1830123, 12.173408, 0.0 ], [ 75.1831823, 12.1730148, 0.0 ], [ 75.1835222, 12.1725401, 0.0 ], [ 75.1840596, 12.1719253, 0.0 ], [ 75.184799, 12.1710844, 0.0 ], [ 75.1850126, 12.1707906, 0.0 ], [ 75.1852262, 12.1704968, 0.0 ], [ 75.1855385, 12.1700222, 0.0 ], [ 75.1857957, 12.1696018, 0.0 ], [ 75.1860805, 12.1691, 0.0 ], [ 75.1862503, 12.1687067, 0.0 ], [ 75.1863926, 12.1681779, 0.0 ], [ 75.1865626, 12.1676445, 0.0 ], [ 75.1867049, 12.16731, 0.0 ], [ 75.1869851, 12.1668896, 0.0 ], [ 75.1873571, 12.166442, 0.0 ], [ 75.1876694, 12.1660216, 0.0 ], [ 75.1878392, 12.165547, 0.0 ], [ 75.1878116, 12.1650725, 0.0 ], [ 75.188009, 12.164539, 0.0 ], [ 75.1882111, 12.1640102, 0.0 ], [ 75.1883488, 12.1635084, 0.0 ], [ 75.1883487, 12.1630293, 0.0 ], [ 75.1882108, 12.1623875, 0.0 ], [ 75.1882107, 12.1620801, 0.0 ], [ 75.1882657, 12.1615785, 0.0 ], [ 75.1883804, 12.1610451, 0.0 ], [ 75.1884907, 12.1607378, 0.0 ], [ 75.1886927, 12.1603761, 0.0 ], [ 75.1888626, 12.1600415, 0.0 ], [ 75.1890877, 12.1596754, 0.0 ], [ 75.1893126, 12.159255, 0.0 ], [ 75.1894871, 12.1586945, 0.0 ], [ 75.189657, 12.1583329, 0.0 ], [ 75.1897396, 12.1579396, 0.0 ], [ 75.1899094, 12.1574108, 0.0 ], [ 75.1900793, 12.1567961, 0.0 ], [ 75.1902813, 12.1561813, 0.0 ], [ 75.1904236, 12.1557067, 0.0 ], [ 75.1904786, 12.1551734, 0.0 ], [ 75.1904786, 12.1546988, 0.0 ], [ 75.1904785, 12.1546987, 0.0 ], [ 75.1904233, 12.1541654, 0.0 ], [ 75.1904232, 12.1539123, 0.0 ], [ 75.1904231, 12.1532976, 0.0 ], [ 75.1905102, 12.1526557, 0.0 ], [ 75.1905377, 12.1519823, 0.0 ], [ 75.1905927, 12.1513675, 0.0 ], [ 75.1907349, 12.1507799, 0.0 ], [ 75.1907624, 12.1501968, 0.0 ], [ 75.1907347, 12.1495505, 0.0 ], [ 75.1907621, 12.1489946, 0.0 ], [ 75.1908608, 12.1485606, 0.0 ], [ 75.1910794, 12.1478979, 0.0 ], [ 75.1910793, 12.1475551, 0.0 ], [ 75.1912227, 12.1472122, 0.0 ], [ 75.19153, 12.1470508, 0.0 ], [ 75.1920218, 12.1469902, 0.0 ], [ 75.192698, 12.1469901, 0.0 ], [ 75.1928619, 12.1469497, 0.0 ], [ 75.1930258, 12.1469094, 0.0 ], [ 75.1934151, 12.1466471, 0.0 ], [ 75.1935729, 12.1461961, 0.0 ], [ 75.1937152, 12.1455543, 0.0 ], [ 75.1937746, 12.1443248, 0.0 ], [ 75.1938847, 12.143683, 0.0 ], [ 75.1939994, 12.1430411, 0.0 ], [ 75.1942841, 12.1425349, 0.0 ], [ 75.1951613, 12.1418115, 0.0 ], [ 75.1955747, 12.141391, 0.0 ], [ 75.195988, 12.1409706, 0.0 ], [ 75.1964702, 12.1403829, 0.0 ], [ 75.1965252, 12.1400213, 0.0 ], [ 75.1963552, 12.1396552, 0.0 ], [ 75.1959278, 12.1392078, 0.0 ], [ 75.1952755, 12.1389277, 0.0 ], [ 75.1949355, 12.1385662, 0.0 ], [ 75.1948481, 12.1381188, 0.0 ], [ 75.1947102, 12.1377256, 0.0 ], [ 75.19488, 12.137251, 0.0 ], [ 75.1951325, 12.136582, 0.0 ], [ 75.1951921, 12.1362158, 0.0 ], [ 75.1949073, 12.1360215, 0.0 ], [ 75.1943376, 12.1356013, 0.0 ], [ 75.1937404, 12.13538, 0.0 ], [ 75.1932304, 12.1350727, 0.0 ], [ 75.1926056, 12.1348469, 0.0 ], [ 75.1919809, 12.1347385, 0.0 ], [ 75.191471, 12.1347929, 0.0 ], [ 75.1908141, 12.1346258, 0.0 ], [ 75.190474, 12.1341784, 0.0 ], [ 75.190134, 12.1335638, 0.0 ], [ 75.1899363, 12.1330033, 0.0 ], [ 75.1889989, 12.1312679, 0.0 ], [ 75.1885991, 12.1307663, 0.0 ], [ 75.1884291, 12.1304589, 0.0 ], [ 75.1883188, 12.1302375, 0.0 ], [ 75.1882315, 12.1299573, 0.0 ], [ 75.1882314, 12.129564, 0.0 ], [ 75.1883461, 12.1291753, 0.0 ], [ 75.1884563, 12.1288092, 0.0 ], [ 75.1890257, 12.1279141, 0.0 ], [ 75.1901048, 12.1262641, 0.0 ], [ 75.1906742, 12.1251747, 0.0 ], [ 75.1911839, 12.1246684, 0.0 ], [ 75.1915835, 12.1242208, 0.0 ], [ 75.1917211, 12.123692, 0.0 ], [ 75.1918083, 12.1229913, 0.0 ], [ 75.1919781, 12.1224037, 0.0 ], [ 75.1925152, 12.1212013, 0.0 ], [ 75.1928321, 12.1207267, 0.0 ], [ 75.193227, 12.1202203, 0.0 ], [ 75.1935944, 12.1197457, 0.0 ], [ 75.1938239, 12.1189908, 0.0 ], [ 75.1937364, 12.118349, 0.0 ], [ 75.1934837, 12.1178744, 0.0 ], [ 75.1929416, 12.1173729, 0.0 ], [ 75.1924867, 12.1168667, 0.0 ], [ 75.1921467, 12.1164736, 0.0 ], [ 75.1916322, 12.115972, 0.0 ], [ 75.1913197, 12.1154116, 0.0 ], [ 75.1910394, 12.1148828, 0.0 ], [ 75.1910392, 12.1142093, 0.0 ], [ 75.1910666, 12.1135404, 0.0 ], [ 75.1912365, 12.1129256, 0.0 ], [ 75.1914934, 12.1117504, 0.0 ], [ 75.1916906, 12.1104351, 0.0 ], [ 75.1917776, 12.1093186, 0.0 ], [ 75.1919747, 12.1074157, 0.0 ], [ 75.191947, 12.106801, 0.0 ], [ 75.1921444, 12.1062405, 0.0 ], [ 75.1927688, 12.1051511, 0.0 ], [ 75.1929662, 12.1046177, 0.0 ], [ 75.1931085, 12.1040029, 0.0 ], [ 75.1929384, 12.1033611, 0.0 ], [ 75.1924834, 12.1022719, 0.0 ], [ 75.1922582, 12.1016844, 0.0 ], [ 75.1912336, 12.1000349, 0.0 ], [ 75.1908063, 12.0995604, 0.0 ], [ 75.190696, 12.0990542, 0.0 ], [ 75.1905535, 12.0984982, 0.0 ], [ 75.1904937, 12.0978835, 0.0 ], [ 75.1903787, 12.0973231, 0.0 ], [ 75.1899285, 12.0967898, 0.0 ], [ 75.1894737, 12.0964283, 0.0 ], [ 75.1889041, 12.096207, 0.0 ], [ 75.1882518, 12.0959811, 0.0 ], [ 75.1868602, 12.0957012, 0.0 ], [ 75.1862033, 12.0955069, 0.0 ], [ 75.1856935, 12.0954483, 0.0 ], [ 75.1850689, 12.0954213, 0.0 ], [ 75.1837921, 12.0954487, 0.0 ], [ 75.1831399, 12.0955618, 0.0 ], [ 75.1825428, 12.0957291, 0.0 ], [ 75.1820054, 12.0959552, 0.0 ], [ 75.1815233, 12.0965112, 0.0 ], [ 75.1795028, 12.0990292, 0.0 ], [ 75.1791355, 12.0995626, 0.0 ], [ 75.1786533, 12.1000102, 0.0 ], [ 75.1781114, 12.1003718, 0.0 ], [ 75.1774592, 12.1006793, 0.0 ], [ 75.1769219, 12.1009009, 0.0 ], [ 75.1762651, 12.1009869, 0.0 ], [ 75.1755853, 12.1009011, 0.0 ], [ 75.1750755, 12.1007068, 0.0 ], [ 75.1746207, 12.1003724, 0.0 ], [ 75.1741659, 12.0998391, 0.0 ], [ 75.1738811, 12.0992561, 0.0 ], [ 75.1732287, 12.0981624, 0.0 ], [ 75.172117, 12.09668, 0.0 ], [ 75.1714646, 12.0956179, 0.0 ], [ 75.1680837, 12.0918714, 0.0 ], [ 75.1679137, 12.09165, 0.0 ], [ 75.1677988, 12.0912839, 0.0 ], [ 75.1679687, 12.0906148, 0.0 ], [ 75.168708, 12.0890464, 0.0 ], [ 75.1693324, 12.0878711, 0.0 ], [ 75.1700717, 12.0868359, 0.0 ], [ 75.1724825, 12.0837892, 0.0 ], [ 75.173961, 12.0817776, 0.0 ], [ 75.1745532, 12.0805435, 0.0 ], [ 75.175095, 12.0793999, 0.0 ], [ 75.1755219, 12.0782789, 0.0 ], [ 75.1757193, 12.0771308, 0.0 ], [ 75.1757466, 12.0757884, 0.0 ], [ 75.1757464, 12.0746178, 0.0 ], [ 75.1757186, 12.0733838, 0.0 ], [ 75.1757459, 12.0722674, 0.0 ], [ 75.1758607, 12.0716527, 0.0 ], [ 75.1760581, 12.0710379, 0.0 ], [ 75.1764575, 12.0698084, 0.0 ], [ 75.1769945, 12.0686874, 0.0 ], [ 75.1784407, 12.065921, 0.0 ], [ 75.1795471, 12.0637377, 0.0 ], [ 75.1801164, 12.062594, 0.0 ], [ 75.1817321, 12.0583993, 0.0 ], [ 75.1836918, 12.0518269, 0.0 ], [ 75.1839762, 12.0505387, 0.0 ], [ 75.184146, 12.0498968, 0.0 ], [ 75.1843158, 12.0492821, 0.0 ], [ 75.184628, 12.0486944, 0.0 ], [ 75.1852247, 12.047605, 0.0 ], [ 75.1856516, 12.0465427, 0.0 ], [ 75.1857938, 12.0458421, 0.0 ], [ 75.1858763, 12.0455348, 0.0 ], [ 75.1857386, 12.0452274, 0.0 ], [ 75.1853114, 12.0447529, 0.0 ], [ 75.1847144, 12.0444728, 0.0 ], [ 75.1842322, 12.0443056, 0.0 ], [ 75.183932, 12.0442061, 0.0 ], [ 75.1852196, 12.0411506, 0.0 ], [ 75.1873536, 12.037026, 0.0 ], [ 75.1918762, 12.0280589, 0.0 ], [ 75.1922138, 12.0272736, 0.0 ], [ 75.1924719, 12.0269399, 0.0 ], [ 75.1925135, 12.0268677, 0.0 ], [ 75.1925458, 12.0268, 0.0 ], [ 75.1926747, 12.0266873, 0.0 ], [ 75.1929246, 12.0260373, 0.0 ], [ 75.1939508, 12.0237443, 0.0 ], [ 75.195148, 12.0211356, 0.0 ], [ 75.1974254, 12.0165638, 0.0 ], [ 75.1982434, 12.0147719, 0.0 ], [ 75.1987005, 12.013901, 0.0 ], [ 75.2011437, 12.0091354, 0.0 ], [ 75.2015032, 12.0086664, 0.0 ], [ 75.2011179, 12.0085116, 0.0 ], [ 75.2008478, 12.0082488, 0.0 ], [ 75.2008129, 12.0076566, 0.0 ], [ 75.2010855, 12.0070653, 0.0 ], [ 75.201206, 12.0067086, 0.0 ], [ 75.2011747, 12.0064147, 0.0 ], [ 75.2010563, 12.006089, 0.0 ], [ 75.2013234, 12.0058231, 0.0 ], [ 75.2019251, 12.005739, 0.0 ], [ 75.2020693, 12.0056835, 0.0 ], [ 75.2025548, 12.0054967, 0.0 ], [ 75.2030972, 12.0053221, 0.0 ], [ 75.2034738, 12.0053005, 0.0 ], [ 75.2040062, 12.0053292, 0.0 ], [ 75.2042356, 12.0054022, 0.0 ], [ 75.2044189, 12.0055066, 0.0 ], [ 75.2045839, 12.005611, 0.0 ], [ 75.2048586, 12.0058875, 0.0 ], [ 75.2053257, 12.0063091, 0.0 ], [ 75.2054722, 12.0064451, 0.0 ], [ 75.2058756, 12.0066497, 0.0 ], [ 75.2062288, 12.0067909, 0.0 ], [ 75.2064261, 12.006823, 0.0 ], [ 75.2068844, 12.0071136, 0.0 ], [ 75.206999, 12.0071862, 0.0 ], [ 75.2071363, 12.0073177, 0.0 ], [ 75.2073881, 12.007558, 0.0 ], [ 75.2075705, 12.0080195, 0.0 ], [ 75.2076522, 12.0083225, 0.0 ], [ 75.2076881, 12.0086118, 0.0 ], [ 75.2076852, 12.0088197, 0.0 ], [ 75.2076823, 12.0090276, 0.0 ], [ 75.2077318, 12.0093667, 0.0 ], [ 75.207754, 12.0096109, 0.0 ], [ 75.2077761, 12.0099002, 0.0 ], [ 75.2078396, 12.0101941, 0.0 ], [ 75.2079033, 12.010357, 0.0 ], [ 75.2080915, 12.0106211, 0.0 ], [ 75.2081777, 12.010742, 0.0 ], [ 75.2085396, 12.0110142, 0.0 ], [ 75.2090072, 12.011255, 0.0 ], [ 75.2094842, 12.0114236, 0.0 ], [ 75.2096908, 12.0114558, 0.0 ], [ 75.2101864, 12.0115522, 0.0 ], [ 75.2106503, 12.0115173, 0.0 ], [ 75.2113765, 12.0112392, 0.0 ], [ 75.2118133, 12.0110551, 0.0 ], [ 75.212245, 12.0109976, 0.0 ], [ 75.2123369, 12.0109888, 0.0 ], [ 75.2127591, 12.0110443, 0.0 ], [ 75.2130531, 12.0110315, 0.0 ], [ 75.2133838, 12.0109692, 0.0 ], [ 75.2136366, 12.010893, 0.0 ], [ 75.2140044, 12.0107224, 0.0 ], [ 75.2146296, 12.0103769, 0.0 ], [ 75.2146391, 12.0103717, 0.0 ], [ 75.2151079, 12.0101967, 0.0 ], [ 75.2155025, 12.0103063, 0.0 ], [ 75.2158918, 12.0106102, 0.0 ], [ 75.2162264, 12.0108326, 0.0 ], [ 75.2166491, 12.0107208, 0.0 ], [ 75.2171821, 12.0105822, 0.0 ], [ 75.2174894, 12.0106916, 0.0 ], [ 75.2177689, 12.0108867, 0.0 ], [ 75.2181351, 12.011299, 0.0 ], [ 75.2184417, 12.0116298, 0.0 ], [ 75.2190286, 12.0119343, 0.0 ], [ 75.2205156, 12.0121554, 0.0 ], [ 75.2210523, 12.0123467, 0.0 ], [ 75.2212708, 12.0129801, 0.0 ], [ 75.2213839, 12.0135589, 0.0 ], [ 75.2216949, 12.013971, 0.0 ], [ 75.2221985, 12.0144967, 0.0 ], [ 75.2226153, 12.0148865, 0.0 ], [ 75.2228946, 12.0151269, 0.0 ], [ 75.222811, 12.0154792, 0.0 ], [ 75.2226821, 12.0155918, 0.0 ], [ 75.2224105, 12.0158079, 0.0 ], [ 75.2222585, 12.0159747, 0.0 ], [ 75.2221479, 12.0161191, 0.0 ], [ 75.2220372, 12.016295, 0.0 ], [ 75.2219816, 12.0164621, 0.0 ], [ 75.2219811, 12.0166338, 0.0 ], [ 75.221985, 12.016887, 0.0 ], [ 75.2220347, 12.0171673, 0.0 ], [ 75.2222027, 12.0178141, 0.0 ], [ 75.2224356, 12.018226, 0.0 ], [ 75.2225063, 12.0184138, 0.0 ], [ 75.2225759, 12.0185989, 0.0 ], [ 75.2225769, 12.0186016, 0.0 ], [ 75.2227641, 12.0189545, 0.0 ], [ 75.2230249, 12.0192898, 0.0 ], [ 75.2233867, 12.0196162, 0.0 ], [ 75.2238035, 12.0199699, 0.0 ], [ 75.2242572, 12.0202966, 0.0 ], [ 75.2246972, 12.0205644, 0.0 ], [ 75.2250502, 12.0207643, 0.0 ], [ 75.2254171, 12.020928, 0.0 ], [ 75.2257473, 12.0210645, 0.0 ], [ 75.2262016, 12.0211471, 0.0 ], [ 75.226642, 12.0212795, 0.0 ], [ 75.2273943, 12.0215256, 0.0 ], [ 75.2277155, 12.0215943, 0.0 ], [ 75.2279036, 12.0216852, 0.0 ], [ 75.2282329, 12.0221245, 0.0 ], [ 75.2283795, 12.0222354, 0.0 ], [ 75.2287319, 12.0225019, 0.0 ], [ 75.2291097, 12.0226058, 0.0 ], [ 75.2299054, 12.0225329, 0.0 ], [ 75.2299215, 12.0225224, 0.0 ], [ 75.2304691, 12.0221081, 0.0 ], [ 75.2320045, 12.0214887, 0.0 ], [ 75.2337104, 12.0206483, 0.0 ], [ 75.2379196, 12.0179029, 0.0 ], [ 75.2427549, 12.0145401, 0.0 ], [ 75.2462256, 12.0114536, 0.0 ], [ 75.2492124, 12.0086739, 0.0 ], [ 75.249986, 12.008347, 0.0 ], [ 75.2499929, 12.0083441, 0.0 ], [ 75.2503329, 12.0081889, 0.0 ], [ 75.251601, 12.0064602, 0.0 ], [ 75.2532822, 12.0044993, 0.0 ], [ 75.2543061, 12.0032852, 0.0 ], [ 75.2547338, 12.0024558, 0.0 ], [ 75.2548861, 12.0018076, 0.0 ], [ 75.2550113, 12.001234, 0.0 ], [ 75.2555275, 12.0006234, 0.0 ], [ 75.2555431, 12.0006072, 0.0 ], [ 75.2555585, 12.000591, 0.0 ], [ 75.2555738, 12.0005747, 0.0 ], [ 75.2555889, 12.0005583, 0.0 ], [ 75.2556013, 12.0005447, 0.0 ], [ 75.2556136, 12.0005309, 0.0 ], [ 75.2556258, 12.0005171, 0.0 ], [ 75.2556378, 12.0005032, 0.0 ], [ 75.2556642, 12.0004718, 0.0 ], [ 75.2556897, 12.00044, 0.0 ], [ 75.2557021, 12.0004239, 0.0 ], [ 75.2557143, 12.0004076, 0.0 ], [ 75.2557262, 12.0003912, 0.0 ], [ 75.2557378, 12.0003747, 0.0 ], [ 75.2557602, 12.0003474, 0.0 ], [ 75.2557819, 12.0003196, 0.0 ], [ 75.2558029, 12.0002913, 0.0 ], [ 75.2558234, 12.0002626, 0.0 ], [ 75.2558632, 12.0002043, 0.0 ], [ 75.2559018, 12.0001452, 0.0 ], [ 75.2559475, 12.0000745, 0.0 ], [ 75.2559705, 12.0000393, 0.0 ], [ 75.2559938, 12.0000043, 0.0 ], [ 75.2559962, 12.0000008, 0.0 ], [ 75.2573852, 11.9980277, 0.0 ], [ 75.2584946, 11.9969054, 0.0 ], [ 75.2620803, 11.9919254, 0.0 ], [ 75.2648127, 11.9885462, 0.0 ], [ 75.2671877, 11.985551, 0.0 ], [ 75.271204, 11.9801438, 0.0 ], [ 75.2729642, 11.9777464, 0.0 ], [ 75.2748949, 11.9749173, 0.0 ], [ 75.2774395, 11.9712156, 0.0 ], [ 75.2801886, 11.9674996, 0.0 ], [ 75.2841744, 11.9616607, 0.0 ], [ 75.2851785, 11.9602845, 0.0 ], [ 75.2858631, 11.9593745, 0.0 ], [ 75.2869381, 11.9579646, 0.0 ], [ 75.2872577, 11.9575454, 0.0 ], [ 75.2880569, 11.9565347, 0.0 ], [ 75.2881715, 11.956065, 0.0 ], [ 75.2884959, 11.9553809, 0.0 ], [ 75.2887971, 11.9548793, 0.0 ], [ 75.2890982, 11.9543777, 0.0 ], [ 75.2897931, 11.9533973, 0.0 ], [ 75.290268, 11.9526449, 0.0 ], [ 75.2907429, 11.9518925, 0.0 ], [ 75.2915305, 11.9505928, 0.0 ], [ 75.2919359, 11.9500114, 0.0 ], [ 75.2923412, 11.94943, 0.0 ], [ 75.2934761, 11.9481305, 0.0 ], [ 75.2936962, 11.9477087, 0.0 ], [ 75.2942521, 11.9467168, 0.0 ], [ 75.294588, 11.9461468, 0.0 ], [ 75.2948534, 11.9457114, 0.0 ], [ 75.2958471, 11.9476705, 0.0 ], [ 75.296023, 11.9475611, 0.0 ], [ 75.2963009, 11.9474244, 0.0 ], [ 75.2966019, 11.9472991, 0.0 ], [ 75.2969029, 11.9471737, 0.0 ], [ 75.2970071, 11.9471053, 0.0 ], [ 75.2971113, 11.9470369, 0.0 ], [ 75.2974586, 11.9469686, 0.0 ], [ 75.2976554, 11.9469459, 0.0 ], [ 75.2978522, 11.9469231, 0.0 ], [ 75.2979912, 11.9469232, 0.0 ], [ 75.29813, 11.9469232, 0.0 ], [ 75.2982921, 11.9469233, 0.0 ], [ 75.2986394, 11.9469918, 0.0 ], [ 75.2990792, 11.9472428, 0.0 ], [ 75.2996578, 11.9476991, 0.0 ], [ 75.2999657, 11.9480783, 0.0 ], [ 75.3000335, 11.9480796, 0.0 ], [ 75.3004343, 11.9478716, 0.0 ], [ 75.3005958, 11.9475281, 0.0 ], [ 75.300776, 11.9472551, 0.0 ], [ 75.3008461, 11.9470018, 0.0 ], [ 75.3014383, 11.9448635, 0.0 ], [ 75.300928, 11.9448634, 0.0 ], [ 75.2994, 11.9446805, 0.0 ], [ 75.2980575, 11.9437223, 0.0 ], [ 75.2958817, 11.9423533, 0.0 ], [ 75.2952701, 11.9419831, 0.0 ], [ 75.2955127, 11.9418876, 0.0 ], [ 75.2963, 11.9416142, 0.0 ], [ 75.2969945, 11.9415232, 0.0 ], [ 75.2975502, 11.9413409, 0.0 ], [ 75.2982912, 11.9409762, 0.0 ], [ 75.2991249, 11.9401099, 0.0 ], [ 75.3007923, 11.9385596, 0.0 ], [ 75.3028302, 11.9363253, 0.0 ], [ 75.3056091, 11.9338631, 0.0 ], [ 75.3066743, 11.9327687, 0.0 ], [ 75.3079712, 11.9310358, 0.0 ], [ 75.3095925, 11.9283452, 0.0 ], [ 75.3139464, 11.9219608, 0.0 ], [ 75.3177442, 11.9167621, 0.0 ], [ 75.3188422, 11.9153462, 0.0 ], [ 75.3196893, 11.914254, 0.0 ], [ 75.3202412, 11.913814, 0.0 ], [ 75.3202417, 11.9138142, 0.0 ], [ 75.320304, 11.9136995, 0.0 ], [ 75.320558, 11.9130854, 0.0 ], [ 75.3206578, 11.9116891, 0.0 ], [ 75.320512, 11.9112865, 0.0 ], [ 75.3201822, 11.911019, 0.0 ], [ 75.3198708, 11.9107561, 0.0 ], [ 75.3197434, 11.9103038, 0.0 ], [ 75.3197028, 11.910019, 0.0 ], [ 75.3192858, 11.9097694, 0.0 ], [ 75.3187909, 11.9094428, 0.0 ], [ 75.3184155, 11.9090306, 0.0 ], [ 75.3184132, 11.9081718, 0.0 ], [ 75.3186216, 11.9074266, 0.0 ], [ 75.3189173, 11.9066499, 0.0 ], [ 75.3190388, 11.9057463, 0.0 ], [ 75.3191693, 11.9049693, 0.0 ], [ 75.3194548, 11.9045993, 0.0 ], [ 75.3199141, 11.9044784, 0.0 ], [ 75.320832, 11.9044762, 0.0 ], [ 75.3216679, 11.9042341, 0.0 ], [ 75.3224165, 11.9040687, 0.0 ], [ 75.3231698, 11.9038219, 0.0 ], [ 75.3237523, 11.903986, 0.0 ], [ 75.3244164, 11.9045617, 0.0 ], [ 75.3247969, 11.9047208, 0.0 ], [ 75.3251275, 11.9047035, 0.0 ], [ 75.3250177, 11.904527, 0.0 ], [ 75.3247245, 11.9043002, 0.0 ], [ 75.3245921, 11.9040332, 0.0 ], [ 75.3246279, 11.9038883, 0.0 ], [ 75.3246155, 11.9038842, 0.0 ], [ 75.3245968, 11.9039655, 0.0 ], [ 75.3241982, 11.9037159, 0.0 ], [ 75.3241604, 11.9036911, 0.0 ], [ 75.3241242, 11.903665, 0.0 ], [ 75.3240894, 11.9036374, 0.0 ], [ 75.3240558, 11.9036082, 0.0 ], [ 75.3240231, 11.9035772, 0.0 ], [ 75.324007, 11.9035609, 0.0 ], [ 75.323991, 11.9035441, 0.0 ], [ 75.3239752, 11.9035268, 0.0 ], [ 75.3239594, 11.9035089, 0.0 ], [ 75.3239437, 11.9034904, 0.0 ], [ 75.323928, 11.9034712, 0.0 ], [ 75.3239151, 11.9034546, 0.0 ], [ 75.3239027, 11.9034375, 0.0 ], [ 75.3238909, 11.90342, 0.0 ], [ 75.3238799, 11.9034021, 0.0 ], [ 75.3238697, 11.903384, 0.0 ], [ 75.3238603, 11.9033655, 0.0 ], [ 75.3238519, 11.903347, 0.0 ], [ 75.3238446, 11.9033283, 0.0 ], [ 75.3238383, 11.9033095, 0.0 ], [ 75.3238333, 11.9032908, 0.0 ], [ 75.3238295, 11.9032721, 0.0 ], [ 75.323827, 11.9032535, 0.0 ], [ 75.323826, 11.9032352, 0.0 ], [ 75.3238265, 11.9032171, 0.0 ], [ 75.3238286, 11.9031993, 0.0 ], [ 75.3238323, 11.9031819, 0.0 ], [ 75.3238324, 11.9031817, 0.0 ], [ 75.3238382, 11.9031614, 0.0 ], [ 75.3238448, 11.903141, 0.0 ], [ 75.3238521, 11.9031205, 0.0 ], [ 75.3238602, 11.9031, 0.0 ], [ 75.323869, 11.9030794, 0.0 ], [ 75.3238784, 11.9030589, 0.0 ], [ 75.3238991, 11.9030182, 0.0 ], [ 75.3239222, 11.9029783, 0.0 ], [ 75.3239474, 11.9029393, 0.0 ], [ 75.3239744, 11.9029017, 0.0 ], [ 75.324003, 11.9028658, 0.0 ], [ 75.3241662, 11.9026728, 0.0 ], [ 75.3243296, 11.9024827, 0.0 ], [ 75.3244942, 11.9022947, 0.0 ], [ 75.3246611, 11.9021081, 0.0 ], [ 75.3252871, 11.901418, 0.0 ], [ 75.3259619, 11.9006816, 0.0 ], [ 75.3263001, 11.9003175, 0.0 ], [ 75.3266413, 11.899956, 0.0 ], [ 75.3266447, 11.8999524, 0.0 ], [ 75.3268929, 11.8996974, 0.0 ], [ 75.3271457, 11.899447, 0.0 ], [ 75.3274023, 11.8992001, 0.0 ], [ 75.3276615, 11.898956, 0.0 ], [ 75.3294556, 11.8972836, 0.0 ], [ 75.3305271, 11.8962848, 0.0 ], [ 75.3315946, 11.8952819, 0.0 ], [ 75.3316937, 11.8951865, 0.0 ], [ 75.3317914, 11.8950897, 0.0 ], [ 75.3319834, 11.8948928, 0.0 ], [ 75.3321722, 11.8946928, 0.0 ], [ 75.3323596, 11.8944914, 0.0 ], [ 75.3325053, 11.8943352, 0.0 ], [ 75.3326519, 11.8941799, 0.0 ], [ 75.3327052, 11.8941243, 0.0 ], [ 75.3327588, 11.8940689, 0.0 ], [ 75.3327588, 11.8940689, 0.0 ], [ 75.3331316, 11.8936914, 0.0 ], [ 75.3335074, 11.8933168, 0.0 ], [ 75.3338816, 11.8929406, 0.0 ], [ 75.3342496, 11.8925583, 0.0 ], [ 75.3343809, 11.8924166, 0.0 ], [ 75.3345105, 11.8922733, 0.0 ], [ 75.3347655, 11.8919831, 0.0 ], [ 75.3352664, 11.891395, 0.0 ], [ 75.3352667, 11.8913947, 0.0 ], [ 75.3358378, 11.8907097, 0.0 ], [ 75.3361234, 11.8903673, 0.0 ], [ 75.3364128, 11.890028, 0.0 ], [ 75.3368842, 11.8894875, 0.0 ], [ 75.3374714, 11.8888191, 0.0 ], [ 75.3385068, 11.887651, 0.0 ], [ 75.3386156, 11.8875254, 0.0 ], [ 75.3387224, 11.8873981, 0.0 ], [ 75.3388273, 11.8872693, 0.0 ], [ 75.3389305, 11.8871391, 0.0 ], [ 75.3391327, 11.8868755, 0.0 ], [ 75.3393309, 11.8866089, 0.0 ], [ 75.339355, 11.8865748, 0.0 ], [ 75.3393778, 11.8865399, 0.0 ], [ 75.3394205, 11.8864682, 0.0 ], [ 75.3394604, 11.8863948, 0.0 ], [ 75.3394992, 11.8863206, 0.0 ], [ 75.3395382, 11.8862466, 0.0 ], [ 75.339579, 11.8861738, 0.0 ], [ 75.3396006, 11.8861382, 0.0 ], [ 75.3396231, 11.8861032, 0.0 ], [ 75.3396468, 11.886069, 0.0 ], [ 75.3396719, 11.8860357, 0.0 ], [ 75.3399012, 11.8857524, 0.0 ], [ 75.3401355, 11.8854729, 0.0 ], [ 75.3403704, 11.885194, 0.0 ], [ 75.3406017, 11.8849125, 0.0 ], [ 75.340704, 11.8847822, 0.0 ], [ 75.3408043, 11.8846502, 0.0 ], [ 75.3410028, 11.8843846, 0.0 ], [ 75.3411031, 11.8842526, 0.0 ], [ 75.3412056, 11.8841223, 0.0 ], [ 75.3413113, 11.8839947, 0.0 ], [ 75.3414211, 11.8838704, 0.0 ], [ 75.3415455, 11.883737, 0.0 ], [ 75.3416715, 11.8836051, 0.0 ], [ 75.3419267, 11.8833445, 0.0 ], [ 75.3421833, 11.8830853, 0.0 ], [ 75.3424379, 11.8828242, 0.0 ], [ 75.3431695, 11.8820575, 0.0 ], [ 75.3432917, 11.8819269, 0.0 ], [ 75.343412, 11.8817944, 0.0 ], [ 75.3436472, 11.8815249, 0.0 ], [ 75.3438772, 11.8812511, 0.0 ], [ 75.3441037, 11.880975, 0.0 ], [ 75.3441372, 11.8809292, 0.0 ], [ 75.3441662, 11.8808806, 0.0 ], [ 75.3441912, 11.8808295, 0.0 ], [ 75.3442131, 11.8807765, 0.0 ], [ 75.3442324, 11.8807219, 0.0 ], [ 75.3442499, 11.8806662, 0.0 ], [ 75.3442823, 11.8805532, 0.0 ], [ 75.3443157, 11.8804411, 0.0 ], [ 75.3443345, 11.8803864, 0.0 ], [ 75.3443557, 11.8803332, 0.0 ], [ 75.3443799, 11.880282, 0.0 ], [ 75.3444078, 11.8802331, 0.0 ], [ 75.3444401, 11.8801871, 0.0 ], [ 75.3444775, 11.8801443, 0.0 ], [ 75.3445075, 11.8801147, 0.0 ], [ 75.3445383, 11.8800861, 0.0 ], [ 75.3446021, 11.8800312, 0.0 ], [ 75.344668, 11.8799786, 0.0 ], [ 75.3447351, 11.8799274, 0.0 ], [ 75.3448692, 11.879825, 0.0 ], [ 75.3449344, 11.8797719, 0.0 ], [ 75.3449661, 11.8797444, 0.0 ], [ 75.3449971, 11.8797161, 0.0 ], [ 75.3452947, 11.8794453, 0.0 ], [ 75.3454379, 11.8793044, 0.0 ], [ 75.3455053, 11.8792302, 0.0 ], [ 75.3455689, 11.8791526, 0.0 ], [ 75.3460579, 11.8785168, 0.0 ], [ 75.3470122, 11.8772304, 0.0 ], [ 75.3473218, 11.8768141, 0.0 ], [ 75.3476347, 11.8764003, 0.0 ], [ 75.3481554, 11.8757319, 0.0 ], [ 75.3486815, 11.8750675, 0.0 ], [ 75.3492033, 11.8743995, 0.0 ], [ 75.3494595, 11.8740618, 0.0 ], [ 75.3497109, 11.8737204, 0.0 ], [ 75.3498874, 11.8734683, 0.0 ], [ 75.3500567, 11.8732117, 0.0 ], [ 75.3502203, 11.8729515, 0.0 ], [ 75.3503797, 11.8726887, 0.0 ], [ 75.3510055, 11.8716308, 0.0 ], [ 75.3510614, 11.8715361, 0.0 ], [ 75.3511157, 11.8714406, 0.0 ], [ 75.3512221, 11.8712482, 0.0 ], [ 75.3513296, 11.8710564, 0.0 ], [ 75.3513854, 11.8709615, 0.0 ], [ 75.3514433, 11.8708679, 0.0 ], [ 75.3514656, 11.8708339, 0.0 ], [ 75.3514889, 11.8708006, 0.0 ], [ 75.3515129, 11.8707679, 0.0 ], [ 75.3515377, 11.8707359, 0.0 ], [ 75.3515894, 11.8706734, 0.0 ], [ 75.3516436, 11.8706129, 0.0 ], [ 75.3516998, 11.8705541, 0.0 ], [ 75.3517578, 11.8704966, 0.0 ], [ 75.3518172, 11.8704402, 0.0 ], [ 75.3518775, 11.8703844, 0.0 ], [ 75.3519984, 11.8702747, 0.0 ], [ 75.3521186, 11.8701641, 0.0 ], [ 75.3521775, 11.8701076, 0.0 ], [ 75.3522351, 11.87005, 0.0 ], [ 75.3522911, 11.8699908, 0.0 ], [ 75.352345, 11.8699299, 0.0 ], [ 75.3524293, 11.8698303, 0.0 ], [ 75.3525116, 11.8697306, 0.0 ], [ 75.3525916, 11.86963, 0.0 ], [ 75.3526694, 11.8695276, 0.0 ], [ 75.3527445, 11.8694224, 0.0 ], [ 75.3528169, 11.8693136, 0.0 ], [ 75.3528864, 11.8692003, 0.0 ], [ 75.3529527, 11.8690816, 0.0 ], [ 75.3529788, 11.8690299, 0.0 ], [ 75.3530021, 11.8689778, 0.0 ], [ 75.3530231, 11.8689254, 0.0 ], [ 75.3530418, 11.8688727, 0.0 ], [ 75.3530585, 11.8688197, 0.0 ], [ 75.3530733, 11.8687664, 0.0 ], [ 75.3530983, 11.8686594, 0.0 ], [ 75.3531185, 11.8685517, 0.0 ], [ 75.3531354, 11.8684438, 0.0 ], [ 75.3531659, 11.868228, 0.0 ], [ 75.3531683, 11.8682054, 0.0 ], [ 75.353169, 11.8681823, 0.0 ], [ 75.3531658, 11.8681351, 0.0 ], [ 75.3531575, 11.8680866, 0.0 ], [ 75.3531452, 11.8680373, 0.0 ], [ 75.35313, 11.8679874, 0.0 ], [ 75.3531131, 11.8679373, 0.0 ], [ 75.3530787, 11.8678378, 0.0 ], [ 75.3530634, 11.8677892, 0.0 ], [ 75.353051, 11.8677417, 0.0 ], [ 75.3530424, 11.8676956, 0.0 ], [ 75.35304, 11.8676733, 0.0 ], [ 75.353039, 11.8676515, 0.0 ], [ 75.3530396, 11.8676302, 0.0 ], [ 75.3530418, 11.8676095, 0.0 ], [ 75.3530459, 11.8675894, 0.0 ], [ 75.3530519, 11.86757, 0.0 ], [ 75.3530601, 11.8675514, 0.0 ], [ 75.3530706, 11.8675334, 0.0 ], [ 75.3530834, 11.8675163, 0.0 ], [ 75.3530988, 11.8675001, 0.0 ], [ 75.3533702, 11.8672431, 0.0 ], [ 75.3533859, 11.8672368, 0.0 ], [ 75.3533872, 11.8671762, 0.0 ], [ 75.3532278, 11.8672789, 0.0 ], [ 75.3531358, 11.8673645, 0.0 ], [ 75.3530258, 11.8673462, 0.0 ], [ 75.3529481, 11.8671879, 0.0 ], [ 75.3529634, 11.8665371, 0.0 ], [ 75.353249, 11.8661174, 0.0 ], [ 75.3534632, 11.8657435, 0.0 ], [ 75.3535024, 11.8656751, 0.0 ], [ 75.3536408, 11.8653997, 0.0 ], [ 75.3538433, 11.865129, 0.0 ], [ 75.3539999, 11.8649124, 0.0 ], [ 75.3542116, 11.8646462, 0.0 ], [ 75.3545564, 11.8643667, 0.0 ], [ 75.3547724, 11.8642317, 0.0 ], [ 75.3549104, 11.8641055, 0.0 ], [ 75.3549383, 11.8639608, 0.0 ], [ 75.3549116, 11.8635856, 0.0 ], [ 75.354876, 11.8631517, 0.0 ], [ 75.3550147, 11.8627181, 0.0 ], [ 75.3551346, 11.8624427, 0.0 ], [ 75.355153, 11.8624472, 0.0 ], [ 75.3552861, 11.8624023, 0.0 ], [ 75.3554695, 11.8624977, 0.0 ], [ 75.3555336, 11.8625611, 0.0 ], [ 75.3553768, 11.8628998, 0.0 ], [ 75.3553748, 11.8629201, 0.0 ], [ 75.3555243, 11.8625973, 0.0 ], [ 75.3558785, 11.8622726, 0.0 ], [ 75.3560446, 11.8618437, 0.0 ], [ 75.3560664, 11.8615136, 0.0 ], [ 75.3558023, 11.8615041, 0.0 ], [ 75.3556189, 11.8614178, 0.0 ], [ 75.3554678, 11.8612683, 0.0 ], [ 75.3555236, 11.8609476, 0.0 ], [ 75.3554974, 11.8603689, 0.0 ], [ 75.3556824, 11.8598044, 0.0 ], [ 75.3559353, 11.8595519, 0.0 ], [ 75.3564545, 11.8593452, 0.0 ], [ 75.3568859, 11.8593236, 0.0 ], [ 75.3574184, 11.8592389, 0.0 ], [ 75.3580154, 11.8590279, 0.0 ], [ 75.3587088, 11.8587989, 0.0 ], [ 75.3590628, 11.8585466, 0.0 ], [ 75.3596004, 11.8582677, 0.0 ], [ 75.360037, 11.8579703, 0.0 ], [ 75.3605565, 11.8575964, 0.0 ], [ 75.3611728, 11.8569877, 0.0 ], [ 75.3615866, 11.8566496, 0.0 ], [ 75.3616876, 11.8566273, 0.0 ], [ 75.3617976, 11.8566908, 0.0 ], [ 75.3618753, 11.8568039, 0.0 ], [ 75.361963, 11.8569289, 0.0 ], [ 75.3622061, 11.8566872, 0.0 ], [ 75.3619175, 11.8564515, 0.0 ], [ 75.3619143, 11.8564488, 0.0 ], [ 75.3619114, 11.8564461, 0.0 ], [ 75.3619086, 11.8564435, 0.0 ], [ 75.361906, 11.8564408, 0.0 ], [ 75.3619037, 11.8564381, 0.0 ], [ 75.3619015, 11.8564353, 0.0 ], [ 75.3618995, 11.8564326, 0.0 ], [ 75.3618976, 11.8564299, 0.0 ], [ 75.361896, 11.8564271, 0.0 ], [ 75.3618945, 11.8564244, 0.0 ], [ 75.3618932, 11.8564216, 0.0 ], [ 75.3618921, 11.8564189, 0.0 ], [ 75.3618911, 11.8564161, 0.0 ], [ 75.3618904, 11.8564133, 0.0 ], [ 75.3618897, 11.8564105, 0.0 ], [ 75.3618893, 11.8564077, 0.0 ], [ 75.361889, 11.8564048, 0.0 ], [ 75.3618888, 11.856402, 0.0 ], [ 75.3618888, 11.8563991, 0.0 ], [ 75.361889, 11.8563962, 0.0 ], [ 75.3618893, 11.8563933, 0.0 ], [ 75.3618898, 11.8563904, 0.0 ], [ 75.3618904, 11.8563875, 0.0 ], [ 75.3618912, 11.8563846, 0.0 ], [ 75.3618921, 11.8563817, 0.0 ], [ 75.3618932, 11.8563788, 0.0 ], [ 75.3618944, 11.8563759, 0.0 ], [ 75.3618957, 11.8563729, 0.0 ], [ 75.3618972, 11.85637, 0.0 ], [ 75.3618988, 11.856367, 0.0 ], [ 75.3619005, 11.8563641, 0.0 ], [ 75.3619024, 11.8563611, 0.0 ], [ 75.3619103, 11.8563501, 0.0 ], [ 75.3619198, 11.856339, 0.0 ], [ 75.3619307, 11.8563279, 0.0 ], [ 75.3619429, 11.8563167, 0.0 ], [ 75.3619564, 11.8563054, 0.0 ], [ 75.3619709, 11.8562941, 0.0 ], [ 75.3619864, 11.8562827, 0.0 ], [ 75.3620027, 11.8562713, 0.0 ], [ 75.3620198, 11.8562599, 0.0 ], [ 75.3620374, 11.8562484, 0.0 ], [ 75.3620739, 11.8562255, 0.0 ], [ 75.3621485, 11.8561796, 0.0 ], [ 75.3621689, 11.8561669, 0.0 ], [ 75.3621888, 11.8561542, 0.0 ], [ 75.3621985, 11.8561478, 0.0 ], [ 75.362208, 11.8561415, 0.0 ], [ 75.3622173, 11.8561352, 0.0 ], [ 75.3622264, 11.8561289, 0.0 ], [ 75.3622348, 11.856123, 0.0 ], [ 75.3622429, 11.856117, 0.0 ], [ 75.3622508, 11.8561111, 0.0 ], [ 75.3622584, 11.8561052, 0.0 ], [ 75.3622657, 11.8560993, 0.0 ], [ 75.3622727, 11.8560934, 0.0 ], [ 75.3622793, 11.8560876, 0.0 ], [ 75.3622855, 11.8560818, 0.0 ], [ 75.3625212, 11.8558571, 0.0 ], [ 75.3627574, 11.8556341, 0.0 ], [ 75.3628327, 11.8555632, 0.0 ], [ 75.3628905, 11.8555098, 0.0 ], [ 75.362949, 11.8554573, 0.0 ], [ 75.363008, 11.8554055, 0.0 ], [ 75.3630677, 11.8553545, 0.0 ], [ 75.3631122, 11.8553171, 0.0 ], [ 75.363157, 11.85528, 0.0 ], [ 75.3632224, 11.8552266, 0.0 ], [ 75.3632882, 11.8551734, 0.0 ], [ 75.3634213, 11.8550674, 0.0 ], [ 75.3634306, 11.8550601, 0.0 ], [ 75.3634402, 11.8550527, 0.0 ], [ 75.3634501, 11.8550453, 0.0 ], [ 75.3634604, 11.8550378, 0.0 ], [ 75.363471, 11.8550303, 0.0 ], [ 75.3634819, 11.8550228, 0.0 ], [ 75.3634929, 11.8550153, 0.0 ], [ 75.3635043, 11.855008, 0.0 ], [ 75.363516, 11.8550007, 0.0 ], [ 75.3635279, 11.8549936, 0.0 ], [ 75.3635399, 11.8549867, 0.0 ], [ 75.363552, 11.8549801, 0.0 ], [ 75.3635643, 11.8549738, 0.0 ], [ 75.3635766, 11.8549678, 0.0 ], [ 75.3635889, 11.8549623, 0.0 ], [ 75.3636013, 11.8549571, 0.0 ], [ 75.3636072, 11.8549548, 0.0 ], [ 75.3636131, 11.8549527, 0.0 ], [ 75.363619, 11.8549506, 0.0 ], [ 75.3636248, 11.8549486, 0.0 ], [ 75.3636307, 11.8549468, 0.0 ], [ 75.3636365, 11.8549451, 0.0 ], [ 75.3636424, 11.8549436, 0.0 ], [ 75.3636482, 11.8549422, 0.0 ], [ 75.3636504, 11.8549416, 0.0 ], [ 75.3636527, 11.8549412, 0.0 ], [ 75.363663, 11.8549392, 0.0 ], [ 75.3636732, 11.8549377, 0.0 ], [ 75.3636832, 11.8549368, 0.0 ], [ 75.3636931, 11.8549364, 0.0 ], [ 75.363698, 11.8549364, 0.0 ], [ 75.3637028, 11.8549366, 0.0 ], [ 75.3637076, 11.8549369, 0.0 ], [ 75.3637124, 11.8549374, 0.0 ], [ 75.3637171, 11.854938, 0.0 ], [ 75.3637217, 11.8549388, 0.0 ], [ 75.3637263, 11.8549398, 0.0 ], [ 75.3637308, 11.8549409, 0.0 ], [ 75.3637367, 11.8549427, 0.0 ], [ 75.3637426, 11.8549447, 0.0 ], [ 75.3637483, 11.8549471, 0.0 ], [ 75.3637511, 11.8549485, 0.0 ], [ 75.3637539, 11.8549499, 0.0 ], [ 75.3637566, 11.8549514, 0.0 ], [ 75.3637593, 11.8549529, 0.0 ], [ 75.363762, 11.8549546, 0.0 ], [ 75.3637646, 11.8549563, 0.0 ], [ 75.3637672, 11.8549581, 0.0 ], [ 75.3637698, 11.8549601, 0.0 ], [ 75.3637724, 11.8549621, 0.0 ], [ 75.3637749, 11.8549642, 0.0 ], [ 75.3637871, 11.8549749, 0.0 ], [ 75.3637993, 11.8549859, 0.0 ], [ 75.3638235, 11.8550085, 0.0 ], [ 75.3638474, 11.8550316, 0.0 ], [ 75.363871, 11.8550548, 0.0 ], [ 75.3639874, 11.85517, 0.0 ], [ 75.3639945, 11.8551773, 0.0 ], [ 75.3639947, 11.8551771, 0.0 ], [ 75.3640039, 11.8551816, 0.0 ], [ 75.3641444, 11.8549063, 0.0 ], [ 75.3638579, 11.8548197, 0.0 ], [ 75.3637893, 11.854684, 0.0 ], [ 75.3638309, 11.8545666, 0.0 ], [ 75.3638862, 11.8544492, 0.0 ], [ 75.3639049, 11.8543318, 0.0 ], [ 75.3640568, 11.8540835, 0.0 ], [ 75.3643375, 11.8537542, 0.0 ], [ 75.3649448, 11.8531364, 0.0 ], [ 75.3649567, 11.8531243, 0.0 ], [ 75.3652483, 11.8528297, 0.0 ], [ 75.3657033, 11.8525189, 0.0 ], [ 75.3662087, 11.8522398, 0.0 ], [ 75.3665349, 11.852123, 0.0 ], [ 75.3667931, 11.8515586, 0.0 ], [ 75.3671424, 11.8513561, 0.0 ], [ 75.3675969, 11.8512531, 0.0 ], [ 75.3680969, 11.851313, 0.0 ], [ 75.3684815, 11.8517297, 0.0 ], [ 75.3684488, 11.8519194, 0.0 ], [ 75.3681691, 11.8521742, 0.0 ], [ 75.3682736, 11.8523213, 0.0 ], [ 75.3683691, 11.8524863, 0.0 ], [ 75.3683699, 11.8524848, 0.0 ], [ 75.3686407, 11.8523221, 0.0 ], [ 75.3686443, 11.85232, 0.0 ], [ 75.3686479, 11.8523181, 0.0 ], [ 75.3686515, 11.8523164, 0.0 ], [ 75.3686551, 11.8523147, 0.0 ], [ 75.3686587, 11.8523133, 0.0 ], [ 75.3686623, 11.8523119, 0.0 ], [ 75.3686659, 11.8523107, 0.0 ], [ 75.3686695, 11.8523097, 0.0 ], [ 75.3686741, 11.8523086, 0.0 ], [ 75.3686787, 11.8523076, 0.0 ], [ 75.3686833, 11.8523069, 0.0 ], [ 75.368688, 11.8523064, 0.0 ], [ 75.3686926, 11.8523061, 0.0 ], [ 75.3686973, 11.8523061, 0.0 ], [ 75.3687019, 11.8523062, 0.0 ], [ 75.3687066, 11.8523064, 0.0 ], [ 75.3687167, 11.8523077, 0.0 ], [ 75.3687269, 11.8523098, 0.0 ], [ 75.3687371, 11.8523126, 0.0 ], [ 75.3687473, 11.8523162, 0.0 ], [ 75.3687678, 11.8523254, 0.0 ], [ 75.3687885, 11.8523368, 0.0 ], [ 75.3688093, 11.8523502, 0.0 ], [ 75.3688302, 11.8523651, 0.0 ], [ 75.3688511, 11.8523811, 0.0 ], [ 75.3688722, 11.8523979, 0.0 ], [ 75.3689147, 11.8524323, 0.0 ], [ 75.368936, 11.852449, 0.0 ], [ 75.3689575, 11.8524649, 0.0 ], [ 75.368979, 11.8524797, 0.0 ], [ 75.3690006, 11.8524928, 0.0 ], [ 75.3690223, 11.852504, 0.0 ], [ 75.369044, 11.8525129, 0.0 ], [ 75.3691031, 11.8525332, 0.0 ], [ 75.369467, 11.8526579, 0.0 ], [ 75.3698327, 11.8527813, 0.0 ], [ 75.3700854, 11.8528642, 0.0 ], [ 75.3703388, 11.8529444, 0.0 ], [ 75.3708461, 11.8530999, 0.0 ], [ 75.3708509, 11.8531013, 0.0 ], [ 75.3708558, 11.8531024, 0.0 ], [ 75.3708606, 11.8531033, 0.0 ], [ 75.3708656, 11.8531041, 0.0 ], [ 75.3708705, 11.8531046, 0.0 ], [ 75.3708755, 11.853105, 0.0 ], [ 75.3708806, 11.8531052, 0.0 ], [ 75.3708857, 11.8531052, 0.0 ], [ 75.3708889, 11.853106, 0.0 ], [ 75.3709074, 11.8531035, 0.0 ], [ 75.3709202, 11.8531015, 0.0 ], [ 75.3709331, 11.8530987, 0.0 ], [ 75.3709462, 11.8530953, 0.0 ], [ 75.3709593, 11.8530913, 0.0 ], [ 75.3709858, 11.8530822, 0.0 ], [ 75.3710123, 11.853072, 0.0 ], [ 75.3710387, 11.8530615, 0.0 ], [ 75.3710648, 11.8530513, 0.0 ], [ 75.3710903, 11.8530421, 0.0 ], [ 75.3711028, 11.8530382, 0.0 ], [ 75.3711151, 11.8530348, 0.0 ], [ 75.3711164, 11.8530345, 0.0 ], [ 75.3711177, 11.8530342, 0.0 ], [ 75.3711253, 11.8530324, 0.0 ], [ 75.3711328, 11.853031, 0.0 ], [ 75.3711403, 11.8530298, 0.0 ], [ 75.3711476, 11.853029, 0.0 ], [ 75.3711548, 11.8530285, 0.0 ], [ 75.3711618, 11.8530284, 0.0 ], [ 75.3711687, 11.8530287, 0.0 ], [ 75.3711755, 11.8530294, 0.0 ], [ 75.3711784, 11.8530298, 0.0 ], [ 75.3711812, 11.8530303, 0.0 ], [ 75.371184, 11.8530309, 0.0 ], [ 75.3711854, 11.8530312, 0.0 ], [ 75.3711867, 11.8530315, 0.0 ], [ 75.3711895, 11.8530323, 0.0 ], [ 75.3711922, 11.8530332, 0.0 ], [ 75.3711949, 11.8530341, 0.0 ], [ 75.3711976, 11.8530352, 0.0 ], [ 75.3712002, 11.8530363, 0.0 ], [ 75.3712028, 11.8530375, 0.0 ], [ 75.3712054, 11.8530389, 0.0 ], [ 75.371208, 11.8530403, 0.0 ], [ 75.3712105, 11.8530418, 0.0 ], [ 75.3712129, 11.8530435, 0.0 ], [ 75.3712154, 11.8530452, 0.0 ], [ 75.3712178, 11.8530471, 0.0 ], [ 75.3712202, 11.853049, 0.0 ], [ 75.3712225, 11.8530511, 0.0 ], [ 75.3712248, 11.8530533, 0.0 ], [ 75.3712271, 11.8530556, 0.0 ], [ 75.37145, 11.8532897, 0.0 ], [ 75.3716101, 11.8531073, 0.0 ], [ 75.3715513, 11.8529735, 0.0 ], [ 75.3714936, 11.8529026, 0.0 ], [ 75.3714249, 11.8528391, 0.0 ], [ 75.3714206, 11.8527441, 0.0 ], [ 75.3714391, 11.8526629, 0.0 ], [ 75.3716231, 11.8524328, 0.0 ], [ 75.3719081, 11.8522572, 0.0 ], [ 75.3721012, 11.8520903, 0.0 ], [ 75.372331, 11.8519327, 0.0 ], [ 75.3725422, 11.8518654, 0.0 ], [ 75.372873, 11.8517214, 0.0 ], [ 75.3730382, 11.8516947, 0.0 ], [ 75.3734018, 11.8517953, 0.0 ], [ 75.3738928, 11.8518008, 0.0 ], [ 75.3743043, 11.8518648, 0.0 ], [ 75.3745701, 11.8520417, 0.0 ], [ 75.3746337, 11.852322, 0.0 ], [ 75.3747385, 11.8526657, 0.0 ], [ 75.3747243, 11.8528691, 0.0 ], [ 75.3745721, 11.8531445, 0.0 ], [ 75.3742546, 11.853546, 0.0 ], [ 75.3741426, 11.8537692, 0.0 ], [ 75.3738817, 11.8540961, 0.0 ], [ 75.3737132, 11.8543011, 0.0 ], [ 75.3736564, 11.8543252, 0.0 ], [ 75.3736174, 11.854306, 0.0 ], [ 75.3736303, 11.8542804, 0.0 ], [ 75.3736094, 11.8542741, 0.0 ], [ 75.3733004, 11.8546911, 0.0 ], [ 75.3725362, 11.8557322, 0.0 ], [ 75.3723522, 11.8560238, 0.0 ], [ 75.3724194, 11.8560937, 0.0 ], [ 75.3725169, 11.8561959, 0.0 ], [ 75.3726534, 11.8563492, 0.0 ], [ 75.3727704, 11.8565121, 0.0 ], [ 75.3729233, 11.8567325, 0.0 ], [ 75.3730273, 11.8568955, 0.0 ], [ 75.3731476, 11.8570776, 0.0 ], [ 75.3732842, 11.8572693, 0.0 ], [ 75.3734077, 11.8574162, 0.0 ], [ 75.373502, 11.8575248, 0.0 ], [ 75.3736092, 11.8576398, 0.0 ], [ 75.3736748, 11.8576991, 0.0 ], [ 75.3737605, 11.8577729, 0.0 ], [ 75.3738287, 11.8578288, 0.0 ], [ 75.3739071, 11.8578835, 0.0 ], [ 75.3739692, 11.8579242, 0.0 ], [ 75.3740892, 11.8579914, 0.0 ], [ 75.3741915, 11.8580392, 0.0 ], [ 75.3743019, 11.858079, 0.0 ], [ 75.3744351, 11.8581284, 0.0 ], [ 75.3745698, 11.8581698, 0.0 ], [ 75.3747793, 11.8582303, 0.0 ], [ 75.3749708, 11.8582748, 0.0 ], [ 75.3751104, 11.8583018, 0.0 ], [ 75.3753525, 11.8583439, 0.0 ], [ 75.3755181, 11.8583693, 0.0 ], [ 75.3759985, 11.8584198, 0.0 ], [ 75.376612, 11.858483, 0.0 ], [ 75.376835, 11.8585031, 0.0 ], [ 75.3771704, 11.8585334, 0.0 ], [ 75.3774723, 11.858565, 0.0 ], [ 75.3781247, 11.8586281, 0.0 ], [ 75.3784753, 11.8586532, 0.0 ], [ 75.3785348, 11.8586618, 0.0 ], [ 75.3786095, 11.8586649, 0.0 ], [ 75.378676, 11.8586632, 0.0 ], [ 75.3788188, 11.8586374, 0.0 ], [ 75.3789875, 11.8585892, 0.0 ], [ 75.3791206, 11.8585555, 0.0 ], [ 75.3792001, 11.8585426, 0.0 ], [ 75.3792731, 11.8585345, 0.0 ], [ 75.3794159, 11.8585279, 0.0 ], [ 75.3794792, 11.8585294, 0.0 ], [ 75.3796399, 11.8585389, 0.0 ], [ 75.3799272, 11.8585577, 0.0 ], [ 75.3801739, 11.8585846, 0.0 ], [ 75.3804044, 11.8585939, 0.0 ], [ 75.3806089, 11.8585984, 0.0 ], [ 75.380828, 11.8585917, 0.0 ], [ 75.3810162, 11.8585786, 0.0 ], [ 75.3811395, 11.8585625, 0.0 ], [ 75.3812896, 11.8585342, 0.0 ], [ 75.3814518, 11.8584892, 0.0 ], [ 75.3816011, 11.8584283, 0.0 ], [ 75.3818119, 11.8583192, 0.0 ], [ 75.3819773, 11.8582103, 0.0 ], [ 75.3821394, 11.8580981, 0.0 ], [ 75.382334, 11.8579283, 0.0 ], [ 75.3824661, 11.8578234, 0.0 ], [ 75.3826331, 11.8576681, 0.0 ], [ 75.3827644, 11.8575512, 0.0 ], [ 75.3828438, 11.8574727, 0.0 ], [ 75.3829281, 11.8573783, 0.0 ], [ 75.3830253, 11.8572614, 0.0 ], [ 75.383116, 11.8571509, 0.0 ], [ 75.3832035, 11.8570532, 0.0 ], [ 75.38327, 11.8569732, 0.0 ], [ 75.3833607, 11.8568899, 0.0 ], [ 75.3834058, 11.8568503, 0.0 ], [ 75.3834569, 11.856811, 0.0 ], [ 75.3835112, 11.8567726, 0.0 ], [ 75.3835615, 11.8567413, 0.0 ], [ 75.3836344, 11.8566988, 0.0 ], [ 75.3837074, 11.8566595, 0.0 ], [ 75.3837902, 11.8566226, 0.0 ], [ 75.3839094, 11.8565761, 0.0 ], [ 75.3839994, 11.8565456, 0.0 ], [ 75.3842229, 11.8564815, 0.0 ], [ 75.3844647, 11.856422, 0.0 ], [ 75.3846821, 11.8563689, 0.0 ], [ 75.3847584, 11.8563576, 0.0 ], [ 75.3848298, 11.8563479, 0.0 ], [ 75.3849045, 11.8563542, 0.0 ], [ 75.3849552, 11.8563706, 0.0 ], [ 75.385008, 11.8564025, 0.0 ], [ 75.385108, 11.8564712, 0.0 ], [ 75.3852355, 11.8565598, 0.0 ], [ 75.3853414, 11.8566327, 0.0 ], [ 75.3853427, 11.8566336, 0.0 ], [ 75.3857585, 11.856338, 0.0 ], [ 75.3856024, 11.8557043, 0.0 ], [ 75.3855843, 11.8556251, 0.0 ], [ 75.385575, 11.8555454, 0.0 ], [ 75.3855741, 11.8555055, 0.0 ], [ 75.3855757, 11.8554656, 0.0 ], [ 75.3855801, 11.8554257, 0.0 ], [ 75.3855871, 11.8553859, 0.0 ], [ 75.3855968, 11.8553461, 0.0 ], [ 75.3856094, 11.8553064, 0.0 ], [ 75.3856248, 11.8552668, 0.0 ], [ 75.3856431, 11.8552274, 0.0 ], [ 75.3856643, 11.8551882, 0.0 ], [ 75.3856886, 11.8551492, 0.0 ], [ 75.3857159, 11.8551105, 0.0 ], [ 75.3857463, 11.855072, 0.0 ], [ 75.385783, 11.8550301, 0.0 ], [ 75.3858202, 11.854992, 0.0 ], [ 75.3858577, 11.8549572, 0.0 ], [ 75.3858955, 11.8549252, 0.0 ], [ 75.3859335, 11.8548958, 0.0 ], [ 75.3859717, 11.8548685, 0.0 ], [ 75.38601, 11.854843, 0.0 ], [ 75.3860484, 11.8548188, 0.0 ], [ 75.3862019, 11.8547274, 0.0 ], [ 75.386278, 11.8546795, 0.0 ], [ 75.3863156, 11.8546536, 0.0 ], [ 75.386353, 11.8546259, 0.0 ], [ 75.3863608, 11.8546199, 0.0 ], [ 75.3864685, 11.8545397, 0.0 ], [ 75.3865765, 11.8544599, 0.0 ], [ 75.3866296, 11.8544187, 0.0 ], [ 75.3866816, 11.8543759, 0.0 ], [ 75.386732, 11.854331, 0.0 ], [ 75.3867565, 11.8543075, 0.0 ], [ 75.3867805, 11.8542833, 0.0 ], [ 75.386805, 11.8542564, 0.0 ], [ 75.3868277, 11.8542285, 0.0 ], [ 75.3868487, 11.8541996, 0.0 ], [ 75.3868683, 11.8541699, 0.0 ], [ 75.3868865, 11.8541394, 0.0 ], [ 75.3869035, 11.8541081, 0.0 ], [ 75.3869193, 11.8540762, 0.0 ], [ 75.3869342, 11.8540437, 0.0 ], [ 75.3869614, 11.8539773, 0.0 ], [ 75.3869863, 11.8539095, 0.0 ], [ 75.3870329, 11.8537719, 0.0 ], [ 75.387058, 11.8536999, 0.0 ], [ 75.3870711, 11.8536643, 0.0 ], [ 75.3870849, 11.853629, 0.0 ], [ 75.3870995, 11.8535942, 0.0 ], [ 75.387115, 11.8535599, 0.0 ], [ 75.3871316, 11.8535262, 0.0 ], [ 75.3871494, 11.8534932, 0.0 ], [ 75.3871831, 11.8534335, 0.0 ], [ 75.3872193, 11.8533692, 0.0 ], [ 75.3872554, 11.853305, 0.0 ], [ 75.3872915, 11.8532408, 0.0 ], [ 75.387399, 11.8530528, 0.0 ], [ 75.3875102, 11.8528667, 0.0 ], [ 75.3875678, 11.8527747, 0.0 ], [ 75.3876273, 11.8526836, 0.0 ], [ 75.3876889, 11.8525935, 0.0 ], [ 75.3877528, 11.8525047, 0.0 ], [ 75.3878383, 11.8523926, 0.0 ], [ 75.3879268, 11.8522837, 0.0 ], [ 75.3880181, 11.8521774, 0.0 ], [ 75.3881118, 11.8520735, 0.0 ], [ 75.3882077, 11.8519717, 0.0 ], [ 75.3883058, 11.8518715, 0.0 ], [ 75.3884057, 11.8517726, 0.0 ], [ 75.3885073, 11.8516746, 0.0 ], [ 75.388583, 11.8516038, 0.0 ], [ 75.3886594, 11.8515347, 0.0 ], [ 75.3887368, 11.851467, 0.0 ], [ 75.3888149, 11.8514004, 0.0 ], [ 75.388974, 11.8512691, 0.0 ], [ 75.3891372, 11.8511382, 0.0 ], [ 75.3891442, 11.8511325, 0.0 ], [ 75.3891513, 11.8511265, 0.0 ], [ 75.3891584, 11.8511203, 0.0 ], [ 75.3891654, 11.8511139, 0.0 ], [ 75.3891725, 11.8511074, 0.0 ], [ 75.3891796, 11.8511007, 0.0 ], [ 75.3891937, 11.851087, 0.0 ], [ 75.3892508, 11.8510312, 0.0 ], [ 75.3892653, 11.8510178, 0.0 ], [ 75.38928, 11.851005, 0.0 ], [ 75.3892948, 11.850993, 0.0 ], [ 75.3893097, 11.8509819, 0.0 ], [ 75.3893249, 11.850972, 0.0 ], [ 75.3893403, 11.8509633, 0.0 ], [ 75.3893559, 11.8509561, 0.0 ], [ 75.3893717, 11.8509506, 0.0 ], [ 75.3893798, 11.8509485, 0.0 ], [ 75.3893878, 11.8509468, 0.0 ], [ 75.389396, 11.8509457, 0.0 ], [ 75.3894042, 11.8509451, 0.0 ], [ 75.3894126, 11.8509451, 0.0 ], [ 75.3894209, 11.8509456, 0.0 ], [ 75.3894294, 11.8509467, 0.0 ], [ 75.389438, 11.8509484, 0.0 ], [ 75.3894392, 11.8509487, 0.0 ], [ 75.3894404, 11.850949, 0.0 ], [ 75.3894429, 11.8509496, 0.0 ], [ 75.3894511, 11.8509517, 0.0 ], [ 75.3895234, 11.8509702, 0.0 ], [ 75.3895957, 11.8509888, 0.0 ], [ 75.3896679, 11.8510074, 0.0 ], [ 75.3897402, 11.851026, 0.0 ], [ 75.3898124, 11.8510446, 0.0 ], [ 75.3898486, 11.8510539, 0.0 ], [ 75.3898478, 11.8510599, 0.0 ], [ 75.3898473, 11.8510639, 0.0 ], [ 75.3898468, 11.8510679, 0.0 ], [ 75.3898463, 11.8510719, 0.0 ], [ 75.3898458, 11.8510759, 0.0 ], [ 75.3898452, 11.8510799, 0.0 ], [ 75.3898447, 11.8510839, 0.0 ], [ 75.3898442, 11.8510879, 0.0 ], [ 75.3898439, 11.8510901, 0.0 ], [ 75.3898437, 11.8510912, 0.0 ], [ 75.389843, 11.8510938, 0.0 ], [ 75.3898424, 11.8510963, 0.0 ], [ 75.3898417, 11.8510989, 0.0 ], [ 75.3898411, 11.8511015, 0.0 ], [ 75.3898405, 11.851104, 0.0 ], [ 75.3898398, 11.8511066, 0.0 ], [ 75.3898392, 11.8511092, 0.0 ], [ 75.3898386, 11.8511117, 0.0 ], [ 75.3898391, 11.8511122, 0.0 ], [ 75.3902257, 11.850684, 0.0 ], [ 75.3903882, 11.8505608, 0.0 ], [ 75.3903683, 11.8505262, 0.0 ], [ 75.3902648, 11.8501973, 0.0 ], [ 75.3902544, 11.8501644, 0.0 ], [ 75.3902519, 11.8501559, 0.0 ], [ 75.3902496, 11.8501474, 0.0 ], [ 75.3902475, 11.8501389, 0.0 ], [ 75.3902457, 11.8501303, 0.0 ], [ 75.3902442, 11.8501217, 0.0 ], [ 75.3902428, 11.8501131, 0.0 ], [ 75.3902417, 11.8501044, 0.0 ], [ 75.3902409, 11.8500956, 0.0 ], [ 75.3902396, 11.8500615, 0.0 ], [ 75.3902415, 11.8500271, 0.0 ], [ 75.3902465, 11.8499927, 0.0 ], [ 75.3902545, 11.8499583, 0.0 ], [ 75.3902652, 11.8499242, 0.0 ], [ 75.3902785, 11.8498905, 0.0 ], [ 75.3902943, 11.8498575, 0.0 ], [ 75.3903125, 11.8498252, 0.0 ], [ 75.3903327, 11.849794, 0.0 ], [ 75.3903547, 11.8497637, 0.0 ], [ 75.3903994, 11.8497056, 0.0 ], [ 75.3904443, 11.8496499, 0.0 ], [ 75.3904895, 11.8495965, 0.0 ], [ 75.3905809, 11.8494946, 0.0 ], [ 75.3906735, 11.8493971, 0.0 ], [ 75.3907673, 11.8493008, 0.0 ], [ 75.3908623, 11.8492029, 0.0 ], [ 75.3908671, 11.8491979, 0.0 ], [ 75.3909026, 11.8491614, 0.0 ], [ 75.3909385, 11.8491254, 0.0 ], [ 75.3909747, 11.8490896, 0.0 ], [ 75.3910111, 11.849054, 0.0 ], [ 75.3910792, 11.8489881, 0.0 ], [ 75.3911637, 11.8489059, 0.0 ], [ 75.3912469, 11.8488225, 0.0 ], [ 75.3912876, 11.8487801, 0.0 ], [ 75.3913277, 11.848737, 0.0 ], [ 75.3913668, 11.8486931, 0.0 ], [ 75.391405, 11.8486482, 0.0 ], [ 75.3914349, 11.8486113, 0.0 ], [ 75.391464, 11.8485738, 0.0 ], [ 75.3914924, 11.8485359, 0.0 ], [ 75.3915203, 11.8484975, 0.0 ], [ 75.3915748, 11.8484199, 0.0 ], [ 75.3916283, 11.8483416, 0.0 ], [ 75.3917064, 11.8482278, 0.0 ], [ 75.3917462, 11.8481714, 0.0 ], [ 75.3917871, 11.8481158, 0.0 ], [ 75.3917873, 11.8481155, 0.0 ], [ 75.3919316, 11.8479245, 0.0 ], [ 75.3920769, 11.8477344, 0.0 ], [ 75.3921345, 11.8476596, 0.0 ], [ 75.3921922, 11.847585, 0.0 ], [ 75.39225, 11.8475103, 0.0 ], [ 75.392308, 11.8474358, 0.0 ], [ 75.392366, 11.8473613, 0.0 ], [ 75.3924242, 11.8472868, 0.0 ], [ 75.3925991, 11.8470636, 0.0 ], [ 75.3926576, 11.8469893, 0.0 ], [ 75.3927179, 11.8469166, 0.0 ], [ 75.3927799, 11.8468455, 0.0 ], [ 75.3928434, 11.8467758, 0.0 ], [ 75.3929083, 11.8467073, 0.0 ], [ 75.3929742, 11.8466396, 0.0 ], [ 75.3931082, 11.8465056, 0.0 ], [ 75.3931758, 11.8464387, 0.0 ], [ 75.3932167, 11.8463983, 0.0 ], [ 75.3932321, 11.846383, 0.0 ], [ 75.3932463, 11.8463691, 0.0 ], [ 75.3932616, 11.8463546, 0.0 ], [ 75.3932782, 11.8463394, 0.0 ], [ 75.3932959, 11.8463239, 0.0 ], [ 75.3933145, 11.8463081, 0.0 ], [ 75.393334, 11.8462922, 0.0 ], [ 75.3933749, 11.8462605, 0.0 ], [ 75.3934178, 11.8462301, 0.0 ], [ 75.3934397, 11.8462156, 0.0 ], [ 75.3934617, 11.8462019, 0.0 ], [ 75.3934837, 11.8461891, 0.0 ], [ 75.3935056, 11.8461772, 0.0 ], [ 75.3935273, 11.8461665, 0.0 ], [ 75.3935487, 11.8461571, 0.0 ], [ 75.3935638, 11.8461512, 0.0 ], [ 75.3935787, 11.846146, 0.0 ], [ 75.3935932, 11.8461418, 0.0 ], [ 75.3936074, 11.8461384, 0.0 ], [ 75.3936211, 11.846136, 0.0 ], [ 75.3936344, 11.8461346, 0.0 ], [ 75.3936472, 11.8461343, 0.0 ], [ 75.3936594, 11.8461351, 0.0 ], [ 75.393671, 11.8461371, 0.0 ], [ 75.393682, 11.8461404, 0.0 ], [ 75.3936872, 11.8461424, 0.0 ], [ 75.3936923, 11.8461449, 0.0 ], [ 75.3936971, 11.8461476, 0.0 ], [ 75.3937018, 11.8461507, 0.0 ], [ 75.3937063, 11.8461541, 0.0 ], [ 75.3937106, 11.8461579, 0.0 ], [ 75.3937147, 11.8461621, 0.0 ], [ 75.3937185, 11.8461666, 0.0 ], [ 75.3937222, 11.8461715, 0.0 ], [ 75.3937256, 11.8461768, 0.0 ], [ 75.3937288, 11.8461825, 0.0 ], [ 75.3937318, 11.8461885, 0.0 ], [ 75.3937321, 11.8461893, 0.0 ], [ 75.3937324, 11.84619, 0.0 ], [ 75.3937524, 11.8462355, 0.0 ], [ 75.3937902, 11.8463218, 0.0 ], [ 75.393828, 11.846408, 0.0 ], [ 75.3938657, 11.8464942, 0.0 ], [ 75.3938929, 11.8465562, 0.0 ], [ 75.3939035, 11.8465804, 0.0 ], [ 75.3939287, 11.8466379, 0.0 ], [ 75.3939424, 11.8466695, 0.0 ], [ 75.3947932, 11.8458262, 0.0 ], [ 75.3948021, 11.8458198, 0.0 ], [ 75.3948078, 11.8457888, 0.0 ], [ 75.3944639, 11.845422, 0.0 ], [ 75.394344, 11.8450987, 0.0 ], [ 75.3943632, 11.8445888, 0.0 ], [ 75.394601, 11.8439415, 0.0 ], [ 75.3951866, 11.8429897, 0.0 ], [ 75.3955542, 11.8425676, 0.0 ], [ 75.3960907, 11.8421061, 0.0 ], [ 75.3968614, 11.8418355, 0.0 ], [ 75.3976785, 11.8417091, 0.0 ], [ 75.3981399, 11.8412314, 0.0 ], [ 75.3983179, 11.8410781, 0.0 ], [ 75.3985703, 11.8402449, 0.0 ], [ 75.3992058, 11.8394205, 0.0 ], [ 75.4000408, 11.8388899, 0.0 ], [ 75.4009356, 11.8384769, 0.0 ], [ 75.4019306, 11.8385343, 0.0 ], [ 75.402448, 11.8385728, 0.0 ], [ 75.4030097, 11.8383122, 0.0 ], [ 75.4035165, 11.8379096, 0.0 ], [ 75.4040135, 11.8375559, 0.0 ], [ 75.4052551, 11.8362307, 0.0 ], [ 75.4058709, 11.8355239, 0.0 ], [ 75.4058902, 11.8350925, 0.0 ], [ 75.4058797, 11.8347592, 0.0 ], [ 75.4059387, 11.8343082, 0.0 ], [ 75.4068124, 11.8330913, 0.0 ], [ 75.4074527, 11.8321541, 0.0 ], [ 75.4077704, 11.8317027, 0.0 ], [ 75.4080879, 11.831114, 0.0 ], [ 75.4086041, 11.8308157, 0.0 ], [ 75.4098885, 11.8293754, 0.0 ], [ 75.4107039, 11.8286184, 0.0 ], [ 75.4118159, 11.8276904, 0.0 ], [ 75.4126628, 11.8266031, 0.0 ], [ 75.413915, 11.8251274, 0.0 ], [ 75.4149524, 11.8239556, 0.0 ], [ 75.4155697, 11.8231502, 0.0 ], [ 75.4167801, 11.8218318, 0.0 ], [ 75.417734, 11.8196518, 0.0 ], [ 75.4184328, 11.8186112, 0.0 ], [ 75.4192725, 11.8176104, 0.0 ], [ 75.4202361, 11.81678, 0.0 ], [ 75.4213476, 11.8156325, 0.0 ], [ 75.4216333, 11.8149968, 0.0 ], [ 75.4220704, 11.8145505, 0.0 ], [ 75.4226459, 11.8135889, 0.0 ], [ 75.4233014, 11.812882, 0.0 ], [ 75.4241954, 11.812018, 0.0 ], [ 75.4255664, 11.8108591, 0.0 ], [ 75.4272561, 11.8099154, 0.0 ], [ 75.4274799, 11.80992, 0.0 ], [ 75.4276792, 11.8101354, 0.0 ], [ 75.4278683, 11.8104308, 0.0 ], [ 75.4281711, 11.8100883, 0.0 ], [ 75.4289598, 11.8092063, 0.0 ], [ 75.4295067, 11.8087734, 0.0 ], [ 75.4302785, 11.8083049, 0.0 ], [ 75.4307376, 11.8081748, 0.0 ], [ 75.4311694, 11.807909, 0.0 ], [ 75.4316969, 11.8079733, 0.0 ], [ 75.4319599, 11.8083925, 0.0 ], [ 75.4319667, 11.8084121, 0.0 ], [ 75.4319651, 11.8091852, 0.0 ], [ 75.432047, 11.8095153, 0.0 ], [ 75.4323918, 11.8088865, 0.0 ], [ 75.4329821, 11.8082343, 0.0 ], [ 75.4336168, 11.807589, 0.0 ], [ 75.4337403, 11.8075279, 0.0 ], [ 75.4342317, 11.8071168, 0.0 ], [ 75.4351414, 11.806238, 0.0 ], [ 75.436051, 11.8053592, 0.0 ], [ 75.4371251, 11.8038068, 0.0 ], [ 75.4401558, 11.7990375, 0.0 ], [ 75.4412915, 11.7971177, 0.0 ], [ 75.442551, 11.7949732, 0.0 ], [ 75.4437281, 11.7930942, 0.0 ], [ 75.445024, 11.7911452, 0.0 ], [ 75.4457256, 11.7897158, 0.0 ], [ 75.4462617, 11.7883683, 0.0 ], [ 75.4464327, 11.7870451, 0.0 ], [ 75.446507, 11.7864703, 0.0 ], [ 75.4464626, 11.7845727, 0.0 ], [ 75.4464601, 11.783022, 0.0 ], [ 75.4464383, 11.7823691, 0.0 ], [ 75.4466655, 11.7820219, 0.0 ], [ 75.4468515, 11.7818175, 0.0 ], [ 75.4474103, 11.7817146, 0.0 ], [ 75.4479485, 11.7816934, 0.0 ], [ 75.4484246, 11.7816722, 0.0 ], [ 75.448673, 11.7816514, 0.0 ], [ 75.4493145, 11.7814668, 0.0 ], [ 75.4505093, 11.7812051, 0.0 ], [ 75.451419, 11.7805099, 0.0 ], [ 75.4520186, 11.7799988, 0.0 ], [ 75.4524734, 11.7796104, 0.0 ], [ 75.452584, 11.7795352, 0.0 ], [ 75.4531351, 11.7791605, 0.0 ], [ 75.4538589, 11.77869, 0.0 ], [ 75.4541771, 11.7786338, 0.0 ], [ 75.4547903, 11.7785253, 0.0 ], [ 75.455722, 11.7786054, 0.0 ], [ 75.4562814, 11.7788698, 0.0 ], [ 75.4564681, 11.7791144, 0.0 ], [ 75.4564674, 11.7791335, 0.0 ], [ 75.4564666, 11.7791526, 0.0 ], [ 75.4564958, 11.7791302, 0.0 ], [ 75.4565017, 11.7791337, 0.0 ], [ 75.4566796, 11.7791169, 0.0 ], [ 75.4564208, 11.7779236, 0.0 ], [ 75.4564316, 11.7778987, 0.0 ], [ 75.4559868, 11.7780456, 0.0 ], [ 75.4551831, 11.7778238, 0.0 ], [ 75.4545162, 11.7776398, 0.0 ], [ 75.4542054, 11.7774771, 0.0 ], [ 75.45379, 11.7766208, 0.0 ], [ 75.453394, 11.7750298, 0.0 ], [ 75.4533311, 11.7745198, 0.0 ], [ 75.4530817, 11.7739285, 0.0 ], [ 75.4529764, 11.7728268, 0.0 ], [ 75.4528507, 11.7719496, 0.0 ], [ 75.4528084, 11.7713783, 0.0 ], [ 75.4531181, 11.7708473, 0.0 ], [ 75.4536968, 11.770275, 0.0 ], [ 75.4542551, 11.7698661, 0.0 ], [ 75.4555578, 11.7689866, 0.0 ], [ 75.4570055, 11.7680865, 0.0 ], [ 75.4583498, 11.7672885, 0.0 ], [ 75.4590116, 11.7669406, 0.0 ], [ 75.4595496, 11.7667765, 0.0 ], [ 75.459816, 11.766755, 0.0 ], [ 75.4598319, 11.7667227, 0.0 ], [ 75.4597889, 11.7667446, 0.0 ], [ 75.4597155, 11.7667219, 0.0 ], [ 75.4597111, 11.7666767, 0.0 ], [ 75.4597387, 11.766618, 0.0 ], [ 75.4598765, 11.7665053, 0.0 ], [ 75.4599868, 11.7663925, 0.0 ], [ 75.4600067, 11.766368, 0.0 ], [ 75.4602816, 11.76581, 0.0 ], [ 75.4606126, 11.7654852, 0.0 ], [ 75.4608831, 11.7655219, 0.0 ], [ 75.461236, 11.7657259, 0.0 ], [ 75.4615698, 11.766278, 0.0 ], [ 75.4617341, 11.766649, 0.0 ], [ 75.4619862, 11.7667941, 0.0 ], [ 75.4621754, 11.7667572, 0.0 ], [ 75.4621836, 11.7667538, 0.0 ], [ 75.4622143, 11.7667236, 0.0 ], [ 75.4626758, 11.7660767, 0.0 ], [ 75.4630293, 11.7658695, 0.0 ], [ 75.4634469, 11.7658296, 0.0 ], [ 75.463454, 11.7658383, 0.0 ], [ 75.4636623, 11.7659114, 0.0 ], [ 75.4637893, 11.7659536, 0.0 ], [ 75.4638526, 11.7659755, 0.0 ], [ 75.4638841, 11.7659874, 0.0 ], [ 75.4639156, 11.7660002, 0.0 ], [ 75.463947, 11.7660142, 0.0 ], [ 75.4639782, 11.7660296, 0.0 ], [ 75.4639929, 11.7660384, 0.0 ], [ 75.4640066, 11.7660483, 0.0 ], [ 75.4640195, 11.766059, 0.0 ], [ 75.4640316, 11.7660706, 0.0 ], [ 75.4640428, 11.7660831, 0.0 ], [ 75.4640532, 11.7660963, 0.0 ], [ 75.4640629, 11.7661101, 0.0 ], [ 75.4640718, 11.7661247, 0.0 ], [ 75.46408, 11.7661398, 0.0 ], [ 75.4640875, 11.7661555, 0.0 ], [ 75.4641005, 11.7661883, 0.0 ], [ 75.4641075, 11.7662099, 0.0 ], [ 75.4641135, 11.7662321, 0.0 ], [ 75.4641187, 11.7662547, 0.0 ], [ 75.464123, 11.7662776, 0.0 ], [ 75.4641265, 11.7663007, 0.0 ], [ 75.4641293, 11.7663239, 0.0 ], [ 75.4641314, 11.766347, 0.0 ], [ 75.4641329, 11.76637, 0.0 ], [ 75.4641338, 11.7663918, 0.0 ], [ 75.4641342, 11.7664132, 0.0 ], [ 75.4641342, 11.7664342, 0.0 ], [ 75.4641338, 11.7664546, 0.0 ], [ 75.4641338, 11.766455, 0.0 ], [ 75.4641141, 11.7671485, 0.0 ], [ 75.4644625, 11.7672463, 0.0 ], [ 75.4651277, 11.7672024, 0.0 ], [ 75.465527, 11.7671804, 0.0 ], [ 75.4658579, 11.7668738, 0.0 ], [ 75.4661934, 11.7665083, 0.0 ], [ 75.466506, 11.7662015, 0.0 ], [ 75.4670066, 11.7658906, 0.0 ], [ 75.4673379, 11.7653579, 0.0 ], [ 75.467545, 11.7650103, 0.0 ], [ 75.4678575, 11.7647216, 0.0 ], [ 75.4680872, 11.7645774, 0.0 ], [ 75.4681491, 11.7645775, 0.0 ], [ 75.4681856, 11.7645757, 0.0 ], [ 75.4727392, 11.764342, 0.0 ], [ 75.4732224, 11.7635837, 0.0 ], [ 75.4735691, 11.7632144, 0.0 ], [ 75.4733882, 11.763236, 0.0 ], [ 75.4732737, 11.7631408, 0.0 ], [ 75.4732419, 11.7629599, 0.0 ], [ 75.4732514, 11.7628424, 0.0 ], [ 75.4734264, 11.7625037, 0.0 ], [ 75.4736611, 11.7620658, 0.0 ], [ 75.4740107, 11.7615466, 0.0 ], [ 75.4747603, 11.7606305, 0.0 ], [ 75.4752662, 11.7599354, 0.0 ], [ 75.4752662, 11.7599309, 0.0 ], [ 75.4756434, 11.7593666, 0.0 ], [ 75.4766359, 11.7585549, 0.0 ], [ 75.4771233, 11.7579591, 0.0 ], [ 75.4777621, 11.7573185, 0.0 ], [ 75.4784831, 11.7568814, 0.0 ], [ 75.4791171, 11.7563809, 0.0 ], [ 75.4796592, 11.7559751, 0.0 ], [ 75.4808808, 11.7552633, 0.0 ], [ 75.4817536, 11.7545688, 0.0 ], [ 75.4823786, 11.754005, 0.0 ], [ 75.4825851, 11.7539873, 0.0 ], [ 75.4829285, 11.7542727, 0.0 ], [ 75.4829487, 11.7543527, 0.0 ], [ 75.4835354, 11.7536003, 0.0 ], [ 75.4836498, 11.7534218, 0.0 ], [ 75.4835311, 11.7533743, 0.0 ], [ 75.4832743, 11.7533512, 0.0 ], [ 75.4832194, 11.7532698, 0.0 ], [ 75.4832152, 11.753089, 0.0 ], [ 75.4832616, 11.7527772, 0.0 ], [ 75.4834138, 11.7523933, 0.0 ], [ 75.4836708, 11.7522762, 0.0 ], [ 75.4837996, 11.7521092, 0.0 ], [ 75.4839101, 11.751906, 0.0 ], [ 75.4841267, 11.7513821, 0.0 ], [ 75.4841554, 11.7513333, 0.0 ], [ 75.4841361, 11.7512375, 0.0 ], [ 75.4842741, 11.7510343, 0.0 ], [ 75.4844762, 11.7509037, 0.0 ], [ 75.4846594, 11.7510577, 0.0 ], [ 75.4845902, 11.751261, 0.0 ], [ 75.4845171, 11.7512908, 0.0 ], [ 75.4848672, 11.7515881, 0.0 ], [ 75.4848619, 11.7516188, 0.0 ], [ 75.484989, 11.7514244, 0.0 ], [ 75.4848984, 11.7507734, 0.0 ], [ 75.4850618, 11.7502159, 0.0 ], [ 75.4850516, 11.7502016, 0.0 ], [ 75.4850449, 11.7501855, 0.0 ], [ 75.4850419, 11.7501683, 0.0 ], [ 75.4850428, 11.7501509, 0.0 ], [ 75.4850476, 11.7501341, 0.0 ], [ 75.4850559, 11.7501187, 0.0 ], [ 75.4850675, 11.7501055, 0.0 ], [ 75.4850817, 11.7500952, 0.0 ], [ 75.485068, 11.7500018, 0.0 ], [ 75.4850679, 11.7499887, 0.0 ], [ 75.4849881, 11.7494311, 0.0 ], [ 75.4850859, 11.7486855, 0.0 ], [ 75.4852705, 11.7480847, 0.0 ], [ 75.4857392, 11.7476698, 0.0 ], [ 75.486446, 11.7474812, 0.0 ], [ 75.4870566, 11.7471524, 0.0 ], [ 75.4879015, 11.7466884, 0.0 ], [ 75.4881867, 11.746273, 0.0 ], [ 75.4887059, 11.745804, 0.0 ], [ 75.4896932, 11.7452046, 0.0 ], [ 75.4902535, 11.7448711, 0.0 ], [ 75.4909108, 11.7441311, 0.0 ], [ 75.4913798, 11.7435263, 0.0 ], [ 75.4919957, 11.7428765, 0.0 ], [ 75.4925568, 11.7420413, 0.0 ], [ 75.4936827, 11.7409225, 0.0 ], [ 75.4950224, 11.7394291, 0.0 ], [ 75.4955167, 11.7388782, 0.0 ], [ 75.4962661, 11.737953, 0.0 ], [ 75.4968273, 11.7370681, 0.0 ], [ 75.4973017, 11.736043, 0.0 ], [ 75.4974871, 11.7349765, 0.0 ], [ 75.4976714, 11.734561, 0.0 ], [ 75.4980022, 11.7342363, 0.0 ], [ 75.498521, 11.7340021, 0.0 ], [ 75.4990348, 11.7339081, 0.0 ], [ 75.5003587, 11.7348777, 0.0 ], [ 75.5012063, 11.7354351, 0.0 ], [ 75.5018665, 11.7355719, 0.0 ], [ 75.5026646, 11.7355734, 0.0 ], [ 75.5037481, 11.7350555, 0.0 ], [ 75.5044045, 11.7347809, 0.0 ], [ 75.5051073, 11.7342216, 0.0 ], [ 75.5055301, 11.7338021, 0.0 ], [ 75.506283, 11.7334328, 0.0 ], [ 75.5069305, 11.7329412, 0.0 ], [ 75.5077803, 11.732319, 0.0 ], [ 75.5083914, 11.731737, 0.0 ], [ 75.5089979, 11.7311323, 0.0 ], [ 75.5092554, 11.7308073, 0.0 ], [ 75.5091455, 11.7306625, 0.0 ], [ 75.5102682, 11.728721, 0.0 ], [ 75.5108061, 11.7279942, 0.0 ], [ 75.5107108, 11.7274155, 0.0 ], [ 75.5115384, 11.726305, 0.0 ], [ 75.5118374, 11.7258174, 0.0 ], [ 75.5124218, 11.7248014, 0.0 ], [ 75.5134982, 11.7230585, 0.0 ], [ 75.513916, 11.7228379, 0.0 ], [ 75.5142135, 11.7225004, 0.0 ], [ 75.5141647, 11.7222643, 0.0 ], [ 75.5143211, 11.7220204, 0.0 ], [ 75.5146833, 11.7218427, 0.0 ], [ 75.515052, 11.7210634, 0.0 ], [ 75.5154342, 11.7202506, 0.0 ], [ 75.5158022, 11.7196229, 0.0 ], [ 75.5161289, 11.7190223, 0.0 ], [ 75.5162948, 11.7186158, 0.0 ], [ 75.5163777, 11.7183719, 0.0 ], [ 75.5166546, 11.7174277, 0.0 ], [ 75.5167381, 11.7168945, 0.0 ], [ 75.5168212, 11.7165828, 0.0 ], [ 75.5170098, 11.7162622, 0.0 ], [ 75.5172578, 11.7160773, 0.0 ], [ 75.5175473, 11.7159253, 0.0 ], [ 75.5173591, 11.7158786, 0.0 ], [ 75.5172215, 11.7158332, 0.0 ], [ 75.5171527, 11.715833, 0.0 ], [ 75.5170608, 11.7159233, 0.0 ], [ 75.517001, 11.7160994, 0.0 ], [ 75.5169092, 11.7161219, 0.0 ], [ 75.5167943, 11.7162393, 0.0 ], [ 75.5166103, 11.7165508, 0.0 ], [ 75.5165226, 11.7168625, 0.0 ], [ 75.5162013, 11.7169794, 0.0 ], [ 75.5159539, 11.7168434, 0.0 ], [ 75.5157292, 11.7167798, 0.0 ], [ 75.515408, 11.7168651, 0.0 ], [ 75.5151145, 11.716842, 0.0 ], [ 75.5150002, 11.7166881, 0.0 ], [ 75.5150464, 11.7164623, 0.0 ], [ 75.5152027, 11.7162637, 0.0 ], [ 75.5153677, 11.7162865, 0.0 ], [ 75.5155006, 11.7163772, 0.0 ], [ 75.5157302, 11.7162645, 0.0 ], [ 75.5157259, 11.7160837, 0.0 ], [ 75.5157492, 11.7158622, 0.0 ], [ 75.5157678, 11.7157493, 0.0 ], [ 75.5157268, 11.7155685, 0.0 ], [ 75.5157682, 11.71546, 0.0 ], [ 75.5160206, 11.7153927, 0.0 ], [ 75.5161809, 11.7155241, 0.0 ], [ 75.5163142, 11.7153661, 0.0 ], [ 75.516608, 11.7152084, 0.0 ], [ 75.5168144, 11.7152088, 0.0 ], [ 75.51704, 11.7147571, 0.0 ], [ 75.5172007, 11.7146489, 0.0 ], [ 75.5174254, 11.7146493, 0.0 ], [ 75.5177238, 11.7145142, 0.0 ], [ 75.5179485, 11.7145824, 0.0 ], [ 75.5180627, 11.7148041, 0.0 ], [ 75.5181081, 11.7150979, 0.0 ], [ 75.5181075, 11.715455, 0.0 ], [ 75.5179697, 11.7155452, 0.0 ], [ 75.5178774, 11.7158569, 0.0 ], [ 75.5178773, 11.7158569, 0.0 ], [ 75.5178772, 11.7158569, 0.0 ], [ 75.5177775, 11.7158938, 0.0 ], [ 75.5181388, 11.7158709, 0.0 ], [ 75.5189138, 11.7159264, 0.0 ], [ 75.5192671, 11.7158592, 0.0 ], [ 75.5196573, 11.7157062, 0.0 ], [ 75.5201167, 11.715255, 0.0 ], [ 75.5204568, 11.7148398, 0.0 ], [ 75.5208799, 11.7142122, 0.0 ], [ 75.5213123, 11.7134853, 0.0 ], [ 75.5216159, 11.7130203, 0.0 ], [ 75.5218645, 11.7124376, 0.0 ], [ 75.522021, 11.7121034, 0.0 ], [ 75.5223751, 11.7115932, 0.0 ], [ 75.5228668, 11.711002, 0.0 ], [ 75.5232621, 11.7105506, 0.0 ], [ 75.5235565, 11.7100675, 0.0 ], [ 75.5238971, 11.7093675, 0.0 ], [ 75.5240674, 11.708961, 0.0 ], [ 75.524215, 11.7085544, 0.0 ], [ 75.5242981, 11.7082201, 0.0 ], [ 75.5243902, 11.7080349, 0.0 ], [ 75.5245325, 11.7079086, 0.0 ], [ 75.5247713, 11.7077553, 0.0 ], [ 75.5249228, 11.7077104, 0.0 ], [ 75.5250191, 11.7076834, 0.0 ], [ 75.5249919, 11.70748, 0.0 ], [ 75.5252168, 11.7074081, 0.0 ], [ 75.5254003, 11.7073858, 0.0 ], [ 75.5259187, 11.7073234, 0.0 ], [ 75.5259875, 11.7072964, 0.0 ], [ 75.5262445, 11.7071974, 0.0 ], [ 75.5267356, 11.7070084, 0.0 ], [ 75.5276447, 11.7064223, 0.0 ], [ 75.5283019, 11.7056414, 0.0 ], [ 75.529051, 11.7047658, 0.0 ], [ 75.5299514, 11.7039176, 0.0 ], [ 75.5299514, 11.7039131, 0.0 ], [ 75.530031, 11.7039761, 0.0 ], [ 75.530002, 11.7038318, 0.0 ], [ 75.5300367, 11.7035699, 0.0 ], [ 75.5303782, 11.7037601, 0.0 ], [ 75.5320873, 11.7047076, 0.0 ], [ 75.5325679, 11.7052553, 0.0 ], [ 75.5330486, 11.705803, 0.0 ], [ 75.5336101, 11.707269, 0.0 ], [ 75.5338888, 11.7079966, 0.0 ], [ 75.5342585, 11.7090141, 0.0 ], [ 75.5356746, 11.7096673, 0.0 ], [ 75.5373211, 11.7097107, 0.0 ], [ 75.5382615, 11.7096083, 0.0 ], [ 75.539299, 11.7090089, 0.0 ], [ 75.5409394, 11.7072397, 0.0 ], [ 75.5419776, 11.7062154, 0.0 ], [ 75.5428688, 11.7053852, 0.0 ], [ 75.5437595, 11.7047764, 0.0 ], [ 75.5442323, 11.7045421, 0.0 ], [ 75.545824, 11.7044136, 0.0 ], [ 75.5470164, 11.7044608, 0.0 ], [ 75.5480066, 11.7047381, 0.0 ], [ 75.549043, 11.7048301, 0.0 ], [ 75.549988, 11.704696, 0.0 ], [ 75.5506856, 11.7044078, 0.0 ], [ 75.5515347, 11.7040476, 0.0 ], [ 75.5524114, 11.7036468, 0.0 ], [ 75.5531777, 11.7033812, 0.0 ], [ 75.5535405, 11.7030881, 0.0 ], [ 75.554124, 11.7024698, 0.0 ], [ 75.5546395, 11.7013316, 0.0 ], [ 75.555334, 11.7000852, 0.0 ], [ 75.556028, 11.6992229, 0.0 ], [ 75.5568411, 11.6983744, 0.0 ], [ 75.5583373, 11.6977485, 0.0 ], [ 75.5602008, 11.6968384, 0.0 ], [ 75.5619315, 11.6957428, 0.0 ], [ 75.5630153, 11.694854, 0.0 ], [ 75.5635574, 11.6942989, 0.0 ], [ 75.563838, 11.6937434, 0.0 ], [ 75.5640222, 11.6932781, 0.0 ], [ 75.5640232, 11.6926137, 0.0 ], [ 75.5632519, 11.6902847, 0.0 ], [ 75.5625303, 11.6883762, 0.0 ], [ 75.5622337, 11.6874627, 0.0 ], [ 75.5620514, 11.6867121, 0.0 ], [ 75.5619104, 11.6859571, 0.0 ], [ 75.5618019, 11.6850033, 0.0 ], [ 75.5616347, 11.6834707, 0.0 ], [ 75.5616586, 11.6828696, 0.0 ], [ 75.5617468, 11.6822279, 0.0 ], [ 75.5619035, 11.6817174, 0.0 ], [ 75.5622669, 11.681031, 0.0 ], [ 75.56274, 11.6805164, 0.0 ], [ 75.5632081, 11.6803182, 0.0 ], [ 75.5636576, 11.6802511, 0.0 ], [ 75.5643817, 11.6806049, 0.0 ], [ 75.5651244, 11.6807325, 0.0 ], [ 75.5656615, 11.6804396, 0.0 ], [ 75.5661758, 11.6799748, 0.0 ], [ 75.5665986, 11.6794375, 0.0 ], [ 75.5672051, 11.6786837, 0.0 ], [ 75.5677701, 11.6780879, 0.0 ], [ 75.5682893, 11.6775237, 0.0 ], [ 75.5685374, 11.6772122, 0.0 ], [ 75.5690711, 11.6760831, 0.0 ], [ 75.5692048, 11.6756855, 0.0 ], [ 75.5693198, 11.675419, 0.0 ], [ 75.569632, 11.6751528, 0.0 ], [ 75.5699944, 11.675081, 0.0 ], [ 75.5711863, 11.6754173, 0.0 ], [ 75.573166, 11.6762972, 0.0 ], [ 75.5749023, 11.6774207, 0.0 ], [ 75.5777888, 11.6791968, 0.0 ], [ 75.5780774, 11.6793329, 0.0 ], [ 75.5791268, 11.6798136, 0.0 ], [ 75.5796901, 11.6803658, 0.0 ], [ 75.5802989, 11.6811442, 0.0 ], [ 75.5809122, 11.6819451, 0.0 ], [ 75.5817409, 11.6828277, 0.0 ], [ 75.5826019, 11.6835793, 0.0 ], [ 75.5835499, 11.6844711, 0.0 ], [ 75.5837283, 11.6847516, 0.0 ], [ 75.5857118, 11.6862371, 0.0 ], [ 75.5872421, 11.6872564, 0.0 ], [ 75.58853, 11.6877645, 0.0 ], [ 75.5897677, 11.688069, 0.0 ], [ 75.5912577, 11.6884464, 0.0 ], [ 75.5925416, 11.6885522, 0.0 ], [ 75.5939819, 11.6883961, 0.0 ], [ 75.5953767, 11.6879958, 0.0 ], [ 75.5971936, 11.687456, 0.0 ], [ 75.5986527, 11.6870106, 0.0 ], [ 75.6001456, 11.6867395, 0.0 ], [ 75.6003179, 11.6866966, 0.0 ], [ 75.6010603, 11.6870457, 0.0 ], [ 75.6019672, 11.6878244, 0.0 ], [ 75.6032494, 11.6891279, 0.0 ], [ 75.6037206, 11.6899512, 0.0 ], [ 75.603885, 11.6904803, 0.0 ], [ 75.603912, 11.6908374, 0.0 ], [ 75.6038423, 11.6914791, 0.0 ], [ 75.6036211, 11.6922111, 0.0 ], [ 75.6031698, 11.6934353, 0.0 ], [ 75.6028339, 11.6941671, 0.0 ], [ 75.6022547, 11.6951245, 0.0 ], [ 75.6016666, 11.6958604, 0.0 ], [ 75.6011248, 11.6962801, 0.0 ], [ 75.6001566, 11.6966132, 0.0 ], [ 75.5993263, 11.6967521, 0.0 ], [ 75.59757, 11.696623, 0.0 ], [ 75.5959512, 11.6964896, 0.0 ], [ 75.5951166, 11.6964523, 0.0 ], [ 75.5948689, 11.6964293, 0.0 ], [ 75.5942633, 11.6966273, 0.0 ], [ 75.5933175, 11.6972723, 0.0 ], [ 75.5927387, 11.697963, 0.0 ], [ 75.5923755, 11.6985184, 0.0 ], [ 75.5922644, 11.6992279, 0.0 ], [ 75.5923553, 11.6997388, 0.0 ], [ 75.5930356, 11.7017783, 0.0 ], [ 75.5934875, 11.7032433, 0.0 ], [ 75.5937654, 11.7045048, 0.0 ], [ 75.593856, 11.7052824, 0.0 ], [ 75.5938364, 11.7061276, 0.0 ], [ 75.5937207, 11.7068823, 0.0 ], [ 75.5935871, 11.7072346, 0.0 ], [ 75.5931908, 11.7084363, 0.0 ], [ 75.5927176, 11.7090142, 0.0 ], [ 75.5919968, 11.7095058, 0.0 ], [ 75.5905969, 11.7101727, 0.0 ], [ 75.5890962, 11.7107356, 0.0 ], [ 75.5879033, 11.7110909, 0.0 ], [ 75.5874993, 11.7113344, 0.0 ], [ 75.5874117, 11.7115784, 0.0 ], [ 75.5873654, 11.7119128, 0.0 ], [ 75.5874108, 11.7122473, 0.0 ], [ 75.587745, 11.712623, 0.0 ], [ 75.5883131, 11.7130396, 0.0 ], [ 75.5889869, 11.7132846, 0.0 ], [ 75.5899318, 11.7133041, 0.0 ], [ 75.5907438, 11.7131923, 0.0 ], [ 75.5924553, 11.7127247, 0.0 ], [ 75.5932214, 11.7125405, 0.0 ], [ 75.5939186, 11.7125415, 0.0 ], [ 75.5947254, 11.7128048, 0.0 ], [ 75.5957154, 11.7133396, 0.0 ], [ 75.5961459, 11.713738, 0.0 ], [ 75.5967361, 11.7147558, 0.0 ], [ 75.5981809, 11.7178134, 0.0 ], [ 75.5986799, 11.7184604, 0.0 ], [ 75.5991287, 11.7189492, 0.0 ], [ 75.5994448, 11.7192164, 0.0 ], [ 75.599674, 11.719298, 0.0 ], [ 75.5998758, 11.7192938, 0.0 ], [ 75.6007751, 11.7190736, 0.0 ], [ 75.6019866, 11.7186278, 0.0 ], [ 75.6024821, 11.7185607, 0.0 ], [ 75.6027526, 11.7186289, 0.0 ], [ 75.6030963, 11.7188283, 0.0 ], [ 75.6030967, 11.7188289, 0.0 ], [ 75.6034761, 11.7194255, 0.0 ], [ 75.6039013, 11.7203797, 0.0 ], [ 75.604359, 11.7210177, 0.0 ], [ 75.6052154, 11.72195, 0.0 ], [ 75.6056873, 11.7223077, 0.0 ], [ 75.6061868, 11.7225978, 0.0 ], [ 75.6066134, 11.7225486, 0.0 ], [ 75.6070217, 11.7225446, 0.0 ], [ 75.6074026, 11.7223915, 0.0 ], [ 75.6075587, 11.7222335, 0.0 ], [ 75.6075775, 11.7219895, 0.0 ], [ 75.6075324, 11.7214379, 0.0 ], [ 75.6071481, 11.7207459, 0.0 ], [ 75.606718, 11.7200356, 0.0 ], [ 75.6066036, 11.7198186, 0.0 ], [ 75.6065353, 11.7194659, 0.0 ], [ 75.6064716, 11.7190861, 0.0 ], [ 75.606472, 11.7188646, 0.0 ], [ 75.6065365, 11.7186659, 0.0 ], [ 75.6067201, 11.7185079, 0.0 ], [ 75.6069678, 11.7184857, 0.0 ], [ 75.6072566, 11.7186172, 0.0 ], [ 75.6076643, 11.7190381, 0.0 ], [ 75.6080441, 11.7196127, 0.0 ], [ 75.6083408, 11.7206572, 0.0 ], [ 75.6085877, 11.7211231, 0.0 ], [ 75.609064, 11.7216344, 0.0 ], [ 75.6096091, 11.7221685, 0.0 ], [ 75.610035, 11.7226347, 0.0 ], [ 75.6104148, 11.72325, 0.0 ], [ 75.610602, 11.7238288, 0.0 ], [ 75.6108528, 11.7248642, 0.0 ], [ 75.6109853, 11.7252441, 0.0 ], [ 75.6111226, 11.7254206, 0.0 ], [ 75.611393, 11.7256197, 0.0 ], [ 75.6117095, 11.7256428, 0.0 ], [ 75.612361, 11.7254675, 0.0 ], [ 75.6139583, 11.7247284, 0.0 ], [ 75.6149449, 11.7243681, 0.0 ], [ 75.6154173, 11.7243688, 0.0 ], [ 75.6157979, 11.724437, 0.0 ], [ 75.6161873, 11.7247721, 0.0 ], [ 75.6166178, 11.7252608, 0.0 ], [ 75.6171984, 11.7265859, 0.0 ], [ 75.6173631, 11.7269207, 0.0 ], [ 75.6174959, 11.72707, 0.0 ], [ 75.6175417, 11.7271153, 0.0 ], [ 75.6177935, 11.7274274, 0.0 ], [ 75.6181098, 11.7276042, 0.0 ], [ 75.6186921, 11.727718, 0.0 ], [ 75.619614, 11.7278232, 0.0 ], [ 75.6198843, 11.7279592, 0.0 ], [ 75.6203424, 11.7284706, 0.0 ], [ 75.6206352, 11.7289952, 0.0 ], [ 75.6209512, 11.7293754, 0.0 ], [ 75.6213313, 11.7297962, 0.0 ], [ 75.6219863, 11.7303756, 0.0 ], [ 75.6225158, 11.7306385, 0.0 ], [ 75.6230452, 11.7309013, 0.0 ], [ 75.6235175, 11.7309472, 0.0 ], [ 75.6235429, 11.731167, 0.0 ], [ 75.6235682, 11.7313868, 0.0 ], [ 75.6239108, 11.73182, 0.0 ], [ 75.6242098, 11.7322002, 0.0 ], [ 75.624241, 11.7325858, 0.0 ], [ 75.6239865, 11.7328717, 0.0 ], [ 75.6236385, 11.7330401, 0.0 ], [ 75.6228494, 11.7331701, 0.0 ], [ 75.6227164, 11.7332152, 0.0 ], [ 75.6226245, 11.7332828, 0.0 ], [ 75.6226701, 11.7334592, 0.0 ], [ 75.6228716, 11.7337261, 0.0 ], [ 75.6232152, 11.7339932, 0.0 ], [ 75.6233479, 11.7342149, 0.0 ], [ 75.6234849, 11.7346807, 0.0 ], [ 75.623622, 11.735056, 0.0 ], [ 75.6238464, 11.7353003, 0.0 ], [ 75.6242269, 11.7354546, 0.0 ], [ 75.6247037, 11.7356315, 0.0 ], [ 75.6249971, 11.7357404, 0.0 ], [ 75.6252901, 11.7360933, 0.0 ], [ 75.6254684, 11.7365591, 0.0 ], [ 75.6256744, 11.7368713, 0.0 ], [ 75.6258301, 11.7370703, 0.0 ], [ 75.6259218, 11.7371156, 0.0 ], [ 75.6261238, 11.7369396, 0.0 ], [ 75.6264593, 11.7365377, 0.0 ], [ 75.6267072, 11.7363619, 0.0 ], [ 75.6268448, 11.7363168, 0.0 ], [ 75.6269548, 11.7363847, 0.0 ], [ 75.6269776, 11.7365385, 0.0 ], [ 75.62689, 11.7368502, 0.0 ], [ 75.62666, 11.7372702, 0.0 ], [ 75.6265542, 11.7375368, 0.0 ], [ 75.6266456, 11.7378036, 0.0 ], [ 75.6268242, 11.7380253, 0.0 ], [ 75.6268929, 11.738048, 0.0 ], [ 75.62698, 11.7380934, 0.0 ], [ 75.6270946, 11.7381161, 0.0 ], [ 75.6272964, 11.7381164, 0.0 ], [ 75.6276315, 11.7379947, 0.0 ], [ 75.628219, 11.7377107, 0.0 ], [ 75.6286458, 11.7375532, 0.0 ], [ 75.6288936, 11.7375083, 0.0 ], [ 75.6291413, 11.7374679, 0.0 ], [ 75.6293658, 11.7376219, 0.0 ], [ 75.6295261, 11.7379069, 0.0 ], [ 75.6295485, 11.7382368, 0.0 ], [ 75.6295297, 11.7385758, 0.0 ], [ 75.6295295, 11.7387295, 0.0 ], [ 75.6295523, 11.7388199, 0.0 ], [ 75.6296854, 11.7387704, 0.0 ], [ 75.6300251, 11.7385494, 0.0 ], [ 75.6305163, 11.7382834, 0.0 ], [ 75.6308283, 11.7382385, 0.0 ], [ 75.6312551, 11.7381035, 0.0 ], [ 75.6314569, 11.738045, 0.0 ], [ 75.6316497, 11.7379549, 0.0 ], [ 75.6318977, 11.7376976, 0.0 ], [ 75.6321366, 11.7374538, 0.0 ], [ 75.6324166, 11.7373005, 0.0 ], [ 75.6326644, 11.737224, 0.0 ], [ 75.6328893, 11.7371339, 0.0 ], [ 75.6330362, 11.7370346, 0.0 ], [ 75.6332705, 11.7367999, 0.0 ], [ 75.6335644, 11.7364974, 0.0 ], [ 75.6338674, 11.7363442, 0.0 ], [ 75.6341334, 11.7363083, 0.0 ], [ 75.6345876, 11.7362818, 0.0 ], [ 75.6350737, 11.7363277, 0.0 ], [ 75.6354451, 11.7364592, 0.0 ], [ 75.6357613, 11.7367263, 0.0 ], [ 75.635949, 11.7369481, 0.0 ], [ 75.6361183, 11.7372782, 0.0 ], [ 75.6362094, 11.7377349, 0.0 ], [ 75.6362962, 11.7380242, 0.0 ], [ 75.6364931, 11.7382686, 0.0 ], [ 75.6366993, 11.7384451, 0.0 ], [ 75.6369056, 11.7385222, 0.0 ], [ 75.6372955, 11.7384775, 0.0 ], [ 75.637791, 11.7384691, 0.0 ], [ 75.6379926, 11.7385372, 0.0 ], [ 75.6381529, 11.7387499, 0.0 ], [ 75.6383772, 11.7390936, 0.0 ], [ 75.6384687, 11.7392836, 0.0 ], [ 75.6389909, 11.7398492, 0.0 ], [ 75.6392611, 11.7401388, 0.0 ], [ 75.6394214, 11.740338, 0.0 ], [ 75.6395221, 11.7404691, 0.0 ], [ 75.6396685, 11.7408265, 0.0 ], [ 75.6397004, 11.7410027, 0.0 ], [ 75.6398007, 11.7413781, 0.0 ], [ 75.6400891, 11.7419027, 0.0 ], [ 75.6403819, 11.7424228, 0.0 ], [ 75.6405054, 11.7426897, 0.0 ], [ 75.6407435, 11.7429612, 0.0 ], [ 75.6409311, 11.7433275, 0.0 ], [ 75.6411048, 11.7438295, 0.0 ], [ 75.6412741, 11.7441281, 0.0 ], [ 75.6413062, 11.7441824, 0.0 ], [ 75.6414987, 11.7442594, 0.0 ], [ 75.6417372, 11.744323, 0.0 ], [ 75.6418931, 11.7443368, 0.0 ], [ 75.6420399, 11.7443144, 0.0 ], [ 75.6423108, 11.7441701, 0.0 ], [ 75.6425357, 11.7440573, 0.0 ], [ 75.6428709, 11.7438001, 0.0 ], [ 75.6431877, 11.7435248, 0.0 ], [ 75.6434678, 11.743367, 0.0 ], [ 75.6436513, 11.7433446, 0.0 ], [ 75.643954, 11.743345, 0.0 ], [ 75.6442704, 11.7434132, 0.0 ], [ 75.6446051, 11.7435583, 0.0 ], [ 75.6449534, 11.7437711, 0.0 ], [ 75.6453016, 11.7440699, 0.0 ], [ 75.6456405, 11.7444952, 0.0 ], [ 75.6459108, 11.7447758, 0.0 ], [ 75.6460481, 11.7450064, 0.0 ], [ 75.6460295, 11.7452189, 0.0 ], [ 75.6459143, 11.7456075, 0.0 ], [ 75.6457577, 11.7460818, 0.0 ], [ 75.6456793, 11.7464163, 0.0 ], [ 75.6457249, 11.7466152, 0.0 ], [ 75.6459172, 11.7469047, 0.0 ], [ 75.6459996, 11.7470359, 0.0 ], [ 75.6461462, 11.7471264, 0.0 ], [ 75.6462792, 11.7471718, 0.0 ], [ 75.6464031, 11.7471584, 0.0 ], [ 75.6465821, 11.7471044, 0.0 ], [ 75.646706, 11.7470367, 0.0 ], [ 75.6469312, 11.7467387, 0.0 ], [ 75.6472667, 11.7461967, 0.0 ], [ 75.6474, 11.7460251, 0.0 ], [ 75.6476617, 11.7458356, 0.0 ], [ 75.6478865, 11.7457907, 0.0 ], [ 75.6480974, 11.7458814, 0.0 ], [ 75.6482669, 11.7460579, 0.0 ], [ 75.6483904, 11.7463202, 0.0 ], [ 75.6485091, 11.7467768, 0.0 ], [ 75.6485082, 11.7474549, 0.0 ], [ 75.6483912, 11.7492536, 0.0 ], [ 75.6483817, 11.7494977, 0.0 ], [ 75.6483675, 11.7498186, 0.0 ], [ 75.6483977, 11.7499406, 0.0 ], [ 75.6484185, 11.750025, 0.0 ], [ 75.6486555, 11.7501865, 0.0 ], [ 75.6493539, 11.7501338, 0.0 ], [ 75.6500644, 11.7500802, 0.0 ], [ 75.6503235, 11.7500802, 0.0 ], [ 75.6504125, 11.7500802, 0.0 ], [ 75.6507109, 11.7501619, 0.0 ], [ 75.650712, 11.7502401, 0.0 ], [ 75.6507262, 11.751193, 0.0 ], [ 75.6509737, 11.7516875, 0.0 ], [ 75.6511021, 11.7519439, 0.0 ], [ 75.6513493, 11.752178, 0.0 ], [ 75.6524166, 11.7525649, 0.0 ], [ 75.6535887, 11.7533012, 0.0 ], [ 75.6544146, 11.7538132, 0.0 ], [ 75.6547772, 11.7541807, 0.0 ], [ 75.6550195, 11.7545074, 0.0 ], [ 75.6551135, 11.7547805, 0.0 ], [ 75.6551283, 11.7550438, 0.0 ], [ 75.6550097, 11.7555363, 0.0 ], [ 75.654916, 11.7557779, 0.0 ], [ 75.654911, 11.7559145, 0.0 ], [ 75.6549654, 11.756051, 0.0 ], [ 75.6550891, 11.7561632, 0.0 ], [ 75.6552819, 11.7562363, 0.0 ], [ 75.6554748, 11.7562412, 0.0 ], [ 75.6556776, 11.7561485, 0.0 ], [ 75.6565727, 11.7555341, 0.0 ], [ 75.6570425, 11.7552366, 0.0 ], [ 75.6572848, 11.7551342, 0.0 ], [ 75.6575049, 11.7551205, 0.0 ], [ 75.6577473, 11.7551887, 0.0 ], [ 75.6580984, 11.7553594, 0.0 ], [ 75.6582715, 11.7556129, 0.0 ], [ 75.6584149, 11.7559933, 0.0 ], [ 75.6585386, 11.7565297, 0.0 ], [ 75.6587465, 11.7573299, 0.0 ], [ 75.6588751, 11.7577297, 0.0 ], [ 75.6590482, 11.7580467, 0.0 ], [ 75.6592041, 11.7582647, 0.0 ], [ 75.6593228, 11.7583427, 0.0 ], [ 75.6595453, 11.7584109, 0.0 ], [ 75.6599113, 11.7584012, 0.0 ], [ 75.6601635, 11.7584255, 0.0 ], [ 75.6603514, 11.7585133, 0.0 ], [ 75.6605888, 11.7586791, 0.0 ], [ 75.6608064, 11.7588059, 0.0 ], [ 75.6610389, 11.7588644, 0.0 ], [ 75.6615433, 11.7589228, 0.0 ], [ 75.662182, 11.7589997, 0.0 ], [ 75.6625233, 11.7589948, 0.0 ], [ 75.6629337, 11.7589168, 0.0 ], [ 75.6635667, 11.7586876, 0.0 ], [ 75.664269, 11.7583852, 0.0 ], [ 75.6647635, 11.7583022, 0.0 ], [ 75.6650701, 11.7582778, 0.0 ], [ 75.6653125, 11.7583363, 0.0 ], [ 75.6655499, 11.7585216, 0.0 ], [ 75.6656782, 11.7586773, 0.0 ], [ 75.6659561, 11.7590145, 0.0 ], [ 75.6661286, 11.7592238, 0.0 ], [ 75.6663882, 11.7598891, 0.0 ], [ 75.6665316, 11.7600646, 0.0 ], [ 75.6668383, 11.7603231, 0.0 ], [ 75.6669224, 11.7604986, 0.0 ], [ 75.6669818, 11.7608302, 0.0 ], [ 75.666962, 11.7609667, 0.0 ], [ 75.6668631, 11.7612252, 0.0 ], [ 75.66669, 11.7615275, 0.0 ], [ 75.6666455, 11.761747, 0.0 ], [ 75.6666604, 11.7618786, 0.0 ], [ 75.6668038, 11.762142, 0.0 ], [ 75.6673713, 11.7628551, 0.0 ], [ 75.6675691, 11.7632111, 0.0 ], [ 75.6676087, 11.7633818, 0.0 ], [ 75.6676038, 11.7636695, 0.0 ], [ 75.6675445, 11.7640694, 0.0 ], [ 75.6673764, 11.7645472, 0.0 ], [ 75.6671307, 11.7654794, 0.0 ], [ 75.6670466, 11.765967, 0.0 ], [ 75.6670516, 11.7662693, 0.0 ], [ 75.6671308, 11.766479, 0.0 ], [ 75.6674374, 11.7668301, 0.0 ], [ 75.6678557, 11.7671488, 0.0 ], [ 75.6679348, 11.7672707, 0.0 ], [ 75.6679596, 11.7675486, 0.0 ], [ 75.6679942, 11.768085, 0.0 ], [ 75.6680339, 11.7687384, 0.0 ], [ 75.6681424, 11.7689643, 0.0 ], [ 75.668271, 11.7690618, 0.0 ], [ 75.668548, 11.7691691, 0.0 ], [ 75.6687904, 11.7692958, 0.0 ], [ 75.6689684, 11.7694421, 0.0 ], [ 75.6690179, 11.769564, 0.0 ], [ 75.6690674, 11.7699151, 0.0 ], [ 75.6690328, 11.7701687, 0.0 ], [ 75.6690377, 11.7702565, 0.0 ], [ 75.6690625, 11.7703247, 0.0 ], [ 75.6691218, 11.7703979, 0.0 ], [ 75.669196, 11.7704271, 0.0 ], [ 75.6694977, 11.7703832, 0.0 ], [ 75.6700516, 11.7702807, 0.0 ], [ 75.6704391, 11.7702605, 0.0 ], [ 75.67081, 11.770358, 0.0 ], [ 75.6713145, 11.7706505, 0.0 ], [ 75.6716607, 11.7708309, 0.0 ], [ 75.6719377, 11.7708894, 0.0 ], [ 75.6726351, 11.7710405, 0.0 ], [ 75.6732385, 11.7712891, 0.0 ], [ 75.6740826, 11.7715067, 0.0 ], [ 75.6747799, 11.7717211, 0.0 ], [ 75.6750322, 11.7719015, 0.0 ], [ 75.675418, 11.7722477, 0.0 ], [ 75.6756825, 11.7724496, 0.0 ], [ 75.6758606, 11.7725422, 0.0 ], [ 75.6761128, 11.7726007, 0.0 ], [ 75.6765777, 11.7726689, 0.0 ], [ 75.6770822, 11.7728103, 0.0 ], [ 75.677468, 11.7730979, 0.0 ], [ 75.6779972, 11.773449, 0.0 ], [ 75.6784078, 11.7735708, 0.0 ], [ 75.679271, 11.7736871, 0.0 ], [ 75.6810862, 11.7739648, 0.0 ], [ 75.6820611, 11.7741154, 0.0 ], [ 75.6823925, 11.7742226, 0.0 ], [ 75.6826447, 11.7743347, 0.0 ], [ 75.6829662, 11.7745931, 0.0 ], [ 75.683559, 11.7753755, 0.0 ], [ 75.684034, 11.7763751, 0.0 ], [ 75.6844589, 11.7772552, 0.0 ], [ 75.6847705, 11.7777086, 0.0 ], [ 75.6854671, 11.778555, 0.0 ], [ 75.6857095, 11.7788378, 0.0 ], [ 75.6857731, 11.779084, 0.0 ], [ 75.6858029, 11.7795375, 0.0 ], [ 75.6858475, 11.78023, 0.0 ], [ 75.6859909, 11.780715, 0.0 ], [ 75.686258, 11.7812026, 0.0 ], [ 75.6864164, 11.7815829, 0.0 ], [ 75.6865203, 11.7820462, 0.0 ], [ 75.6868272, 11.7831161, 0.0 ], [ 75.68703, 11.7837598, 0.0 ], [ 75.6874751, 11.7845178, 0.0 ], [ 75.6877423, 11.785098, 0.0 ], [ 75.6877618, 11.7853596, 0.0 ], [ 75.6877471, 11.786096, 0.0 ], [ 75.687772, 11.7864827, 0.0 ], [ 75.6878314, 11.7868143, 0.0 ], [ 75.6879947, 11.7873068, 0.0 ], [ 75.6880442, 11.7877066, 0.0 ], [ 75.6880344, 11.7881943, 0.0 ], [ 75.6880734, 11.7888197, 0.0 ], [ 75.6881674, 11.7891952, 0.0 ], [ 75.6884049, 11.7896779, 0.0 ], [ 75.6888552, 11.7904337, 0.0 ], [ 75.6894475, 11.791348, 0.0 ], [ 75.6899917, 11.7919574, 0.0 ], [ 75.69093, 11.7931293, 0.0 ], [ 75.6912219, 11.7936266, 0.0 ], [ 75.69137, 11.7939988, 0.0 ], [ 75.6914097, 11.7943206, 0.0 ], [ 75.6914074, 11.7943383, 0.0 ], [ 75.69138, 11.7945547, 0.0 ], [ 75.6913207, 11.794779, 0.0 ], [ 75.6911575, 11.7949692, 0.0 ], [ 75.69093, 11.7951984, 0.0 ], [ 75.690841, 11.7953643, 0.0 ], [ 75.6907026, 11.7957446, 0.0 ], [ 75.6906728, 11.7960583, 0.0 ], [ 75.6907471, 11.7966093, 0.0 ], [ 75.6909254, 11.7977503, 0.0 ], [ 75.6912122, 11.7990402, 0.0 ], [ 75.6913504, 11.799385, 0.0 ], [ 75.6914345, 11.7994971, 0.0 ], [ 75.6914938, 11.799541, 0.0 ], [ 75.6915464, 11.7995465, 0.0 ], [ 75.6917758, 11.7995702, 0.0 ], [ 75.6923594, 11.7995409, 0.0 ], [ 75.6934723, 11.7994431, 0.0 ], [ 75.6937531, 11.7994155, 0.0 ], [ 75.6948252, 11.7993101, 0.0 ], [ 75.6966779, 11.7993879, 0.0 ], [ 75.6975781, 11.7994364, 0.0 ], [ 75.6977926, 11.7994666, 0.0 ], [ 75.698402, 11.7995521, 0.0 ], [ 75.6985998, 11.7995521, 0.0 ], [ 75.699129, 11.7994398, 0.0 ], [ 75.7005337, 11.7990251, 0.0 ], [ 75.7032059, 11.7982272, 0.0 ], [ 75.7042693, 11.7979442, 0.0 ], [ 75.7070046, 11.7972187, 0.0 ], [ 75.7080531, 11.7969893, 0.0 ], [ 75.710133, 11.7966133, 0.0 ], [ 75.711048, 11.7964376, 0.0 ], [ 75.7123647, 11.7961061, 0.0 ], [ 75.7127406, 11.7960816, 0.0 ], [ 75.7131512, 11.7961059, 0.0 ], [ 75.7137794, 11.79633, 0.0 ], [ 75.714749, 11.7968028, 0.0 ], [ 75.7151868, 11.7969671, 0.0 ], [ 75.7155132, 11.7970158, 0.0 ], [ 75.7158397, 11.7969913, 0.0 ], [ 75.7165667, 11.7968351, 0.0 ], [ 75.7170005, 11.7965737, 0.0 ], [ 75.7178906, 11.7959834, 0.0 ], [ 75.7187659, 11.795359, 0.0 ], [ 75.7191745, 11.7951316, 0.0 ], [ 75.7196394, 11.7949218, 0.0 ], [ 75.7204307, 11.7946387, 0.0 ], [ 75.7206653, 11.7945222, 0.0 ], [ 75.721323, 11.794049, 0.0 ], [ 75.7217425, 11.7937398, 0.0 ], [ 75.722326, 11.7931838, 0.0 ], [ 75.7230083, 11.7924131, 0.0 ], [ 75.7232593, 11.792005, 0.0 ], [ 75.7235259, 11.791602, 0.0 ], [ 75.7240449, 11.7907484, 0.0 ], [ 75.7245537, 11.7899064, 0.0 ], [ 75.7249097, 11.7893455, 0.0 ], [ 75.7253923, 11.7888513, 0.0 ], [ 75.7259856, 11.788227, 0.0 ], [ 75.7266284, 11.7876416, 0.0 ], [ 75.7267902, 11.7874149, 0.0 ], [ 75.7269583, 11.7870443, 0.0 ], [ 75.7273784, 11.7860396, 0.0 ], [ 75.7281933, 11.7837966, 0.0 ], [ 75.728559, 11.7828602, 0.0 ], [ 75.7286722, 11.782472, 0.0 ], [ 75.7288005, 11.7815748, 0.0 ], [ 75.728909, 11.7805929, 0.0 ], [ 75.7289188, 11.7804808, 0.0 ], [ 75.7289436, 11.7804174, 0.0 ], [ 75.7289881, 11.7803832, 0.0 ], [ 75.729087, 11.7803637, 0.0 ], [ 75.7292997, 11.7804368, 0.0 ], [ 75.7296346, 11.7805759, 0.0 ], [ 75.7300491, 11.7807481, 0.0 ], [ 75.730354, 11.7808219, 0.0 ], [ 75.730974, 11.7809721, 0.0 ], [ 75.7315972, 11.7810987, 0.0 ], [ 75.7325677, 11.7811912, 0.0 ], [ 75.7328199, 11.7811862, 0.0 ], [ 75.7331463, 11.7810789, 0.0 ], [ 75.733438, 11.780991, 0.0 ], [ 75.7336606, 11.7809763, 0.0 ], [ 75.7339772, 11.7810152, 0.0 ], [ 75.7343036, 11.7810931, 0.0 ], [ 75.7347043, 11.7813319, 0.0 ], [ 75.7350803, 11.7816049, 0.0 ], [ 75.7351868, 11.7816341, 0.0 ], [ 75.7360572, 11.7815022, 0.0 ], [ 75.7372887, 11.781414, 0.0 ], [ 75.7376399, 11.7814577, 0.0 ], [ 75.7377339, 11.7815016, 0.0 ], [ 75.7377685, 11.7815601, 0.0 ], [ 75.7377685, 11.7815991, 0.0 ], [ 75.7376202, 11.7817113, 0.0 ], [ 75.7373979, 11.7819361, 0.0 ], [ 75.7370219, 11.7823162, 0.0 ], [ 75.7368103, 11.7826408, 0.0 ], [ 75.7366621, 11.7830894, 0.0 ], [ 75.7366573, 11.7834893, 0.0 ], [ 75.7366759, 11.7842994, 0.0 ], [ 75.7367652, 11.785026, 0.0 ], [ 75.7369732, 11.7859134, 0.0 ], [ 75.7372346, 11.7867619, 0.0 ], [ 75.7373633, 11.7869081, 0.0 ], [ 75.7375859, 11.7869812, 0.0 ], [ 75.7381645, 11.7870054, 0.0 ], [ 75.7382736, 11.7869854, 0.0 ], [ 75.7388025, 11.7868881, 0.0 ], [ 75.7402417, 11.7865414, 0.0 ], [ 75.7411568, 11.7861523, 0.0 ], [ 75.7413991, 11.7860693, 0.0 ], [ 75.7416019, 11.7860302, 0.0 ], [ 75.7417997, 11.7860448, 0.0 ], [ 75.7421609, 11.7862787, 0.0 ], [ 75.7425369, 11.7866004, 0.0 ], [ 75.7427001, 11.7867125, 0.0 ], [ 75.742799, 11.7867271, 0.0 ], [ 75.7431452, 11.7866782, 0.0 ], [ 75.7437783, 11.7866341, 0.0 ], [ 75.7443916, 11.7867119, 0.0 ], [ 75.7449878, 11.7868079, 0.0 ], [ 75.7454379, 11.7868468, 0.0 ], [ 75.7455961, 11.7868028, 0.0 ], [ 75.7459324, 11.7866369, 0.0 ], [ 75.7461344, 11.7864303, 0.0 ], [ 75.7462728, 11.7862157, 0.0 ], [ 75.7463913, 11.7857816, 0.0 ], [ 75.7466879, 11.7853524, 0.0 ], [ 75.7473652, 11.7844744, 0.0 ], [ 75.7480121, 11.7837707, 0.0 ], [ 75.7488476, 11.7829268, 0.0 ], [ 75.7499971, 11.782058, 0.0 ], [ 75.7500792, 11.7820877, 0.0 ], [ 75.7512681, 11.7842269, 0.0 ], [ 75.7524837, 11.784372, 0.0 ], [ 75.7529242, 11.7844898, 0.0 ], [ 75.7537542, 11.7851591, 0.0 ], [ 75.7548776, 11.7863031, 0.0 ], [ 75.7555013, 11.7871216, 0.0 ], [ 75.7562669, 11.78794, 0.0 ], [ 75.7573035, 11.7886411, 0.0 ], [ 75.757629, 11.7891339, 0.0 ], [ 75.7575416, 11.789631, 0.0 ], [ 75.757069, 11.7899518, 0.0 ], [ 75.7561192, 11.7902135, 0.0 ], [ 75.7553207, 11.7905657, 0.0 ], [ 75.7541641, 11.7915551, 0.0 ], [ 75.7533976, 11.7923141, 0.0 ], [ 75.7532184, 11.7928112, 0.0 ], [ 75.7533054, 11.7933355, 0.0 ], [ 75.7533372, 11.7938011, 0.0 ], [ 75.7531899, 11.794913, 0.0 ], [ 75.7529512, 11.7953197, 0.0 ], [ 75.7523868, 11.7956403, 0.0 ], [ 75.7514094, 11.7958433, 0.0 ], [ 75.7507898, 11.7963402, 0.0 ], [ 75.7502575, 11.7966338, 0.0 ], [ 75.7499958, 11.7965845, 0.0 ], [ 75.7497337, 11.7966297, 0.0 ], [ 75.749056, 11.7967467, 0.0 ], [ 75.7489295, 11.7967685, 0.0 ], [ 75.7470306, 11.797959, 0.0 ], [ 75.7468304, 11.798126, 0.0 ], [ 75.7462306, 11.7986263, 0.0 ], [ 75.7460941, 11.7987401, 0.0 ], [ 75.7460714, 11.7987591, 0.0 ], [ 75.7458143, 11.799042, 0.0 ], [ 75.7457649, 11.7992078, 0.0 ], [ 75.7457452, 11.7993638, 0.0 ], [ 75.7457588, 11.7994841, 0.0 ], [ 75.745765, 11.7995394, 0.0 ], [ 75.7458083, 11.7995835, 0.0 ], [ 75.7459067, 11.7996839, 0.0 ], [ 75.7460421, 11.7998221, 0.0 ], [ 75.7462936, 11.7999347, 0.0 ], [ 75.7465863, 11.8000657, 0.0 ], [ 75.7469806, 11.8001519, 0.0 ], [ 75.7470315, 11.8001631, 0.0 ], [ 75.7475558, 11.8002604, 0.0 ], [ 75.7479021, 11.8004358, 0.0 ], [ 75.7481594, 11.800738, 0.0 ], [ 75.7483871, 11.801167, 0.0 ], [ 75.7487029, 11.8018146, 0.0 ], [ 75.7488016, 11.8019785, 0.0 ], [ 75.7489305, 11.8021928, 0.0 ], [ 75.7491781, 11.8026043, 0.0 ], [ 75.7496038, 11.8034234, 0.0 ], [ 75.7498476, 11.8038436, 0.0 ], [ 75.7498712, 11.8038843, 0.0 ], [ 75.7498809, 11.8039011, 0.0 ], [ 75.7499962, 11.8039286, 0.0 ], [ 75.7519105, 11.8045849, 0.0 ], [ 75.7536261, 11.8048795, 0.0 ], [ 75.7554609, 11.8052599, 0.0 ], [ 75.7564974, 11.8056672, 0.0 ], [ 75.7573322, 11.8058709, 0.0 ], [ 75.7589609, 11.8056411, 0.0 ], [ 75.7603188, 11.8053479, 0.0 ], [ 75.7611218, 11.8049415, 0.0 ], [ 75.7629251, 11.803948, 0.0 ], [ 75.763604, 11.8039482, 0.0 ], [ 75.7645537, 11.8037181, 0.0 ], [ 75.7668221, 11.8036897, 0.0 ], [ 75.7690906, 11.8036612, 0.0 ], [ 75.769632, 11.8034774, 0.0 ], [ 75.77046, 11.8031964, 0.0 ], [ 75.7705429, 11.8031728, 0.0 ], [ 75.7720476, 11.802745, 0.0 ], [ 75.7741463, 11.802348, 0.0 ], [ 75.7766649, 11.8020009, 0.0 ], [ 75.779799, 11.7991909, 0.0 ], [ 75.7803221, 11.7987933, 0.0 ], [ 75.7810012, 11.7982874, 0.0 ], [ 75.7810196, 11.7982693, 0.0 ], [ 75.7820381, 11.7976957, 0.0 ], [ 75.7820611, 11.7976821, 0.0 ], [ 75.7827998, 11.797122, 0.0 ], [ 75.7835614, 11.7967607, 0.0 ], [ 75.783644, 11.7967471, 0.0 ], [ 75.7846672, 11.7961147, 0.0 ], [ 75.7856582, 11.7955727, 0.0 ], [ 75.786429, 11.7950577, 0.0 ], [ 75.7864749, 11.7950261, 0.0 ], [ 75.7872779, 11.7947546, 0.0 ], [ 75.7883287, 11.7943527, 0.0 ], [ 75.7891088, 11.7939778, 0.0 ], [ 75.789173, 11.7939507, 0.0 ], [ 75.7901367, 11.7931736, 0.0 ], [ 75.7907792, 11.7925726, 0.0 ], [ 75.7914812, 11.7921977, 0.0 ], [ 75.7922384, 11.7918815, 0.0 ], [ 75.7927065, 11.7915336, 0.0 ], [ 75.7931424, 11.7911314, 0.0 ], [ 75.7934086, 11.790675, 0.0 ], [ 75.7935235, 11.790214, 0.0 ], [ 75.7935513, 11.7894954, 0.0 ], [ 75.7936983, 11.7886592, 0.0 ], [ 75.7935839, 11.7879405, 0.0 ], [ 75.7933502, 11.7869641, 0.0 ], [ 75.7933502, 11.786955, 0.0 ], [ 75.7934652, 11.7859291, 0.0 ], [ 75.7937315, 11.7852059, 0.0 ], [ 75.7938464, 11.7848624, 0.0 ], [ 75.7935852, 11.7838589, 0.0 ], [ 75.7933146, 11.7835062, 0.0 ], [ 75.7931449, 11.7833118, 0.0 ], [ 75.7927691, 11.7822179, 0.0 ], [ 75.7925355, 11.781151, 0.0 ], [ 75.7922148, 11.7798312, 0.0 ], [ 75.7917473, 11.7785925, 0.0 ], [ 75.7911923, 11.7779912, 0.0 ], [ 75.7902612, 11.7773581, 0.0 ], [ 75.7889449, 11.7766389, 0.0 ], [ 75.7879541, 11.7760962, 0.0 ], [ 75.7874863, 11.775721, 0.0 ], [ 75.7872479, 11.7753321, 0.0 ], [ 75.7871653, 11.7751739, 0.0 ], [ 75.7869819, 11.7752281, 0.0 ], [ 75.7874959, 11.7746949, 0.0 ], [ 75.7877299, 11.7744192, 0.0 ], [ 75.7878722, 11.7742295, 0.0 ], [ 75.7882577, 11.773642, 0.0 ], [ 75.7884092, 11.7734477, 0.0 ], [ 75.7884781, 11.7733753, 0.0 ], [ 75.7885606, 11.7733211, 0.0 ], [ 75.7886753, 11.7732218, 0.0 ], [ 75.7888314, 11.7730456, 0.0 ], [ 75.7889323, 11.7729777, 0.0 ], [ 75.7890287, 11.7728648, 0.0 ], [ 75.7891113, 11.772788, 0.0 ], [ 75.7891618, 11.7727202, 0.0 ], [ 75.7892122, 11.772675, 0.0 ], [ 75.7892398, 11.7726343, 0.0 ], [ 75.7893453, 11.7725304, 0.0 ], [ 75.7895656, 11.7723361, 0.0 ], [ 75.7897996, 11.7721464, 0.0 ], [ 75.7891986, 11.7706935, 0.0 ], [ 75.7885483, 11.7677194, 0.0 ], [ 75.7881042, 11.7650933, 0.0 ], [ 75.7870405, 11.7638094, 0.0 ], [ 75.7867608, 11.7637551, 0.0 ], [ 75.7838666, 11.7634694, 0.0 ], [ 75.7832851, 11.7606986, 0.0 ], [ 75.7832987, 11.7606633, 0.0 ], [ 75.7833537, 11.7605911, 0.0 ], [ 75.783363, 11.7605458, 0.0 ], [ 75.783418, 11.7604238, 0.0 ], [ 75.7836796, 11.7599493, 0.0 ], [ 75.783799, 11.7597641, 0.0 ], [ 75.784079, 11.7594387, 0.0 ], [ 75.7842395, 11.7592941, 0.0 ], [ 75.7843634, 11.7592083, 0.0 ], [ 75.7845653, 11.759127, 0.0 ], [ 75.7846754, 11.7590954, 0.0 ], [ 75.7848773, 11.7590231, 0.0 ], [ 75.7849828, 11.7589961, 0.0 ], [ 75.7852535, 11.7589464, 0.0 ], [ 75.7853636, 11.7589058, 0.0 ], [ 75.7854003, 11.7588786, 0.0 ], [ 75.7854348, 11.758842, 0.0 ], [ 75.7858499, 11.758603, 0.0 ], [ 75.7860151, 11.7585308, 0.0 ], [ 75.7863729, 11.7584044, 0.0 ], [ 75.7866525, 11.7583677, 0.0 ], [ 75.786836, 11.7583225, 0.0 ], [ 75.7870333, 11.7582412, 0.0 ], [ 75.7871434, 11.758187, 0.0 ], [ 75.7872581, 11.7581148, 0.0 ], [ 75.7876389, 11.7578347, 0.0 ], [ 75.7881756, 11.75741, 0.0 ], [ 75.7886895, 11.7569763, 0.0 ], [ 75.7887858, 11.756904, 0.0 ], [ 75.7889556, 11.7567504, 0.0 ], [ 75.7890244, 11.7566781, 0.0 ], [ 75.7891621, 11.7565064, 0.0 ], [ 75.7892171, 11.7564522, 0.0 ], [ 75.7897034, 11.7560682, 0.0 ], [ 75.7899925, 11.755883, 0.0 ], [ 75.7900613, 11.7558559, 0.0 ], [ 75.7900888, 11.7558197, 0.0 ], [ 75.7901668, 11.7557836, 0.0 ], [ 75.7901714, 11.75577, 0.0 ], [ 75.7909696, 11.7553997, 0.0 ], [ 75.7913962, 11.7552145, 0.0 ], [ 75.7914784, 11.7551675, 0.0 ], [ 75.7919742, 11.7549978, 0.0 ], [ 75.7941395, 11.7535838, 0.0 ], [ 75.7959788, 11.7534126, 0.0 ], [ 75.7991115, 11.7534135, 0.0 ], [ 75.7996, 11.7500179, 0.0 ], [ 75.7992208, 11.7492056, 0.0 ], [ 75.7987254, 11.748767, 0.0 ], [ 75.7984411, 11.7480709, 0.0 ], [ 75.7981201, 11.7474425, 0.0 ], [ 75.7968724, 11.7464343, 0.0 ], [ 75.7935234, 11.7448288, 0.0 ], [ 75.7921974, 11.7443538, 0.0 ], [ 75.7908304, 11.743472, 0.0 ], [ 75.7921244, 11.7432058, 0.0 ], [ 75.7930376, 11.7430478, 0.0 ], [ 75.7947444, 11.742967, 0.0 ], [ 75.7967909, 11.7428275, 0.0 ], [ 75.7977911, 11.7429362, 0.0 ], [ 75.7993235, 11.7432711, 0.0 ], [ 75.8003283, 11.7434567, 0.0 ], [ 75.8018975, 11.7435837, 0.0 ], [ 75.8024344, 11.7435386, 0.0 ], [ 75.8036137, 11.7431593, 0.0 ], [ 75.8047333, 11.7429878, 0.0 ], [ 75.8060915, 11.7429565, 0.0 ], [ 75.8072431, 11.7429071, 0.0 ], [ 75.8083397, 11.742939, 0.0 ], [ 75.8101109, 11.7429213, 0.0 ], [ 75.8110565, 11.7408921, 0.0 ], [ 75.8114376, 11.740029, 0.0 ], [ 75.8122268, 11.7399659, 0.0 ], [ 75.8136996, 11.7400296, 0.0 ], [ 75.8142595, 11.7398579, 0.0 ], [ 75.8150718, 11.738945, 0.0 ], [ 75.8157741, 11.7380142, 0.0 ], [ 75.8166782, 11.7366449, 0.0 ], [ 75.8183395, 11.734991, 0.0 ], [ 75.8192115, 11.7340601, 0.0 ], [ 75.8199778, 11.7338117, 0.0 ], [ 75.8211112, 11.7335904, 0.0 ], [ 75.8215103, 11.7333691, 0.0 ], [ 75.8220244, 11.7322979, 0.0 ], [ 75.8225432, 11.7311636, 0.0 ], [ 75.823342, 11.7288044, 0.0 ], [ 75.8238148, 11.7279232, 0.0 ], [ 75.8242462, 11.7274486, 0.0 ], [ 75.8244985, 11.7273085, 0.0 ], [ 75.8251547, 11.7271053, 0.0 ], [ 75.8258292, 11.7269608, 0.0 ], [ 75.8265771, 11.7268525, 0.0 ], [ 75.8280819, 11.7270561, 0.0 ], [ 75.8275453, 11.7257814, 0.0 ], [ 75.8276279, 11.7255916, 0.0 ], [ 75.8290504, 11.7251218, 0.0 ], [ 75.8294634, 11.7245071, 0.0 ], [ 75.8301748, 11.7231695, 0.0 ], [ 75.830542, 11.7223197, 0.0 ], [ 75.8308633, 11.721565, 0.0 ], [ 75.8312855, 11.7208871, 0.0 ], [ 75.8321482, 11.7201189, 0.0 ], [ 75.8332219, 11.7193598, 0.0 ], [ 75.833667, 11.7191429, 0.0 ], [ 75.8341166, 11.719143, 0.0 ], [ 75.8353461, 11.7192335, 0.0 ], [ 75.8362821, 11.7192472, 0.0 ], [ 75.8367776, 11.7192021, 0.0 ], [ 75.8373374, 11.7191072, 0.0 ], [ 75.8384523, 11.7186193, 0.0 ], [ 75.8397004, 11.7178466, 0.0 ], [ 75.8405079, 11.7175168, 0.0 ], [ 75.841577, 11.7168073, 0.0 ], [ 75.842536, 11.7159893, 0.0 ], [ 75.8435453, 11.7152481, 0.0 ], [ 75.8443988, 11.7146968, 0.0 ], [ 75.8452155, 11.714367, 0.0 ], [ 75.8456146, 11.7142405, 0.0 ], [ 75.8456606, 11.7135806, 0.0 ], [ 75.845647, 11.7127761, 0.0 ], [ 75.8454223, 11.7115648, 0.0 ], [ 75.8453353, 11.7108416, 0.0 ], [ 75.8452529, 11.7093139, 0.0 ], [ 75.8452851, 11.7081794, 0.0 ], [ 75.8453265, 11.7075512, 0.0 ], [ 75.8453587, 11.7071398, 0.0 ], [ 75.8455009, 11.7068732, 0.0 ], [ 75.8456294, 11.7066834, 0.0 ], [ 75.8458542, 11.7065433, 0.0 ], [ 75.8467168, 11.7062451, 0.0 ], [ 75.8478316, 11.7059108, 0.0 ], [ 75.8486483, 11.7055809, 0.0 ], [ 75.849231, 11.7050792, 0.0 ], [ 75.8497587, 11.7044014, 0.0 ], [ 75.8500478, 11.7037867, 0.0 ], [ 75.8502221, 11.7033122, 0.0 ], [ 75.8507176, 11.7029687, 0.0 ], [ 75.8511398, 11.7028422, 0.0 ], [ 75.8521307, 11.7028287, 0.0 ], [ 75.8535207, 11.7027475, 0.0 ], [ 75.8548328, 11.7026843, 0.0 ], [ 75.8556632, 11.702716, 0.0 ], [ 75.8566954, 11.702906, 0.0 ], [ 75.8577139, 11.7031727, 0.0 ], [ 75.8596635, 11.7037061, 0.0 ], [ 75.8612647, 11.7041311, 0.0 ], [ 75.8625171, 11.7043527, 0.0 ], [ 75.8627281, 11.7043346, 0.0 ], [ 75.8633979, 11.7039278, 0.0 ], [ 75.8640862, 11.7033268, 0.0 ], [ 75.8646917, 11.703155, 0.0 ], [ 75.8658753, 11.7027935, 0.0 ], [ 75.8670499, 11.7022918, 0.0 ], [ 75.8679904, 11.7020703, 0.0 ], [ 75.8694951, 11.7019439, 0.0 ], [ 75.8707889, 11.7018173, 0.0 ], [ 75.8716421, 11.7017405, 0.0 ], [ 75.872234, 11.7015507, 0.0 ], [ 75.8726652, 11.7013925, 0.0 ], [ 75.8731148, 11.7017225, 0.0 ], [ 75.8742479, 11.7029519, 0.0 ], [ 75.8749176, 11.7036615, 0.0 ], [ 75.8752709, 11.7042581, 0.0 ], [ 75.8753443, 11.7043349, 0.0 ], [ 75.8763995, 11.7034084, 0.0 ], [ 75.8772437, 11.7027937, 0.0 ], [ 75.8782484, 11.7021474, 0.0 ], [ 75.8792577, 11.7014242, 0.0 ], [ 75.8799825, 11.7007011, 0.0 ], [ 75.8808175, 11.6998197, 0.0 ], [ 75.8815974, 11.6993948, 0.0 ], [ 75.8823314, 11.6991101, 0.0 ], [ 75.8832581, 11.69897, 0.0 ], [ 75.8842032, 11.6989835, 0.0 ], [ 75.88613, 11.6991416, 0.0 ], [ 75.8872769, 11.6992365, 0.0 ], [ 75.887598, 11.6991552, 0.0 ], [ 75.8883182, 11.6987303, 0.0 ], [ 75.8888137, 11.6985269, 0.0 ], [ 75.8897817, 11.6987935, 0.0 ], [ 75.8911213, 11.6994578, 0.0 ], [ 75.8919058, 11.6995166, 0.0 ], [ 75.8927499, 11.6994849, 0.0 ], [ 75.8935344, 11.6994397, 0.0 ], [ 75.8947547, 11.6990464, 0.0 ], [ 75.8960484, 11.6987163, 0.0 ], [ 75.8970577, 11.6985716, 0.0 ], [ 75.8975531, 11.6985581, 0.0 ], [ 75.8984936, 11.6988427, 0.0 ], [ 75.8997323, 11.6991274, 0.0 ], [ 75.9001956, 11.6992223, 0.0 ], [ 75.9003562, 11.6989375, 0.0 ], [ 75.9004662, 11.6984494, 0.0 ], [ 75.9015351, 11.6977894, 0.0 ], [ 75.9033242, 11.6963565, 0.0 ], [ 75.9043058, 11.6955202, 0.0 ], [ 75.9052967, 11.6948919, 0.0 ], [ 75.9062234, 11.6945618, 0.0 ], [ 75.9072922, 11.6943583, 0.0 ], [ 75.9079666, 11.6943266, 0.0 ], [ 75.9084391, 11.6942, 0.0 ], [ 75.9093474, 11.6934451, 0.0 ], [ 75.9101455, 11.6928303, 0.0 ], [ 75.9112649, 11.692437, 0.0 ], [ 75.9125585, 11.6920753, 0.0 ], [ 75.9138429, 11.6913971, 0.0 ], [ 75.9150126, 11.6906105, 0.0 ], [ 75.9153796, 11.6904749, 0.0 ], [ 75.91543, 11.6895257, 0.0 ], [ 75.915462, 11.6884591, 0.0 ], [ 75.915205, 11.6876681, 0.0 ], [ 75.9139571, 11.6865067, 0.0 ], [ 75.912232, 11.6848075, 0.0 ], [ 75.9112089, 11.6841115, 0.0 ], [ 75.9099153, 11.6837094, 0.0 ], [ 75.9082867, 11.683583, 0.0 ], [ 75.9073279, 11.6832351, 0.0 ], [ 75.906626, 11.6821956, 0.0 ], [ 75.9060799, 11.6806544, 0.0 ], [ 75.9052817, 11.6794884, 0.0 ], [ 75.9043871, 11.6791404, 0.0 ], [ 75.9022127, 11.6787022, 0.0 ], [ 75.901653, 11.678422, 0.0 ], [ 75.9016255, 11.678413, 0.0 ], [ 75.9006391, 11.6770888, 0.0 ], [ 75.9000932, 11.6760493, 0.0 ], [ 75.9001574, 11.6754798, 0.0 ], [ 75.900827, 11.6743814, 0.0 ], [ 75.9022352, 11.6726773, 0.0 ], [ 75.9029048, 11.6715157, 0.0 ], [ 75.9036249, 11.6693461, 0.0 ], [ 75.904166, 11.6675472, 0.0 ], [ 75.9047713, 11.6654725, 0.0 ], [ 75.9051702, 11.6632713, 0.0 ], [ 75.9053306, 11.6615357, 0.0 ], [ 75.9050095, 11.6605911, 0.0 ], [ 75.9043075, 11.6588601, 0.0 ], [ 75.9042295, 11.6586748, 0.0 ], [ 75.9037501, 11.658155, 0.0 ], [ 75.9032708, 11.6576353, 0.0 ], [ 75.9027249, 11.6570342, 0.0 ], [ 75.9033663, 11.6543268, 0.0 ], [ 75.9035212, 11.6523743, 0.0 ], [ 75.9034108, 11.6516511, 0.0 ], [ 75.9016214, 11.6491021, 0.0 ], [ 75.9004376, 11.6473395, 0.0 ], [ 75.8997033, 11.6458887, 0.0 ], [ 75.8992397, 11.6447271, 0.0 ], [ 75.8975151, 11.6432764, 0.0 ], [ 75.8970014, 11.6427747, 0.0 ], [ 75.897867, 11.6410074, 0.0 ], [ 75.8985995, 11.6388379, 0.0 ], [ 75.8989336, 11.6376447, 0.0 ], [ 75.8998272, 11.6369802, 0.0 ], [ 75.8995689, 11.6338616, 0.0 ], [ 75.8996002, 11.6322571, 0.0 ], [ 75.8995857, 11.6306526, 0.0 ], [ 75.8996768, 11.6295814, 0.0 ], [ 75.8993922, 11.6288582, 0.0 ], [ 75.8989747, 11.6280718, 0.0 ], [ 75.8983369, 11.6270323, 0.0 ], [ 75.8978735, 11.6262143, 0.0 ], [ 75.8978733, 11.6258075, 0.0 ], [ 75.8979687, 11.6240719, 0.0 ], [ 75.8979681, 11.6228787, 0.0 ], [ 75.8984124, 11.6220877, 0.0 ], [ 75.8993059, 11.621143, 0.0 ], [ 75.9006943, 11.6199813, 0.0 ], [ 75.9010792, 11.6195384, 0.0 ], [ 75.9014274, 11.6190367, 0.0 ], [ 75.9012665, 11.618309, 0.0 ], [ 75.9012019, 11.6173327, 0.0 ], [ 75.9012657, 11.6166096, 0.0 ], [ 75.9015221, 11.6159813, 0.0 ], [ 75.9017923, 11.6155745, 0.0 ], [ 75.9023698, 11.6152581, 0.0 ], [ 75.9041574, 11.6146613, 0.0 ], [ 75.9042208, 11.6132421, 0.0 ], [ 75.904922, 11.6128353, 0.0 ], [ 75.905623, 11.6121392, 0.0 ], [ 75.9060988, 11.6103132, 0.0 ], [ 75.9064006, 11.6089301, 0.0 ], [ 75.9066247, 11.6078589, 0.0 ], [ 75.9066884, 11.6069459, 0.0 ], [ 75.9071962, 11.6050566, 0.0 ], [ 75.9074021, 11.6042385, 0.0 ], [ 75.907947, 11.6030452, 0.0 ], [ 75.9085193, 11.6018474, 0.0 ], [ 75.909156, 11.6008078, 0.0 ], [ 75.9112647, 11.6009025, 0.0 ], [ 75.9125114, 11.6007126, 0.0 ], [ 75.9136895, 11.6006492, 0.0 ], [ 75.9143953, 11.6004593, 0.0 ], [ 75.9152566, 11.5996094, 0.0 ], [ 75.9163879, 11.5979099, 0.0 ], [ 75.916965, 11.5969652, 0.0 ], [ 75.9174414, 11.5964318, 0.0 ], [ 75.9176978, 11.5958623, 0.0 ], [ 75.9188481, 11.5955186, 0.0 ], [ 75.9201224, 11.5953286, 0.0 ], [ 75.9213371, 11.5952652, 0.0 ], [ 75.9224874, 11.594917, 0.0 ], [ 75.9243067, 11.5939088, 0.0 ], [ 75.9253111, 11.5948262, 0.0 ], [ 75.9253747, 11.5939719, 0.0 ], [ 75.9260481, 11.5930905, 0.0 ], [ 75.9265886, 11.5925571, 0.0 ], [ 75.927482, 11.5917072, 0.0 ], [ 75.9278988, 11.5911693, 0.0 ], [ 75.9281826, 11.590541, 0.0 ], [ 75.9299062, 11.5906356, 0.0 ], [ 75.9317583, 11.5910737, 0.0 ], [ 75.9324001, 11.5911685, 0.0 ], [ 75.9335458, 11.5906983, 0.0 ], [ 75.934137, 11.5905761, 0.0 ], [ 75.9360212, 11.5908877, 0.0 ], [ 75.9365621, 11.5909192, 0.0 ], [ 75.9371067, 11.5895044, 0.0 ], [ 75.9377432, 11.5884331, 0.0 ], [ 75.938155, 11.5872986, 0.0 ], [ 75.9391115, 11.5849978, 0.0 ], [ 75.9394136, 11.5843062, 0.0 ], [ 75.9400829, 11.5843061, 0.0 ], [ 75.9412974, 11.584116, 0.0 ], [ 75.9419345, 11.5839939, 0.0 ], [ 75.9426075, 11.5828592, 0.0 ], [ 75.943373, 11.5827642, 0.0 ], [ 75.943817, 11.5819144, 0.0 ], [ 75.9449678, 11.5822893, 0.0 ], [ 75.9452702, 11.5821016, 0.0 ], [ 75.9455726, 11.581914, 0.0 ], [ 75.9464657, 11.5809059, 0.0 ], [ 75.947777, 11.5814073, 0.0 ], [ 75.949519, 11.5816916, 0.0 ], [ 75.9503488, 11.5819129, 0.0 ], [ 75.9511142, 11.5817229, 0.0 ], [ 75.9521358, 11.5809362, 0.0 ], [ 75.9532488, 11.5797698, 0.0 ], [ 75.9540503, 11.5787933, 0.0 ], [ 75.9543981, 11.5779752, 0.0 ], [ 75.9551309, 11.5772202, 0.0 ], [ 75.9564093, 11.5765871, 0.0 ], [ 75.956936, 11.5759904, 0.0 ], [ 75.9573481, 11.5753936, 0.0 ], [ 75.9574762, 11.5749507, 0.0 ], [ 75.9571273, 11.5742592, 0.0 ], [ 75.9563933, 11.5732832, 0.0 ], [ 75.957126, 11.5724016, 0.0 ], [ 75.9573454, 11.5715202, 0.0 ], [ 75.9573771, 11.571014, 0.0 ], [ 75.9569779, 11.5703225, 0.0 ], [ 75.9567207, 11.5696627, 0.0 ], [ 75.9575177, 11.5688128, 0.0 ], [ 75.9580628, 11.568433, 0.0 ], [ 75.9579653, 11.5666387, 0.0 ], [ 75.9584725, 11.5643696, 0.0 ], [ 75.9585816, 11.5630814, 0.0 ], [ 75.9583607, 11.5618521, 0.0 ], [ 75.9578144, 11.5606862, 0.0 ], [ 75.9623457, 11.5583573, 0.0 ], [ 75.9640226, 11.5575703, 0.0 ], [ 75.9652632, 11.5554909, 0.0 ], [ 75.9664447, 11.5541391, 0.0 ], [ 75.9679103, 11.5527195, 0.0 ], [ 75.9695544, 11.5510512, 0.0 ], [ 75.9705438, 11.5502328, 0.0 ], [ 75.9715929, 11.5496359, 0.0 ], [ 75.972138, 11.5492561, 0.0 ], [ 75.9729974, 11.5462953, 0.0 ], [ 75.9743861, 11.5463582, 0.0 ], [ 75.975279, 11.5452912, 0.0 ], [ 75.9761079, 11.5445, 0.0 ], [ 75.9780864, 11.542705, 0.0 ], [ 75.9795842, 11.54157, 0.0 ], [ 75.9804133, 11.5409731, 0.0 ], [ 75.9815763, 11.539653, 0.0 ], [ 75.9834274, 11.5390512, 0.0 ], [ 75.9849303, 11.5386122, 0.0 ], [ 75.9865889, 11.5381054, 0.0 ], [ 75.988055, 11.5375083, 0.0 ], [ 75.9900663, 11.5367528, 0.0 ], [ 75.9927324, 11.5353054, 0.0 ], [ 75.9946746, 11.5341702, 0.0 ], [ 75.995663, 11.5335114, 0.0 ], [ 75.9957601, 11.5334466, 0.0 ], [ 75.9966532, 11.5327547, 0.0 ], [ 75.9975782, 11.5318052, 0.0 ], [ 75.9981547, 11.5307383, 0.0 ], [ 75.9986165, 11.5294816, 0.0 ], [ 76.0000025, 11.5268336, 0.0 ], [ 76.0002693, 11.526582, 0.0 ], [ 76.0007783, 11.5260985, 0.0 ], [ 76.0014153, 11.5262209, 0.0 ], [ 76.0029467, 11.5251051, 0.0 ], [ 76.0044321, 11.5242786, 0.0 ], [ 76.0049823, 11.5238991, 0.0 ], [ 76.0055739, 11.5231174, 0.0 ], [ 76.0061885, 11.5221956, 0.0 ], [ 76.0077424, 11.5220606, 0.0 ], [ 76.0093788, 11.5217856, 0.0 ], [ 76.0105066, 11.5210448, 0.0 ], [ 76.0126383, 11.5199021, 0.0 ], [ 76.0142108, 11.5189354, 0.0 ], [ 76.0154211, 11.5183212, 0.0 ], [ 76.0163335, 11.5176254, 0.0 ], [ 76.0169708, 11.5170743, 0.0 ], [ 76.0173102, 11.5164868, 0.0 ], [ 76.0176543, 11.5156281, 0.0 ], [ 76.0176958, 11.515036, 0.0 ], [ 76.0179755, 11.5146338, 0.0 ], [ 76.0183514, 11.5143853, 0.0 ], [ 76.0190345, 11.5141054, 0.0 ], [ 76.0200108, 11.513934, 0.0 ], [ 76.0205471, 11.5138302, 0.0 ], [ 76.021152, 11.5139841, 0.0 ], [ 76.0211527, 11.5139843, 0.0 ], [ 76.0217569, 11.514138, 0.0 ], [ 76.0220961, 11.5140161, 0.0 ], [ 76.0223389, 11.5143462, 0.0 ], [ 76.0231456, 11.5143239, 0.0 ], [ 76.0239294, 11.5140078, 0.0 ], [ 76.0249058, 11.5137098, 0.0 ], [ 76.0255246, 11.5135383, 0.0 ], [ 76.0274038, 11.5133627, 0.0 ], [ 76.029274, 11.5126401, 0.0 ], [ 76.0308693, 11.511922, 0.0 ], [ 76.0321849, 11.511267, 0.0 ], [ 76.033528, 11.5104674, 0.0 ], [ 76.0343075, 11.5096857, 0.0 ], [ 76.0346559, 11.5092655, 0.0 ], [ 76.0353389, 11.5089448, 0.0 ], [ 76.0356965, 11.5086104, 0.0 ], [ 76.0362424, 11.5072003, 0.0 ], [ 76.036582, 11.5060478, 0.0 ], [ 76.0367473, 11.5049133, 0.0 ], [ 76.0368209, 11.5042398, 0.0 ], [ 76.036647, 11.5035075, 0.0 ], [ 76.0370459, 11.5029788, 0.0 ], [ 76.0378526, 11.5026852, 0.0 ], [ 76.0385125, 11.5028889, 0.0 ], [ 76.0397727, 11.5034543, 0.0 ], [ 76.0413536, 11.5042232, 0.0 ], [ 76.0427147, 11.5044089, 0.0 ], [ 76.0431409, 11.504617, 0.0 ], [ 76.0435855, 11.5045719, 0.0 ], [ 76.0452347, 11.5069636, 0.0 ], [ 76.0462203, 11.5062497, 0.0 ], [ 76.0468161, 11.5061007, 0.0 ], [ 76.0472608, 11.5057844, 0.0 ], [ 76.0478155, 11.5050659, 0.0 ], [ 76.0482787, 11.504058, 0.0 ], [ 76.048618, 11.5037372, 0.0 ], [ 76.0493421, 11.5037374, 0.0 ], [ 76.0503824, 11.5040903, 0.0 ], [ 76.0508727, 11.5042802, 0.0 ], [ 76.0513861, 11.503964, 0.0 ], [ 76.0518078, 11.5039415, 0.0 ], [ 76.0522173, 11.5041236, 0.0 ], [ 76.0522193, 11.5041245, 0.0 ], [ 76.0526418, 11.5043124, 0.0 ], [ 76.0537507, 11.5050043, 0.0 ], [ 76.0546168, 11.505461, 0.0 ], [ 76.0549741, 11.5059448, 0.0 ], [ 76.0562299, 11.505918, 0.0 ], [ 76.0564267, 11.5070932, 0.0 ], [ 76.0571279, 11.5072788, 0.0 ], [ 76.0570083, 11.508689, 0.0 ], [ 76.0581173, 11.5092724, 0.0 ], [ 76.0599825, 11.5098514, 0.0 ], [ 76.0610228, 11.5101636, 0.0 ], [ 76.0613806, 11.5090924, 0.0 ], [ 76.0619763, 11.5094632, 0.0 ], [ 76.0625124, 11.5099063, 0.0 ], [ 76.0629157, 11.5103041, 0.0 ], [ 76.0630301, 11.5109731, 0.0 ], [ 76.0632179, 11.5113077, 0.0 ], [ 76.0640564, 11.5122752, 0.0 ], [ 76.0647803, 11.5133195, 0.0 ], [ 76.0651239, 11.5139478, 0.0 ], [ 76.0654997, 11.5143457, 0.0 ], [ 76.0666041, 11.5148251, 0.0 ], [ 76.0671403, 11.5150512, 0.0 ], [ 76.0674425, 11.5163757, 0.0 ], [ 76.0676393, 11.5176142, 0.0 ], [ 76.0684687, 11.5182789, 0.0 ], [ 76.0691607, 11.5186361, 0.0 ], [ 76.0701415, 11.5190702, 0.0 ], [ 76.0718648, 11.5193147, 0.0 ], [ 76.071805, 11.5200514, 0.0 ], [ 76.0719378, 11.5208289, 0.0 ], [ 76.0725793, 11.5216879, 0.0 ], [ 76.0732804, 11.5223751, 0.0 ], [ 76.0738211, 11.5228814, 0.0 ], [ 76.0745544, 11.5232567, 0.0 ], [ 76.0750402, 11.5233789, 0.0 ], [ 76.075659, 11.5232931, 0.0 ], [ 76.0768096, 11.5226786, 0.0 ], [ 76.0775063, 11.5222584, 0.0 ], [ 76.0783773, 11.5216664, 0.0 ], [ 76.0791838, 11.5210746, 0.0 ], [ 76.0791841, 11.5210744, 0.0 ], [ 76.0795646, 11.5205728, 0.0 ], [ 76.0799223, 11.5193931, 0.0 ], [ 76.0806053, 11.5190135, 0.0 ], [ 76.0811324, 11.5186294, 0.0 ], [ 76.0815359, 11.5181051, 0.0 ], [ 76.0819027, 11.5170972, 0.0 ], [ 76.0822375, 11.5157684, 0.0 ], [ 76.0822376, 11.5153525, 0.0 ], [ 76.0826365, 11.514765, 0.0 ], [ 76.0830399, 11.5144079, 0.0 ], [ 76.0844241, 11.5140194, 0.0 ], [ 76.0856983, 11.5134275, 0.0 ], [ 76.0861795, 11.5139745, 0.0 ], [ 76.0872795, 11.5136764, 0.0 ], [ 76.0885996, 11.5131658, 0.0 ], [ 76.0895117, 11.5125331, 0.0 ], [ 76.0901719, 11.5114168, 0.0 ], [ 76.0903782, 11.5106167, 0.0 ], [ 76.090525, 11.5100517, 0.0 ], [ 76.0898606, 11.5088131, 0.0 ], [ 76.0894849, 11.5083972, 0.0 ], [ 76.0890771, 11.5072626, 0.0 ], [ 76.0887336, 11.5060873, 0.0 ], [ 76.0891692, 11.5042839, 0.0 ], [ 76.0896186, 11.502955, 0.0 ], [ 76.0901687, 11.502033, 0.0 ], [ 76.0904178, 11.501017, 0.0 ], [ 76.0910486, 11.500001, 0.0 ], [ 76.0910581, 11.499963, 0.0 ], [ 76.0911682, 11.4993392, 0.0 ], [ 76.0911344, 11.497542, 0.0 ], [ 76.0917048, 11.4965866, 0.0 ], [ 76.0918799, 11.496298, 0.0 ], [ 76.0923603, 11.4955063, 0.0 ], [ 76.0930159, 11.493608, 0.0 ], [ 76.0902359, 11.4920016, 0.0 ], [ 76.0895653, 11.4916141, 0.0 ], [ 76.0875536, 11.4904296, 0.0 ], [ 76.0871094, 11.4879932, 0.0 ], [ 76.0870499, 11.4873513, 0.0 ], [ 76.0882439, 11.4867564, 0.0 ], [ 76.0886495, 11.486556, 0.0 ], [ 76.0891995, 11.4861538, 0.0 ], [ 76.0909963, 11.4839121, 0.0 ], [ 76.0917389, 11.4826646, 0.0 ], [ 76.0923072, 11.4824025, 0.0 ], [ 76.0939203, 11.4822852, 0.0 ], [ 76.0973573, 11.4828688, 0.0 ], [ 76.1007806, 11.4830816, 0.0 ], [ 76.1020409, 11.4831631, 0.0 ], [ 76.1052855, 11.4825306, 0.0 ], [ 76.1058034, 11.4824628, 0.0 ], [ 76.1064313, 11.4814685, 0.0 ], [ 76.1073984, 11.4797916, 0.0 ], [ 76.1078017, 11.4792808, 0.0 ], [ 76.1098916, 11.4778301, 0.0 ], [ 76.1104324, 11.4773193, 0.0 ], [ 76.1108311, 11.4768899, 0.0 ], [ 76.1116606, 11.4761261, 0.0 ], [ 76.1133562, 11.4764562, 0.0 ], [ 76.1144743, 11.4764789, 0.0 ], [ 76.1153634, 11.4763117, 0.0 ], [ 76.1229295, 11.4738169, 0.0 ], [ 76.1236444, 11.4726778, 0.0 ], [ 76.1238506, 11.4708246, 0.0 ], [ 76.1239607, 11.4688132, 0.0 ], [ 76.1240478, 11.4684742, 0.0 ], [ 76.1257296, 11.4664808, 0.0 ], [ 76.1269669, 11.4655135, 0.0 ], [ 76.1278788, 11.464944, 0.0 ], [ 76.1288182, 11.4646502, 0.0 ], [ 76.1295102, 11.4645734, 0.0 ], [ 76.1306604, 11.4645327, 0.0 ], [ 76.1321039, 11.4611291, 0.0 ], [ 76.1345188, 11.4605008, 0.0 ], [ 76.1356323, 11.4600397, 0.0 ], [ 76.1428397, 11.4516326, 0.0 ], [ 76.1426981, 11.4514118, 0.0 ], [ 76.142496, 11.4506118, 0.0 ], [ 76.1422757, 11.4498457, 0.0 ], [ 76.1420554, 11.4490796, 0.0 ], [ 76.1410919, 11.4465623, 0.0 ], [ 76.1404173, 11.4444202, 0.0 ], [ 76.1398165, 11.443218, 0.0 ], [ 76.1397659, 11.4426531, 0.0 ], [ 76.1397883, 11.4414959, 0.0 ], [ 76.1400114, 11.4386391, 0.0 ], [ 76.1402036, 11.4379067, 0.0 ], [ 76.1404829, 11.4375315, 0.0 ], [ 76.1412017, 11.4364463, 0.0 ], [ 76.1447735, 11.4318025, 0.0 ], [ 76.1452176, 11.43107, 0.0 ], [ 76.1459547, 11.4298854, 0.0 ], [ 76.1460048, 11.429343, 0.0 ], [ 76.1459265, 11.4284209, 0.0 ], [ 76.145468, 11.4276256, 0.0 ], [ 76.1443725, 11.4268261, 0.0 ], [ 76.1435337, 11.4260987, 0.0 ], [ 76.1432127, 11.4256784, 0.0 ], [ 76.142887, 11.4247113, 0.0 ], [ 76.1417995, 11.4213624, 0.0 ], [ 76.1417626, 11.4208969, 0.0 ], [ 76.1421423, 11.4197802, 0.0 ], [ 76.1414963, 11.419785, 0.0 ], [ 76.1404655, 11.4199347, 0.0 ], [ 76.1402502, 11.4199845, 0.0 ], [ 76.1390773, 11.4200347, 0.0 ], [ 76.1385505, 11.4202475, 0.0 ], [ 76.1376989, 11.4214998, 0.0 ], [ 76.1362975, 11.4231548, 0.0 ], [ 76.1346121, 11.4245523, 0.0 ], [ 76.1330821, 11.4252942, 0.0 ], [ 76.1322394, 11.4261489, 0.0 ], [ 76.131076, 11.4270218, 0.0 ], [ 76.1301076, 11.4233655, 0.0 ], [ 76.1292133, 11.4214402, 0.0 ], [ 76.1280171, 11.4205458, 0.0 ], [ 76.1269172, 11.4197959, 0.0 ], [ 76.125785, 11.4184765, 0.0 ], [ 76.1253032, 11.4169443, 0.0 ], [ 76.1248724, 11.416497, 0.0 ], [ 76.1238185, 11.4162217, 0.0 ], [ 76.1224804, 11.4157567, 0.0 ], [ 76.1221183, 11.4153817, 0.0 ], [ 76.1218567, 11.4142291, 0.0 ], [ 76.1220164, 11.4126018, 0.0 ], [ 76.1217043, 11.4113002, 0.0 ], [ 76.1211996, 11.4107794, 0.0 ], [ 76.1211039, 11.410663, 0.0 ], [ 76.1200729, 11.4102204, 0.0 ], [ 76.1188677, 11.4096333, 0.0 ], [ 76.1181299, 11.4091138, 0.0 ], [ 76.1179587, 11.4086955, 0.0 ], [ 76.1178638, 11.4084584, 0.0 ], [ 76.1174286, 11.4085038, 0.0 ], [ 76.116833, 11.4084588, 0.0 ], [ 76.1160679, 11.4086309, 0.0 ], [ 76.1151381, 11.4092957, 0.0 ], [ 76.1137824, 11.4104352, 0.0 ], [ 76.1129946, 11.4109734, 0.0 ], [ 76.1123027, 11.4110053, 0.0 ], [ 76.1114871, 11.4107479, 0.0 ], [ 76.1103646, 11.4105359, 0.0 ], [ 76.1089351, 11.4105681, 0.0 ], [ 76.1083531, 11.410288, 0.0 ], [ 76.1078306, 11.409791, 0.0 ], [ 76.1054391, 11.4100901, 0.0 ], [ 76.105842, 11.4091136, 0.0 ], [ 76.1062905, 11.4077032, 0.0 ], [ 76.106217, 11.4070433, 0.0 ], [ 76.1060929, 11.4059088, 0.0 ], [ 76.1062344, 11.4046566, 0.0 ], [ 76.1062802, 11.4042589, 0.0 ], [ 76.1064629, 11.4030022, 0.0 ], [ 76.1062016, 11.4022746, 0.0 ], [ 76.1055097, 11.4018996, 0.0 ], [ 76.1043318, 11.4007021, 0.0 ], [ 76.1037772, 11.399952, 0.0 ], [ 76.1035389, 11.3997894, 0.0 ], [ 76.1031311, 11.3996674, 0.0 ], [ 76.1002255, 11.3967077, 0.0 ], [ 76.0994189, 11.3958853, 0.0 ], [ 76.0998124, 11.394258, 0.0 ], [ 76.1000728, 11.3918757, 0.0 ], [ 76.1000676, 11.390149, 0.0 ], [ 76.0998015, 11.3887117, 0.0 ], [ 76.0989764, 11.3873017, 0.0 ], [ 76.0984261, 11.3857921, 0.0 ], [ 76.0976192, 11.3836046, 0.0 ], [ 76.0974769, 11.3829266, 0.0 ], [ 76.0975043, 11.3826193, 0.0 ], [ 76.0977419, 11.3807524, 0.0 ], [ 76.0980616, 11.3775611, 0.0 ], [ 76.0983359, 11.3757213, 0.0 ], [ 76.0987845, 11.3744691, 0.0 ], [ 76.0992374, 11.3727468, 0.0 ], [ 76.099384, 11.3725614, 0.0 ], [ 76.1002584, 11.3708119, 0.0 ], [ 76.1011832, 11.3691526, 0.0 ], [ 76.1020899, 11.3684427, 0.0 ], [ 76.101343, 11.3679051, 0.0 ], [ 76.0986809, 11.3658628, 0.0 ], [ 76.0974895, 11.3648054, 0.0 ], [ 76.0968847, 11.364331, 0.0 ], [ 76.095904, 11.3631832, 0.0 ], [ 76.0950378, 11.3616782, 0.0 ], [ 76.0943411, 11.3604083, 0.0 ], [ 76.0930849, 11.3568016, 0.0 ], [ 76.0928924, 11.3563994, 0.0 ], [ 76.093222, 11.3557167, 0.0 ], [ 76.0935744, 11.3546001, 0.0 ], [ 76.0934781, 11.3542069, 0.0 ], [ 76.0928321, 11.3536873, 0.0 ], [ 76.0921631, 11.3530772, 0.0 ], [ 76.0920622, 11.3526072, 0.0 ], [ 76.0927304, 11.3506227, 0.0 ], [ 76.0935818, 11.3488053, 0.0 ], [ 76.0944838, 11.3472682, 0.0 ], [ 76.0960039, 11.3451342, 0.0 ], [ 76.0969746, 11.3439225, 0.0 ], [ 76.0978538, 11.3430589, 0.0 ], [ 76.0987376, 11.3423263, 0.0 ], [ 76.1014395, 11.3407344, 0.0 ], [ 76.1031066, 11.3399203, 0.0 ], [ 76.104398, 11.3393729, 0.0 ], [ 76.1056805, 11.3390606, 0.0 ], [ 76.1069492, 11.3388432, 0.0 ], [ 76.1077875, 11.3390057, 0.0 ], [ 76.1083874, 11.3387749, 0.0 ], [ 76.1113413, 11.337463, 0.0 ], [ 76.1120101, 11.3374357, 0.0 ], [ 76.1123445, 11.3376706, 0.0 ], [ 76.1131419, 11.3386105, 0.0 ], [ 76.1149737, 11.3375883, 0.0 ], [ 76.1157432, 11.3375111, 0.0 ], [ 76.1169065, 11.3373661, 0.0 ], [ 76.1175523, 11.3371534, 0.0 ], [ 76.1176713, 11.336846, 0.0 ], [ 76.1177853, 11.3355939, 0.0 ], [ 76.1175882, 11.335038, 0.0 ], [ 76.1168963, 11.334324, 0.0 ], [ 76.1165388, 11.3337365, 0.0 ], [ 76.1164836, 11.333384, 0.0 ], [ 76.116291, 11.3326789, 0.0 ], [ 76.1151909, 11.3305594, 0.0 ], [ 76.115067, 11.3298498, 0.0 ], [ 76.1151401, 11.3295152, 0.0 ], [ 76.1155888, 11.3290676, 0.0 ], [ 76.1173243, 11.3276974, 0.0 ], [ 76.1181393, 11.3270371, 0.0 ], [ 76.1186107, 11.3262233, 0.0 ], [ 76.1188899, 11.3254276, 0.0 ], [ 76.1190132, 11.3246773, 0.0 ], [ 76.1190993, 11.3224397, 0.0 ], [ 76.1189708, 11.3217934, 0.0 ], [ 76.1187828, 11.3209482, 0.0 ], [ 76.1186862, 11.3200533, 0.0 ], [ 76.1183058, 11.3193437, 0.0 ], [ 76.1176873, 11.3189236, 0.0 ], [ 76.1163906, 11.3175861, 0.0 ], [ 76.11382, 11.3144591, 0.0 ], [ 76.1133619, 11.3141066, 0.0 ], [ 76.1123359, 11.313994, 0.0 ], [ 76.1109711, 11.3141391, 0.0 ], [ 76.1097299, 11.3142616, 0.0 ], [ 76.1090384, 11.3143613, 0.0 ], [ 76.1086812, 11.3145287, 0.0 ], [ 76.1080585, 11.3149538, 0.0 ], [ 76.1074677, 11.3151891, 0.0 ], [ 76.1069685, 11.3151937, 0.0 ], [ 76.1064371, 11.3149318, 0.0 ], [ 76.106121, 11.3145929, 0.0 ], [ 76.1059468, 11.3142856, 0.0 ], [ 76.1057131, 11.3137477, 0.0 ], [ 76.1055387, 11.3130652, 0.0 ], [ 76.1052317, 11.3124054, 0.0 ], [ 76.1046498, 11.3118135, 0.0 ], [ 76.1039535, 11.3113933, 0.0 ], [ 76.1035962, 11.3112307, 0.0 ], [ 76.1030466, 11.3112128, 0.0 ], [ 76.1014666, 11.3113353, 0.0 ], [ 76.0999964, 11.3114579, 0.0 ], [ 76.0991308, 11.3114446, 0.0 ], [ 76.0979583, 11.3113726, 0.0 ], [ 76.097198, 11.3112825, 0.0 ], [ 76.0968132, 11.311043, 0.0 ], [ 76.0962589, 11.3108307, 0.0 ], [ 76.095233, 11.3106502, 0.0 ], [ 76.0943947, 11.3103702, 0.0 ], [ 76.0938588, 11.3102077, 0.0 ], [ 76.0930023, 11.3102304, 0.0 ], [ 76.0928558, 11.3102305, 0.0 ], [ 76.0925262, 11.3108318, 0.0 ], [ 76.0921233, 11.3113924, 0.0 ], [ 76.0919813, 11.3114377, 0.0 ], [ 76.0915233, 11.3112298, 0.0 ], [ 76.0884865, 11.3103221, 0.0 ], [ 76.0870483, 11.3099971, 0.0 ], [ 76.0859763, 11.3092244, 0.0 ], [ 76.0835072, 11.3074396, 0.0 ], [ 76.0833881, 11.3071775, 0.0 ], [ 76.0836215, 11.3065446, 0.0 ], [ 76.0844775, 11.3046775, 0.0 ], [ 76.0844041, 11.3044877, 0.0 ], [ 76.083039, 11.3032676, 0.0 ], [ 76.0803043, 11.301293, 0.0 ], [ 76.077936, 11.2993951, 0.0 ], [ 76.0750182, 11.29733, 0.0 ], [ 76.0719722, 11.2952876, 0.0 ], [ 76.0694621, 11.2940534, 0.0 ], [ 76.0695766, 11.2938327, 0.0 ], [ 76.0701536, 11.2933331, 0.0 ], [ 76.0705062, 11.2930278, 0.0 ], [ 76.0707869, 11.2926599, 0.0 ], [ 76.0710097, 11.2923678, 0.0 ], [ 76.0710663, 11.2921424, 0.0 ], [ 76.0711471, 11.2918209, 0.0 ], [ 76.0711715, 11.2915737, 0.0 ], [ 76.0712613, 11.2906637, 0.0 ], [ 76.0717014, 11.2900038, 0.0 ], [ 76.0717649, 11.2899086, 0.0 ], [ 76.0724057, 11.2885842, 0.0 ], [ 76.07249, 11.2881005, 0.0 ], [ 76.0725704, 11.2876394, 0.0 ], [ 76.0724341, 11.2874592, 0.0 ], [ 76.0723551, 11.2873547, 0.0 ], [ 76.0722896, 11.2872733, 0.0 ], [ 76.0716089, 11.2864267, 0.0 ], [ 76.071581, 11.286392, 0.0 ], [ 76.0711092, 11.286582, 0.0 ], [ 76.0707868, 11.2866718, 0.0 ], [ 76.0707521, 11.2866815, 0.0 ], [ 76.0704864, 11.2866093, 0.0 ], [ 76.0703566, 11.2864844, 0.0 ], [ 76.0701769, 11.2863116, 0.0 ], [ 76.0701246, 11.2862613, 0.0 ], [ 76.0701132, 11.2862438, 0.0 ], [ 76.0699417, 11.2859787, 0.0 ], [ 76.0696942, 11.2855961, 0.0 ], [ 76.0695748, 11.2854116, 0.0 ], [ 76.06941, 11.2853664, 0.0 ], [ 76.0693819, 11.28538, 0.0 ], [ 76.0691673, 11.285484, 0.0 ], [ 76.0690303, 11.2855214, 0.0 ], [ 76.0687675, 11.2855932, 0.0 ], [ 76.0687368, 11.2856016, 0.0 ], [ 76.0687205, 11.2855893, 0.0 ], [ 76.0686743, 11.2855546, 0.0 ], [ 76.0686407, 11.2855293, 0.0 ], [ 76.0686104, 11.2854844, 0.0 ], [ 76.0682513, 11.2849508, 0.0 ], [ 76.0682504, 11.2849516, 0.0 ], [ 76.0682334, 11.2849346, 0.0 ], [ 76.0681607, 11.2848615, 0.0 ], [ 76.0679894, 11.2846894, 0.0 ], [ 76.0676322, 11.2846667, 0.0 ], [ 76.0670891, 11.2849882, 0.0 ], [ 76.0669452, 11.2850734, 0.0 ], [ 76.0668587, 11.2850801, 0.0 ], [ 76.0665698, 11.2851025, 0.0 ], [ 76.0663635, 11.2851185, 0.0 ], [ 76.065727, 11.2849104, 0.0 ], [ 76.0657153, 11.2849026, 0.0 ], [ 76.0654904, 11.2847515, 0.0 ], [ 76.0652691, 11.2846029, 0.0 ], [ 76.0648331, 11.2840834, 0.0 ], [ 76.0647152, 11.2839428, 0.0 ], [ 76.0644005, 11.2836185, 0.0 ], [ 76.0641932, 11.2834048, 0.0 ], [ 76.0639001, 11.2833098, 0.0 ], [ 76.0630667, 11.2831514, 0.0 ], [ 76.0621005, 11.2828167, 0.0 ], [ 76.0617937, 11.2827262, 0.0 ], [ 76.0616974, 11.2826797, 0.0 ], [ 76.0611716, 11.2824258, 0.0 ], [ 76.0611663, 11.2824232, 0.0 ], [ 76.061165, 11.2824215, 0.0 ], [ 76.0607864, 11.2819259, 0.0 ], [ 76.0606125, 11.2814106, 0.0 ], [ 76.0603975, 11.2803709, 0.0 ], [ 76.0603821, 11.2803303, 0.0 ], [ 76.0602424, 11.2799616, 0.0 ], [ 76.0601046, 11.2795979, 0.0 ], [ 76.0597247, 11.2790237, 0.0 ], [ 76.0588822, 11.2782099, 0.0 ], [ 76.0585709, 11.2777578, 0.0 ], [ 76.0583558, 11.2772198, 0.0 ], [ 76.0582828, 11.27637, 0.0 ], [ 76.0581833, 11.2757857, 0.0 ], [ 76.0581474, 11.2755744, 0.0 ], [ 76.0580908, 11.2752423, 0.0 ], [ 76.057951, 11.2750825, 0.0 ], [ 76.0578528, 11.2749702, 0.0 ], [ 76.0578435, 11.2749596, 0.0 ], [ 76.0565219, 11.2752909, 0.0 ], [ 76.0562223, 11.275366, 0.0 ], [ 76.0558606, 11.2752484, 0.0 ], [ 76.0554531, 11.2749635, 0.0 ], [ 76.0550503, 11.2742628, 0.0 ], [ 76.0547331, 11.2739858, 0.0 ], [ 76.0546153, 11.273883, 0.0 ], [ 76.0540888, 11.2735348, 0.0 ], [ 76.0536081, 11.2729877, 0.0 ], [ 76.0530083, 11.2725446, 0.0 ], [ 76.0523398, 11.2721195, 0.0 ], [ 76.0518493, 11.2718238, 0.0 ], [ 76.0517171, 11.2717442, 0.0 ], [ 76.0515391, 11.2714963, 0.0 ], [ 76.0512136, 11.2710434, 0.0 ], [ 76.0501103, 11.2697503, 0.0 ], [ 76.0497488, 11.2691129, 0.0 ], [ 76.0494919, 11.2684353, 0.0 ], [ 76.0490899, 11.2673749, 0.0 ], [ 76.0488059, 11.2673, 0.0 ], [ 76.0451105, 11.267195, 0.0 ], [ 76.0450877, 11.2666752, 0.0 ], [ 76.0453442, 11.2665125, 0.0 ], [ 76.0454176, 11.2659701, 0.0 ], [ 76.0451524, 11.2647677, 0.0 ], [ 76.0436914, 11.2653368, 0.0 ], [ 76.0417586, 11.2664527, 0.0 ], [ 76.0410945, 11.2669, 0.0 ], [ 76.0396381, 11.2674058, 0.0 ], [ 76.0379391, 11.2677171, 0.0 ], [ 76.036153, 11.2679832, 0.0 ], [ 76.0353608, 11.2679378, 0.0 ], [ 76.0347198, 11.2677748, 0.0 ], [ 76.033946, 11.2672548, 0.0 ], [ 76.0331633, 11.2662691, 0.0 ], [ 76.0328199, 11.2660565, 0.0 ], [ 76.0326826, 11.2660791, 0.0 ], [ 76.0324443, 11.2664406, 0.0 ], [ 76.0322289, 11.2671005, 0.0 ], [ 76.0320639, 11.2673355, 0.0 ], [ 76.0318487, 11.2674077, 0.0 ], [ 76.0312992, 11.2673172, 0.0 ], [ 76.0306307, 11.2671497, 0.0 ], [ 76.030388, 11.2669869, 0.0 ], [ 76.0302278, 11.266702, 0.0 ], [ 76.0297561, 11.2669641, 0.0 ], [ 76.028872, 11.267583, 0.0 ], [ 76.0279972, 11.2679624, 0.0 ], [ 76.0273744, 11.2680842, 0.0 ], [ 76.0269256, 11.2681519, 0.0 ], [ 76.0262524, 11.2683686, 0.0 ], [ 76.0255608, 11.2685356, 0.0 ], [ 76.0249381, 11.2684676, 0.0 ], [ 76.0243701, 11.2686572, 0.0 ], [ 76.0239121, 11.2689192, 0.0 ], [ 76.0222406, 11.2689457, 0.0 ], [ 76.0203082, 11.2688139, 0.0 ], [ 76.0192092, 11.2686553, 0.0 ], [ 76.0184858, 11.2682527, 0.0 ], [ 76.017813, 11.2675744, 0.0 ], [ 76.0169749, 11.2677911, 0.0 ], [ 76.015972, 11.2676234, 0.0 ], [ 76.0150195, 11.2676999, 0.0 ], [ 76.0137051, 11.2680112, 0.0 ], [ 76.0137697, 11.2668315, 0.0 ], [ 76.0126982, 11.2667407, 0.0 ], [ 76.0130282, 11.2659136, 0.0 ], [ 76.0131933, 11.2653713, 0.0 ], [ 76.011618, 11.2653751, 0.0 ], [ 76.0109368, 11.2628526, 0.0 ], [ 76.0097736, 11.2629742, 0.0 ], [ 76.0100075, 11.2620612, 0.0 ], [ 76.0100262, 11.2611888, 0.0 ], [ 76.0096924, 11.2602394, 0.0 ], [ 76.0092117, 11.2597465, 0.0 ], [ 76.00885, 11.2596334, 0.0 ], [ 76.0080122, 11.2592081, 0.0 ], [ 76.0072477, 11.2588552, 0.0 ], [ 76.0057412, 11.2586467, 0.0 ], [ 76.0034929, 11.2584649, 0.0 ], [ 75.999986, 11.2587655, 0.0 ], [ 75.9982483, 11.2570674, 0.0 ], [ 75.9971035, 11.2560684, 0.0 ], [ 75.9961144, 11.2549158, 0.0 ], [ 75.9954643, 11.2540976, 0.0 ], [ 75.9948507, 11.2546762, 0.0 ], [ 75.9932524, 11.256109, 0.0 ], [ 75.992419, 11.2568729, 0.0 ], [ 75.9903307, 11.2587667, 0.0 ], [ 75.988673, 11.2601407, 0.0 ], [ 75.9865527, 11.2616006, 0.0 ], [ 75.9852293, 11.2621882, 0.0 ], [ 75.984089, 11.2626807, 0.0 ], [ 75.9826419, 11.2631417, 0.0 ], [ 75.981694, 11.2635394, 0.0 ], [ 75.9808651, 11.2640863, 0.0 ], [ 75.9797248, 11.2650941, 0.0 ], [ 75.9791431, 11.2656772, 0.0 ], [ 75.9776112, 11.2672606, 0.0 ], [ 75.9757404, 11.2689676, 0.0 ], [ 75.9747558, 11.2691573, 0.0 ], [ 75.9739544, 11.2688543, 0.0 ], [ 75.9729059, 11.2682531, 0.0 ], [ 75.971642, 11.2674663, 0.0 ], [ 75.9707604, 11.2668604, 0.0 ], [ 75.9698792, 11.2662548, 0.0 ], [ 75.9676721, 11.2644057, 0.0 ], [ 75.9666282, 11.2635603, 0.0 ], [ 75.9652088, 11.2621317, 0.0 ], [ 75.9640963, 11.2608343, 0.0 ], [ 75.963167, 11.2593786, 0.0 ], [ 75.9625032, 11.2579819, 0.0 ], [ 75.9613175, 11.2559204, 0.0 ], [ 75.9603012, 11.2543698, 0.0 ], [ 75.9589414, 11.2530995, 0.0 ], [ 75.9579845, 11.2523715, 0.0 ], [ 75.9572152, 11.2520369, 0.0 ], [ 75.9562262, 11.2517701, 0.0 ], [ 75.9519249, 11.2500265, 0.0 ], [ 75.9517028, 11.2500151, 0.0 ], [ 75.949129, 11.2498839, 0.0 ], [ 75.9470456, 11.249576, 0.0 ], [ 75.9441975, 11.2492727, 0.0 ], [ 75.9415828, 11.2492043, 0.0 ], [ 75.9402184, 11.2490367, 0.0 ], [ 75.939069, 11.2491088, 0.0 ], [ 75.9366858, 11.2484867, 0.0 ], [ 75.9348611, 11.2480026, 0.0 ], [ 75.9331808, 11.2474891, 0.0 ], [ 75.9312944, 11.2468559, 0.0 ], [ 75.9281419, 11.2462493, 0.0 ], [ 75.9270407, 11.2459869, 0.0 ], [ 75.9261205, 11.2455933, 0.0 ], [ 75.925993, 11.2455388, 0.0 ], [ 75.925993, 11.2455388, 0.0 ], [ 75.9258583, 11.2454812, 0.0 ], [ 75.9252002, 11.2451998, 0.0 ], [ 75.9248683, 11.2449443, 0.0 ], [ 75.9245465, 11.2446189, 0.0 ], [ 75.9234234, 11.2434832, 0.0 ], [ 75.9233234, 11.2433822, 0.0 ], [ 75.9223829, 11.2420783, 0.0 ], [ 75.9223436, 11.2420165, 0.0 ], [ 75.9216348, 11.2409028, 0.0 ], [ 75.9205774, 11.2391762, 0.0 ], [ 75.9196446, 11.2376105, 0.0 ], [ 75.9193961, 11.2372016, 0.0 ], [ 75.9189605, 11.2367574, 0.0 ], [ 75.9180986, 11.2363514, 0.0 ], [ 75.9174906, 11.2362081, 0.0 ], [ 75.9169667, 11.2362014, 0.0 ], [ 75.9152623, 11.2363722, 0.0 ], [ 75.9129604, 11.2364948, 0.0 ], [ 75.9117375, 11.2369318, 0.0 ], [ 75.9104217, 11.2379541, 0.0 ], [ 75.9078704, 11.2400179, 0.0 ], [ 75.9052313, 11.2415963, 0.0 ], [ 75.9029839, 11.2426481, 0.0 ], [ 75.9028829, 11.2426616, 0.0 ], [ 75.9017745, 11.2428097, 0.0 ], [ 75.901601, 11.2428328, 0.0 ], [ 75.9006167, 11.2425387, 0.0 ], [ 75.900017, 11.2420005, 0.0 ], [ 75.8992985, 11.2409019, 0.0 ], [ 75.8990107, 11.2391751, 0.0 ], [ 75.8993182, 11.2373129, 0.0 ], [ 75.899429, 11.2349127, 0.0 ], [ 75.8992096, 11.2336967, 0.0 ], [ 75.8985235, 11.2320512, 0.0 ], [ 75.8971827, 11.2299849, 0.0 ], [ 75.8963999, 11.2294964, 0.0 ], [ 75.8957177, 11.2293154, 0.0 ], [ 75.8939503, 11.2295, 0.0 ], [ 75.8918531, 11.2296394, 0.0 ], [ 75.8902873, 11.2293992, 0.0 ], [ 75.8887856, 11.2291952, 0.0 ], [ 75.8872703, 11.2284894, 0.0 ], [ 75.8832786, 11.2262142, 0.0 ], [ 75.8816993, 11.2254451, 0.0 ], [ 75.8790032, 11.223889, 0.0 ], [ 75.8777718, 11.2231381, 0.0 ], [ 75.8773371, 11.2226632, 0.0 ], [ 75.8770672, 11.2221388, 0.0 ], [ 75.8769209, 11.2215782, 0.0 ], [ 75.8767658, 11.2203441, 0.0 ], [ 75.8768302, 11.2197204, 0.0 ], [ 75.876629, 11.2189699, 0.0 ], [ 75.8759431, 11.217356, 0.0 ], [ 75.8747032, 11.2151586, 0.0 ], [ 75.8737287, 11.2136575, 0.0 ], [ 75.8725758, 11.2117224, 0.0 ], [ 75.8719948, 11.2109265, 0.0 ], [ 75.8714894, 11.2097239, 0.0 ], [ 75.8703913, 11.2081933, 0.0 ], [ 75.8697232, 11.2074879, 0.0 ], [ 75.8682106, 11.2063548, 0.0 ], [ 75.867382, 11.2060516, 0.0 ], [ 75.8653952, 11.2055444, 0.0 ], [ 75.8627676, 11.2049103, 0.0 ], [ 75.8606983, 11.204602, 0.0 ], [ 75.8595856, 11.2049992, 0.0 ], [ 75.8589672, 11.2056588, 0.0 ], [ 75.8585408, 11.2067977, 0.0 ], [ 75.8576704, 11.2079002, 0.0 ], [ 75.8575216, 11.2077622, 0.0 ], [ 75.8575216, 11.2077622, 0.0 ], [ 75.8573729, 11.2076243, 0.0 ], [ 75.8559831, 11.2036052, 0.0 ], [ 75.8555722, 11.2015618, 0.0 ], [ 75.8581683, 11.2011427, 0.0 ], [ 75.8598031, 11.2004158, 0.0 ], [ 75.8603305, 11.1987029, 0.0 ], [ 75.8601579, 11.1959682, 0.0 ], [ 75.8600027, 11.195046, 0.0 ], [ 75.858872, 11.1948872, 0.0 ], [ 75.8576112, 11.19536, 0.0 ], [ 75.8570759, 11.1940299, 0.0 ], [ 75.8589133, 11.1942051, 0.0 ], [ 75.8583917, 11.1933347, 0.0 ], [ 75.8589616, 11.1931983, 0.0 ], [ 75.860143, 11.1928229, 0.0 ], [ 75.8614439, 11.1922078, 0.0 ], [ 75.8617062, 11.191303, 0.0 ], [ 75.8618928, 11.190798, 0.0 ], [ 75.8620517, 11.1901973, 0.0 ], [ 75.8621626, 11.1897558, 0.0 ], [ 75.862888, 11.1892575, 0.0 ], [ 75.8650193, 11.1878703, 0.0 ], [ 75.8660216, 11.188481, 0.0 ], [ 75.8676701, 11.1878128, 0.0 ], [ 75.8693868, 11.1878272, 0.0 ], [ 75.8696659, 11.1880849, 0.0 ], [ 75.8699682, 11.1878229, 0.0 ], [ 75.8705863, 11.1876921, 0.0 ], [ 75.8720192, 11.1876882, 0.0 ], [ 75.8734482, 11.1863826, 0.0 ], [ 75.874592, 11.1863485, 0.0 ], [ 75.8755661, 11.1856523, 0.0 ], [ 75.8760772, 11.1850943, 0.0 ], [ 75.874891, 11.1846655, 0.0 ], [ 75.8750286, 11.1842994, 0.0 ], [ 75.8751615, 11.1839424, 0.0 ], [ 75.8759446, 11.1833461, 0.0 ], [ 75.8758947, 11.1823923, 0.0 ], [ 75.8763296, 11.1823789, 0.0 ], [ 75.8781927, 11.1826329, 0.0 ], [ 75.8789116, 11.1824297, 0.0 ], [ 75.8797375, 11.182563, 0.0 ], [ 75.8805412, 11.1826926, 0.0 ], [ 75.8812315, 11.1849304, 0.0 ], [ 75.8815016, 11.1849305, 0.0 ], [ 75.8829667, 11.1846282, 0.0 ], [ 75.8839328, 11.1843755, 0.0 ], [ 75.8842347, 11.1851351, 0.0 ], [ 75.8845366, 11.1850104, 0.0 ], [ 75.88489, 11.1848645, 0.0 ], [ 75.8847482, 11.1832051, 0.0 ], [ 75.8849686, 11.1830899, 0.0 ], [ 75.885532, 11.1827951, 0.0 ], [ 75.8858792, 11.1826135, 0.0 ], [ 75.8858382, 11.1819941, 0.0 ], [ 75.8858385, 11.1814653, 0.0 ], [ 75.8859262, 11.17949, 0.0 ], [ 75.8859448, 11.1791601, 0.0 ], [ 75.8870617, 11.1791108, 0.0 ], [ 75.8872391, 11.1790639, 0.0 ], [ 75.8878126, 11.1789122, 0.0 ], [ 75.8879775, 11.1786569, 0.0 ], [ 75.8881425, 11.1784015, 0.0 ], [ 75.8880647, 11.1782343, 0.0 ], [ 75.8878633, 11.1781438, 0.0 ], [ 75.8873187, 11.1776102, 0.0 ], [ 75.8869114, 11.1772846, 0.0 ], [ 75.8867801, 11.17721, 0.0 ], [ 75.8866964, 11.1771624, 0.0 ], [ 75.8864926, 11.1770968, 0.0 ], [ 75.8864858, 11.1770946, 0.0 ], [ 75.8864069, 11.1770537, 0.0 ], [ 75.8862799, 11.1769588, 0.0 ], [ 75.886129, 11.1762672, 0.0 ], [ 75.8864724, 11.1760504, 0.0 ], [ 75.8863902, 11.1756887, 0.0 ], [ 75.8859096, 11.1756389, 0.0 ], [ 75.8858228, 11.1750466, 0.0 ], [ 75.8863219, 11.1748208, 0.0 ], [ 75.8864184, 11.1738309, 0.0 ], [ 75.8874532, 11.1734653, 0.0 ], [ 75.8872794, 11.1729589, 0.0 ], [ 75.8876644, 11.1720369, 0.0 ], [ 75.8869049, 11.1710151, 0.0 ], [ 75.886873, 11.1706354, 0.0 ], [ 75.8860398, 11.1707254, 0.0 ], [ 75.8839931, 11.1718592, 0.0 ], [ 75.8830089, 11.1716689, 0.0 ], [ 75.8821847, 11.1719895, 0.0 ], [ 75.8818139, 11.1721295, 0.0 ], [ 75.8816309, 11.1716051, 0.0 ], [ 75.8819103, 11.1713566, 0.0 ], [ 75.8817457, 11.1710446, 0.0 ], [ 75.8803952, 11.1711615, 0.0 ], [ 75.8810734, 11.1696476, 0.0 ], [ 75.8804691, 11.169358, 0.0 ], [ 75.8801031, 11.1691951, 0.0 ], [ 75.879197, 11.1683088, 0.0 ], [ 75.8786618, 11.167522, 0.0 ], [ 75.878447, 11.1666496, 0.0 ], [ 75.8779437, 11.1662651, 0.0 ], [ 75.8776881, 11.1664092, 0.0 ], [ 75.8772044, 11.1667027, 0.0 ], [ 75.8765901, 11.167053, 0.0 ], [ 75.8752703, 11.1678723, 0.0 ], [ 75.8742823, 11.1681522, 0.0 ], [ 75.8733877, 11.1685368, 0.0 ], [ 75.870691, 11.1693763, 0.0 ], [ 75.8706908, 11.16986, 0.0 ], [ 75.8704293, 11.1710442, 0.0 ], [ 75.8705339, 11.1724499, 0.0 ], [ 75.870273, 11.1725131, 0.0 ], [ 75.8701448, 11.1726034, 0.0 ], [ 75.8699525, 11.1724995, 0.0 ], [ 75.8697649, 11.1724587, 0.0 ], [ 75.8695544, 11.1723048, 0.0 ], [ 75.8692569, 11.1721692, 0.0 ], [ 75.8683506, 11.1718885, 0.0 ], [ 75.8674993, 11.1715264, 0.0 ], [ 75.8668265, 11.1713589, 0.0 ], [ 75.8664877, 11.1713858, 0.0 ], [ 75.8656773, 11.1715843, 0.0 ], [ 75.8652425, 11.1715389, 0.0 ], [ 75.8651051, 11.1714756, 0.0 ], [ 75.8649678, 11.1714123, 0.0 ], [ 75.8647207, 11.1712178, 0.0 ], [ 75.8645708, 11.1710517, 0.0 ], [ 75.8645015, 11.170975, 0.0 ], [ 75.8645014, 11.1709735, 0.0 ], [ 75.8644966, 11.1709374, 0.0 ], [ 75.8645607, 11.1706436, 0.0 ], [ 75.8648264, 11.1703002, 0.0 ], [ 75.8649227, 11.1701195, 0.0 ], [ 75.8649595, 11.169803, 0.0 ], [ 75.8648543, 11.1695273, 0.0 ], [ 75.8646529, 11.1693102, 0.0 ], [ 75.8641953, 11.1691021, 0.0 ], [ 75.8637102, 11.168695, 0.0 ], [ 75.8631201, 11.1679941, 0.0 ], [ 75.8629554, 11.1678765, 0.0 ], [ 75.8626166, 11.1677814, 0.0 ], [ 75.8624655, 11.1677994, 0.0 ], [ 75.8617056, 11.1677403, 0.0 ], [ 75.8611794, 11.1673377, 0.0 ], [ 75.8609598, 11.1671026, 0.0 ], [ 75.860786, 11.1668177, 0.0 ], [ 75.8607228, 11.1664911, 0.0 ], [ 75.8607221, 11.1664877, 0.0 ], [ 75.8611665, 11.1658054, 0.0 ], [ 75.8608097, 11.1651408, 0.0 ], [ 75.8607046, 11.1646661, 0.0 ], [ 75.8603299, 11.1633912, 0.0 ], [ 75.8602483, 11.1626215, 0.0 ], [ 75.860248, 11.1626182, 0.0 ], [ 75.8607294, 11.1608646, 0.0 ], [ 75.8600476, 11.160358, 0.0 ], [ 75.8597505, 11.1594809, 0.0 ], [ 75.8596547, 11.1589656, 0.0 ], [ 75.8596228, 11.1585859, 0.0 ], [ 75.8595481, 11.1585246, 0.0 ], [ 75.8590239, 11.1580946, 0.0 ], [ 75.8590014, 11.1580761, 0.0 ], [ 75.8588707, 11.1580104, 0.0 ], [ 75.8584651, 11.1578063, 0.0 ], [ 75.8576472, 11.1573408, 0.0 ], [ 75.857637, 11.157332, 0.0 ], [ 75.8569375, 11.1567271, 0.0 ], [ 75.8567762, 11.1565163, 0.0 ], [ 75.856736, 11.1564638, 0.0 ], [ 75.8566392, 11.156147, 0.0 ], [ 75.856632, 11.1561233, 0.0 ], [ 75.8558164, 11.1560898, 0.0 ], [ 75.8553775, 11.1560718, 0.0 ], [ 75.8541446, 11.1559882, 0.0 ], [ 75.8538841, 11.1559556, 0.0 ], [ 75.8538833, 11.1559544, 0.0 ], [ 75.8535546, 11.1554593, 0.0 ], [ 75.8534676, 11.1553192, 0.0 ], [ 75.8525436, 11.1542701, 0.0 ], [ 75.85226, 11.1537501, 0.0 ], [ 75.8522098, 11.1534291, 0.0 ], [ 75.8523657, 11.1530314, 0.0 ], [ 75.8525306, 11.1528552, 0.0 ], [ 75.8528419, 11.1526927, 0.0 ], [ 75.852993, 11.1526791, 0.0 ], [ 75.8531395, 11.1526159, 0.0 ], [ 75.8536156, 11.152571, 0.0 ], [ 75.8538262, 11.1525033, 0.0 ], [ 75.8540048, 11.1523678, 0.0 ], [ 75.8541147, 11.1522186, 0.0 ], [ 75.8543759, 11.1516086, 0.0 ], [ 75.8547104, 11.1510392, 0.0 ], [ 75.8551456, 11.1505467, 0.0 ], [ 75.8552097, 11.1504021, 0.0 ], [ 75.855155, 11.14995, 0.0 ], [ 75.854771, 11.1488333, 0.0 ], [ 75.8547895, 11.1485622, 0.0 ], [ 75.854895, 11.148282, 0.0 ], [ 75.855092, 11.1479973, 0.0 ], [ 75.8554811, 11.1477082, 0.0 ], [ 75.8556093, 11.1476495, 0.0 ], [ 75.8563556, 11.1474962, 0.0 ], [ 75.856377, 11.1474783, 0.0 ], [ 75.8564609, 11.1474601, 0.0 ], [ 75.8566621, 11.1472394, 0.0 ], [ 75.8570837, 11.1468863, 0.0 ], [ 75.8570852, 11.1468844, 0.0 ], [ 75.8570882, 11.1468818, 0.0 ], [ 75.8571396, 11.1468165, 0.0 ], [ 75.8573265, 11.1465836, 0.0 ], [ 75.8575097, 11.1462537, 0.0 ], [ 75.8576793, 11.1457249, 0.0 ], [ 75.85784, 11.1448526, 0.0 ], [ 75.857857, 11.1441175, 0.0 ], [ 75.8578638, 11.1438233, 0.0 ], [ 75.8578774, 11.1432344, 0.0 ], [ 75.85785, 11.1431259, 0.0 ], [ 75.8576946, 11.1428637, 0.0 ], [ 75.8574749, 11.1426465, 0.0 ], [ 75.8572416, 11.142321, 0.0 ], [ 75.8571731, 11.1421628, 0.0 ], [ 75.8571457, 11.1419005, 0.0 ], [ 75.8574848, 11.1411007, 0.0 ], [ 75.8575859, 11.1404679, 0.0 ], [ 75.8578202, 11.1394835, 0.0 ], [ 75.8578473, 11.1393696, 0.0 ], [ 75.8576987, 11.1387506, 0.0 ], [ 75.8576759, 11.138638, 0.0 ], [ 75.8576373, 11.1384947, 0.0 ], [ 75.8575583, 11.1381658, 0.0 ], [ 75.8575452, 11.1381533, 0.0 ], [ 75.8572417, 11.1378641, 0.0 ], [ 75.8568593, 11.1382119, 0.0 ], [ 75.8556138, 11.1390792, 0.0 ], [ 75.8534982, 11.1406828, 0.0 ], [ 75.8528021, 11.1414147, 0.0 ], [ 75.8514375, 11.142517, 0.0 ], [ 75.8502517, 11.1428961, 0.0 ], [ 75.8487914, 11.1430444, 0.0 ], [ 75.8481872, 11.1431074, 0.0 ], [ 75.8473176, 11.1431069, 0.0 ], [ 75.8461184, 11.1429345, 0.0 ], [ 75.8440637, 11.1418304, 0.0 ], [ 75.8422565, 11.1402338, 0.0 ], [ 75.8410445, 11.138615, 0.0 ], [ 75.8391415, 11.1366385, 0.0 ], [ 75.8381624, 11.1357475, 0.0 ], [ 75.8376382, 11.1352933, 0.0 ], [ 75.8370014, 11.1347536, 0.0 ], [ 75.835747, 11.1337001, 0.0 ], [ 75.8357083, 11.1336677, 0.0 ], [ 75.8343912, 11.1325658, 0.0 ], [ 75.8342264, 11.132428, 0.0 ], [ 75.8334791, 11.1317181, 0.0 ], [ 75.8334579, 11.1316896, 0.0 ], [ 75.8334401, 11.1316657, 0.0 ], [ 75.8330958, 11.1312042, 0.0 ], [ 75.8328489, 11.1308252, 0.0 ], [ 75.8325569, 11.1303909, 0.0 ], [ 75.8322841, 11.1293631, 0.0 ], [ 75.83226, 11.129262, 0.0 ], [ 75.8321986, 11.1290053, 0.0 ], [ 75.8320591, 11.1281316, 0.0 ], [ 75.8320451, 11.128052, 0.0 ], [ 75.8319685, 11.1276135, 0.0 ], [ 75.8318506, 11.1272945, 0.0 ], [ 75.831845, 11.1272794, 0.0 ], [ 75.8317876, 11.1271825, 0.0 ], [ 75.8315104, 11.1267141, 0.0 ], [ 75.8304936, 11.1257585, 0.0 ], [ 75.8298044, 11.125368, 0.0 ], [ 75.8295948, 11.1252492, 0.0 ], [ 75.8294979, 11.1252104, 0.0 ], [ 75.8283377, 11.1247458, 0.0 ], [ 75.8272627, 11.1243845, 0.0 ], [ 75.8267035, 11.1241966, 0.0 ], [ 75.8259247, 11.1239348, 0.0 ], [ 75.8256237, 11.1238337, 0.0 ], [ 75.8256405, 11.1238112, 0.0 ], [ 75.8256594, 11.1237861, 0.0 ], [ 75.8255275, 11.1237571, 0.0 ], [ 75.8254543, 11.1235446, 0.0 ], [ 75.8255729, 11.1231102, 0.0 ], [ 75.8255729, 11.1231102, 0.0 ], [ 75.8253964, 11.1231033, 0.0 ], [ 75.8253025, 11.123096, 0.0 ], [ 75.8252433, 11.1230691, 0.0 ], [ 75.8251593, 11.1230203, 0.0 ], [ 75.825105, 11.1229495, 0.0 ], [ 75.8250532, 11.1228567, 0.0 ], [ 75.8250507, 11.122764, 0.0 ], [ 75.8250804, 11.1225053, 0.0 ], [ 75.8251027, 11.1224028, 0.0 ], [ 75.8251323, 11.1223589, 0.0 ], [ 75.8251941, 11.1223052, 0.0 ], [ 75.8252854, 11.1222857, 0.0 ], [ 75.8253694, 11.1222882, 0.0 ], [ 75.8254632, 11.1223175, 0.0 ], [ 75.8255447, 11.1223688, 0.0 ], [ 75.8257126, 11.1225079, 0.0 ], [ 75.8257816, 11.1225627, 0.0 ], [ 75.8258488, 11.1224148, 0.0 ], [ 75.8266775, 11.1217385, 0.0 ], [ 75.8269421, 11.1211431, 0.0 ], [ 75.8272362, 11.120446, 0.0 ], [ 75.8274248, 11.1198618, 0.0 ], [ 75.8274657, 11.1197151, 0.0 ], [ 75.8272221, 11.1195626, 0.0 ], [ 75.8271357, 11.1194504, 0.0 ], [ 75.8271258, 11.1193967, 0.0 ], [ 75.8271283, 11.1193039, 0.0 ], [ 75.8271728, 11.1191234, 0.0 ], [ 75.8273284, 11.1189404, 0.0 ], [ 75.8274544, 11.1188721, 0.0 ], [ 75.8275408, 11.1188526, 0.0 ], [ 75.8276519, 11.1188477, 0.0 ], [ 75.8277853, 11.1188721, 0.0 ], [ 75.8279038, 11.1189136, 0.0 ], [ 75.8279754, 11.1189551, 0.0 ], [ 75.8281655, 11.1191748, 0.0 ], [ 75.8282148, 11.1192505, 0.0 ], [ 75.8282216, 11.1192699, 0.0 ], [ 75.8283516, 11.1191808, 0.0 ], [ 75.8283825, 11.1191431, 0.0 ], [ 75.8283888, 11.1188105, 0.0 ], [ 75.8284403, 11.1184074, 0.0 ], [ 75.8285947, 11.1180225, 0.0 ], [ 75.8289397, 11.1171757, 0.0 ], [ 75.8292595, 11.1163987, 0.0 ], [ 75.8296371, 11.1154986, 0.0 ], [ 75.8299349, 11.1146054, 0.0 ], [ 75.8301849, 11.1138683, 0.0 ], [ 75.8305741, 11.1127311, 0.0 ], [ 75.8308241, 11.1119396, 0.0 ], [ 75.8311547, 11.1109625, 0.0 ], [ 75.8314488, 11.1101092, 0.0 ], [ 75.8315845, 11.1097113, 0.0 ], [ 75.8317426, 11.1092475, 0.0 ], [ 75.8319669, 11.1085431, 0.0 ], [ 75.8324764, 11.1068641, 0.0 ], [ 75.8327264, 11.1059528, 0.0 ], [ 75.8329654, 11.1051376, 0.0 ], [ 75.8332081, 11.1042263, 0.0 ], [ 75.8334429, 11.1033944, 0.0 ], [ 75.8336966, 11.1024576, 0.0 ], [ 75.8340382, 11.1012043, 0.0 ], [ 75.8342588, 11.1003438, 0.0 ], [ 75.8345894, 11.0991014, 0.0 ], [ 75.8347917, 11.0983462, 0.0 ], [ 75.83503, 11.0974957, 0.0 ], [ 75.835302, 11.0968022, 0.0 ], [ 75.8355442, 11.0961587, 0.0 ], [ 75.8358676, 11.0953345, 0.0 ], [ 75.8361796, 11.0944579, 0.0 ], [ 75.8364112, 11.0938189, 0.0 ], [ 75.8367303, 11.0929355, 0.0 ], [ 75.8369765, 11.0922457, 0.0 ], [ 75.8373396, 11.0911889, 0.0 ], [ 75.8376189, 11.0904155, 0.0 ], [ 75.8379274, 11.0894848, 0.0 ], [ 75.8381516, 11.0887804, 0.0 ], [ 75.838493, 11.0877414, 0.0 ], [ 75.8387356, 11.087037, 0.0 ], [ 75.8390625, 11.0859648, 0.0 ], [ 75.8392206, 11.0854201, 0.0 ], [ 75.8394848, 11.0845006, 0.0 ], [ 75.839676, 11.0838289, 0.0 ], [ 75.8402449, 11.0819228, 0.0 ], [ 75.8402799, 11.0818055, 0.0 ], [ 75.8406781, 11.0804734, 0.0 ], [ 75.8413022, 11.0785128, 0.0 ], [ 75.841846, 11.0769182, 0.0 ], [ 75.8425874, 11.0748839, 0.0 ], [ 75.8430757, 11.0732276, 0.0 ], [ 75.8433586, 11.0719371, 0.0 ], [ 75.8438694, 11.0699937, 0.0 ], [ 75.8443324, 11.0682138, 0.0 ], [ 75.8446879, 11.0668291, 0.0 ], [ 75.845147, 11.0651474, 0.0 ], [ 75.8453124, 11.0644519, 0.0 ], [ 75.8453455, 11.0643211, 0.0 ], [ 75.8454043, 11.0641832, 0.0 ], [ 75.8457203, 11.0637039, 0.0 ], [ 75.8460467, 11.0632008, 0.0 ], [ 75.8461423, 11.0630447, 0.0 ], [ 75.8461937, 11.0629902, 0.0 ], [ 75.8463113, 11.0629467, 0.0 ], [ 75.8465096, 11.0628995, 0.0 ], [ 75.846702, 11.0628678, 0.0 ], [ 75.8478716, 11.0582266, 0.0 ], [ 75.8481194, 11.0570696, 0.0 ], [ 75.848354, 11.0548096, 0.0 ], [ 75.8481254, 11.0545835, 0.0 ], [ 75.8480522, 11.0544072, 0.0 ], [ 75.8480941, 11.0529517, 0.0 ], [ 75.8479387, 11.0527753, 0.0 ], [ 75.8479114, 11.0525222, 0.0 ], [ 75.8480626, 11.0521967, 0.0 ], [ 75.8483692, 11.0521201, 0.0 ], [ 75.8485202, 11.0520479, 0.0 ], [ 75.8488964, 11.0503349, 0.0 ], [ 75.8487044, 11.0498827, 0.0 ], [ 75.8486542, 11.0496838, 0.0 ], [ 75.8486497, 11.0494579, 0.0 ], [ 75.848723, 11.0492816, 0.0 ], [ 75.8488787, 11.0491777, 0.0 ], [ 75.84908, 11.0492546, 0.0 ], [ 75.849231, 11.049205, 0.0 ], [ 75.8494096, 11.0490288, 0.0 ], [ 75.8495149, 11.0489294, 0.0 ], [ 75.8495319, 11.0489271, 0.0 ], [ 75.8495898, 11.0485921, 0.0 ], [ 75.8497219, 11.0477915, 0.0 ], [ 75.849869, 11.0469745, 0.0 ], [ 75.8500929, 11.0457973, 0.0 ], [ 75.8505371, 11.0436372, 0.0 ], [ 75.8508604, 11.042064, 0.0 ], [ 75.8510917, 11.0407626, 0.0 ], [ 75.8511686, 11.0402489, 0.0 ], [ 75.8512238, 11.0398713, 0.0 ], [ 75.8512385, 11.0395808, 0.0 ], [ 75.8512092, 11.0389635, 0.0 ], [ 75.8512202, 11.038769, 0.0 ], [ 75.8513121, 11.03809, 0.0 ], [ 75.8513633, 11.0378312, 0.0 ], [ 75.8514698, 11.0375879, 0.0 ], [ 75.8518042, 11.0369852, 0.0 ], [ 75.8519214, 11.0367941, 0.0 ], [ 75.8523696, 11.0362822, 0.0 ], [ 75.8529901, 11.0356373, 0.0 ], [ 75.8530546, 11.0355713, 0.0 ], [ 75.8534078, 11.0335445, 0.0 ], [ 75.8537378, 11.0324373, 0.0 ], [ 75.8539353, 11.0311581, 0.0 ], [ 75.8544257, 11.029626, 0.0 ], [ 75.8545498, 11.0284418, 0.0 ], [ 75.854724, 11.0278135, 0.0 ], [ 75.8550768, 11.0269865, 0.0 ], [ 75.8553334, 11.0261549, 0.0 ], [ 75.855558, 11.0255538, 0.0 ], [ 75.8556589, 11.0249482, 0.0 ], [ 75.8564514, 11.0229597, 0.0 ], [ 75.8566027, 11.0224083, 0.0 ], [ 75.8566762, 11.0219292, 0.0 ], [ 75.8567816, 11.0216806, 0.0 ], [ 75.857102, 11.0214005, 0.0 ], [ 75.8574547, 11.0204514, 0.0 ], [ 75.8573314, 11.0202706, 0.0 ], [ 75.8573315, 11.0200175, 0.0 ], [ 75.8574888, 11.0196646, 0.0 ], [ 75.857533, 11.0195655, 0.0 ], [ 75.8579635, 11.0186616, 0.0 ], [ 75.8588804, 11.0151183, 0.0 ], [ 75.8594859, 11.0119996, 0.0 ], [ 75.8607742, 11.0067477, 0.0 ], [ 75.8611228, 11.0050618, 0.0 ], [ 75.8624101, 11.0014101, 0.0 ], [ 75.8624147, 11.0014101, 0.0 ], [ 75.8624423, 11.000571, 0.0 ], [ 75.8623972, 11.0005726, 0.0 ], [ 75.8623495, 11.0005545, 0.0 ], [ 75.8623127, 11.0005109, 0.0 ], [ 75.8622944, 11.0004346, 0.0 ], [ 75.862287, 11.0003003, 0.0 ], [ 75.8623018, 11.0000258, 0.0 ], [ 75.8623002, 10.9999743, 0.0 ], [ 75.86226, 10.9987447, 0.0 ], [ 75.86254, 10.9965348, 0.0 ], [ 75.8627972, 10.9945282, 0.0 ], [ 75.8638285, 10.9903208, 0.0 ], [ 75.8643647, 10.9882827, 0.0 ], [ 75.8648186, 10.9862129, 0.0 ], [ 75.8650982, 10.9851103, 0.0 ], [ 75.8656526, 10.9829818, 0.0 ], [ 75.8659779, 10.9819514, 0.0 ], [ 75.8661797, 10.9808669, 0.0 ], [ 75.8665693, 10.9790863, 0.0 ], [ 75.8674169, 10.9761398, 0.0 ], [ 75.8682006, 10.9729765, 0.0 ], [ 75.8689513, 10.9699591, 0.0 ], [ 75.8694165, 10.9690377, 0.0 ], [ 75.8695545, 10.9684389, 0.0 ], [ 75.8696464, 10.9680244, 0.0 ], [ 75.8698293, 10.9668731, 0.0 ], [ 75.870197, 10.9652149, 0.0 ], [ 75.8708887, 10.9628654, 0.0 ], [ 75.8717182, 10.959917, 0.0 ], [ 75.8724087, 10.9571532, 0.0 ], [ 75.8729121, 10.9541598, 0.0 ], [ 75.8733283, 10.952182, 0.0 ], [ 75.8733469, 10.9517182, 0.0 ], [ 75.8736541, 10.9501997, 0.0 ], [ 75.8740252, 10.9487943, 0.0 ], [ 75.8742269, 10.9478679, 0.0 ], [ 75.874314, 10.9472804, 0.0 ], [ 75.8743603, 10.94606, 0.0 ], [ 75.8746352, 10.9449755, 0.0 ], [ 75.8752669, 10.9440085, 0.0 ], [ 75.8755883, 10.9436882, 0.0 ], [ 75.8758372, 10.9434522, 0.0 ], [ 75.8761147, 10.942807, 0.0 ], [ 75.8763985, 10.9419882, 0.0 ], [ 75.8764277, 10.9418418, 0.0 ], [ 75.8768695, 10.9396251, 0.0 ], [ 75.8772216, 10.9377499, 0.0 ], [ 75.8772225, 10.9377451, 0.0 ], [ 75.8777217, 10.9361905, 0.0 ], [ 75.87818, 10.9339987, 0.0 ], [ 75.8785328, 10.9325435, 0.0 ], [ 75.8789244, 10.9312038, 0.0 ], [ 75.879664, 10.9282617, 0.0 ], [ 75.8833172, 10.9121717, 0.0 ], [ 75.8908427, 10.8790218, 0.0 ], [ 75.8906966, 10.8783799, 0.0 ], [ 75.890816, 10.8770241, 0.0 ], [ 75.8912328, 10.8754513, 0.0 ], [ 75.8918784, 10.8732098, 0.0 ], [ 75.8922448, 10.8715467, 0.0 ], [ 75.8929687, 10.8680352, 0.0 ], [ 75.8933535, 10.8658974, 0.0 ], [ 75.8934905, 10.8653513, 0.0 ], [ 75.8936787, 10.8646004, 0.0 ], [ 75.8944849, 10.8608268, 0.0 ], [ 75.895227, 10.8570622, 0.0 ], [ 75.8959875, 10.8532071, 0.0 ], [ 75.8962812, 10.8502965, 0.0 ], [ 75.8964598, 10.8492842, 0.0 ], [ 75.897046, 10.8466991, 0.0 ], [ 75.8973757, 10.8454201, 0.0 ], [ 75.8980031, 10.8427809, 0.0 ], [ 75.8982048, 10.8413075, 0.0 ], [ 75.8985753, 10.8395225, 0.0 ], [ 75.8989467, 10.8377326, 0.0 ], [ 75.89973, 10.8338822, 0.0 ], [ 75.9007004, 10.830547, 0.0 ], [ 75.9011401, 10.8283144, 0.0 ], [ 75.9014286, 10.8268456, 0.0 ], [ 75.9022711, 10.8234244, 0.0 ], [ 75.9029306, 10.8200077, 0.0 ], [ 75.9032606, 10.8177661, 0.0 ], [ 75.9037181, 10.8166363, 0.0 ], [ 75.9044736, 10.8132649, 0.0 ], [ 75.9052519, 10.8102414, 0.0 ], [ 75.9053665, 10.8092336, 0.0 ], [ 75.9059662, 10.8067299, 0.0 ], [ 75.9061678, 10.80527, 0.0 ], [ 75.9066851, 10.8031775, 0.0 ], [ 75.9079624, 10.797908, 0.0 ], [ 75.9085896, 10.7948574, 0.0 ], [ 75.9088552, 10.7936462, 0.0 ], [ 75.9097707, 10.7895155, 0.0 ], [ 75.9100139, 10.7870613, 0.0 ], [ 75.910101, 10.7861348, 0.0 ], [ 75.9105401, 10.7851994, 0.0 ], [ 75.911194, 10.7845758, 0.0 ], [ 75.9115368, 10.7845488, 0.0 ], [ 75.911898, 10.7847523, 0.0 ], [ 75.9121539, 10.7849829, 0.0 ], [ 75.9122532, 10.7854074, 0.0 ], [ 75.912975, 10.7851371, 0.0 ], [ 75.9129761, 10.7851383, 0.0 ], [ 75.9132855, 10.7850208, 0.0 ], [ 75.9135985, 10.784902, 0.0 ], [ 75.9133334, 10.7845629, 0.0 ], [ 75.9137362, 10.7830173, 0.0 ], [ 75.9137546, 10.782258, 0.0 ], [ 75.9131517, 10.7808296, 0.0 ], [ 75.913513, 10.7800884, 0.0 ], [ 75.9153974, 10.7768212, 0.0 ], [ 75.9173639, 10.7739157, 0.0 ], [ 75.9182423, 10.7712357, 0.0 ], [ 75.918668, 10.7691657, 0.0 ], [ 75.9192126, 10.7672089, 0.0 ], [ 75.920896, 10.7625224, 0.0 ], [ 75.9220715, 10.7599239, 0.0 ], [ 75.9248752, 10.7536196, 0.0 ], [ 75.9256755, 10.7518662, 0.0 ], [ 75.926635, 10.7507237, 0.0 ], [ 75.926633, 10.7507236, 0.0 ], [ 75.9269079, 10.7500012, 0.0 ], [ 75.9281445, 10.7466854, 0.0 ], [ 75.9305273, 10.7409367, 0.0 ], [ 75.9329696, 10.7352285, 0.0 ], [ 75.9337319, 10.733341, 0.0 ], [ 75.9348037, 10.7310005, 0.0 ], [ 75.935626, 10.7293072, 0.0 ], [ 75.9358221, 10.7291483, 0.0 ], [ 75.9364895, 10.7291283, 0.0 ], [ 75.93667, 10.729302, 0.0 ], [ 75.936736, 10.7289034, 0.0 ], [ 75.9367782, 10.7288858, 0.0 ], [ 75.9367938, 10.7288793, 0.0 ], [ 75.9365569, 10.7287528, 0.0 ], [ 75.9362901, 10.7282292, 0.0 ], [ 75.9363617, 10.7277045, 0.0 ], [ 75.9367604, 10.7271881, 0.0 ], [ 75.9369355, 10.7269614, 0.0 ], [ 75.9374397, 10.725911, 0.0 ], [ 75.9379664, 10.7247204, 0.0 ], [ 75.9385895, 10.7236923, 0.0 ], [ 75.9400526, 10.7207538, 0.0 ], [ 75.9412959, 10.7177165, 0.0 ], [ 75.9419181, 10.7164036, 0.0 ], [ 75.9449593, 10.7093553, 0.0 ], [ 75.9461314, 10.7069873, 0.0 ], [ 75.9463482, 10.7067878, 0.0 ], [ 75.9464961, 10.7066516, 0.0 ], [ 75.9469728, 10.7055787, 0.0 ], [ 75.9472578, 10.7046013, 0.0 ], [ 75.9480259, 10.7031659, 0.0 ], [ 75.9503719, 10.6975754, 0.0 ], [ 75.9512124, 10.6958775, 0.0 ], [ 75.9538235, 10.6903088, 0.0 ], [ 75.954827, 10.6881357, 0.0 ], [ 75.9561575, 10.6853604, 0.0 ], [ 75.9565519, 10.6855434, 0.0 ], [ 75.9598797, 10.6870872, 0.0 ], [ 75.9611272, 10.6877021, 0.0 ], [ 75.9610631, 10.6881676, 0.0 ], [ 75.9635169, 10.689325, 0.0 ], [ 75.9627535, 10.690943, 0.0 ], [ 75.9640193, 10.6917251, 0.0 ], [ 75.9645358, 10.6911105, 0.0 ], [ 75.9661716, 10.6920191, 0.0 ], [ 75.9658332, 10.6934654, 0.0 ], [ 75.9668432, 10.6935695, 0.0 ], [ 75.9670397, 10.6940577, 0.0 ], [ 75.9679399, 10.6940352, 0.0 ], [ 75.9690962, 10.6929235, 0.0 ], [ 75.9699555, 10.6919654, 0.0 ], [ 75.9704857, 10.6911112, 0.0 ], [ 75.9710523, 10.6913915, 0.0 ], [ 75.9712215, 10.6912786, 0.0 ], [ 75.9713906, 10.6910029, 0.0 ], [ 75.971651, 10.6911521, 0.0 ], [ 75.9719297, 10.6914051, 0.0 ], [ 75.9716326, 10.6919385, 0.0 ], [ 75.9715641, 10.6920651, 0.0 ], [ 75.9718657, 10.6922775, 0.0 ], [ 75.9721034, 10.6920877, 0.0 ], [ 75.9722541, 10.691916, 0.0 ], [ 75.9723821, 10.6919159, 0.0 ], [ 75.9730264, 10.6923815, 0.0 ], [ 75.972967, 10.6926572, 0.0 ], [ 75.9742556, 10.6934755, 0.0 ], [ 75.9744703, 10.6935388, 0.0 ], [ 75.9749458, 10.6925354, 0.0 ], [ 75.9753709, 10.6914055, 0.0 ], [ 75.9757136, 10.6914056, 0.0 ], [ 75.9756267, 10.6917265, 0.0 ], [ 75.9758826, 10.6918531, 0.0 ], [ 75.9758003, 10.6920655, 0.0 ], [ 75.9762756, 10.6923819, 0.0 ], [ 75.9768103, 10.6917221, 0.0 ], [ 75.9771302, 10.6918486, 0.0 ], [ 75.9766823, 10.6924, 0.0 ], [ 75.9771987, 10.6927617, 0.0 ], [ 75.9770295, 10.6930825, 0.0 ], [ 75.9773265, 10.6937424, 0.0 ], [ 75.9766227, 10.6946961, 0.0 ], [ 75.9765176, 10.6951842, 0.0 ], [ 75.9766088, 10.6954825, 0.0 ], [ 75.9770384, 10.6958215, 0.0 ], [ 75.9773172, 10.6958667, 0.0 ], [ 75.9778063, 10.6953154, 0.0 ], [ 75.9782814, 10.6954601, 0.0 ], [ 75.9787293, 10.6952432, 0.0 ], [ 75.979159, 10.694755, 0.0 ], [ 75.9793098, 10.6945246, 0.0 ], [ 75.9797394, 10.6947325, 0.0 ], [ 75.9802741, 10.6938783, 0.0 ], [ 75.9805529, 10.6932411, 0.0 ], [ 75.9805302, 10.6922015, 0.0 ], [ 75.9807816, 10.691266, 0.0 ], [ 75.9815586, 10.6904751, 0.0 ], [ 75.9819333, 10.6900095, 0.0 ], [ 75.981481, 10.6894536, 0.0 ], [ 75.982107, 10.6887305, 0.0 ], [ 75.9817598, 10.6882198, 0.0 ], [ 75.9828932, 10.6868775, 0.0 ], [ 75.9831766, 10.6870221, 0.0 ], [ 75.983405, 10.6868323, 0.0 ], [ 75.9838391, 10.6872243, 0.0 ], [ 75.9840356, 10.6874018, 0.0 ], [ 75.983798, 10.6877408, 0.0 ], [ 75.9835421, 10.6876188, 0.0 ], [ 75.9829799, 10.6882153, 0.0 ], [ 75.9833501, 10.6885543, 0.0 ], [ 75.9830713, 10.6889384, 0.0 ], [ 75.9835008, 10.6891283, 0.0 ], [ 75.9838436, 10.6887894, 0.0 ], [ 75.9842548, 10.6893137, 0.0 ], [ 75.984296, 10.6894448, 0.0 ], [ 75.9852008, 10.6893545, 0.0 ], [ 75.9853516, 10.6900143, 0.0 ], [ 75.9846615, 10.6898064, 0.0 ], [ 75.9845655, 10.6900821, 0.0 ], [ 75.986302, 10.6906878, 0.0 ], [ 75.9863248, 10.6909636, 0.0 ], [ 75.9881116, 10.6913433, 0.0 ], [ 75.9881711, 10.6910225, 0.0 ], [ 75.9889251, 10.6910857, 0.0 ], [ 75.9889296, 10.691384, 0.0 ], [ 75.9901544, 10.6914429, 0.0 ], [ 75.9910546, 10.6917368, 0.0 ], [ 75.9916305, 10.691904, 0.0 ], [ 75.9933304, 10.6918995, 0.0 ], [ 75.9952452, 10.6922793, 0.0 ], [ 75.9977586, 10.6929438, 0.0 ], [ 76.0000145, 10.6937804, 0.0 ], [ 76.0012407, 10.6942685, 0.0 ], [ 76.0015135, 10.6936083, 0.0 ], [ 76.0016508, 10.6932602, 0.0 ], [ 76.0017482, 10.6930037, 0.0 ], [ 76.0018155, 10.6928264, 0.0 ], [ 76.0019755, 10.6926366, 0.0 ], [ 76.0022728, 10.692257, 0.0 ], [ 76.0023368, 10.6922209, 0.0 ], [ 76.002579, 10.6921261, 0.0 ], [ 76.0028487, 10.6920041, 0.0 ], [ 76.0031642, 10.6918641, 0.0 ], [ 76.003475, 10.6918009, 0.0 ], [ 76.0039001, 10.6917243, 0.0 ], [ 76.0041972, 10.6916747, 0.0 ], [ 76.0046451, 10.691589, 0.0 ], [ 76.0049102, 10.6915529, 0.0 ], [ 76.0051434, 10.6915304, 0.0 ], [ 76.0054496, 10.6915034, 0.0 ], [ 76.0055867, 10.6913814, 0.0 ], [ 76.0057879, 10.6911781, 0.0 ], [ 76.0058337, 10.6911013, 0.0 ], [ 76.0060074, 10.6907894, 0.0 ], [ 76.0062088, 10.6903962, 0.0 ], [ 76.0063505, 10.6902155, 0.0 ], [ 76.0066843, 10.6898585, 0.0 ], [ 76.0070409, 10.689723, 0.0 ], [ 76.0073242, 10.6896147, 0.0 ], [ 76.0077904, 10.6896962, 0.0 ], [ 76.0082885, 10.6897823, 0.0 ], [ 76.0085079, 10.6898141, 0.0 ], [ 76.0089055, 10.6898774, 0.0 ], [ 76.0093214, 10.6899274, 0.0 ], [ 76.0097738, 10.6899727, 0.0 ], [ 76.0100801, 10.6900135, 0.0 ], [ 76.010368, 10.6900499, 0.0 ], [ 76.0105462, 10.6900725, 0.0 ], [ 76.0107839, 10.6901404, 0.0 ], [ 76.011186, 10.6902536, 0.0 ], [ 76.0116522, 10.6903893, 0.0 ], [ 76.0119035, 10.6904663, 0.0 ], [ 76.0121502, 10.6905342, 0.0 ], [ 76.0124382, 10.6907061, 0.0 ], [ 76.0127443, 10.6908825, 0.0 ], [ 76.0131327, 10.6911177, 0.0 ], [ 76.0135119, 10.6914297, 0.0 ], [ 76.0139597, 10.6918187, 0.0 ], [ 76.0143023, 10.6922799, 0.0 ], [ 76.0145443, 10.6926009, 0.0 ], [ 76.0147956, 10.6929581, 0.0 ], [ 76.0149966, 10.6932204, 0.0 ], [ 76.0152205, 10.6935866, 0.0 ], [ 76.0154123, 10.6938895, 0.0 ], [ 76.0156954, 10.6943507, 0.0 ], [ 76.016061, 10.6947848, 0.0 ], [ 76.0164265, 10.6950426, 0.0 ], [ 76.0168971, 10.6953727, 0.0 ], [ 76.0172352, 10.6956079, 0.0 ], [ 76.0173129, 10.6956622, 0.0 ], [ 76.0177516, 10.6958929, 0.0 ], [ 76.0180944, 10.6960829, 0.0 ], [ 76.0183776, 10.6962322, 0.0 ], [ 76.0190174, 10.6966483, 0.0 ], [ 76.019223, 10.6967839, 0.0 ], [ 76.0196022, 10.697105, 0.0 ], [ 76.0198809, 10.6973447, 0.0 ], [ 76.020274, 10.6974037, 0.0 ], [ 76.0204598, 10.6974373, 0.0 ], [ 76.0206488, 10.6974715, 0.0 ], [ 76.0212886, 10.6975803, 0.0 ], [ 76.0215171, 10.6975939, 0.0 ], [ 76.0220244, 10.6976212, 0.0 ], [ 76.0226688, 10.6976486, 0.0 ], [ 76.0233499, 10.6976849, 0.0 ], [ 76.0233957, 10.6974002, 0.0 ], [ 76.0236151, 10.6974546, 0.0 ], [ 76.0243691, 10.6976446, 0.0 ], [ 76.0241905, 10.6986165, 0.0 ], [ 76.0246842, 10.6987251, 0.0 ], [ 76.0252554, 10.6988519, 0.0 ], [ 76.0260735, 10.6990194, 0.0 ], [ 76.0266219, 10.6991326, 0.0 ], [ 76.0270927, 10.6992367, 0.0 ], [ 76.0273212, 10.6990334, 0.0 ], [ 76.0274995, 10.6990379, 0.0 ], [ 76.0279611, 10.699228, 0.0 ], [ 76.028811, 10.6995854, 0.0 ], [ 76.0292086, 10.6997482, 0.0 ], [ 76.0298393, 10.6999654, 0.0 ], [ 76.0302872, 10.7001147, 0.0 ], [ 76.0303832, 10.699943, 0.0 ], [ 76.0309865, 10.7001195, 0.0 ], [ 76.0316674, 10.700305, 0.0 ], [ 76.0322935, 10.7004906, 0.0 ], [ 76.0325312, 10.7005584, 0.0 ], [ 76.0331756, 10.7005813, 0.0 ], [ 76.0336281, 10.700604, 0.0 ], [ 76.0340029, 10.7006086, 0.0 ], [ 76.0342726, 10.7006223, 0.0 ], [ 76.0341627, 10.7012506, 0.0 ], [ 76.0340952, 10.7016813, 0.0 ], [ 76.034094, 10.701689, 0.0 ], [ 76.0340305, 10.7020504, 0.0 ], [ 76.0340077, 10.7022493, 0.0 ], [ 76.0343816, 10.7023602, 0.0 ], [ 76.0345106, 10.7023984, 0.0 ], [ 76.0344374, 10.7026651, 0.0 ], [ 76.0343552, 10.7029906, 0.0 ], [ 76.0341221, 10.7034788, 0.0 ], [ 76.0346067, 10.7042608, 0.0 ], [ 76.0350729, 10.7050021, 0.0 ], [ 76.0354524, 10.7055988, 0.0 ], [ 76.0357175, 10.7059875, 0.0 ], [ 76.0359598, 10.7063355, 0.0 ], [ 76.0362432, 10.7067333, 0.0 ], [ 76.0365586, 10.707131, 0.0 ], [ 76.0366356, 10.7071753, 0.0 ], [ 76.0370066, 10.7073886, 0.0 ], [ 76.0370431, 10.7074068, 0.0 ], [ 76.0373585, 10.7074474, 0.0 ], [ 76.0377653, 10.7075151, 0.0 ], [ 76.0381127, 10.7075604, 0.0 ], [ 76.0384418, 10.7075603, 0.0 ], [ 76.0388166, 10.7075739, 0.0 ], [ 76.0390542, 10.7075738, 0.0 ], [ 76.0393559, 10.7075014, 0.0 ], [ 76.0397399, 10.7074019, 0.0 ], [ 76.0398312, 10.7073793, 0.0 ], [ 76.0401101, 10.7070674, 0.0 ], [ 76.0404894, 10.7066289, 0.0 ], [ 76.0407315, 10.7059915, 0.0 ], [ 76.0408961, 10.7055756, 0.0 ], [ 76.0409189, 10.7055214, 0.0 ], [ 76.0412571, 10.7053451, 0.0 ], [ 76.0415496, 10.7053902, 0.0 ], [ 76.0419245, 10.7058105, 0.0 ], [ 76.0420296, 10.7059371, 0.0 ], [ 76.0423633, 10.7064885, 0.0 ], [ 76.0426422, 10.7069496, 0.0 ], [ 76.0430627, 10.7071755, 0.0 ], [ 76.0434832, 10.7071439, 0.0 ], [ 76.043762, 10.7069359, 0.0 ], [ 76.0438259, 10.7063845, 0.0 ], [ 76.0438852, 10.705842, 0.0 ], [ 76.0439812, 10.705512, 0.0 ], [ 76.0440315, 10.7053854, 0.0 ], [ 76.0444108, 10.705182, 0.0 ], [ 76.0449776, 10.7054666, 0.0 ], [ 76.0452016, 10.7057243, 0.0 ], [ 76.0455673, 10.7061447, 0.0 ], [ 76.0458187, 10.7065153, 0.0 ], [ 76.0462484, 10.7066464, 0.0 ], [ 76.046605, 10.7065649, 0.0 ], [ 76.0470071, 10.7064835, 0.0 ], [ 76.0472814, 10.7064699, 0.0 ], [ 76.0474825, 10.7064563, 0.0 ], [ 76.0477567, 10.7065693, 0.0 ], [ 76.0479351, 10.7066371, 0.0 ], [ 76.0482367, 10.7068449, 0.0 ], [ 76.0484516, 10.7067681, 0.0 ], [ 76.0486297, 10.706628, 0.0 ], [ 76.0487211, 10.7062437, 0.0 ], [ 76.0485885, 10.7055792, 0.0 ], [ 76.0485153, 10.7051724, 0.0 ], [ 76.0487575, 10.7045848, 0.0 ], [ 76.0492511, 10.7042456, 0.0 ], [ 76.0497401, 10.704223, 0.0 ], [ 76.0498361, 10.7042229, 0.0 ], [ 76.0504715, 10.704381, 0.0 ], [ 76.0508097, 10.7043765, 0.0 ], [ 76.0511296, 10.7043765, 0.0 ], [ 76.051317, 10.7044126, 0.0 ], [ 76.0515501, 10.7044442, 0.0 ], [ 76.0519159, 10.7047561, 0.0 ], [ 76.0518336, 10.7053528, 0.0 ], [ 76.0517606, 10.7058184, 0.0 ], [ 76.0517149, 10.7061438, 0.0 ], [ 76.0519481, 10.7067088, 0.0 ], [ 76.0519755, 10.7067766, 0.0 ], [ 76.0521767, 10.7070749, 0.0 ], [ 76.0523961, 10.7074004, 0.0 ], [ 76.0524556, 10.7077168, 0.0 ], [ 76.0525151, 10.7080332, 0.0 ], [ 76.0524192, 10.7084311, 0.0 ], [ 76.0523323, 10.7088063, 0.0 ], [ 76.0527072, 10.7094706, 0.0 ], [ 76.0528398, 10.7096922, 0.0 ], [ 76.0526251, 10.7104742, 0.0 ], [ 76.0528263, 10.7108267, 0.0 ], [ 76.0530732, 10.7112516, 0.0 ], [ 76.0536721, 10.7123274, 0.0 ], [ 76.0538824, 10.7126844, 0.0 ], [ 76.0540058, 10.7128426, 0.0 ], [ 76.0542618, 10.7131229, 0.0 ], [ 76.0545041, 10.7135522, 0.0 ], [ 76.0547694, 10.7140495, 0.0 ], [ 76.0552769, 10.7148405, 0.0 ], [ 76.0554414, 10.7151026, 0.0 ], [ 76.0556792, 10.7154778, 0.0 ], [ 76.056374, 10.7164857, 0.0 ], [ 76.0570003, 10.716811, 0.0 ], [ 76.0574163, 10.7170415, 0.0 ], [ 76.05791, 10.717385, 0.0 ], [ 76.0582255, 10.7176019, 0.0 ], [ 76.0584769, 10.7178189, 0.0 ], [ 76.0588015, 10.7180855, 0.0 ], [ 76.0597706, 10.7188899, 0.0 ], [ 76.0601774, 10.7188944, 0.0 ], [ 76.0606071, 10.7192921, 0.0 ], [ 76.0610689, 10.7197441, 0.0 ], [ 76.0611558, 10.7202549, 0.0 ], [ 76.0612108, 10.7206436, 0.0 ], [ 76.0612749, 10.7210957, 0.0 ], [ 76.0613023, 10.7212493, 0.0 ], [ 76.0612887, 10.7218008, 0.0 ], [ 76.0612933, 10.7221625, 0.0 ], [ 76.0612751, 10.7223071, 0.0 ], [ 76.0611014, 10.7224201, 0.0 ], [ 76.0610878, 10.72327, 0.0 ], [ 76.0610878, 10.7236542, 0.0 ], [ 76.0610834, 10.7240926, 0.0 ], [ 76.06064, 10.7243278, 0.0 ], [ 76.0606172, 10.7243413, 0.0 ], [ 76.0602562, 10.7246985, 0.0 ], [ 76.0600139, 10.7249336, 0.0 ], [ 76.059694, 10.7251326, 0.0 ], [ 76.059214, 10.72544, 0.0 ], [ 76.058812, 10.7259825, 0.0 ], [ 76.0587617, 10.726299, 0.0 ], [ 76.059283, 10.7275419, 0.0 ], [ 76.0592967, 10.7275646, 0.0 ], [ 76.0605171, 10.7271258, 0.0 ], [ 76.0612073, 10.7268817, 0.0 ], [ 76.0615547, 10.7267596, 0.0 ], [ 76.0626059, 10.7263887, 0.0 ], [ 76.0625921, 10.7256564, 0.0 ], [ 76.063424, 10.725471, 0.0 ], [ 76.0635703, 10.7260902, 0.0 ], [ 76.0641143, 10.7260042, 0.0 ], [ 76.0641142, 10.7255567, 0.0 ], [ 76.0645347, 10.7255792, 0.0 ], [ 76.0644936, 10.725968, 0.0 ], [ 76.064873, 10.7258866, 0.0 ], [ 76.0649779, 10.7242908, 0.0 ], [ 76.0651241, 10.7240648, 0.0 ], [ 76.0655035, 10.724241, 0.0 ], [ 76.0667695, 10.7234768, 0.0 ], [ 76.0670118, 10.7234542, 0.0 ], [ 76.06714, 10.7244758, 0.0 ], [ 76.0671903, 10.7248555, 0.0 ], [ 76.0674051, 10.7248283, 0.0 ], [ 76.0676977, 10.7247966, 0.0 ], [ 76.0677482, 10.7256555, 0.0 ], [ 76.0670396, 10.7257912, 0.0 ], [ 76.0663632, 10.7259089, 0.0 ], [ 76.0660158, 10.7259722, 0.0 ], [ 76.0659565, 10.7267271, 0.0 ], [ 76.0657783, 10.7272063, 0.0 ], [ 76.0662767, 10.727491, 0.0 ], [ 76.0663362, 10.7281555, 0.0 ], [ 76.0655043, 10.728237, 0.0 ], [ 76.065573, 10.7290009, 0.0 ], [ 76.0655914, 10.7292812, 0.0 ], [ 76.0657513, 10.7293896, 0.0 ], [ 76.0660302, 10.7294348, 0.0 ], [ 76.0663867, 10.7293986, 0.0 ], [ 76.0667707, 10.7294211, 0.0 ], [ 76.0668804, 10.7294302, 0.0 ], [ 76.0671867, 10.7295747, 0.0 ], [ 76.0673969, 10.7295883, 0.0 ], [ 76.0676758, 10.729543, 0.0 ], [ 76.0679318, 10.729561, 0.0 ], [ 76.0681329, 10.7298186, 0.0 ], [ 76.0682747, 10.7301215, 0.0 ], [ 76.0684621, 10.730257, 0.0 ], [ 76.0688095, 10.7302932, 0.0 ], [ 76.0690426, 10.730275, 0.0 ], [ 76.0692392, 10.7300264, 0.0 ], [ 76.0692757, 10.7298545, 0.0 ], [ 76.0693991, 10.7297144, 0.0 ], [ 76.0696047, 10.7295697, 0.0 ], [ 76.0696641, 10.7295426, 0.0 ], [ 76.0698745, 10.72952, 0.0 ], [ 76.0699978, 10.7294928, 0.0 ], [ 76.0702401, 10.7295108, 0.0 ], [ 76.0705372, 10.7295379, 0.0 ], [ 76.0708526, 10.7296011, 0.0 ], [ 76.0711726, 10.7296644, 0.0 ], [ 76.0713326, 10.7296914, 0.0 ], [ 76.0715885, 10.7296281, 0.0 ], [ 76.0718171, 10.7294924, 0.0 ], [ 76.0721325, 10.7296008, 0.0 ], [ 76.0722697, 10.729646, 0.0 ], [ 76.0734399, 10.7297724, 0.0 ], [ 76.0740523, 10.7294738, 0.0 ], [ 76.0744637, 10.7292749, 0.0 ], [ 76.0746511, 10.7291709, 0.0 ], [ 76.0748063, 10.7283753, 0.0 ], [ 76.0752953, 10.7280632, 0.0 ], [ 76.0754095, 10.7278553, 0.0 ], [ 76.0754873, 10.7277332, 0.0 ], [ 76.0758529, 10.7276065, 0.0 ], [ 76.0761957, 10.7275613, 0.0 ], [ 76.07663, 10.7275386, 0.0 ], [ 76.0768677, 10.7276832, 0.0 ], [ 76.0769134, 10.7277691, 0.0 ], [ 76.0770643, 10.7277916, 0.0 ], [ 76.0771648, 10.7277962, 0.0 ], [ 76.0775716, 10.7274208, 0.0 ], [ 76.0776721, 10.7273802, 0.0 ], [ 76.0778549, 10.7273349, 0.0 ], [ 76.0781018, 10.7272942, 0.0 ], [ 76.0782618, 10.7272941, 0.0 ], [ 76.0783943, 10.7273077, 0.0 ], [ 76.0785452, 10.7273347, 0.0 ], [ 76.0787189, 10.7274839, 0.0 ], [ 76.0790069, 10.7275155, 0.0 ], [ 76.0791531, 10.727529, 0.0 ], [ 76.0794091, 10.7274837, 0.0 ], [ 76.0796559, 10.7273797, 0.0 ], [ 76.0800856, 10.7274655, 0.0 ], [ 76.0804605, 10.7275558, 0.0 ], [ 76.0806433, 10.7275784, 0.0 ], [ 76.0811644, 10.7275421, 0.0 ], [ 76.0810088, 10.7266652, 0.0 ], [ 76.0813516, 10.7265792, 0.0 ], [ 76.0817583, 10.7264661, 0.0 ], [ 76.0821012, 10.7263711, 0.0 ], [ 76.0826405, 10.7262173, 0.0 ], [ 76.0827457, 10.7264659, 0.0 ], [ 76.0831708, 10.7263527, 0.0 ], [ 76.083404, 10.726755, 0.0 ], [ 76.0835412, 10.7271573, 0.0 ], [ 76.0837835, 10.7271979, 0.0 ], [ 76.0839206, 10.7272114, 0.0 ], [ 76.0840761, 10.7272928, 0.0 ], [ 76.0842727, 10.7274464, 0.0 ], [ 76.0843595, 10.7275142, 0.0 ], [ 76.0845973, 10.7276181, 0.0 ], [ 76.0847253, 10.7280249, 0.0 ], [ 76.084771, 10.7280385, 0.0 ], [ 76.0848625, 10.7280339, 0.0 ], [ 76.085027, 10.7279751, 0.0 ], [ 76.0853789, 10.7278394, 0.0 ], [ 76.0859777, 10.7276087, 0.0 ], [ 76.0862382, 10.7275182, 0.0 ], [ 76.086645, 10.7273961, 0.0 ], [ 76.0870427, 10.7274096, 0.0 ], [ 76.087541, 10.7274365, 0.0 ], [ 76.0880437, 10.7273189, 0.0 ], [ 76.0883226, 10.7273504, 0.0 ], [ 76.0888071, 10.7273504, 0.0 ], [ 76.0891179, 10.7272327, 0.0 ], [ 76.0896115, 10.7270744, 0.0 ], [ 76.0899771, 10.727011, 0.0 ], [ 76.0903063, 10.7271601, 0.0 ], [ 76.0903612, 10.7271782, 0.0 ], [ 76.090576, 10.7271962, 0.0 ], [ 76.0907955, 10.7272232, 0.0 ], [ 76.09096, 10.727395, 0.0 ], [ 76.0911886, 10.7275667, 0.0 ], [ 76.0912938, 10.7275892, 0.0 ], [ 76.0915635, 10.7276118, 0.0 ], [ 76.0916366, 10.7276118, 0.0 ], [ 76.0919382, 10.7274671, 0.0 ], [ 76.0922262, 10.7274986, 0.0 ], [ 76.0924959, 10.7275211, 0.0 ], [ 76.0927016, 10.7274804, 0.0 ], [ 76.0930444, 10.7274396, 0.0 ], [ 76.0932181, 10.7274215, 0.0 ], [ 76.0934512, 10.7274666, 0.0 ], [ 76.0936524, 10.7274982, 0.0 ], [ 76.0939404, 10.7275795, 0.0 ], [ 76.0941873, 10.7276608, 0.0 ], [ 76.094361, 10.7277286, 0.0 ], [ 76.0946216, 10.7279545, 0.0 ], [ 76.0947359, 10.7280674, 0.0 ], [ 76.0949096, 10.7281352, 0.0 ], [ 76.0952662, 10.728221, 0.0 ], [ 76.0955313, 10.7281758, 0.0 ], [ 76.095938, 10.7280626, 0.0 ], [ 76.0961574, 10.7281213, 0.0 ], [ 76.0964409, 10.7283382, 0.0 ], [ 76.0964135, 10.7281574, 0.0 ], [ 76.0965093, 10.7275697, 0.0 ], [ 76.0970121, 10.7273662, 0.0 ], [ 76.0968836, 10.7261412, 0.0 ], [ 76.0974916, 10.7261004, 0.0 ], [ 76.0987258, 10.7260457, 0.0 ], [ 76.0993702, 10.725589, 0.0 ], [ 76.0996946, 10.7253538, 0.0 ], [ 76.1006498, 10.7247343, 0.0 ], [ 76.1013352, 10.7242821, 0.0 ], [ 76.1018837, 10.7239338, 0.0 ], [ 76.1031541, 10.7231153, 0.0 ], [ 76.104027, 10.7225454, 0.0 ], [ 76.10612, 10.7211886, 0.0 ], [ 76.1064479, 10.7209762, 0.0 ], [ 76.1081857, 10.7198499, 0.0 ], [ 76.109744, 10.7187918, 0.0 ], [ 76.1102238, 10.7184706, 0.0 ], [ 76.1116999, 10.7175073, 0.0 ], [ 76.1121797, 10.7172042, 0.0 ], [ 76.1143047, 10.7158158, 0.0 ], [ 76.1149033, 10.7154359, 0.0 ], [ 76.1156482, 10.7149429, 0.0 ], [ 76.1160503, 10.7146897, 0.0 ], [ 76.1166398, 10.7143007, 0.0 ], [ 76.1175857, 10.7136856, 0.0 ], [ 76.118125, 10.7133328, 0.0 ], [ 76.1185317, 10.7130659, 0.0 ], [ 76.1190069, 10.7127494, 0.0 ], [ 76.1211729, 10.7113383, 0.0 ], [ 76.1224387, 10.7105332, 0.0 ], [ 76.1226307, 10.710402, 0.0 ], [ 76.122864, 10.7110981, 0.0 ], [ 76.1231889, 10.7120472, 0.0 ], [ 76.1232073, 10.712106, 0.0 ], [ 76.1234083, 10.7121828, 0.0 ], [ 76.1241444, 10.7124356, 0.0 ], [ 76.1247797, 10.7126524, 0.0 ], [ 76.1253695, 10.7128555, 0.0 ], [ 76.1257718, 10.712991, 0.0 ], [ 76.1265398, 10.7132574, 0.0 ], [ 76.1269375, 10.7133883, 0.0 ], [ 76.1268967, 10.7142472, 0.0 ], [ 76.1268741, 10.7148845, 0.0 ], [ 76.1276878, 10.7152459, 0.0 ], [ 76.1285382, 10.7156253, 0.0 ], [ 76.1296399, 10.7161085, 0.0 ], [ 76.1301154, 10.7163208, 0.0 ], [ 76.1302664, 10.7166462, 0.0 ], [ 76.1304722, 10.7171253, 0.0 ], [ 76.1306964, 10.717636, 0.0 ], [ 76.1309617, 10.718228, 0.0 ], [ 76.1311356, 10.7186031, 0.0 ], [ 76.131497, 10.7194212, 0.0 ], [ 76.1317349, 10.7199184, 0.0 ], [ 76.1322015, 10.7208855, 0.0 ], [ 76.1323434, 10.7211929, 0.0 ], [ 76.132906, 10.7223588, 0.0 ], [ 76.1333449, 10.722318, 0.0 ], [ 76.134227, 10.7222544, 0.0 ], [ 76.1346793, 10.7215987, 0.0 ], [ 76.1350264, 10.7210787, 0.0 ], [ 76.1354878, 10.7204095, 0.0 ], [ 76.1356522, 10.7201653, 0.0 ], [ 76.1360771, 10.7195549, 0.0 ], [ 76.1371512, 10.7195364, 0.0 ], [ 76.1377775, 10.7195271, 0.0 ], [ 76.1384722, 10.7195178, 0.0 ], [ 76.1392767, 10.7195175, 0.0 ], [ 76.1397155, 10.7194992, 0.0 ], [ 76.1401132, 10.7194991, 0.0 ], [ 76.140136, 10.7194945, 0.0 ], [ 76.1407715, 10.7198332, 0.0 ], [ 76.141352, 10.7198194, 0.0 ], [ 76.1423348, 10.7198099, 0.0 ], [ 76.1430158, 10.7197961, 0.0 ], [ 76.143674, 10.7198184, 0.0 ], [ 76.1442956, 10.7198362, 0.0 ], [ 76.1446705, 10.7198451, 0.0 ], [ 76.1447893, 10.7198405, 0.0 ], [ 76.1457808, 10.71904, 0.0 ], [ 76.1464113, 10.7185199, 0.0 ], [ 76.1473298, 10.7177691, 0.0 ], [ 76.1480151, 10.7172082, 0.0 ], [ 76.149788, 10.715779, 0.0 ], [ 76.1514055, 10.7144584, 0.0 ], [ 76.1519995, 10.7139835, 0.0 ], [ 76.1522324, 10.7135765, 0.0 ], [ 76.1522458, 10.7130657, 0.0 ], [ 76.1522958, 10.71246, 0.0 ], [ 76.1526659, 10.7122474, 0.0 ], [ 76.1532736, 10.7118945, 0.0 ], [ 76.1537763, 10.711623, 0.0 ], [ 76.1542338, 10.7122964, 0.0 ], [ 76.154339, 10.712459, 0.0 ], [ 76.1545266, 10.7130014, 0.0 ], [ 76.1546273, 10.7132726, 0.0 ], [ 76.1544722, 10.7140049, 0.0 ], [ 76.1543719, 10.7144841, 0.0 ], [ 76.1543491, 10.7146198, 0.0 ], [ 76.1543816, 10.7155509, 0.0 ], [ 76.1546011, 10.7158401, 0.0 ], [ 76.1550676, 10.7164184, 0.0 ], [ 76.1551865, 10.716563, 0.0 ], [ 76.1557123, 10.7170013, 0.0 ], [ 76.1561194, 10.7173492, 0.0 ], [ 76.1565538, 10.7177196, 0.0 ], [ 76.1569333, 10.7180269, 0.0 ], [ 76.1570064, 10.7179906, 0.0 ], [ 76.156814, 10.7170821, 0.0 ], [ 76.1566628, 10.7163183, 0.0 ], [ 76.1565757, 10.7158888, 0.0 ], [ 76.1565711, 10.7158527, 0.0 ], [ 76.1574441, 10.7157936, 0.0 ], [ 76.1577774, 10.7148848, 0.0 ], [ 76.1579691, 10.7143649, 0.0 ], [ 76.1583479, 10.7133115, 0.0 ], [ 76.1585031, 10.7129091, 0.0 ], [ 76.1590189, 10.7114714, 0.0 ], [ 76.1591741, 10.7111051, 0.0 ], [ 76.1594435, 10.7105309, 0.0 ], [ 76.1596307, 10.7100968, 0.0 ], [ 76.1600644, 10.70917, 0.0 ], [ 76.1602334, 10.7087993, 0.0 ], [ 76.1609138, 10.7075016, 0.0 ], [ 76.1612517, 10.7069002, 0.0 ], [ 76.161919, 10.7068999, 0.0 ], [ 76.1625543, 10.706895, 0.0 ], [ 76.1627322, 10.7060361, 0.0 ], [ 76.1641538, 10.7062613, 0.0 ], [ 76.1643185, 10.7065642, 0.0 ], [ 76.1640265, 10.7075226, 0.0 ], [ 76.1639169, 10.7078933, 0.0 ], [ 76.1641321, 10.7085261, 0.0 ], [ 76.1642556, 10.708838, 0.0 ], [ 76.1646446, 10.7097644, 0.0 ], [ 76.1648002, 10.710135, 0.0 ], [ 76.1653082, 10.7113643, 0.0 ], [ 76.1657974, 10.7115448, 0.0 ], [ 76.1664283, 10.7117615, 0.0 ], [ 76.1670637, 10.7119826, 0.0 ], [ 76.1672557, 10.7120504, 0.0 ], [ 76.1676672, 10.7121993, 0.0 ], [ 76.1681197, 10.7123528, 0.0 ], [ 76.1690752, 10.7126913, 0.0 ], [ 76.1696376, 10.7128944, 0.0 ], [ 76.1700262, 10.7130344, 0.0 ], [ 76.1708307, 10.7133052, 0.0 ], [ 76.1712102, 10.7133818, 0.0 ], [ 76.1717587, 10.7134855, 0.0 ], [ 76.1719009, 10.7144392, 0.0 ], [ 76.1720156, 10.7152573, 0.0 ], [ 76.1720799, 10.7157861, 0.0 ], [ 76.1722635, 10.7171693, 0.0 ], [ 76.1723369, 10.71768, 0.0 ], [ 76.1723507, 10.7178338, 0.0 ], [ 76.1723417, 10.7180824, 0.0 ], [ 76.1725384, 10.7183308, 0.0 ], [ 76.1726939, 10.7185432, 0.0 ], [ 76.1727991, 10.7186788, 0.0 ], [ 76.1731101, 10.7189543, 0.0 ], [ 76.1739878, 10.7192567, 0.0 ], [ 76.1741756, 10.7197856, 0.0 ], [ 76.1743633, 10.7203324, 0.0 ], [ 76.1745052, 10.7207572, 0.0 ], [ 76.1746013, 10.721051, 0.0 ], [ 76.1746975, 10.7213493, 0.0 ], [ 76.1747573, 10.722068, 0.0 ], [ 76.1747941, 10.7225109, 0.0 ], [ 76.1748356, 10.7231121, 0.0 ], [ 76.1754162, 10.7233243, 0.0 ], [ 76.1759649, 10.7235319, 0.0 ], [ 76.1763808, 10.7236808, 0.0 ], [ 76.176518, 10.7237531, 0.0 ], [ 76.1769433, 10.7240241, 0.0 ], [ 76.1773963, 10.7250319, 0.0 ], [ 76.177552, 10.7253709, 0.0 ], [ 76.1777671, 10.7258498, 0.0 ], [ 76.1779136, 10.7263109, 0.0 ], [ 76.178083, 10.7268126, 0.0 ], [ 76.1782295, 10.727278, 0.0 ], [ 76.1783257, 10.7275492, 0.0 ], [ 76.1784538, 10.7278746, 0.0 ], [ 76.1786552, 10.7283853, 0.0 ], [ 76.1790807, 10.7289456, 0.0 ], [ 76.1797116, 10.7292391, 0.0 ], [ 76.1799356, 10.7293067, 0.0 ], [ 76.1804111, 10.7294194, 0.0 ], [ 76.1809049, 10.7295367, 0.0 ], [ 76.1813117, 10.7296223, 0.0 ], [ 76.1811661, 10.7307073, 0.0 ], [ 76.1811024, 10.7311142, 0.0 ], [ 76.1810158, 10.7317335, 0.0 ], [ 76.181441, 10.7318101, 0.0 ], [ 76.1813271, 10.7324657, 0.0 ], [ 76.1812359, 10.7329358, 0.0 ], [ 76.1807285, 10.7329361, 0.0 ], [ 76.1808432, 10.733596, 0.0 ], [ 76.1809028, 10.7339034, 0.0 ], [ 76.1809578, 10.7342288, 0.0 ], [ 76.1824023, 10.734255, 0.0 ], [ 76.1824943, 10.7351681, 0.0 ], [ 76.1825494, 10.7357648, 0.0 ], [ 76.1833818, 10.7364152, 0.0 ], [ 76.1838757, 10.7367947, 0.0 ], [ 76.1843741, 10.7370972, 0.0 ], [ 76.1847399, 10.7373276, 0.0 ], [ 76.1852246, 10.7376212, 0.0 ], [ 76.1860798, 10.738145, 0.0 ], [ 76.1862445, 10.7383574, 0.0 ], [ 76.1865784, 10.7388092, 0.0 ], [ 76.1868623, 10.7395865, 0.0 ], [ 76.1870271, 10.7400294, 0.0 ], [ 76.1872057, 10.7405039, 0.0 ], [ 76.1874437, 10.7411186, 0.0 ], [ 76.1875124, 10.7412994, 0.0 ], [ 76.1877686, 10.741602, 0.0 ], [ 76.1880337, 10.7416562, 0.0 ], [ 76.1885732, 10.7417462, 0.0 ], [ 76.1888704, 10.7417957, 0.0 ], [ 76.1893048, 10.7420171, 0.0 ], [ 76.1895334, 10.7422429, 0.0 ], [ 76.1896158, 10.7423242, 0.0 ], [ 76.1900055, 10.7430469, 0.0 ], [ 76.1902432, 10.7434943, 0.0 ], [ 76.1903302, 10.7436525, 0.0 ], [ 76.1904171, 10.743865, 0.0 ], [ 76.1905223, 10.7442492, 0.0 ], [ 76.1905451, 10.744412, 0.0 ], [ 76.1907555, 10.7446108, 0.0 ], [ 76.1908973, 10.7448051, 0.0 ], [ 76.1908287, 10.74509, 0.0 ], [ 76.1907973, 10.7452075, 0.0 ], [ 76.1907647, 10.7453296, 0.0 ], [ 76.1907099, 10.7455872, 0.0 ], [ 76.1906734, 10.7459534, 0.0 ], [ 76.1907741, 10.7462562, 0.0 ], [ 76.1906827, 10.74655, 0.0 ], [ 76.1906507, 10.746654, 0.0 ], [ 76.1906508, 10.7470247, 0.0 ], [ 76.1906417, 10.7472778, 0.0 ], [ 76.1905824, 10.7475671, 0.0 ], [ 76.1907287, 10.7478654, 0.0 ], [ 76.19109, 10.7486429, 0.0 ], [ 76.1912592, 10.7490271, 0.0 ], [ 76.1914192, 10.7493344, 0.0 ], [ 76.1917765, 10.7500024, 0.0 ], [ 76.1918125, 10.7500802, 0.0 ], [ 76.1923703, 10.7506948, 0.0 ], [ 76.1929256, 10.7512959, 0.0 ], [ 76.193091, 10.7513895, 0.0 ], [ 76.1931001, 10.751408, 0.0 ], [ 76.1942569, 10.7519272, 0.0 ], [ 76.195422, 10.7509636, 0.0 ], [ 76.1965422, 10.7514691, 0.0 ], [ 76.1984721, 10.7525981, 0.0 ], [ 76.1999992, 10.7529949, 0.0 ], [ 76.2008128, 10.7527458, 0.0 ], [ 76.2020924, 10.75218, 0.0 ], [ 76.2026409, 10.7520169, 0.0 ], [ 76.2028723, 10.756519, 0.0 ], [ 76.2029048, 10.7572739, 0.0 ], [ 76.2032622, 10.7585664, 0.0 ], [ 76.2036791, 10.7599358, 0.0 ], [ 76.2037116, 10.7606093, 0.0 ], [ 76.2034429, 10.7623905, 0.0 ], [ 76.2035667, 10.7629419, 0.0 ], [ 76.2039282, 10.7635203, 0.0 ], [ 76.2041068, 10.7638004, 0.0 ], [ 76.2054629, 10.768347, 0.0 ], [ 76.2054493, 10.7685504, 0.0 ], [ 76.2040647, 10.7694961, 0.0 ], [ 76.2028171, 10.7701477, 0.0 ], [ 76.201702, 10.7708807, 0.0 ], [ 76.2002902, 10.7720976, 0.0 ], [ 76.1990155, 10.7733731, 0.0 ], [ 76.198312, 10.7741781, 0.0 ], [ 76.197558, 10.7747617, 0.0 ], [ 76.1967125, 10.7751193, 0.0 ], [ 76.1957891, 10.7753323, 0.0 ], [ 76.1950304, 10.7756356, 0.0 ], [ 76.1945689, 10.7760383, 0.0 ], [ 76.1945418, 10.7767117, 0.0 ], [ 76.1946017, 10.7773039, 0.0 ], [ 76.194355, 10.7777154, 0.0 ], [ 76.1933267, 10.7781455, 0.0 ], [ 76.1930798, 10.7781501, 0.0 ], [ 76.1930249, 10.7781773, 0.0 ], [ 76.192965, 10.7772325, 0.0 ], [ 76.1928003, 10.7771287, 0.0 ], [ 76.192558, 10.7771288, 0.0 ], [ 76.1922013, 10.7769121, 0.0 ], [ 76.1917348, 10.7768355, 0.0 ], [ 76.1913554, 10.7768899, 0.0 ], [ 76.1908989, 10.7778621, 0.0 ], [ 76.1907893, 10.7780746, 0.0 ], [ 76.1905699, 10.7780522, 0.0 ], [ 76.1903049, 10.7784049, 0.0 ], [ 76.1901678, 10.7784547, 0.0 ], [ 76.1899757, 10.7783735, 0.0 ], [ 76.1898934, 10.7784548, 0.0 ], [ 76.1896514, 10.7789387, 0.0 ], [ 76.1895417, 10.7789433, 0.0 ], [ 76.188943, 10.7791335, 0.0 ], [ 76.1882941, 10.7797305, 0.0 ], [ 76.1881708, 10.7798798, 0.0 ], [ 76.1877372, 10.7811728, 0.0 ], [ 76.1878799, 10.7826825, 0.0 ], [ 76.1894343, 10.78265, 0.0 ], [ 76.1917751, 10.7829108, 0.0 ], [ 76.1941754, 10.7829274, 0.0 ], [ 76.1965936, 10.7824061, 0.0 ], [ 76.1983349, 10.7815372, 0.0 ], [ 76.1991803, 10.7809942, 0.0 ], [ 76.200236, 10.7803155, 0.0 ], [ 76.2023658, 10.7792473, 0.0 ], [ 76.2034763, 10.7786998, 0.0 ], [ 76.2047288, 10.7782649, 0.0 ], [ 76.2069917, 10.7780917, 0.0 ], [ 76.2085686, 10.7777382, 0.0 ], [ 76.2100133, 10.7777056, 0.0 ], [ 76.2115086, 10.7781024, 0.0 ], [ 76.2137586, 10.7791315, 0.0 ], [ 76.2154506, 10.7798808, 0.0 ], [ 76.2172527, 10.7810322, 0.0 ], [ 76.2185654, 10.7818857, 0.0 ], [ 76.2192468, 10.7821835, 0.0 ], [ 76.2206091, 10.7819339, 0.0 ], [ 76.2220166, 10.7810923, 0.0 ], [ 76.2233006, 10.7801511, 0.0 ], [ 76.2238215, 10.7797756, 0.0 ], [ 76.224228, 10.7791605, 0.0 ], [ 76.2250136, 10.7781564, 0.0 ], [ 76.2255798, 10.7772429, 0.0 ], [ 76.226233, 10.7764289, 0.0 ], [ 76.2273706, 10.7753975, 0.0 ], [ 76.2278322, 10.7750491, 0.0 ], [ 76.2284901, 10.7744926, 0.0 ], [ 76.2286863, 10.7740358, 0.0 ], [ 76.2291704, 10.773249, 0.0 ], [ 76.2294992, 10.7728691, 0.0 ], [ 76.2305321, 10.7724615, 0.0 ], [ 76.2317573, 10.7724561, 0.0 ], [ 76.2345099, 10.7730915, 0.0 ], [ 76.2360098, 10.7736012, 0.0 ], [ 76.2379985, 10.7736178, 0.0 ], [ 76.2399599, 10.7736932, 0.0 ], [ 76.2417153, 10.773615, 0.0 ], [ 76.2428031, 10.773239, 0.0 ], [ 76.243534, 10.772479, 0.0 ], [ 76.2443423, 10.7713167, 0.0 ], [ 76.2452369, 10.7695305, 0.0 ], [ 76.2455833, 10.7682103, 0.0 ], [ 76.2458799, 10.7674823, 0.0 ], [ 76.246633, 10.7659764, 0.0 ], [ 76.2465453, 10.7649007, 0.0 ], [ 76.246787, 10.7641727, 0.0 ], [ 76.2469237, 10.7635262, 0.0 ], [ 76.2469861, 10.7631489, 0.0 ], [ 76.2471375, 10.7622332, 0.0 ], [ 76.2472694, 10.7614195, 0.0 ], [ 76.2472554, 10.7610037, 0.0 ], [ 76.2472227, 10.7601674, 0.0 ], [ 76.2470028, 10.7594172, 0.0 ], [ 76.2465907, 10.7586311, 0.0 ], [ 76.2457667, 10.7571807, 0.0 ], [ 76.2453822, 10.7565616, 0.0 ], [ 76.2451298, 10.755242, 0.0 ], [ 76.2449187, 10.754338, 0.0 ], [ 76.2448034, 10.7530453, 0.0 ], [ 76.2448433, 10.7513999, 0.0 ], [ 76.2451733, 10.7500006, 0.0 ], [ 76.2451759, 10.7499893, 0.0 ], [ 76.2457832, 10.7490803, 0.0 ], [ 76.2463725, 10.7486323, 0.0 ], [ 76.2473504, 10.7480529, 0.0 ], [ 76.248438, 10.7476136, 0.0 ], [ 76.2491417, 10.7473374, 0.0 ], [ 76.2499999, 10.7472276, 0.0 ], [ 76.2521492, 10.7467881, 0.0 ], [ 76.2530406, 10.746697, 0.0 ], [ 76.2534609, 10.7468913, 0.0 ], [ 76.2544261, 10.7473377, 0.0 ], [ 76.2562324, 10.7481229, 0.0 ], [ 76.257929, 10.7488176, 0.0 ], [ 76.2590311, 10.7493185, 0.0 ], [ 76.2606573, 10.7500019, 0.0 ], [ 76.2631753, 10.7514057, 0.0 ], [ 76.2641076, 10.7522514, 0.0 ], [ 76.2654101, 10.7529842, 0.0 ], [ 76.268171, 10.7535412, 0.0 ], [ 76.2698441, 10.7536955, 0.0 ], [ 76.2721116, 10.7533889, 0.0 ], [ 76.2736615, 10.7529962, 0.0 ], [ 76.2752616, 10.7526894, 0.0 ], [ 76.2772318, 10.7527036, 0.0 ], [ 76.2797371, 10.7523745, 0.0 ], [ 76.2811131, 10.7522258, 0.0 ], [ 76.2824113, 10.7524522, 0.0 ], [ 76.2833163, 10.7529316, 0.0 ], [ 76.2849935, 10.754442, 0.0 ], [ 76.2864378, 10.7550753, 0.0 ], [ 76.2878503, 10.7553695, 0.0 ], [ 76.2893818, 10.7553609, 0.0 ], [ 76.2911921, 10.7550812, 0.0 ], [ 76.2920869, 10.7547616, 0.0 ], [ 76.2936701, 10.7541959, 0.0 ], [ 76.2957046, 10.7533151, 0.0 ], [ 76.297259, 10.7529222, 0.0 ], [ 76.2987631, 10.7526605, 0.0 ], [ 76.2998374, 10.7525568, 0.0 ], [ 76.299838, 10.7525567, 0.0 ], [ 76.3017254, 10.7523719, 0.0 ], [ 76.3038146, 10.7518843, 0.0 ], [ 76.3057928, 10.7513702, 0.0 ], [ 76.3075254, 10.7509412, 0.0 ], [ 76.3102696, 10.7500173, 0.0 ], [ 76.3107197, 10.7498464, 0.0 ], [ 76.3133653, 10.7486415, 0.0 ], [ 76.3152158, 10.7478124, 0.0 ], [ 76.3171946, 10.7471911, 0.0 ], [ 76.3190453, 10.74657, 0.0 ], [ 76.3216914, 10.7459888, 0.0 ], [ 76.3235837, 10.7457111, 0.0 ], [ 76.325092, 10.7454746, 0.0 ], [ 76.3260198, 10.7453063, 0.0 ], [ 76.3266916, 10.7452333, 0.0 ], [ 76.3279671, 10.7452456, 0.0 ], [ 76.3293249, 10.7454114, 0.0 ], [ 76.3301253, 10.7458039, 0.0 ], [ 76.3310172, 10.7462821, 0.0 ], [ 76.3327328, 10.7475143, 0.0 ], [ 76.3337392, 10.7481913, 0.0 ], [ 76.3346631, 10.7486785, 0.0 ], [ 76.3355, 10.7489262, 0.0 ], [ 76.3368442, 10.7491508, 0.0 ], [ 76.3384443, 10.7493028, 0.0 ], [ 76.3398977, 10.7490934, 0.0 ], [ 76.3420227, 10.7484944, 0.0 ], [ 76.3430737, 10.7480547, 0.0 ], [ 76.3438915, 10.7477103, 0.0 ], [ 76.3445398, 10.7469548, 0.0 ], [ 76.3452981, 10.7464477, 0.0 ], [ 76.3481856, 10.7450207, 0.0 ], [ 76.350269, 10.7440239, 0.0 ], [ 76.3518453, 10.7433532, 0.0 ], [ 76.3528827, 10.7431531, 0.0 ], [ 76.3540071, 10.743075, 0.0 ], [ 76.3557904, 10.7434528, 0.0 ], [ 76.3565544, 10.7439581, 0.0 ], [ 76.3569195, 10.7443589, 0.0 ], [ 76.3572867, 10.7447619, 0.0 ], [ 76.3579964, 10.7458188, 0.0 ], [ 76.3585647, 10.7470026, 0.0 ], [ 76.3589911, 10.7482044, 0.0 ], [ 76.3594697, 10.7500247, 0.0 ], [ 76.3596024, 10.750529, 0.0 ], [ 76.3597637, 10.7513917, 0.0 ], [ 76.360664, 10.7548046, 0.0 ], [ 76.3616741, 10.7581045, 0.0 ], [ 76.3632191, 10.7605727, 0.0 ], [ 76.3640556, 10.7619695, 0.0 ], [ 76.3648967, 10.76305, 0.0 ], [ 76.3668029, 10.7641892, 0.0 ], [ 76.3674338, 10.7644604, 0.0 ], [ 76.3691527, 10.7651612, 0.0 ], [ 76.3703596, 10.7654324, 0.0 ], [ 76.3706659, 10.7655364, 0.0 ], [ 76.3714979, 10.7658167, 0.0 ], [ 76.3733311, 10.7663366, 0.0 ], [ 76.3741082, 10.7666214, 0.0 ], [ 76.3761473, 10.7668804, 0.0 ], [ 76.3779947, 10.7673483, 0.0 ], [ 76.3792294, 10.7675774, 0.0 ], [ 76.3808752, 10.7676206, 0.0 ], [ 76.3829874, 10.7677356, 0.0 ], [ 76.3843132, 10.7676933, 0.0 ], [ 76.3850628, 10.7676201, 0.0 ], [ 76.3861001, 10.7672075, 0.0 ], [ 76.3871506, 10.7664422, 0.0 ], [ 76.3883604, 10.7650938, 0.0 ], [ 76.3892269, 10.7634608, 0.0 ], [ 76.3901153, 10.7610822, 0.0 ], [ 76.3908666, 10.7586583, 0.0 ], [ 76.3918225, 10.7554026, 0.0 ], [ 76.3921047, 10.7544304, 0.0 ], [ 76.3925871, 10.7527302, 0.0 ], [ 76.3928286, 10.7520383, 0.0 ], [ 76.3930562, 10.7513329, 0.0 ], [ 76.3933119, 10.7505384, 0.0 ], [ 76.3935949, 10.7493183, 0.0 ], [ 76.3938188, 10.7486266, 0.0 ], [ 76.3940273, 10.7482369, 0.0 ], [ 76.3940307, 10.7482306, 0.0 ], [ 76.3942348, 10.7478491, 0.0 ], [ 76.3945822, 10.7474468, 0.0 ], [ 76.3951262, 10.7469947, 0.0 ], [ 76.3956656, 10.7467506, 0.0 ], [ 76.3970415, 10.7463437, 0.0 ], [ 76.3982346, 10.7462352, 0.0 ], [ 76.4009957, 10.7462576, 0.0 ], [ 76.4027465, 10.7464157, 0.0 ], [ 76.4033042, 10.7464926, 0.0 ], [ 76.4040128, 10.7467592, 0.0 ], [ 76.4058002, 10.7477626, 0.0 ], [ 76.4081088, 10.7488247, 0.0 ], [ 76.4089088, 10.7491817, 0.0 ], [ 76.4099557, 10.7494031, 0.0 ], [ 76.4122048, 10.7495385, 0.0 ], [ 76.4134939, 10.7497373, 0.0 ], [ 76.414207, 10.7497463, 0.0 ], [ 76.4156927, 10.7495111, 0.0 ], [ 76.4170184, 10.7493798, 0.0 ], [ 76.4187875, 10.7492711, 0.0 ], [ 76.4205337, 10.7492393, 0.0 ], [ 76.422056, 10.7493792, 0.0 ], [ 76.4237611, 10.7496186, 0.0 ], [ 76.4252332, 10.7500252, 0.0 ], [ 76.4261611, 10.7501155, 0.0 ], [ 76.4278069, 10.750269, 0.0 ], [ 76.4297954, 10.7505806, 0.0 ], [ 76.4315783, 10.7509374, 0.0 ], [ 76.4328812, 10.7511722, 0.0 ], [ 76.4341064, 10.7512941, 0.0 ], [ 76.4350755, 10.751321, 0.0 ], [ 76.43604, 10.7512621, 0.0 ], [ 76.4370046, 10.7511535, 0.0 ], [ 76.4388284, 10.7504706, 0.0 ], [ 76.4400535, 10.7499867, 0.0 ], [ 76.4415574, 10.7496926, 0.0 ], [ 76.4431207, 10.7495793, 0.0 ], [ 76.4446842, 10.7497914, 0.0 ], [ 76.4472808, 10.7503876, 0.0 ], [ 76.4490409, 10.750794, 0.0 ], [ 76.4501289, 10.7509746, 0.0 ], [ 76.4519164, 10.7511415, 0.0 ], [ 76.4533335, 10.7512813, 0.0 ], [ 76.4538958, 10.751358, 0.0 ], [ 76.4558844, 10.7516061, 0.0 ], [ 76.457265, 10.7517595, 0.0 ], [ 76.4595187, 10.7518674, 0.0 ], [ 76.4607027, 10.7518626, 0.0 ], [ 76.4612696, 10.7518806, 0.0 ], [ 76.4631302, 10.7520835, 0.0 ], [ 76.4645199, 10.7523001, 0.0 ], [ 76.4656217, 10.7525394, 0.0 ], [ 76.4666777, 10.7527335, 0.0 ], [ 76.4673086, 10.7528373, 0.0 ], [ 76.4677063, 10.7528553, 0.0 ], [ 76.4681771, 10.7527602, 0.0 ], [ 76.4690045, 10.752421, 0.0 ], [ 76.469722, 10.7518919, 0.0 ], [ 76.4704167, 10.7513583, 0.0 ], [ 76.4708235, 10.7509785, 0.0 ], [ 76.4722951, 10.7497756, 0.0 ], [ 76.4729897, 10.7491335, 0.0 ], [ 76.4731588, 10.7489301, 0.0 ], [ 76.4729208, 10.7479085, 0.0 ], [ 76.4725639, 10.7466203, 0.0 ], [ 76.4710774, 10.7439809, 0.0 ], [ 76.4706246, 10.743208, 0.0 ], [ 76.4702406, 10.742964, 0.0 ], [ 76.4681696, 10.7423137, 0.0 ], [ 76.4679225, 10.741473, 0.0 ], [ 76.4679214, 10.7414691, 0.0 ], [ 76.4676755, 10.7406323, 0.0 ], [ 76.4677577, 10.7402842, 0.0 ], [ 76.4689508, 10.7405867, 0.0 ], [ 76.4693074, 10.7405866, 0.0 ], [ 76.4703907, 10.7404236, 0.0 ], [ 76.4709027, 10.7403692, 0.0 ], [ 76.4712226, 10.740247, 0.0 ], [ 76.4730096, 10.7392385, 0.0 ], [ 76.4745362, 10.7383701, 0.0 ], [ 76.4766339, 10.7368868, 0.0 ], [ 76.4767662, 10.7362268, 0.0 ], [ 76.4784024, 10.7354082, 0.0 ], [ 76.4794856, 10.7348428, 0.0 ], [ 76.4796227, 10.7346484, 0.0 ], [ 76.479682, 10.734246, 0.0 ], [ 76.4793706, 10.7325148, 0.0 ], [ 76.4792746, 10.7324426, 0.0 ], [ 76.4790643, 10.7324019, 0.0 ], [ 76.4783233, 10.7309421, 0.0 ], [ 76.4781449, 10.7304178, 0.0 ], [ 76.4767551, 10.7298441, 0.0 ], [ 76.4764352, 10.7301968, 0.0 ], [ 76.475402, 10.7294874, 0.0 ], [ 76.4758177, 10.7288273, 0.0 ], [ 76.4747342, 10.7282265, 0.0 ], [ 76.4745742, 10.7281316, 0.0 ], [ 76.4743959, 10.7278649, 0.0 ], [ 76.4733536, 10.7276618, 0.0 ], [ 76.4733398, 10.7274674, 0.0 ], [ 76.4721923, 10.7266993, 0.0 ], [ 76.4714656, 10.7268894, 0.0 ], [ 76.4701168, 10.7259269, 0.0 ], [ 76.4688871, 10.7253351, 0.0 ], [ 76.4679407, 10.7247749, 0.0 ], [ 76.4676938, 10.724454, 0.0 ], [ 76.4669894, 10.7226732, 0.0 ], [ 76.4668019, 10.7224517, 0.0 ], [ 76.4657641, 10.7217965, 0.0 ], [ 76.4655538, 10.7217152, 0.0 ], [ 76.4644797, 10.7216477, 0.0 ], [ 76.4639859, 10.7210783, 0.0 ], [ 76.4636932, 10.7205585, 0.0 ], [ 76.4636794, 10.7201879, 0.0 ], [ 76.4639672, 10.7197493, 0.0 ], [ 76.4642916, 10.7193243, 0.0 ], [ 76.4655072, 10.7182481, 0.0 ], [ 76.4651139, 10.7175566, 0.0 ], [ 76.4642451, 10.7163364, 0.0 ], [ 76.4640942, 10.7161194, 0.0 ], [ 76.4632394, 10.7159388, 0.0 ], [ 76.4628821, 10.7128561, 0.0 ], [ 76.4626167, 10.7116085, 0.0 ], [ 76.4622187, 10.7102796, 0.0 ], [ 76.4617158, 10.709778, 0.0 ], [ 76.4617108, 10.7084264, 0.0 ], [ 76.4616513, 10.7081869, 0.0 ], [ 76.4611901, 10.7074363, 0.0 ], [ 76.4611875, 10.7074322, 0.0 ], [ 76.4597126, 10.7050322, 0.0 ], [ 76.4585786, 10.7032514, 0.0 ], [ 76.4572207, 10.7016515, 0.0 ], [ 76.4568184, 10.7013081, 0.0 ], [ 76.4566219, 10.7011861, 0.0 ], [ 76.4569049, 10.6996898, 0.0 ], [ 76.4563289, 10.6994549, 0.0 ], [ 76.4563152, 10.6994639, 0.0 ], [ 76.4562055, 10.6995408, 0.0 ], [ 76.4555841, 10.7001015, 0.0 ], [ 76.455511, 10.7002958, 0.0 ], [ 76.4554471, 10.7005219, 0.0 ], [ 76.4552826, 10.7007163, 0.0 ], [ 76.4549078, 10.7008836, 0.0 ], [ 76.4547981, 10.7008972, 0.0 ], [ 76.4547341, 10.7009696, 0.0 ], [ 76.4545834, 10.7012634, 0.0 ], [ 76.4544737, 10.7013855, 0.0 ], [ 76.4543229, 10.7013946, 0.0 ], [ 76.4540806, 10.7012997, 0.0 ], [ 76.4540211, 10.7010104, 0.0 ], [ 76.4539342, 10.7007799, 0.0 ], [ 76.4535822, 10.7002827, 0.0 ], [ 76.4535182, 10.7002375, 0.0 ], [ 76.4530018, 10.7003959, 0.0 ], [ 76.4529789, 10.7004953, 0.0 ], [ 76.452947, 10.7007304, 0.0 ], [ 76.4521472, 10.7009069, 0.0 ], [ 76.4520603, 10.7009656, 0.0 ], [ 76.4519827, 10.7012007, 0.0 ], [ 76.4519644, 10.7013318, 0.0 ], [ 76.4517908, 10.7014177, 0.0 ], [ 76.4516948, 10.7015262, 0.0 ], [ 76.4518228, 10.7016799, 0.0 ], [ 76.4517086, 10.7020144, 0.0 ], [ 76.4516218, 10.7020687, 0.0 ], [ 76.4514893, 10.7020461, 0.0 ], [ 76.4512835, 10.7016213, 0.0 ], [ 76.4512058, 10.7015038, 0.0 ], [ 76.4511052, 10.7014947, 0.0 ], [ 76.4508995, 10.7015535, 0.0 ], [ 76.4508218, 10.70154, 0.0 ], [ 76.4507624, 10.7012507, 0.0 ], [ 76.4506984, 10.7012055, 0.0 ], [ 76.4504927, 10.7013683, 0.0 ], [ 76.4503967, 10.7013683, 0.0 ], [ 76.4502276, 10.7012147, 0.0 ], [ 76.4500813, 10.7009887, 0.0 ], [ 76.4499716, 10.7009932, 0.0 ], [ 76.4497568, 10.701156, 0.0 ], [ 76.4495786, 10.7012103, 0.0 ], [ 76.4488792, 10.700998, 0.0 ], [ 76.4486369, 10.7008669, 0.0 ], [ 76.4483215, 10.7006274, 0.0 ], [ 76.4481204, 10.700519, 0.0 ], [ 76.4479376, 10.7004919, 0.0 ], [ 76.4478598, 10.7004151, 0.0 ], [ 76.4477913, 10.7003066, 0.0 ], [ 76.4477775, 10.7001122, 0.0 ], [ 76.4476815, 10.7000038, 0.0 ], [ 76.4471879, 10.6999406, 0.0 ], [ 76.4470096, 10.6998638, 0.0 ], [ 76.4467902, 10.6998367, 0.0 ], [ 76.4465297, 10.6997915, 0.0 ], [ 76.4463422, 10.6996831, 0.0 ], [ 76.446228, 10.699552, 0.0 ], [ 76.4446922, 10.6991636, 0.0 ], [ 76.4426488, 10.697618, 0.0 ], [ 76.441794, 10.6971978, 0.0 ], [ 76.4401348, 10.6965336, 0.0 ], [ 76.4413685, 10.6949919, 0.0 ], [ 76.4427188, 10.6936319, 0.0 ], [ 76.4427205, 10.6936303, 0.0 ], [ 76.4428948, 10.6934547, 0.0 ], [ 76.4440372, 10.6924013, 0.0 ], [ 76.4447318, 10.691705, 0.0 ], [ 76.445641, 10.6902719, 0.0 ], [ 76.4470619, 10.6877537, 0.0 ], [ 76.4477517, 10.6864698, 0.0 ], [ 76.4485556, 10.6840739, 0.0 ], [ 76.4491126, 10.6811491, 0.0 ], [ 76.4495281, 10.6796256, 0.0 ], [ 76.45062, 10.6778534, 0.0 ], [ 76.4512549, 10.6762757, 0.0 ], [ 76.4513965, 10.6756021, 0.0 ], [ 76.4513415, 10.6749828, 0.0 ], [ 76.4512865, 10.6743636, 0.0 ], [ 76.4506599, 10.6721578, 0.0 ], [ 76.4504221, 10.6712673, 0.0 ], [ 76.4503486, 10.6696942, 0.0 ], [ 76.4505128, 10.6682839, 0.0 ], [ 76.450933, 10.6669593, 0.0 ], [ 76.4510151, 10.6664349, 0.0 ], [ 76.4510378, 10.6658247, 0.0 ], [ 76.4506721, 10.6651286, 0.0 ], [ 76.4497944, 10.664166, 0.0 ], [ 76.4491544, 10.6632711, 0.0 ], [ 76.4488069, 10.6624801, 0.0 ], [ 76.4487198, 10.661133, 0.0 ], [ 76.4483583, 10.661063, 0.0 ], [ 76.448358, 10.6610629, 0.0 ], [ 76.4479977, 10.6609931, 0.0 ], [ 76.4470609, 10.6611424, 0.0 ], [ 76.4468278, 10.6614363, 0.0 ], [ 76.4463665, 10.6624263, 0.0 ], [ 76.4458593, 10.6630412, 0.0 ], [ 76.4454892, 10.6631453, 0.0 ], [ 76.4451511, 10.6634798, 0.0 ], [ 76.4445981, 10.6637376, 0.0 ], [ 76.442729, 10.6637063, 0.0 ], [ 76.4420069, 10.6635799, 0.0 ], [ 76.4415407, 10.6632274, 0.0 ], [ 76.4411109, 10.662346, 0.0 ], [ 76.4408686, 10.661677, 0.0 ], [ 76.4406811, 10.6609809, 0.0 ], [ 76.4401005, 10.6601222, 0.0 ], [ 76.4394789, 10.6593674, 0.0 ], [ 76.4378426, 10.6579438, 0.0 ], [ 76.4373261, 10.6575099, 0.0 ], [ 76.4367044, 10.6567732, 0.0 ], [ 76.4357766, 10.6558331, 0.0 ], [ 76.4356895, 10.6543821, 0.0 ], [ 76.4355292, 10.6521988, 0.0 ], [ 76.4356524, 10.6515026, 0.0 ], [ 76.4356521, 10.6515023, 0.0 ], [ 76.4355567, 10.6514031, 0.0 ], [ 76.4355556, 10.6514019, 0.0 ], [ 76.4342447, 10.6500383, 0.0 ], [ 76.4329606, 10.6505674, 0.0 ], [ 76.4313656, 10.6496907, 0.0 ], [ 76.4293229, 10.6497, 0.0 ], [ 76.4287745, 10.6496007, 0.0 ], [ 76.4277554, 10.6494155, 0.0 ], [ 76.4264987, 10.6492755, 0.0 ], [ 76.4251825, 10.6491717, 0.0 ], [ 76.4240812, 10.6493527, 0.0 ], [ 76.4246386, 10.6482542, 0.0 ], [ 76.422742, 10.6474453, 0.0 ], [ 76.421828, 10.6472148, 0.0 ], [ 76.42223, 10.6461209, 0.0 ], [ 76.423089, 10.6449364, 0.0 ], [ 76.423916, 10.6437972, 0.0 ], [ 76.4233126, 10.6426174, 0.0 ], [ 76.4224624, 10.6410897, 0.0 ], [ 76.42201, 10.6403348, 0.0 ], [ 76.4216032, 10.63958, 0.0 ], [ 76.4206617, 10.6387845, 0.0 ], [ 76.4199214, 10.6383235, 0.0 ], [ 76.4199714, 10.6361176, 0.0 ], [ 76.420026, 10.6348157, 0.0 ], [ 76.4198889, 10.6341422, 0.0 ], [ 76.419738, 10.6336947, 0.0 ], [ 76.4197358, 10.6336956, 0.0 ], [ 76.4196714, 10.6333928, 0.0 ], [ 76.4197029, 10.6329814, 0.0 ], [ 76.4197014, 10.6329805, 0.0 ], [ 76.419281, 10.6330664, 0.0 ], [ 76.4191667, 10.6330348, 0.0 ], [ 76.4189656, 10.6326461, 0.0 ], [ 76.4187828, 10.6324517, 0.0 ], [ 76.4184903, 10.6323342, 0.0 ], [ 76.4180745, 10.632176, 0.0 ], [ 76.4180415, 10.6321087, 0.0 ], [ 76.4180402, 10.632106, 0.0 ], [ 76.4180059, 10.6320359, 0.0 ], [ 76.4179785, 10.6318596, 0.0 ], [ 76.4180927, 10.6312855, 0.0 ], [ 76.4180607, 10.631064, 0.0 ], [ 76.417887, 10.6308245, 0.0 ], [ 76.4175442, 10.6305171, 0.0 ], [ 76.4174848, 10.630377, 0.0 ], [ 76.4175899, 10.6301736, 0.0 ], [ 76.4178138, 10.6298707, 0.0 ], [ 76.418161, 10.6291609, 0.0 ], [ 76.4185905, 10.6286863, 0.0 ], [ 76.4189605, 10.6281528, 0.0 ], [ 76.4188691, 10.6279946, 0.0 ], [ 76.4185904, 10.6278364, 0.0 ], [ 76.4178272, 10.6276964, 0.0 ], [ 76.4176856, 10.6275879, 0.0 ], [ 76.4176764, 10.6275608, 0.0 ], [ 76.4177586, 10.6273574, 0.0 ], [ 76.4181196, 10.6270816, 0.0 ], [ 76.4187684, 10.6268058, 0.0 ], [ 76.4192391, 10.6266565, 0.0 ], [ 76.4198285, 10.6263762, 0.0 ], [ 76.4199519, 10.6263626, 0.0 ], [ 76.4198173, 10.6259007, 0.0 ], [ 76.4196731, 10.6250769, 0.0 ], [ 76.4195863, 10.6245306, 0.0 ], [ 76.4196308, 10.6240209, 0.0 ], [ 76.419553, 10.6233913, 0.0 ], [ 76.4192315, 10.6226979, 0.0 ], [ 76.4193811, 10.6226602, 0.0 ], [ 76.4199801, 10.6226297, 0.0 ], [ 76.4206818, 10.6225246, 0.0 ], [ 76.4211403, 10.6224762, 0.0 ], [ 76.4210572, 10.6227268, 0.0 ], [ 76.4208994, 10.6230239, 0.0 ], [ 76.4204915, 10.6238873, 0.0 ], [ 76.4202986, 10.6246942, 0.0 ], [ 76.4205076, 10.6253603, 0.0 ], [ 76.4206034, 10.6258416, 0.0 ], [ 76.4206292, 10.6263664, 0.0 ], [ 76.4205046, 10.6291043, 0.0 ], [ 76.421034, 10.6289324, 0.0 ], [ 76.4214877, 10.6287111, 0.0 ], [ 76.4222489, 10.6282827, 0.0 ], [ 76.4226677, 10.6279259, 0.0 ], [ 76.4230781, 10.6277206, 0.0 ], [ 76.4236672, 10.6276411, 0.0 ], [ 76.4241469, 10.627605, 0.0 ], [ 76.42467, 10.6275597, 0.0 ], [ 76.4253807, 10.6275746, 0.0 ], [ 76.4255267, 10.627531, 0.0 ], [ 76.4255605, 10.6274291, 0.0 ], [ 76.4255504, 10.6272167, 0.0 ], [ 76.425549, 10.6269048, 0.0 ], [ 76.425549, 10.6269044, 0.0 ], [ 76.425549, 10.6269012, 0.0 ], [ 76.4255535, 10.6264029, 0.0 ], [ 76.4255495, 10.6264071, 0.0 ], [ 76.4253799, 10.6225603, 0.0 ], [ 76.4254393, 10.6221535, 0.0 ], [ 76.4258048, 10.6217918, 0.0 ], [ 76.4265038, 10.6211814, 0.0 ], [ 76.426618, 10.6207294, 0.0 ], [ 76.426659, 10.619988, 0.0 ], [ 76.4259462, 10.6199972, 0.0 ], [ 76.4247993, 10.6201284, 0.0 ], [ 76.4247992, 10.6196312, 0.0 ], [ 76.4256902, 10.6195859, 0.0 ], [ 76.4265904, 10.61931, 0.0 ], [ 76.4269924, 10.6190658, 0.0 ], [ 76.4271523, 10.6185234, 0.0 ], [ 76.4272434, 10.6164756, 0.0 ], [ 76.4272799, 10.6160643, 0.0 ], [ 76.4277139, 10.6156031, 0.0 ], [ 76.4282118, 10.6149024, 0.0 ], [ 76.4283717, 10.6143057, 0.0 ], [ 76.4280974, 10.6134604, 0.0 ], [ 76.426836, 10.6118966, 0.0 ], [ 76.4250904, 10.6102152, 0.0 ], [ 76.4246836, 10.6097587, 0.0 ], [ 76.4244186, 10.6096503, 0.0 ], [ 76.4236555, 10.6095283, 0.0 ], [ 76.4233219, 10.6093566, 0.0 ], [ 76.4227004, 10.6084933, 0.0 ], [ 76.4220879, 10.6068705, 0.0 ], [ 76.4218868, 10.6062061, 0.0 ], [ 76.421736, 10.6060343, 0.0 ], [ 76.421407, 10.6061067, 0.0 ], [ 76.420708, 10.6067938, 0.0 ], [ 76.4194971, 10.6063013, 0.0 ], [ 76.4184873, 10.6058222, 0.0 ], [ 76.4170251, 10.6056054, 0.0 ], [ 76.4155584, 10.6054022, 0.0 ], [ 76.4147085, 10.605348, 0.0 ], [ 76.4140186, 10.605434, 0.0 ], [ 76.4133149, 10.6056374, 0.0 ], [ 76.4134653, 10.601881, 0.0 ], [ 76.4141826, 10.6010899, 0.0 ], [ 76.4147354, 10.6004795, 0.0 ], [ 76.4149867, 10.6000953, 0.0 ], [ 76.4149866, 10.5998421, 0.0 ], [ 76.4139447, 10.5979799, 0.0 ], [ 76.4134511, 10.5965876, 0.0 ], [ 76.4132088, 10.5952858, 0.0 ], [ 76.4131585, 10.5945309, 0.0 ], [ 76.4118198, 10.5951187, 0.0 ], [ 76.4105451, 10.5961359, 0.0 ], [ 76.4094852, 10.5967643, 0.0 ], [ 76.4089141, 10.5975102, 0.0 ], [ 76.4078542, 10.598455, 0.0 ], [ 76.4068536, 10.5995129, 0.0 ], [ 76.4062551, 10.5999378, 0.0 ], [ 76.4055104, 10.6007516, 0.0 ], [ 76.4047657, 10.6018365, 0.0 ], [ 76.404243, 10.6003664, 0.0 ], [ 76.4042402, 10.6003584, 0.0 ], [ 76.4038197, 10.5994227, 0.0 ], [ 76.4035455, 10.5988803, 0.0 ], [ 76.4030474, 10.5973479, 0.0 ], [ 76.4029195, 10.5970496, 0.0 ], [ 76.4022433, 10.5972485, 0.0 ], [ 76.4017361, 10.5974248, 0.0 ], [ 76.401174, 10.5960009, 0.0 ], [ 76.4012151, 10.5955986, 0.0 ], [ 76.4015669, 10.5943917, 0.0 ], [ 76.4018957, 10.5929587, 0.0 ], [ 76.402252, 10.5917472, 0.0 ], [ 76.4024805, 10.5912454, 0.0 ], [ 76.4027683, 10.5908928, 0.0 ], [ 76.4029704, 10.5907087, 0.0 ], [ 76.4034947, 10.5902192, 0.0 ], [ 76.4040932, 10.5894959, 0.0 ], [ 76.4047785, 10.5884969, 0.0 ], [ 76.4052353, 10.5878097, 0.0 ], [ 76.4052764, 10.5873261, 0.0 ], [ 76.4053723, 10.5863135, 0.0 ], [ 76.4057834, 10.5857439, 0.0 ], [ 76.4066652, 10.5849799, 0.0 ], [ 76.4074829, 10.5842927, 0.0 ], [ 76.4076839, 10.5840757, 0.0 ], [ 76.4081087, 10.5821952, 0.0 ], [ 76.4083553, 10.5805724, 0.0 ], [ 76.4084786, 10.5800661, 0.0 ], [ 76.4112061, 10.5793833, 0.0 ], [ 76.4126178, 10.5790351, 0.0 ], [ 76.4130473, 10.5789446, 0.0 ], [ 76.4130838, 10.5784474, 0.0 ], [ 76.414957, 10.5786009, 0.0 ], [ 76.4166795, 10.5787544, 0.0 ], [ 76.4184202, 10.5788311, 0.0 ], [ 76.4197406, 10.5787993, 0.0 ], [ 76.4202888, 10.5787495, 0.0 ], [ 76.4205583, 10.577981, 0.0 ], [ 76.4209693, 10.5768553, 0.0 ], [ 76.4211108, 10.5756755, 0.0 ], [ 76.4210924, 10.5749749, 0.0 ], [ 76.4211472, 10.5744369, 0.0 ], [ 76.4209918, 10.5739894, 0.0 ], [ 76.420512, 10.5732617, 0.0 ], [ 76.4204982, 10.5727193, 0.0 ], [ 76.4205987, 10.5724797, 0.0 ], [ 76.421919, 10.5722038, 0.0 ], [ 76.4226774, 10.5721268, 0.0 ], [ 76.4234404, 10.5722081, 0.0 ], [ 76.4244181, 10.5719322, 0.0 ], [ 76.4254003, 10.5715026, 0.0 ], [ 76.425825, 10.5705036, 0.0 ], [ 76.4251305, 10.5699703, 0.0 ], [ 76.4250345, 10.5697759, 0.0 ], [ 76.4255233, 10.5692018, 0.0 ], [ 76.4263227, 10.5684151, 0.0 ], [ 76.4262175, 10.5676919, 0.0 ], [ 76.4261855, 10.5670816, 0.0 ], [ 76.4258427, 10.5662544, 0.0 ], [ 76.4265553, 10.5653276, 0.0 ], [ 76.4272451, 10.5648303, 0.0 ], [ 76.4277659, 10.5648574, 0.0 ], [ 76.4283735, 10.565124, 0.0 ], [ 76.4288761, 10.5651691, 0.0 ], [ 76.4290908, 10.5651239, 0.0 ], [ 76.4295475, 10.564066, 0.0 ], [ 76.4300864, 10.562755, 0.0 ], [ 76.4302827, 10.5616837, 0.0 ], [ 76.4302459, 10.5601739, 0.0 ], [ 76.4301179, 10.559645, 0.0 ], [ 76.4297158, 10.5588359, 0.0 ], [ 76.4297111, 10.5585059, 0.0 ], [ 76.4300857, 10.5582075, 0.0 ], [ 76.4306476, 10.5581758, 0.0 ], [ 76.431237, 10.5583836, 0.0 ], [ 76.4317669, 10.5582977, 0.0 ], [ 76.4331739, 10.5574521, 0.0 ], [ 76.4338043, 10.5569638, 0.0 ], [ 76.4341468, 10.5564665, 0.0 ], [ 76.4344071, 10.5558065, 0.0 ], [ 76.4349233, 10.5554855, 0.0 ], [ 76.4353436, 10.5554402, 0.0 ], [ 76.4357319, 10.5555125, 0.0 ], [ 76.4366, 10.5560051, 0.0 ], [ 76.4374818, 10.5566423, 0.0 ], [ 76.4381854, 10.5570219, 0.0 ], [ 76.4386605, 10.5570082, 0.0 ], [ 76.438962, 10.5569178, 0.0 ], [ 76.4385506, 10.5554984, 0.0 ], [ 76.438217, 10.5548611, 0.0 ], [ 76.438331, 10.5536632, 0.0 ], [ 76.4381527, 10.5527546, 0.0 ], [ 76.4376454, 10.5518552, 0.0 ], [ 76.4366037, 10.5510055, 0.0 ], [ 76.4360736, 10.5501467, 0.0 ], [ 76.4349677, 10.5482619, 0.0 ], [ 76.4345609, 10.5468787, 0.0 ], [ 76.4342134, 10.5450345, 0.0 ], [ 76.4336604, 10.5433756, 0.0 ], [ 76.4327054, 10.5416987, 0.0 ], [ 76.4323763, 10.540754, 0.0 ], [ 76.4319786, 10.5389007, 0.0 ], [ 76.4316266, 10.5377525, 0.0 ], [ 76.4316266, 10.5372824, 0.0 ], [ 76.4321015, 10.536202, 0.0 ], [ 76.4323709, 10.5352933, 0.0 ], [ 76.4325991, 10.5341541, 0.0 ], [ 76.4327224, 10.5337654, 0.0 ], [ 76.4330832, 10.533354, 0.0 ], [ 76.4341703, 10.532635, 0.0 ], [ 76.4353716, 10.5320427, 0.0 ], [ 76.435842, 10.5317759, 0.0 ], [ 76.4367417, 10.5301258, 0.0 ], [ 76.4386968, 10.5300441, 0.0 ], [ 76.4396058, 10.5299852, 0.0 ], [ 76.4398386, 10.5286561, 0.0 ], [ 76.4399206, 10.5274175, 0.0 ], [ 76.4400528, 10.5263281, 0.0 ], [ 76.4400939, 10.5260162, 0.0 ], [ 76.4397877, 10.5252884, 0.0 ], [ 76.4412764, 10.5227206, 0.0 ], [ 76.443035, 10.5225756, 0.0 ], [ 76.4465979, 10.5220912, 0.0 ], [ 76.448151, 10.5219236, 0.0 ], [ 76.4499005, 10.5217696, 0.0 ], [ 76.4506176, 10.5217107, 0.0 ], [ 76.4515583, 10.5199972, 0.0 ], [ 76.4520743, 10.5192106, 0.0 ], [ 76.4529603, 10.5185097, 0.0 ], [ 76.4539787, 10.5174382, 0.0 ], [ 76.4548828, 10.516231, 0.0 ], [ 76.4557733, 10.5152137, 0.0 ], [ 76.4560838, 10.5145717, 0.0 ], [ 76.4564856, 10.514097, 0.0 ], [ 76.457915, 10.5127134, 0.0 ], [ 76.4592531, 10.5113434, 0.0 ], [ 76.4597554, 10.5107466, 0.0 ], [ 76.4597963, 10.5097612, 0.0 ], [ 76.459659, 10.5089385, 0.0 ], [ 76.4593986, 10.5085679, 0.0 ], [ 76.4590422, 10.5082651, 0.0 ], [ 76.4592294, 10.5079622, 0.0 ], [ 76.4625724, 10.5057554, 0.0 ], [ 76.4652075, 10.5040234, 0.0 ], [ 76.4669201, 10.5029968, 0.0 ], [ 76.4674819, 10.5025899, 0.0 ], [ 76.4673417, 10.5013536, 0.0 ], [ 76.4671017, 10.5000112, 0.0 ], [ 76.4671002, 10.5000004, 0.0 ], [ 76.4668673, 10.4987009, 0.0 ], [ 76.4716646, 10.4965242, 0.0 ], [ 76.4716043, 10.4928629, 0.0 ], [ 76.4735794, 10.4911197, 0.0 ], [ 76.4739982, 10.4870915, 0.0 ], [ 76.478538, 10.4860085, 0.0 ], [ 76.4785549, 10.4860044, 0.0 ], [ 76.4804634, 10.4855542, 0.0 ], [ 76.4848948, 10.4861758, 0.0 ], [ 76.487165, 10.4863397, 0.0 ], [ 76.4875275, 10.4844678, 0.0 ], [ 76.4885804, 10.4830468, 0.0 ], [ 76.4888002, 10.4804835, 0.0 ], [ 76.4890731, 10.479701, 0.0 ], [ 76.4893967, 10.4792892, 0.0 ], [ 76.489949, 10.4790579, 0.0 ], [ 76.4904604, 10.4789622, 0.0 ], [ 76.4914754, 10.4796929, 0.0 ], [ 76.4921752, 10.4803247, 0.0 ], [ 76.4921691, 10.4793212, 0.0 ], [ 76.4922599, 10.4789097, 0.0 ], [ 76.4924877, 10.4785884, 0.0 ], [ 76.4926701, 10.4784028, 0.0 ], [ 76.4933229, 10.4782165, 0.0 ], [ 76.4952146, 10.4787154, 0.0 ], [ 76.4990911, 10.4794349, 0.0 ], [ 76.4999995, 10.4791553, 0.0 ], [ 76.5010731, 10.4785724, 0.0 ], [ 76.5015433, 10.4784158, 0.0 ], [ 76.5020134, 10.4782591, 0.0 ], [ 76.5026475, 10.4778559, 0.0 ], [ 76.5028982, 10.4775165, 0.0 ], [ 76.5031801, 10.4767703, 0.0 ], [ 76.5035577, 10.4758161, 0.0 ], [ 76.5042687, 10.4749924, 0.0 ], [ 76.5053585, 10.4739647, 0.0 ], [ 76.5061021, 10.4734619, 0.0 ], [ 76.5073162, 10.4731165, 0.0 ], [ 76.5094252, 10.472607, 0.0 ], [ 76.5114432, 10.4723327, 0.0 ], [ 76.512407, 10.4724667, 0.0 ], [ 76.5134622, 10.4726278, 0.0 ], [ 76.5142885, 10.4724727, 0.0 ], [ 76.5154796, 10.472046, 0.0 ], [ 76.5171634, 10.4712208, 0.0 ], [ 76.520499, 10.4696651, 0.0 ], [ 76.5222283, 10.468781, 0.0 ], [ 76.522744, 10.4685678, 0.0 ], [ 76.5231051, 10.4688158, 0.0 ], [ 76.5253124, 10.4670314, 0.0 ], [ 76.5254488, 10.4666335, 0.0 ], [ 76.5257294, 10.46511, 0.0 ], [ 76.5261425, 10.4636042, 0.0 ], [ 76.5264609, 10.4629393, 0.0 ], [ 76.5272089, 10.4623415, 0.0 ], [ 76.5292437, 10.4612128, 0.0 ], [ 76.5311365, 10.459908, 0.0 ], [ 76.5321172, 10.4592103, 0.0 ], [ 76.5325887, 10.4571939, 0.0 ], [ 76.5334401, 10.4556693, 0.0 ], [ 76.5340322, 10.4547689, 0.0 ], [ 76.5343323, 10.4540453, 0.0 ], [ 76.5352033, 10.4506134, 0.0 ], [ 76.535694, 10.4491664, 0.0 ], [ 76.5362679, 10.4483293, 0.0 ], [ 76.538459, 10.4478782, 0.0 ], [ 76.5416272, 10.4474435, 0.0 ], [ 76.5448961, 10.447063, 0.0 ], [ 76.5459095, 10.4469121, 0.0 ], [ 76.5514791, 10.4461931, 0.0 ], [ 76.5526341, 10.4460238, 0.0 ], [ 76.5538197, 10.4450999, 0.0 ], [ 76.5544907, 10.4449857, 0.0 ], [ 76.5550345, 10.4452108, 0.0 ], [ 76.5559696, 10.4446713, 0.0 ], [ 76.5573876, 10.4434531, 0.0 ], [ 76.5567412, 10.4420079, 0.0 ], [ 76.5562777, 10.4406935, 0.0 ], [ 76.556171, 10.4396858, 0.0 ], [ 76.5563363, 10.4376471, 0.0 ], [ 76.5564488, 10.436716, 0.0 ], [ 76.5573461, 10.4354399, 0.0 ], [ 76.5586451, 10.4340953, 0.0 ], [ 76.5586735, 10.4341366, 0.0 ], [ 76.5591539, 10.4344693, 0.0 ], [ 76.5599546, 10.4349848, 0.0 ], [ 76.5608807, 10.4356643, 0.0 ], [ 76.5615606, 10.4354326, 0.0 ], [ 76.5622864, 10.4353274, 0.0 ], [ 76.5637229, 10.4355463, 0.0 ], [ 76.5638279, 10.4355394, 0.0 ], [ 76.5640427, 10.4356294, 0.0 ], [ 76.5645683, 10.4359155, 0.0 ], [ 76.5649453, 10.4361272, 0.0 ], [ 76.5654276, 10.4364089, 0.0 ], [ 76.5659098, 10.4366905, 0.0 ], [ 76.5666273, 10.4370418, 0.0 ], [ 76.567043, 10.4371721, 0.0 ], [ 76.567381, 10.4371896, 0.0 ], [ 76.5678786, 10.437148, 0.0 ], [ 76.5683488, 10.4370569, 0.0 ], [ 76.5693548, 10.4366212, 0.0 ], [ 76.5700597, 10.4363533, 0.0 ], [ 76.5704981, 10.4363616, 0.0 ], [ 76.5709733, 10.4364941, 0.0 ], [ 76.5720515, 10.4368651, 0.0 ], [ 76.5723461, 10.4369482, 0.0 ], [ 76.5732026, 10.4371342, 0.0 ], [ 76.5738511, 10.4371602, 0.0 ], [ 76.5742528, 10.4371188, 0.0 ], [ 76.5746546, 10.4370774, 0.0 ], [ 76.5755903, 10.4368407, 0.0 ], [ 76.5760967, 10.4366183, 0.0 ], [ 76.5765166, 10.4365091, 0.0 ], [ 76.5770279, 10.436472, 0.0 ], [ 76.5777084, 10.4365341, 0.0 ], [ 76.5784208, 10.4366142, 0.0 ], [ 76.5794895, 10.4367434, 0.0 ], [ 76.5797817, 10.4367293, 0.0 ], [ 76.580051, 10.4366632, 0.0 ], [ 76.5807127, 10.4364881, 0.0 ], [ 76.5812286, 10.4364103, 0.0 ], [ 76.5816213, 10.4364322, 0.0 ], [ 76.5820552, 10.4365083, 0.0 ], [ 76.5824892, 10.4365843, 0.0 ], [ 76.5830875, 10.4366465, 0.0 ], [ 76.5832929, 10.4366688, 0.0 ], [ 76.584293, 10.4367257, 0.0 ], [ 76.5848226, 10.4366615, 0.0 ], [ 76.5851785, 10.4365207, 0.0 ], [ 76.5856072, 10.4362804, 0.0 ], [ 76.586036, 10.4360401, 0.0 ], [ 76.5864945, 10.4358246, 0.0 ], [ 76.586953, 10.4356091, 0.0 ], [ 76.587528, 10.4354498, 0.0 ], [ 76.5880576, 10.4353992, 0.0 ], [ 76.588245, 10.43515, 0.0 ], [ 76.5883374, 10.4350331, 0.0 ], [ 76.5885809, 10.4346908, 0.0 ], [ 76.589034, 10.4342102, 0.0 ], [ 76.5890675, 10.4341601, 0.0 ], [ 76.5893195, 10.4338595, 0.0 ], [ 76.5894792, 10.4337009, 0.0 ], [ 76.5898404, 10.4333251, 0.0 ], [ 76.5900758, 10.4331412, 0.0 ], [ 76.5902691, 10.4329324, 0.0 ], [ 76.5905964, 10.4324483, 0.0 ], [ 76.5907305, 10.4320979, 0.0 ], [ 76.5908236, 10.4314021, 0.0 ], [ 76.5908397, 10.4310603, 0.0 ], [ 76.5909057, 10.4303098, 0.0 ], [ 76.5911152, 10.4297759, 0.0 ], [ 76.5913587, 10.4294586, 0.0 ], [ 76.5916444, 10.4291663, 0.0 ], [ 76.5923557, 10.4286194, 0.0 ], [ 76.5932854, 10.4278367, 0.0 ], [ 76.5938318, 10.4273939, 0.0 ], [ 76.5942685, 10.4268595, 0.0 ], [ 76.5948183, 10.4260596, 0.0 ], [ 76.5951206, 10.4256588, 0.0 ], [ 76.5952127, 10.4254085, 0.0 ], [ 76.5952965, 10.4251583, 0.0 ], [ 76.5953635, 10.4249664, 0.0 ], [ 76.595422, 10.4247413, 0.0 ], [ 76.5954467, 10.4244827, 0.0 ], [ 76.5954459, 10.4240242, 0.0 ], [ 76.5954015, 10.4232692, 0.0 ], [ 76.5952572, 10.4226525, 0.0 ], [ 76.5952224, 10.4220554, 0.0 ], [ 76.5952556, 10.4217469, 0.0 ], [ 76.5955495, 10.4214129, 0.0 ], [ 76.5959268, 10.4211898, 0.0 ], [ 76.5963307, 10.421089, 0.0 ], [ 76.5964652, 10.4209637, 0.0 ], [ 76.5969108, 10.4207211, 0.0 ], [ 76.5975501, 10.4204031, 0.0 ], [ 76.5979367, 10.4201023, 0.0 ], [ 76.5987017, 10.4195507, 0.0 ], [ 76.5990679, 10.4194455, 0.0 ], [ 76.5994801, 10.4192864, 0.0 ], [ 76.6004643, 10.4189678, 0.0 ], [ 76.6011454, 10.4185413, 0.0 ], [ 76.6014057, 10.4181907, 0.0 ], [ 76.6014893, 10.4178904, 0.0 ], [ 76.6015051, 10.4173151, 0.0 ], [ 76.601705, 10.4162212, 0.0 ], [ 76.6018138, 10.4158875, 0.0 ], [ 76.6019812, 10.4153787, 0.0 ], [ 76.6021573, 10.4149948, 0.0 ], [ 76.6028341, 10.414087, 0.0 ], [ 76.6030771, 10.413553, 0.0 ], [ 76.6033788, 10.4128105, 0.0 ], [ 76.6040806, 10.4118393, 0.0 ], [ 76.6043075, 10.4115805, 0.0 ], [ 76.6050551, 10.4107788, 0.0 ], [ 76.6050795, 10.4103368, 0.0 ], [ 76.6047613, 10.4099281, 0.0 ], [ 76.6044572, 10.409653, 0.0 ], [ 76.6039754, 10.4091776, 0.0 ], [ 76.6036963, 10.408752, 0.0 ], [ 76.6036367, 10.4085182, 0.0 ], [ 76.6036777, 10.4081295, 0.0 ], [ 76.6037782, 10.4078118, 0.0 ], [ 76.6041402, 10.407385, 0.0 ], [ 76.6045359, 10.4069917, 0.0 ], [ 76.6050909, 10.406649, 0.0 ], [ 76.6054364, 10.4064897, 0.0 ], [ 76.6058239, 10.4062049, 0.0 ], [ 76.6062787, 10.4058447, 0.0 ], [ 76.6066407, 10.4054514, 0.0 ], [ 76.6069097, 10.4050247, 0.0 ], [ 76.6071115, 10.4046317, 0.0 ], [ 76.6071673, 10.4041886, 0.0 ], [ 76.6071961, 10.4038168, 0.0 ], [ 76.6071615, 10.4033782, 0.0 ], [ 76.6070704, 10.4028453, 0.0 ], [ 76.6069515, 10.4023651, 0.0 ], [ 76.6068197, 10.4018307, 0.0 ], [ 76.6067685, 10.4014757, 0.0 ], [ 76.6066749, 10.4010915, 0.0 ], [ 76.6065569, 10.4006286, 0.0 ], [ 76.6065267, 10.4002735, 0.0 ], [ 76.6065474, 10.4000478, 0.0 ], [ 76.606649, 10.3997411, 0.0 ], [ 76.6068255, 10.3994274, 0.0 ], [ 76.6071877, 10.3991427, 0.0 ], [ 76.6075081, 10.3990627, 0.0 ], [ 76.6079458, 10.3990013, 0.0 ], [ 76.6084055, 10.3990297, 0.0 ], [ 76.6089284, 10.3989702, 0.0 ], [ 76.6094038, 10.3989132, 0.0 ], [ 76.6097492, 10.3987371, 0.0 ], [ 76.6100609, 10.3985235, 0.0 ], [ 76.6104563, 10.397952, 0.0 ], [ 76.6105194, 10.3978224, 0.0 ], [ 76.6108554, 10.3971032, 0.0 ], [ 76.6111469, 10.3967177, 0.0 ], [ 76.611757, 10.3959814, 0.0 ], [ 76.6127549, 10.3947275, 0.0 ], [ 76.6129063, 10.3944933, 0.0 ], [ 76.6134068, 10.3937947, 0.0 ], [ 76.6137009, 10.3933602, 0.0 ], [ 76.6141492, 10.3928329, 0.0 ], [ 76.6145317, 10.3921554, 0.0 ], [ 76.6150829, 10.391331, 0.0 ], [ 76.6152932, 10.3910465, 0.0 ], [ 76.6156468, 10.3906908, 0.0 ], [ 76.6158241, 10.3906558, 0.0 ], [ 76.6161362, 10.3906051, 0.0 ], [ 76.6165158, 10.3906796, 0.0 ], [ 76.6168131, 10.3906964, 0.0 ], [ 76.6171759, 10.3907626, 0.0 ], [ 76.6176185, 10.3906531, 0.0 ], [ 76.6179023, 10.3905136, 0.0 ], [ 76.6181212, 10.3903001, 0.0 ], [ 76.6183368, 10.3896947, 0.0 ], [ 76.6183697, 10.3892894, 0.0 ], [ 76.6184164, 10.3888671, 0.0 ], [ 76.6184106, 10.3880191, 0.0 ], [ 76.6184907, 10.3873819, 0.0 ], [ 76.6185068, 10.3870226, 0.0 ], [ 76.6185457, 10.3860161, 0.0 ], [ 76.6186076, 10.3852933, 0.0 ], [ 76.6188472, 10.3845464, 0.0 ], [ 76.6189392, 10.3841702, 0.0 ], [ 76.6192324, 10.3835867, 0.0 ], [ 76.6193373, 10.3833149, 0.0 ], [ 76.6196188, 10.382738, 0.0 ], [ 76.6199616, 10.3823184, 0.0 ], [ 76.6203318, 10.381808, 0.0 ], [ 76.6210522, 10.3810336, 0.0 ], [ 76.6212163, 10.3808118, 0.0 ], [ 76.6216544, 10.3802215, 0.0 ], [ 76.6218521, 10.379983, 0.0 ], [ 76.6223918, 10.3795168, 0.0 ], [ 76.6227498, 10.3792989, 0.0 ], [ 76.6234113, 10.3789927, 0.0 ], [ 76.6241192, 10.3787872, 0.0 ], [ 76.6243722, 10.378745, 0.0 ], [ 76.624579, 10.3788031, 0.0 ], [ 76.6249252, 10.3789988, 0.0 ], [ 76.6251703, 10.3792657, 0.0 ], [ 76.6255876, 10.3797586, 0.0 ], [ 76.6256765, 10.3799172, 0.0 ], [ 76.6257949, 10.3800549, 0.0 ], [ 76.6260063, 10.3803426, 0.0 ], [ 76.6262389, 10.3806764, 0.0 ], [ 76.6264456, 10.3810895, 0.0 ], [ 76.6266616, 10.381582, 0.0 ], [ 76.6269625, 10.3822749, 0.0 ], [ 76.6273593, 10.3829078, 0.0 ], [ 76.6276466, 10.3831496, 0.0 ], [ 76.6279756, 10.3832284, 0.0 ], [ 76.6283002, 10.3831651, 0.0 ], [ 76.6286164, 10.3830768, 0.0 ], [ 76.6290673, 10.3829088, 0.0 ], [ 76.6295353, 10.3826046, 0.0 ], [ 76.6298386, 10.3824244, 0.0 ], [ 76.6303946, 10.3819861, 0.0 ], [ 76.6306219, 10.3817684, 0.0 ], [ 76.6309416, 10.3813876, 0.0 ], [ 76.6309664, 10.3810951, 0.0 ], [ 76.6308855, 10.3808279, 0.0 ], [ 76.6308388, 10.3806902, 0.0 ], [ 76.6306107, 10.3805026, 0.0 ], [ 76.630231, 10.3804239, 0.0 ], [ 76.6298397, 10.3803401, 0.0 ], [ 76.6291981, 10.3801032, 0.0 ], [ 76.6287798, 10.379703, 0.0 ], [ 76.6286796, 10.3793171, 0.0 ], [ 76.6285901, 10.378866, 0.0 ], [ 76.6285887, 10.37816, 0.0 ], [ 76.6287094, 10.3776834, 0.0 ], [ 76.6288646, 10.3772695, 0.0 ], [ 76.6292769, 10.3768051, 0.0 ], [ 76.6297025, 10.3766204, 0.0 ], [ 76.6301554, 10.3765136, 0.0 ], [ 76.6306613, 10.376429, 0.0 ], [ 76.6318421, 10.3763766, 0.0 ], [ 76.6325845, 10.3764587, 0.0 ], [ 76.6329223, 10.376692, 0.0 ], [ 76.6332097, 10.377009, 0.0 ], [ 76.6336156, 10.3775095, 0.0 ], [ 76.6341734, 10.3780932, 0.0 ], [ 76.6349278, 10.3790192, 0.0 ], [ 76.6352323, 10.3794531, 0.0 ], [ 76.6357402, 10.3803544, 0.0 ], [ 76.6362473, 10.3808548, 0.0 ], [ 76.6365344, 10.3810547, 0.0 ], [ 76.6369056, 10.3810875, 0.0 ], [ 76.6372598, 10.3810533, 0.0 ], [ 76.6377657, 10.3809354, 0.0 ], [ 76.6382545, 10.380784, 0.0 ], [ 76.6392414, 10.3804467, 0.0 ], [ 76.6395955, 10.3803122, 0.0 ], [ 76.640152, 10.3802443, 0.0 ], [ 76.6406244, 10.3802935, 0.0 ], [ 76.6409284, 10.3804935, 0.0 ], [ 76.6413006, 10.3810108, 0.0 ], [ 76.6417238, 10.3817117, 0.0 ], [ 76.6421128, 10.3822123, 0.0 ], [ 76.6426024, 10.3824286, 0.0 ], [ 76.6434293, 10.3825774, 0.0 ], [ 76.6440707, 10.3827431, 0.0 ], [ 76.6447626, 10.3828922, 0.0 ], [ 76.6456165, 10.3828896, 0.0 ], [ 76.6466788, 10.3826536, 0.0 ], [ 76.6474372, 10.3823179, 0.0 ], [ 76.6480943, 10.3818988, 0.0 ], [ 76.6485658, 10.3814467, 0.0 ], [ 76.6490205, 10.3810949, 0.0 ], [ 76.6495768, 10.3809433, 0.0 ], [ 76.6501502, 10.3808754, 0.0 ], [ 76.650808, 10.3808073, 0.0 ], [ 76.6513135, 10.3805222, 0.0 ], [ 76.6517757, 10.3801921, 0.0 ], [ 76.6525497, 10.379188, 0.0 ], [ 76.6529529, 10.3783683, 0.0 ], [ 76.6533562, 10.3776155, 0.0 ], [ 76.6538443, 10.3770799, 0.0 ], [ 76.6545184, 10.3767777, 0.0 ], [ 76.6547549, 10.3769276, 0.0 ], [ 76.6553295, 10.3774278, 0.0 ], [ 76.6563032, 10.3782885, 0.0 ], [ 76.6567848, 10.3786844, 0.0 ], [ 76.6575497, 10.3794974, 0.0 ], [ 76.6577243, 10.3798697, 0.0 ], [ 76.6578306, 10.3802623, 0.0 ], [ 76.6578186, 10.3806006, 0.0 ], [ 76.6577982, 10.3809057, 0.0 ], [ 76.6576148, 10.3812636, 0.0 ], [ 76.6573961, 10.381569, 0.0 ], [ 76.6572245, 10.3822169, 0.0 ], [ 76.6572249, 10.3826099, 0.0 ], [ 76.6573606, 10.3829897, 0.0 ], [ 76.6576742, 10.3836826, 0.0 ], [ 76.6582897, 10.3842059, 0.0 ], [ 76.6586863, 10.3842762, 0.0 ], [ 76.6595553, 10.3843872, 0.0 ], [ 76.6600388, 10.3847157, 0.0 ], [ 76.660668, 10.3851112, 0.0 ], [ 76.6612595, 10.3855905, 0.0 ], [ 76.6613852, 10.3856211, 0.0 ], [ 76.6620795, 10.3847882, 0.0 ], [ 76.6633163, 10.3831327, 0.0 ], [ 76.6637371, 10.3826806, 0.0 ], [ 76.6642975, 10.3818461, 0.0 ], [ 76.6648106, 10.381185, 0.0 ], [ 76.6655304, 10.3802746, 0.0 ], [ 76.6660608, 10.3798056, 0.0 ], [ 76.6668708, 10.3790826, 0.0 ], [ 76.6672794, 10.3788269, 0.0 ], [ 76.6680247, 10.3781501, 0.0 ], [ 76.6685419, 10.377489, 0.0 ], [ 76.6687432, 10.3769037, 0.0 ], [ 76.6687108, 10.3759542, 0.0 ], [ 76.6687433, 10.3753359, 0.0 ], [ 76.6688981, 10.3747298, 0.0 ], [ 76.6693733, 10.3741796, 0.0 ], [ 76.6706301, 10.3732169, 0.0 ], [ 76.6711018, 10.3728984, 0.0 ], [ 76.6730814, 10.3716857, 0.0 ], [ 76.6737047, 10.3712917, 0.0 ], [ 76.6748812, 10.3704567, 0.0 ], [ 76.6755551, 10.3700834, 0.0 ], [ 76.6768252, 10.3693234, 0.0 ], [ 76.6770821, 10.3691515, 0.0 ], [ 76.6778202, 10.3686649, 0.0 ], [ 76.678216, 10.3684301, 0.0 ], [ 76.6790898, 10.3678701, 0.0 ], [ 76.6796163, 10.3675933, 0.0 ], [ 76.6802999, 10.3673259, 0.0 ], [ 76.6806836, 10.3672917, 0.0 ], [ 76.6810336, 10.3672785, 0.0 ], [ 76.6818623, 10.3674672, 0.0 ], [ 76.6820397, 10.3676005, 0.0 ], [ 76.6827189, 10.3677412, 0.0 ], [ 76.6831625, 10.3677036, 0.0 ], [ 76.6833984, 10.3675778, 0.0 ], [ 76.6838908, 10.3671339, 0.0 ], [ 76.6843625, 10.3662448, 0.0 ], [ 76.6845593, 10.3655719, 0.0 ], [ 76.6846887, 10.3649617, 0.0 ], [ 76.6849305, 10.3648077, 0.0 ], [ 76.6852993, 10.3643324, 0.0 ], [ 76.685887, 10.3637979, 0.0 ], [ 76.6862038, 10.3635984, 0.0 ], [ 76.6865207, 10.3633988, 0.0 ], [ 76.6868263, 10.3632807, 0.0 ], [ 76.6873648, 10.3632208, 0.0 ], [ 76.6880678, 10.3632193, 0.0 ], [ 76.6883234, 10.3631826, 0.0 ], [ 76.6887431, 10.3630552, 0.0 ], [ 76.6889072, 10.3629419, 0.0 ], [ 76.6895047, 10.3626875, 0.0 ], [ 76.6898013, 10.3626281, 0.0 ], [ 76.6901438, 10.3626545, 0.0 ], [ 76.690518, 10.3626175, 0.0 ], [ 76.6909104, 10.3625173, 0.0 ], [ 76.6912296, 10.3623811, 0.0 ], [ 76.6917772, 10.3622624, 0.0 ], [ 76.692462, 10.3622835, 0.0 ], [ 76.6925716, 10.3623375, 0.0 ], [ 76.6930328, 10.3623546, 0.0 ], [ 76.6931059, 10.3623997, 0.0 ], [ 76.6936582, 10.3623894, 0.0 ], [ 76.6943106, 10.3621847, 0.0 ], [ 76.695022, 10.3618125, 0.0 ], [ 76.6955338, 10.3620826, 0.0 ], [ 76.6963192, 10.362212, 0.0 ], [ 76.6968605, 10.362351, 0.0 ], [ 76.6974018, 10.3624899, 0.0 ], [ 76.6982648, 10.3625875, 0.0 ], [ 76.6991278, 10.3626851, 0.0 ], [ 76.6997676, 10.3627356, 0.0 ], [ 76.7002982, 10.3626677, 0.0 ], [ 76.7012835, 10.3626572, 0.0 ], [ 76.7022593, 10.3627858, 0.0 ], [ 76.7031106, 10.363051, 0.0 ], [ 76.7037769, 10.3635169, 0.0 ], [ 76.7042164, 10.3642003, 0.0 ], [ 76.7043016, 10.3646592, 0.0 ], [ 76.7043654, 10.3669783, 0.0 ], [ 76.7043849, 10.3681633, 0.0 ], [ 76.7048144, 10.3688584, 0.0 ], [ 76.7061646, 10.3700573, 0.0 ], [ 76.7077437, 10.3711176, 0.0 ], [ 76.7085866, 10.3713995, 0.0 ], [ 76.7119124, 10.3724476, 0.0 ], [ 76.7131261, 10.3728623, 0.0 ], [ 76.7140613, 10.3730021, 0.0 ], [ 76.7156881, 10.372915, 0.0 ], [ 76.7165977, 10.372888, 0.0 ], [ 76.7177938, 10.3729605, 0.0 ], [ 76.7207506, 10.3727081, 0.0 ], [ 76.7222996, 10.3724125, 0.0 ], [ 76.7243986, 10.3716097, 0.0 ], [ 76.7255093, 10.3711065, 0.0 ], [ 76.7262662, 10.3706124, 0.0 ], [ 76.7276641, 10.369611, 0.0 ], [ 76.728943, 10.3690406, 0.0 ], [ 76.7312032, 10.3683942, 0.0 ], [ 76.7322138, 10.3683835, 0.0 ], [ 76.7334103, 10.3685895, 0.0 ], [ 76.7341225, 10.3687305, 0.0 ], [ 76.7348299, 10.3686537, 0.0 ], [ 76.7356968, 10.3683847, 0.0 ], [ 76.7372931, 10.3679255, 0.0 ], [ 76.7391628, 10.3676989, 0.0 ], [ 76.740509, 10.3674789, 0.0 ], [ 76.7427407, 10.3671564, 0.0 ], [ 76.7440697, 10.3668031, 0.0 ], [ 76.7457356, 10.366549, 0.0 ], [ 76.7467617, 10.3662631, 0.0 ], [ 76.7473511, 10.3663618, 0.0 ], [ 76.7482768, 10.366343, 0.0 ], [ 76.7490676, 10.3661744, 0.0 ], [ 76.7496449, 10.3659616, 0.0 ], [ 76.7499995, 10.3657688, 0.0 ], [ 76.7510565, 10.3644781, 0.0 ], [ 76.7521357, 10.3632643, 0.0 ], [ 76.752974, 10.3625346, 0.0 ], [ 76.7535438, 10.3621491, 0.0 ], [ 76.7549806, 10.3615762, 0.0 ], [ 76.756409, 10.3612926, 0.0 ], [ 76.7581209, 10.3612254, 0.0 ], [ 76.7594497, 10.3613036, 0.0 ], [ 76.7605874, 10.3616309, 0.0 ], [ 76.7617665, 10.3621299, 0.0 ], [ 76.7623145, 10.362219, 0.0 ], [ 76.7630451, 10.3622127, 0.0 ], [ 76.7639344, 10.3618491, 0.0 ], [ 76.7644173, 10.3613778, 0.0 ], [ 76.7649267, 10.3605721, 0.0 ], [ 76.765285, 10.3595769, 0.0 ], [ 76.7653512, 10.3586048, 0.0 ], [ 76.7652256, 10.3576559, 0.0 ], [ 76.7648298, 10.3563325, 0.0 ], [ 76.7639909, 10.3549332, 0.0 ], [ 76.7627082, 10.3531101, 0.0 ], [ 76.7609644, 10.3513017, 0.0 ], [ 76.7604838, 10.3507514, 0.0 ], [ 76.75885, 10.3490963, 0.0 ], [ 76.7582782, 10.3486502, 0.0 ], [ 76.7575284, 10.3481818, 0.0 ], [ 76.7565005, 10.3479265, 0.0 ], [ 76.7556146, 10.3478337, 0.0 ], [ 76.7543589, 10.347719, 0.0 ], [ 76.7525552, 10.3475605, 0.0 ], [ 76.7537731, 10.345153, 0.0 ], [ 76.7538906, 10.3447053, 0.0 ], [ 76.7537521, 10.3440501, 0.0 ], [ 76.7531801, 10.3434549, 0.0 ], [ 76.7522606, 10.3426569, 0.0 ], [ 76.7518022, 10.3418805, 0.0 ], [ 76.7515078, 10.340923, 0.0 ], [ 76.7514038, 10.3393908, 0.0 ], [ 76.7515794, 10.3383644, 0.0 ], [ 76.7520112, 10.3375634, 0.0 ], [ 76.752658, 10.3369517, 0.0 ], [ 76.753529, 10.3365112, 0.0 ], [ 76.7545417, 10.336206, 0.0 ], [ 76.7555139, 10.3361179, 0.0 ], [ 76.7574408, 10.3362761, 0.0 ], [ 76.7592997, 10.3366379, 0.0 ], [ 76.7601995, 10.3368437, 0.0 ], [ 76.7613085, 10.336692, 0.0 ], [ 76.7628369, 10.3362319, 0.0 ], [ 76.7644332, 10.3356134, 0.0 ], [ 76.7655597, 10.3351633, 0.0 ], [ 76.7665134, 10.3349576, 0.0 ], [ 76.7681885, 10.334809, 0.0 ], [ 76.7701056, 10.3347006, 0.0 ], [ 76.7717934, 10.3341587, 0.0 ], [ 76.7721972, 10.3349894, 0.0 ], [ 76.7730641, 10.3366689, 0.0 ], [ 76.7740183, 10.338574, 0.0 ], [ 76.7749027, 10.3399416, 0.0 ], [ 76.7754798, 10.3407447, 0.0 ], [ 76.7764777, 10.3418091, 0.0 ], [ 76.7770854, 10.3420111, 0.0 ], [ 76.7781439, 10.3417644, 0.0 ], [ 76.7797122, 10.3408702, 0.0 ], [ 76.7824242, 10.3390512, 0.0 ], [ 76.7835903, 10.3380133, 0.0 ], [ 76.7849211, 10.3370925, 0.0 ], [ 76.7861569, 10.3365517, 0.0 ], [ 76.7875074, 10.3361822, 0.0 ], [ 76.7887167, 10.3359669, 0.0 ], [ 76.7902365, 10.3358321, 0.0 ], [ 76.7916149, 10.3357068, 0.0 ], [ 76.7931904, 10.3359199, 0.0 ], [ 76.7939625, 10.3361169, 0.0 ], [ 76.7948167, 10.3363498, 0.0 ], [ 76.7964254, 10.3370284, 0.0 ], [ 76.7977738, 10.337676, 0.0 ], [ 76.7985824, 10.3379045, 0.0 ], [ 76.7993815, 10.3379614, 0.0 ], [ 76.8002258, 10.3378508, 0.0 ], [ 76.8011653, 10.3374734, 0.0 ], [ 76.8019862, 10.3371594, 0.0 ], [ 76.8028301, 10.3368952, 0.0 ], [ 76.8037292, 10.3367755, 0.0 ], [ 76.8045056, 10.3369182, 0.0 ], [ 76.805091, 10.3373326, 0.0 ], [ 76.805527, 10.3382401, 0.0 ], [ 76.8057602, 10.3401741, 0.0 ], [ 76.8058652, 10.3420134, 0.0 ], [ 76.8058089, 10.3431888, 0.0 ], [ 76.8056923, 10.3440388, 0.0 ], [ 76.8064371, 10.344281, 0.0 ], [ 76.8071779, 10.3447674, 0.0 ], [ 76.8078324, 10.3454393, 0.0 ], [ 76.8082588, 10.3461433, 0.0 ], [ 76.8085017, 10.3464953, 0.0 ], [ 76.809346, 10.3464028, 0.0 ], [ 76.8102817, 10.3462919, 0.0 ], [ 76.8111261, 10.3462447, 0.0 ], [ 76.8119803, 10.3464052, 0.0 ], [ 76.8128031, 10.3467965, 0.0 ], [ 76.8134661, 10.3472287, 0.0 ], [ 76.8140841, 10.34786, 0.0 ], [ 76.8145967, 10.348374, 0.0 ], [ 76.8150769, 10.3486756, 0.0 ], [ 76.8160361, 10.3488675, 0.0 ], [ 76.8166476, 10.3487802, 0.0 ], [ 76.8171129, 10.3486208, 0.0 ], [ 76.81771, 10.3482576, 0.0 ], [ 76.8182338, 10.3477863, 0.0 ], [ 76.8189167, 10.3470161, 0.0 ], [ 76.819695, 10.3460695, 0.0 ], [ 76.8208373, 10.3446564, 0.0 ], [ 76.8219526, 10.3434287, 0.0 ], [ 76.8226858, 10.3427397, 0.0 ], [ 76.8239787, 10.3413036, 0.0 ], [ 76.8252086, 10.3402519, 0.0 ], [ 76.8260466, 10.3394949, 0.0 ], [ 76.8266248, 10.3388561, 0.0 ], [ 76.8273482, 10.3378915, 0.0 ], [ 76.8280315, 10.3372887, 0.0 ], [ 76.8285196, 10.3371563, 0.0 ], [ 76.829624, 10.3370179, 0.0 ], [ 76.8310615, 10.3368063, 0.0 ], [ 76.8326407, 10.3366712, 0.0 ], [ 76.8334625, 10.3366917, 0.0 ], [ 76.834189, 10.3369159, 0.0 ], [ 76.8356056, 10.337423, 0.0 ], [ 76.8363412, 10.3376742, 0.0 ], [ 76.8367797, 10.3377273, 0.0 ], [ 76.83746, 10.3377663, 0.0 ], [ 76.8376562, 10.3377658, 0.0 ], [ 76.8371905, 10.3394754, 0.0 ], [ 76.8365753, 10.3398839, 0.0 ], [ 76.8361837, 10.3402691, 0.0 ], [ 76.8360928, 10.3404365, 0.0 ], [ 76.8360945, 10.3410919, 0.0 ], [ 76.8362175, 10.3444545, 0.0 ], [ 76.8363083, 10.3460182, 0.0 ], [ 76.836469, 10.3463522, 0.0 ], [ 76.8369131, 10.3468393, 0.0 ], [ 76.8381034, 10.3480837, 0.0 ], [ 76.8393439, 10.3493461, 0.0 ], [ 76.839907, 10.3498961, 0.0 ], [ 76.8403413, 10.3501571, 0.0 ], [ 76.8413101, 10.3504756, 0.0 ], [ 76.8416986, 10.3506192, 0.0 ], [ 76.8417811, 10.3507772, 0.0 ], [ 76.8419384, 10.353299, 0.0 ], [ 76.8419392, 10.3535928, 0.0 ], [ 76.8428634, 10.3543542, 0.0 ], [ 76.8444602, 10.3556383, 0.0 ], [ 76.845554, 10.3566208, 0.0 ], [ 76.8460124, 10.3573111, 0.0 ], [ 76.8461964, 10.357844, 0.0 ], [ 76.8462391, 10.3584496, 0.0 ], [ 76.8461043, 10.359259, 0.0 ], [ 76.8457382, 10.3606611, 0.0 ], [ 76.8452043, 10.3624705, 0.0 ], [ 76.8451598, 10.3629317, 0.0 ], [ 76.8453163, 10.3633969, 0.0 ], [ 76.8454862, 10.3637354, 0.0 ], [ 76.8465486, 10.3649575, 0.0 ], [ 76.847798, 10.3660572, 0.0 ], [ 76.848627, 10.367072, 0.0 ], [ 76.8488021, 10.3676546, 0.0 ], [ 76.8487854, 10.3682287, 0.0 ], [ 76.8486631, 10.3685997, 0.0 ], [ 76.8485041, 10.3689029, 0.0 ], [ 76.8482175, 10.3692878, 0.0 ], [ 76.847899, 10.3697, 0.0 ], [ 76.8476125, 10.3701301, 0.0 ], [ 76.846439, 10.3718237, 0.0 ], [ 76.8453203, 10.3735216, 0.0 ], [ 76.844475, 10.3749657, 0.0 ], [ 76.8442708, 10.3754543, 0.0 ], [ 76.844167, 10.3758976, 0.0 ], [ 76.8441184, 10.3765395, 0.0 ], [ 76.8440155, 10.3772947, 0.0 ], [ 76.8438928, 10.3775345, 0.0 ], [ 76.8429572, 10.3776771, 0.0 ], [ 76.8423413, 10.3778594, 0.0 ], [ 76.8414977, 10.3783001, 0.0 ], [ 76.8410376, 10.378681, 0.0 ], [ 76.8406277, 10.3790979, 0.0 ], [ 76.8395078, 10.3803166, 0.0 ], [ 76.8382421, 10.3816804, 0.0 ], [ 76.8376363, 10.3822334, 0.0 ], [ 76.8370575, 10.3826643, 0.0 ], [ 76.8366425, 10.3828462, 0.0 ], [ 76.8360494, 10.3830105, 0.0 ], [ 76.8347623, 10.3832036, 0.0 ], [ 76.8342921, 10.38325, 0.0 ], [ 76.8326829, 10.3859752, 0.0 ], [ 76.8313694, 10.3882792, 0.0 ], [ 76.8308696, 10.3892297, 0.0 ], [ 76.8305008, 10.3896601, 0.0 ], [ 76.8278124, 10.3917642, 0.0 ], [ 76.8253107, 10.3937142, 0.0 ], [ 76.8236567, 10.3950608, 0.0 ], [ 76.8266404, 10.3975844, 0.0 ], [ 76.8288185, 10.3993372, 0.0 ], [ 76.8308133, 10.4008733, 0.0 ], [ 76.8340344, 10.403342, 0.0 ], [ 76.8334749, 10.404157, 0.0 ], [ 76.8324971, 10.4056828, 0.0 ], [ 76.8324936, 10.4060579, 0.0 ], [ 76.8326637, 10.4065185, 0.0 ], [ 76.8335848, 10.4077682, 0.0 ], [ 76.8328546, 10.4079057, 0.0 ], [ 76.8306166, 10.4111659, 0.0 ], [ 76.8304343, 10.4112974, 0.0 ], [ 76.8274662, 10.4113457, 0.0 ], [ 76.8258223, 10.4095826, 0.0 ], [ 76.8246365, 10.4101234, 0.0 ], [ 76.8244519, 10.4111183, 0.0 ], [ 76.8225338, 10.4145584, 0.0 ], [ 76.8231749, 10.4170066, 0.0 ], [ 76.8163786, 10.423519, 0.0 ], [ 76.8183808, 10.4278668, 0.0 ], [ 76.8203382, 10.4324858, 0.0 ], [ 76.8251301, 10.443561, 0.0 ], [ 76.8283259, 10.4501655, 0.0 ], [ 76.828647, 10.4594261, 0.0 ], [ 76.8289658, 10.4642707, 0.0 ], [ 76.8295543, 10.4744346, 0.0 ], [ 76.8296454, 10.4778289, 0.0 ], [ 76.8303766, 10.4866093, 0.0 ], [ 76.8307421, 10.491838, 0.0 ], [ 76.8306939, 10.4960914, 0.0 ], [ 76.8309206, 10.4988977, 0.0 ], [ 76.8310366, 10.5000327, 0.0 ], [ 76.8321194, 10.5031433, 0.0 ], [ 76.8327237, 10.5053656, 0.0 ], [ 76.8334747, 10.5077999, 0.0 ], [ 76.8341619, 10.5102931, 0.0 ], [ 76.8348617, 10.5124705, 0.0 ], [ 76.8349774, 10.5128308, 0.0 ], [ 76.835249, 10.5136757, 0.0 ], [ 76.8358174, 10.5155594, 0.0 ], [ 76.8359261, 10.5159197, 0.0 ], [ 76.8366868, 10.5184404, 0.0 ], [ 76.8378709, 10.5222477, 0.0 ], [ 76.8379068, 10.5223748, 0.0 ], [ 76.8380085, 10.5227352, 0.0 ], [ 76.8391068, 10.5266288, 0.0 ], [ 76.8397931, 10.5287197, 0.0 ], [ 76.8403882, 10.5308741, 0.0 ], [ 76.8412266, 10.5335026, 0.0 ], [ 76.8417399, 10.5353597, 0.0 ], [ 76.8418799, 10.5357197, 0.0 ], [ 76.8430961, 10.5372853, 0.0 ], [ 76.842608, 10.5392347, 0.0 ], [ 76.8420548, 10.540782, 0.0 ], [ 76.8401942, 10.5419802, 0.0 ], [ 76.8380828, 10.5433553, 0.0 ], [ 76.8353597, 10.5449399, 0.0 ], [ 76.8351874, 10.5454013, 0.0 ], [ 76.8351525, 10.5477699, 0.0 ], [ 76.8351009, 10.5489678, 0.0 ], [ 76.8352224, 10.5499844, 0.0 ], [ 76.835224, 10.5522715, 0.0 ], [ 76.835221, 10.5528546, 0.0 ], [ 76.8352442, 10.5530082, 0.0 ], [ 76.8353725, 10.553148, 0.0 ], [ 76.8355143, 10.553229, 0.0 ], [ 76.835968, 10.5537431, 0.0 ], [ 76.8361424, 10.554041, 0.0 ], [ 76.8362162, 10.5543345, 0.0 ], [ 76.8361395, 10.5546783, 0.0 ], [ 76.835702, 10.5568083, 0.0 ], [ 76.8356172, 10.5575362, 0.0 ], [ 76.8356521, 10.5577272, 0.0 ], [ 76.8356775, 10.557866, 0.0 ], [ 76.8361081, 10.5583078, 0.0 ], [ 76.8365704, 10.558614, 0.0 ], [ 76.8369241, 10.5587514, 0.0 ], [ 76.837253, 10.5590136, 0.0 ], [ 76.8379884, 10.5597415, 0.0 ], [ 76.8385457, 10.560519, 0.0 ], [ 76.8391406, 10.5613327, 0.0 ], [ 76.8388549, 10.5621471, 0.0 ], [ 76.8389814, 10.5632949, 0.0 ], [ 76.8392167, 10.5641394, 0.0 ], [ 76.8392229, 10.5647541, 0.0 ], [ 76.8389141, 10.5654465, 0.0 ], [ 76.8383765, 10.566031, 0.0 ], [ 76.8379894, 10.5664479, 0.0 ], [ 76.8375658, 10.5669507, 0.0 ], [ 76.837107, 10.5679507, 0.0 ], [ 76.8367198, 10.5683405, 0.0 ], [ 76.8357939, 10.5689215, 0.0 ], [ 76.8351783, 10.5693389, 0.0 ], [ 76.8346727, 10.5699097, 0.0 ], [ 76.8343995, 10.5702991, 0.0 ], [ 76.8342132, 10.5706251, 0.0 ], [ 76.8342925, 10.5712622, 0.0 ], [ 76.8343397, 10.571818, 0.0 ], [ 76.8342549, 10.5725912, 0.0 ], [ 76.8339459, 10.5731841, 0.0 ], [ 76.8336956, 10.5735734, 0.0 ], [ 76.8335594, 10.5738948, 0.0 ], [ 76.8335652, 10.5743558, 0.0 ], [ 76.8339619, 10.5757785, 0.0 ], [ 76.8348456, 10.5781898, 0.0 ], [ 76.8355933, 10.5793223, 0.0 ], [ 76.8360248, 10.5800761, 0.0 ], [ 76.8365883, 10.5806215, 0.0 ], [ 76.8369961, 10.5810815, 0.0 ], [ 76.8372895, 10.5814558, 0.0 ], [ 76.8375419, 10.5818574, 0.0 ], [ 76.8375427, 10.5821648, 0.0 ], [ 76.8374155, 10.5824364, 0.0 ], [ 76.8371372, 10.5826088, 0.0 ], [ 76.8369502, 10.5827223, 0.0 ], [ 76.8369327, 10.5829755, 0.0 ], [ 76.8370841, 10.5832237, 0.0 ], [ 76.8373406, 10.5834716, 0.0 ], [ 76.837419, 10.5837019, 0.0 ], [ 76.8374381, 10.5840273, 0.0 ], [ 76.837133, 10.5844123, 0.0 ], [ 76.8368638, 10.5845847, 0.0 ], [ 76.8367869, 10.584838, 0.0 ], [ 76.8369207, 10.5853168, 0.0 ], [ 76.8370449, 10.58566, 0.0 ], [ 76.837023, 10.5859901, 0.0 ], [ 76.8368874, 10.5865283, 0.0 ], [ 76.8368749, 10.5869893, 0.0 ], [ 76.836954, 10.5874908, 0.0 ], [ 76.8371653, 10.5879513, 0.0 ], [ 76.8373263, 10.5883531, 0.0 ], [ 76.8374239, 10.5889495, 0.0 ], [ 76.8374527, 10.5894738, 0.0 ], [ 76.837394, 10.5897225, 0.0 ], [ 76.8373398, 10.5899668, 0.0 ], [ 76.8373043, 10.590351, 0.0 ], [ 76.8373556, 10.5907351, 0.0 ], [ 76.8374389, 10.5911462, 0.0 ], [ 76.8375406, 10.5915572, 0.0 ], [ 76.8376374, 10.5918959, 0.0 ], [ 76.8377389, 10.5922302, 0.0 ], [ 76.8378678, 10.592623, 0.0 ], [ 76.8379922, 10.593016, 0.0 ], [ 76.83808, 10.5933773, 0.0 ], [ 76.8381313, 10.5937433, 0.0 ], [ 76.8381503, 10.5940189, 0.0 ], [ 76.8381556, 10.5942991, 0.0 ], [ 76.838138, 10.5945298, 0.0 ], [ 76.8381386, 10.5947603, 0.0 ], [ 76.8382033, 10.5950494, 0.0 ], [ 76.8382817, 10.5953339, 0.0 ], [ 76.8383558, 10.5956591, 0.0 ], [ 76.8384252, 10.5959889, 0.0 ], [ 76.8383623, 10.5964095, 0.0 ], [ 76.8382671, 10.5966673, 0.0 ], [ 76.8381535, 10.5969117, 0.0 ], [ 76.8380352, 10.5971154, 0.0 ], [ 76.8379216, 10.5973191, 0.0 ], [ 76.8377853, 10.5976358, 0.0 ], [ 76.8376537, 10.5979526, 0.0 ], [ 76.8375403, 10.5982557, 0.0 ], [ 76.8374036, 10.5984053, 0.0 ], [ 76.8372119, 10.5984736, 0.0 ], [ 76.8368053, 10.5984746, 0.0 ], [ 76.8363987, 10.5984802, 0.0 ], [ 76.8361063, 10.5984946, 0.0 ], [ 76.8358139, 10.598536, 0.0 ], [ 76.8355674, 10.5986271, 0.0 ], [ 76.8353301, 10.5987316, 0.0 ], [ 76.835061, 10.598886, 0.0 ], [ 76.8346906, 10.5987785, 0.0 ], [ 76.8343615, 10.5987206, 0.0 ], [ 76.8340829, 10.598762, 0.0 ], [ 76.8337996, 10.5987989, 0.0 ], [ 76.8332247, 10.5990625, 0.0 ], [ 76.8328185, 10.5992535, 0.0 ], [ 76.8323343, 10.5992774, 0.0 ], [ 76.831886, 10.5991068, 0.0 ], [ 76.831437, 10.5986469, 0.0 ], [ 76.831107, 10.59825, 0.0 ], [ 76.8308869, 10.5979252, 0.0 ], [ 76.8301685, 10.5975428, 0.0 ], [ 76.8294734, 10.5973368, 0.0 ], [ 76.8287877, 10.5971848, 0.0 ], [ 76.8283627, 10.5971678, 0.0 ], [ 76.8278181, 10.5968439, 0.0 ], [ 76.8273649, 10.5965196, 0.0 ], [ 76.8269162, 10.5961953, 0.0 ], [ 76.8266464, 10.5960831, 0.0 ], [ 76.8263722, 10.5960702, 0.0 ], [ 76.8260068, 10.5961254, 0.0 ], [ 76.8258015, 10.5962344, 0.0 ], [ 76.8254913, 10.5963979, 0.0 ], [ 76.8250807, 10.5966747, 0.0 ], [ 76.8246933, 10.5970011, 0.0 ], [ 76.824388, 10.5973183, 0.0 ], [ 76.824014, 10.5975679, 0.0 ], [ 76.8235666, 10.5977227, 0.0 ], [ 76.8231603, 10.5978549, 0.0 ], [ 76.8227956, 10.598136, 0.0 ], [ 76.8224085, 10.5986297, 0.0 ], [ 76.8220223, 10.5994623, 0.0 ], [ 76.8216222, 10.6002363, 0.0 ], [ 76.821198, 10.6005086, 0.0 ], [ 76.8205777, 10.600908, 0.0 ], [ 76.8199986, 10.601357, 0.0 ], [ 76.8195564, 10.6017468, 0.0 ], [ 76.8192098, 10.6019918, 0.0 ], [ 76.8185895, 10.6024002, 0.0 ], [ 76.8180875, 10.6026365, 0.0 ], [ 76.817677, 10.6029087, 0.0 ], [ 76.8173123, 10.6032035, 0.0 ], [ 76.8169206, 10.6037152, 0.0 ], [ 76.8166215, 10.6046698, 0.0 ], [ 76.8165456, 10.6053253, 0.0 ], [ 76.8165654, 10.6059264, 0.0 ], [ 76.816512, 10.6064463, 0.0 ], [ 76.816148, 10.6070304, 0.0 ], [ 76.8159159, 10.6073699, 0.0 ], [ 76.8157253, 10.6078676, 0.0 ], [ 76.8158321, 10.6085227, 0.0 ], [ 76.8163908, 10.6090275, 0.0 ], [ 76.8169217, 10.6093471, 0.0 ], [ 76.8174482, 10.6097299, 0.0 ], [ 76.8178604, 10.6100769, 0.0 ], [ 76.8184373, 10.6105364, 0.0 ], [ 76.8183292, 10.6111469, 0.0 ], [ 76.8181612, 10.6115586, 0.0 ], [ 76.8178471, 10.6119753, 0.0 ], [ 76.8173502, 10.612406, 0.0 ], [ 76.8169034, 10.6128094, 0.0 ], [ 76.8165481, 10.6132171, 0.0 ], [ 76.8163117, 10.6136652, 0.0 ], [ 76.8162953, 10.6143929, 0.0 ], [ 76.816301, 10.6144769, 0.0 ], [ 76.8163476, 10.6151657, 0.0 ], [ 76.8163991, 10.6156627, 0.0 ], [ 76.8164828, 10.6161823, 0.0 ], [ 76.8162972, 10.6168563, 0.0 ], [ 76.8160011, 10.6172006, 0.0 ], [ 76.8156132, 10.6174004, 0.0 ], [ 76.8151517, 10.6174016, 0.0 ], [ 76.8147816, 10.6174026, 0.0 ], [ 76.8144712, 10.6175209, 0.0 ], [ 76.8140656, 10.6179468, 0.0 ], [ 76.8137013, 10.6183907, 0.0 ], [ 76.8134236, 10.6188028, 0.0 ], [ 76.8131182, 10.6190973, 0.0 ], [ 76.812689, 10.6192159, 0.0 ], [ 76.8122829, 10.6194475, 0.0 ], [ 76.8118813, 10.6196203, 0.0 ], [ 76.8114481, 10.6200101, 0.0 ], [ 76.8111433, 10.62049, 0.0 ], [ 76.8110121, 10.6210282, 0.0 ], [ 76.8111877, 10.6217419, 0.0 ], [ 76.8113674, 10.6223155, 0.0 ], [ 76.8112592, 10.6228898, 0.0 ], [ 76.8109815, 10.6232792, 0.0 ], [ 76.8104391, 10.623814, 0.0 ], [ 76.8100973, 10.624181, 0.0 ], [ 76.8105414, 10.6244736, 0.0 ], [ 76.8111225, 10.6247614, 0.0 ], [ 76.8116301, 10.6249138, 0.0 ], [ 76.811886, 10.6249176, 0.0 ], [ 76.8118641, 10.6252567, 0.0 ], [ 76.8125299, 10.6265387, 0.0 ], [ 76.8134107, 10.62782, 0.0 ], [ 76.8140444, 10.6289891, 0.0 ], [ 76.8146443, 10.6295164, 0.0 ], [ 76.814969, 10.629633, 0.0 ], [ 76.8146259, 10.6312024, 0.0 ], [ 76.8144049, 10.6323239, 0.0 ], [ 76.8143534, 10.6335851, 0.0 ], [ 76.8143526, 10.6350315, 0.0 ], [ 76.8143446, 10.6355379, 0.0 ], [ 76.8141824, 10.6358562, 0.0 ], [ 76.8145462, 10.6357085, 0.0 ], [ 76.8161763, 10.6351623, 0.0 ], [ 76.8176746, 10.6348869, 0.0 ], [ 76.8180393, 10.6348199, 0.0 ], [ 76.8183458, 10.6347636, 0.0 ], [ 76.8191858, 10.6344631, 0.0 ], [ 76.8199807, 10.6343797, 0.0 ], [ 76.8211324, 10.6344174, 0.0 ], [ 76.8223667, 10.6346221, 0.0 ], [ 76.8233179, 10.6349043, 0.0 ], [ 76.8237482, 10.635179, 0.0 ], [ 76.8240365, 10.6353635, 0.0 ], [ 76.8242883, 10.6354804, 0.0 ], [ 76.8245899, 10.6355203, 0.0 ], [ 76.8251156, 10.6355595, 0.0 ], [ 76.8256547, 10.6355536, 0.0 ], [ 76.8262443, 10.6356018, 0.0 ], [ 76.826761, 10.6357271, 0.0 ], [ 76.8272459, 10.6359111, 0.0 ], [ 76.8277996, 10.636208, 0.0 ], [ 76.8283902, 10.6366132, 0.0 ], [ 76.8289029, 10.6369599, 0.0 ], [ 76.8294887, 10.6373019, 0.0 ], [ 76.8301474, 10.6375487, 0.0 ], [ 76.8304585, 10.6376078, 0.0 ], [ 76.830656, 10.637621, 0.0 ], [ 76.8308241, 10.6376058, 0.0 ], [ 76.8311802, 10.6375144, 0.0 ], [ 76.8330285, 10.6366372, 0.0 ], [ 76.834983, 10.6361529, 0.0 ], [ 76.8361107, 10.6358064, 0.0 ], [ 76.8374708, 10.6352017, 0.0 ], [ 76.8386208, 10.634593, 0.0 ], [ 76.839278, 10.634302, 0.0 ], [ 76.8401281, 10.6343449, 0.0 ], [ 76.841116, 10.6346542, 0.0 ], [ 76.8417289, 10.6348786, 0.0 ], [ 76.8431792, 10.6355075, 0.0 ], [ 76.8439841, 10.6357313, 0.0 ], [ 76.8444459, 10.6358431, 0.0 ], [ 76.8453234, 10.6358996, 0.0 ], [ 76.8462006, 10.6358294, 0.0 ], [ 76.8475938, 10.6356313, 0.0 ], [ 76.8483977, 10.6355207, 0.0 ], [ 76.8486767, 10.6354882, 0.0 ], [ 76.8490417, 10.6354458, 0.0 ], [ 76.8500286, 10.635331, 0.0 ], [ 76.8506911, 10.6353156, 0.0 ], [ 76.8520531, 10.6351374, 0.0 ], [ 76.8524181, 10.6350896, 0.0 ], [ 76.8525594, 10.6350711, 0.0 ], [ 76.853272, 10.6349426, 0.0 ], [ 76.8549968, 10.6340023, 0.0 ], [ 76.856014, 10.6333849, 0.0 ], [ 76.8567438, 10.6328993, 0.0 ], [ 76.8573006, 10.6326401, 0.0 ], [ 76.857789, 10.632449, 0.0 ], [ 76.858835, 10.6322834, 0.0 ], [ 76.8606584, 10.6323418, 0.0 ], [ 76.8614997, 10.6325113, 0.0 ], [ 76.8619938, 10.6326244, 0.0 ], [ 76.8623603, 10.6327083, 0.0 ], [ 76.8626703, 10.6327792, 0.0 ], [ 76.8640374, 10.6330558, 0.0 ], [ 76.8651299, 10.6331839, 0.0 ], [ 76.8666514, 10.6331345, 0.0 ], [ 76.8675062, 10.6332451, 0.0 ], [ 76.8680136, 10.6335858, 0.0 ], [ 76.8683822, 10.6338361, 0.0 ], [ 76.8697497, 10.6347667, 0.0 ], [ 76.8717056, 10.6364247, 0.0 ], [ 76.8725761, 10.6372765, 0.0 ], [ 76.8729287, 10.6375151, 0.0 ], [ 76.8730736, 10.637585, 0.0 ], [ 76.8734413, 10.6377625, 0.0 ], [ 76.8734595, 10.6377712, 0.0 ], [ 76.8751701, 10.6382999, 0.0 ], [ 76.8775437, 10.6389893, 0.0 ], [ 76.8776671, 10.6389999, 0.0 ], [ 76.878033, 10.6390312, 0.0 ], [ 76.8791297, 10.6391251, 0.0 ], [ 76.8810269, 10.6393864, 0.0 ], [ 76.8822063, 10.6395317, 0.0 ], [ 76.8824755, 10.6397071, 0.0 ], [ 76.8826651, 10.6417774, 0.0 ], [ 76.8827526, 10.6452168, 0.0 ], [ 76.8827631, 10.6453745, 0.0 ], [ 76.882787, 10.6457359, 0.0 ], [ 76.8828099, 10.6460799, 0.0 ], [ 76.8828013, 10.6462599, 0.0 ], [ 76.8829339, 10.6466261, 0.0 ], [ 76.8838478, 10.6476839, 0.0 ], [ 76.8838615, 10.6488637, 0.0 ], [ 76.8837381, 10.6499984, 0.0 ], [ 76.8835141, 10.6507669, 0.0 ], [ 76.8832445, 10.6518519, 0.0 ], [ 76.8829474, 10.6529414, 0.0 ], [ 76.8826366, 10.653407, 0.0 ], [ 76.8820882, 10.6539766, 0.0 ], [ 76.881357, 10.6551701, 0.0 ], [ 76.8809183, 10.656454, 0.0 ], [ 76.8809228, 10.6571908, 0.0 ], [ 76.8809776, 10.6583843, 0.0 ], [ 76.8811329, 10.6593426, 0.0 ], [ 76.8813112, 10.6596094, 0.0 ], [ 76.881462, 10.6597404, 0.0 ], [ 76.8816437, 10.6599652, 0.0 ], [ 76.881368, 10.6612617, 0.0 ], [ 76.8810325, 10.6620307, 0.0 ], [ 76.8808599, 10.6623944, 0.0 ], [ 76.8804773, 10.6630449, 0.0 ], [ 76.8795673, 10.6644396, 0.0 ], [ 76.8787525, 10.6655854, 0.0 ], [ 76.8786071, 10.6659235, 0.0 ], [ 76.8784761, 10.6662867, 0.0 ], [ 76.878136, 10.6673544, 0.0 ], [ 76.8780551, 10.6678292, 0.0 ], [ 76.8781265, 10.6688234, 0.0 ], [ 76.8781401, 10.6689859, 0.0 ], [ 76.8781704, 10.6693472, 0.0 ], [ 76.8781974, 10.6696683, 0.0 ], [ 76.8784574, 10.6712941, 0.0 ], [ 76.8785529, 10.6718914, 0.0 ], [ 76.8786208, 10.6723159, 0.0 ], [ 76.8786321, 10.6730616, 0.0 ], [ 76.8786069, 10.6738345, 0.0 ], [ 76.8784, 10.6750329, 0.0 ], [ 76.8780191, 10.6760734, 0.0 ], [ 76.8777643, 10.6764538, 0.0 ], [ 76.8774772, 10.6767349, 0.0 ], [ 76.8763349, 10.6768329, 0.0 ], [ 76.8737896, 10.6769802, 0.0 ], [ 76.871943, 10.6768904, 0.0 ], [ 76.8703156, 10.6767502, 0.0 ], [ 76.8695823, 10.6767829, 0.0 ], [ 76.8684041, 10.6779803, 0.0 ], [ 76.867862, 10.6786191, 0.0 ], [ 76.8675388, 10.679054, 0.0 ], [ 76.8673526, 10.6794884, 0.0 ], [ 76.8670894, 10.6801671, 0.0 ], [ 76.8670456, 10.6808316, 0.0 ], [ 76.86697, 10.6815821, 0.0 ], [ 76.8668727, 10.6827575, 0.0 ], [ 76.8667328, 10.6833726, 0.0 ], [ 76.8665062, 10.6840512, 0.0 ], [ 76.866161, 10.684798, 0.0 ], [ 76.8660344, 10.6853136, 0.0 ], [ 76.8662733, 10.6857649, 0.0 ], [ 76.8666864, 10.686374, 0.0 ], [ 76.8669985, 10.6868206, 0.0 ], [ 76.8672145, 10.6872584, 0.0 ], [ 76.8673343, 10.687588, 0.0 ], [ 76.8676963, 10.6879532, 0.0 ], [ 76.8682094, 10.6883404, 0.0 ], [ 76.8687365, 10.6888949, 0.0 ], [ 76.8690116, 10.6892332, 0.0 ], [ 76.8692598, 10.689698, 0.0 ], [ 76.8694945, 10.6902578, 0.0 ], [ 76.8697475, 10.6908266, 0.0 ], [ 76.86989, 10.6911381, 0.0 ], [ 76.8701703, 10.691648, 0.0 ], [ 76.8704365, 10.6920587, 0.0 ], [ 76.870841, 10.6928756, 0.0 ], [ 76.8696002, 10.6932653, 0.0 ], [ 76.8689192, 10.6935908, 0.0 ], [ 76.8683433, 10.6940474, 0.0 ], [ 76.8675891, 10.6947751, 0.0 ], [ 76.8687521, 10.6960679, 0.0 ], [ 76.869197, 10.6966045, 0.0 ], [ 76.8695501, 10.6970239, 0.0 ], [ 76.8699217, 10.6975065, 0.0 ], [ 76.8700967, 10.6979896, 0.0 ], [ 76.8703487, 10.6982194, 0.0 ], [ 76.8709676, 10.6988776, 0.0 ], [ 76.8714075, 10.6992651, 0.0 ], [ 76.871428, 10.6992461, 0.0 ], [ 76.8717982, 10.6999061, 0.0 ], [ 76.8721729, 10.7005481, 0.0 ], [ 76.8727761, 10.70152, 0.0 ], [ 76.8733246, 10.7023337, 0.0 ], [ 76.8738089, 10.7034956, 0.0 ], [ 76.8743299, 10.7049376, 0.0 ], [ 76.8748582, 10.7058893, 0.0 ], [ 76.8751983, 10.7065017, 0.0 ], [ 76.8760483, 10.7076274, 0.0 ], [ 76.8765648, 10.7083191, 0.0 ], [ 76.8771304, 10.7090437, 0.0 ], [ 76.8774788, 10.709436, 0.0 ], [ 76.8779713, 10.710637, 0.0 ], [ 76.8782244, 10.7112057, 0.0 ], [ 76.8790641, 10.7123605, 0.0 ], [ 76.8803533, 10.7140427, 0.0 ], [ 76.8810786, 10.7151209, 0.0 ], [ 76.8817582, 10.7162038, 0.0 ], [ 76.881947, 10.7167004, 0.0 ], [ 76.8821129, 10.7171519, 0.0 ], [ 76.8822084, 10.7173396, 0.0 ], [ 76.8822094, 10.7173415, 0.0 ], [ 76.8827404, 10.7175932, 0.0 ], [ 76.8836695, 10.7180335, 0.0 ], [ 76.8848181, 10.7184958, 0.0 ], [ 76.8856276, 10.7186381, 0.0 ], [ 76.8863497, 10.7186271, 0.0 ], [ 76.8874455, 10.7181992, 0.0 ], [ 76.8883992, 10.7176179, 0.0 ], [ 76.8890697, 10.717155, 0.0 ], [ 76.8898187, 10.7169178, 0.0 ], [ 76.8900073, 10.7169173, 0.0 ], [ 76.8902986, 10.7169165, 0.0 ], [ 76.890775, 10.7172858, 0.0 ], [ 76.8913627, 10.7181745, 0.0 ], [ 76.891915, 10.7194792, 0.0 ], [ 76.8921221, 10.7199848, 0.0 ], [ 76.8923111, 10.7205131, 0.0 ], [ 76.892596, 10.7210094, 0.0 ], [ 76.8928575, 10.7213567, 0.0 ], [ 76.8929401, 10.7214605, 0.0 ], [ 76.8921922, 10.7220456, 0.0 ], [ 76.8911122, 10.7232102, 0.0 ], [ 76.8909834, 10.7233891, 0.0 ], [ 76.8907797, 10.7237041, 0.0 ], [ 76.8905481, 10.7241339, 0.0 ], [ 76.8905184, 10.7243913, 0.0 ], [ 76.8905059, 10.7247531, 0.0 ], [ 76.8905239, 10.7252595, 0.0 ], [ 76.8904633, 10.7254176, 0.0 ], [ 76.8902667, 10.7257817, 0.0 ], [ 76.8902787, 10.7257816, 0.0 ], [ 76.889673, 10.7265771, 0.0 ], [ 76.8889999, 10.7277496, 0.0 ], [ 76.8886404, 10.7283111, 0.0 ], [ 76.888568, 10.7285961, 0.0 ], [ 76.8885507, 10.7289306, 0.0 ], [ 76.8887366, 10.7299877, 0.0 ], [ 76.888797, 10.7303175, 0.0 ], [ 76.8887829, 10.7304037, 0.0 ], [ 76.8887235, 10.7307661, 0.0 ], [ 76.8887206, 10.7307833, 0.0 ], [ 76.8884487, 10.7315795, 0.0 ], [ 76.8883216, 10.7318827, 0.0 ], [ 76.8882964, 10.7321039, 0.0 ], [ 76.8882965, 10.7324656, 0.0 ], [ 76.8884577, 10.7331071, 0.0 ], [ 76.888725, 10.7338522, 0.0 ], [ 76.8887661, 10.7339876, 0.0 ], [ 76.8888756, 10.734348, 0.0 ], [ 76.8890434, 10.7348999, 0.0 ], [ 76.8891304, 10.7351751, 0.0 ], [ 76.8892442, 10.7355354, 0.0 ], [ 76.8893202, 10.735776, 0.0 ], [ 76.8900648, 10.7371841, 0.0 ], [ 76.8902207, 10.7374289, 0.0 ], [ 76.8904492, 10.7377878, 0.0 ], [ 76.8907398, 10.7382443, 0.0 ], [ 76.8909315, 10.7384303, 0.0 ], [ 76.8912546, 10.7387439, 0.0 ], [ 76.8918263, 10.7392988, 0.0 ], [ 76.8926739, 10.7399609, 0.0 ], [ 76.8929595, 10.7402735, 0.0 ], [ 76.8929566, 10.7402735, 0.0 ], [ 76.8931282, 10.7406331, 0.0 ], [ 76.8932396, 10.7411389, 0.0 ], [ 76.8933326, 10.7416493, 0.0 ], [ 76.8936684, 10.7424123, 0.0 ], [ 76.8936988, 10.742458, 0.0 ], [ 76.8939379, 10.7428167, 0.0 ], [ 76.8940862, 10.7430394, 0.0 ], [ 76.8947004, 10.7435754, 0.0 ], [ 76.8948828, 10.7437575, 0.0 ], [ 76.8951691, 10.7440432, 0.0 ], [ 76.895301, 10.7441748, 0.0 ], [ 76.8960073, 10.7449909, 0.0 ], [ 76.8961637, 10.745334, 0.0 ], [ 76.8961566, 10.7454918, 0.0 ], [ 76.89614, 10.7458537, 0.0 ], [ 76.8961079, 10.746559, 0.0 ], [ 76.8961073, 10.7471645, 0.0 ], [ 76.8961069, 10.7475262, 0.0 ], [ 76.8961056, 10.7488867, 0.0 ], [ 76.8961046, 10.7492484, 0.0 ], [ 76.8961034, 10.7497093, 0.0 ], [ 76.8960912, 10.7500168, 0.0 ], [ 76.8959564, 10.7508283, 0.0 ], [ 76.8961578, 10.751623, 0.0 ], [ 76.896306, 10.7519846, 0.0 ], [ 76.8965665, 10.7524445, 0.0 ], [ 76.8983167, 10.7538449, 0.0 ], [ 76.9000206, 10.7550692, 0.0 ], [ 76.9010849, 10.7563723, 0.0 ], [ 76.9024987, 10.7583883, 0.0 ], [ 76.903171, 10.7600675, 0.0 ], [ 76.9035855, 10.7611148, 0.0 ], [ 76.9037694, 10.7618191, 0.0 ], [ 76.9037949, 10.7621806, 0.0 ], [ 76.9037095, 10.7628904, 0.0 ], [ 76.903632, 10.766036, 0.0 ], [ 76.9035039, 10.7675639, 0.0 ], [ 76.9033791, 10.7686353, 0.0 ], [ 76.9027862, 10.7706029, 0.0 ], [ 76.9025764, 10.7707888, 0.0 ], [ 76.9028339, 10.7712987, 0.0 ], [ 76.9030678, 10.7715556, 0.0 ], [ 76.9033789, 10.7716813, 0.0 ], [ 76.9039454, 10.7715576, 0.0 ], [ 76.9050051, 10.771297, 0.0 ], [ 76.9053119, 10.7714317, 0.0 ], [ 76.9052637, 10.7721458, 0.0 ], [ 76.9052893, 10.7731129, 0.0 ], [ 76.9053134, 10.773524, 0.0 ], [ 76.9063463, 10.7749988, 0.0 ], [ 76.9070168, 10.7760227, 0.0 ], [ 76.9073769, 10.7772463, 0.0 ], [ 76.9075345, 10.777987, 0.0 ], [ 76.9074312, 10.7785749, 0.0 ], [ 76.907171, 10.7802613, 0.0 ], [ 76.9070818, 10.7810253, 0.0 ], [ 76.9070336, 10.7817168, 0.0 ], [ 76.9070298, 10.7819473, 0.0 ], [ 76.907159, 10.7823808, 0.0 ], [ 76.9072102, 10.782688, 0.0 ], [ 76.9068194, 10.7834528, 0.0 ], [ 76.9064875, 10.7840684, 0.0 ], [ 76.906206, 10.7847336, 0.0 ], [ 76.9055331, 10.7859286, 0.0 ], [ 76.9054336, 10.7862859, 0.0 ], [ 76.9053534, 10.7869775, 0.0 ], [ 76.905584, 10.787691, 0.0 ], [ 76.9056084, 10.7882015, 0.0 ], [ 76.9052223, 10.7890432, 0.0 ], [ 76.9047329, 10.7904998, 0.0 ], [ 76.9044206, 10.7915492, 0.0 ], [ 76.9041932, 10.7919385, 0.0 ], [ 76.9037564, 10.7926221, 0.0 ], [ 76.9035199, 10.7930341, 0.0 ], [ 76.9032881, 10.7934912, 0.0 ], [ 76.902957, 10.7943869, 0.0 ], [ 76.9029554, 10.7953812, 0.0 ], [ 76.9029541, 10.7964793, 0.0 ], [ 76.9027735, 10.7972481, 0.0 ], [ 76.9026924, 10.7976551, 0.0 ], [ 76.9020787, 10.7988274, 0.0 ], [ 76.9015598, 10.7995926, 0.0 ], [ 76.9012223, 10.7998512, 0.0 ], [ 76.9008393, 10.8001821, 0.0 ], [ 76.9006265, 10.8008742, 0.0 ], [ 76.9005788, 10.8017647, 0.0 ], [ 76.90053, 10.802271, 0.0 ], [ 76.9004987, 10.8025015, 0.0 ], [ 76.9006837, 10.8032467, 0.0 ], [ 76.9007594, 10.8041141, 0.0 ], [ 76.901018, 10.8049585, 0.0 ], [ 76.9012527, 10.805491, 0.0 ], [ 76.9011718, 10.8059794, 0.0 ], [ 76.9010183, 10.8066396, 0.0 ], [ 76.9008873, 10.8071506, 0.0 ], [ 76.900682, 10.8073049, 0.0 ], [ 76.8999335, 10.8077138, 0.0 ], [ 76.8993902, 10.8079413, 0.0 ], [ 76.8986688, 10.8082733, 0.0 ], [ 76.8971746, 10.8085306, 0.0 ], [ 76.8959317, 10.8087376, 0.0 ], [ 76.8943325, 10.8090405, 0.0 ], [ 76.8926276, 10.8091176, 0.0 ], [ 76.8912014, 10.8091941, 0.0 ], [ 76.890557, 10.8092682, 0.0 ], [ 76.8901455, 10.8092468, 0.0 ], [ 76.8893692, 10.8095292, 0.0 ], [ 76.8889853, 10.8095754, 0.0 ], [ 76.8882075, 10.809397, 0.0 ], [ 76.8877679, 10.809118, 0.0 ], [ 76.887022, 10.8088851, 0.0 ], [ 76.8860428, 10.8086077, 0.0 ], [ 76.8855259, 10.8084781, 0.0 ], [ 76.884753, 10.8083809, 0.0 ], [ 76.8842638, 10.8083778, 0.0 ], [ 76.8835148, 10.8086058, 0.0 ], [ 76.8829704, 10.808508, 0.0 ], [ 76.8825265, 10.8083239, 0.0 ], [ 76.8816761, 10.8083037, 0.0 ], [ 76.8810542, 10.8082468, 0.0 ], [ 76.8804599, 10.8082484, 0.0 ], [ 76.8800489, 10.8084303, 0.0 ], [ 76.8788568, 10.8088134, 0.0 ], [ 76.878185, 10.8088875, 0.0 ], [ 76.8773073, 10.8089126, 0.0 ], [ 76.8765341, 10.8087114, 0.0 ], [ 76.8756604, 10.808506, 0.0 ], [ 76.8752219, 10.8086835, 0.0 ], [ 76.874344, 10.8086046, 0.0 ], [ 76.8731595, 10.8084317, 0.0 ], [ 76.8727153, 10.8081979, 0.0 ], [ 76.8722262, 10.8081992, 0.0 ], [ 76.8715544, 10.8082734, 0.0 ], [ 76.8710881, 10.8083019, 0.0 ], [ 76.8705761, 10.8083033, 0.0 ], [ 76.8700596, 10.8083273, 0.0 ], [ 76.8693346, 10.8090163, 0.0 ], [ 76.8684595, 10.809909, 0.0 ], [ 76.8680173, 10.8103666, 0.0 ], [ 76.8677583, 10.8109278, 0.0 ], [ 76.8676808, 10.8110048, 0.0 ], [ 76.8665993, 10.8117173, 0.0 ], [ 76.8657464, 10.8124112, 0.0 ], [ 76.8655641, 10.8126151, 0.0 ], [ 76.8652586, 10.8128961, 0.0 ], [ 76.8652031, 10.8142746, 0.0 ], [ 76.865179, 10.8154271, 0.0 ], [ 76.8648695, 10.8159205, 0.0 ], [ 76.8645288, 10.8166853, 0.0 ], [ 76.8642237, 10.8171471, 0.0 ], [ 76.8639635, 10.8172743, 0.0 ], [ 76.8633462, 10.8172263, 0.0 ], [ 76.8630351, 10.8171458, 0.0 ], [ 76.8624189, 10.8175045, 0.0 ], [ 76.8611001, 10.8183713, 0.0 ], [ 76.8604832, 10.818477, 0.0 ], [ 76.8601719, 10.8183242, 0.0 ], [ 76.859891, 10.8176065, 0.0 ], [ 76.859345, 10.8169436, 0.0 ], [ 76.85875, 10.8166651, 0.0 ], [ 76.8582108, 10.8167885, 0.0 ], [ 76.857462, 10.8171206, 0.0 ], [ 76.8567415, 10.8177598, 0.0 ], [ 76.8563307, 10.8179914, 0.0 ], [ 76.8559924, 10.8179922, 0.0 ], [ 76.8547527, 10.8177607, 0.0 ], [ 76.8546246, 10.8177339, 0.0 ], [ 76.8545241, 10.8177342, 0.0 ], [ 76.8541632, 10.8178391, 0.0 ], [ 76.853798, 10.8180435, 0.0 ], [ 76.8533598, 10.8182933, 0.0 ], [ 76.8530723, 10.8184477, 0.0 ], [ 76.8525833, 10.8185529, 0.0 ], [ 76.8517833, 10.8185506, 0.0 ], [ 76.8512938, 10.818448, 0.0 ], [ 76.8507532, 10.8180428, 0.0 ], [ 76.8501846, 10.8174251, 0.0 ], [ 76.8499006, 10.8172497, 0.0 ], [ 76.8496683, 10.8175577, 0.0 ], [ 76.849258, 10.8179655, 0.0 ], [ 76.848893, 10.8182467, 0.0 ], [ 76.8481723, 10.8188046, 0.0 ], [ 76.8481962, 10.8191886, 0.0 ], [ 76.8479693, 10.8197767, 0.0 ], [ 76.847966, 10.8202377, 0.0 ], [ 76.8476052, 10.8204149, 0.0 ], [ 76.8476033, 10.8213594, 0.0 ], [ 76.847604, 10.821617, 0.0 ], [ 76.8477564, 10.8221273, 0.0 ], [ 76.8474206, 10.8230456, 0.0 ], [ 76.8469959, 10.8232366, 0.0 ], [ 76.8466101, 10.8242364, 0.0 ], [ 76.8463816, 10.8242596, 0.0 ], [ 76.845939, 10.8245682, 0.0 ], [ 76.8452411, 10.825153, 0.0 ], [ 76.8449855, 10.82533, 0.0 ], [ 76.8450837, 10.8260979, 0.0 ], [ 76.8456798, 10.8267381, 0.0 ], [ 76.8461198, 10.827121, 0.0 ], [ 76.8464038, 10.8273236, 0.0 ], [ 76.8468196, 10.8272185, 0.0 ], [ 76.8469965, 10.8267165, 0.0 ], [ 76.8473566, 10.8263313, 0.0 ], [ 76.8476685, 10.8267146, 0.0 ], [ 76.848031, 10.82717, 0.0 ], [ 76.8481599, 10.8275041, 0.0 ], [ 76.8485742, 10.8285289, 0.0 ], [ 76.8485752, 10.8288858, 0.0 ], [ 76.848622, 10.8292699, 0.0 ], [ 76.8485468, 10.8301378, 0.0 ], [ 76.8485479, 10.8305219, 0.0 ], [ 76.8488041, 10.8306206, 0.0 ], [ 76.8492431, 10.8306194, 0.0 ], [ 76.8495807, 10.8303655, 0.0 ], [ 76.8499395, 10.8295239, 0.0 ], [ 76.850195, 10.8293469, 0.0 ], [ 76.8508404, 10.8295756, 0.0 ], [ 76.8512027, 10.8300085, 0.0 ], [ 76.8513598, 10.8306182, 0.0 ], [ 76.8515659, 10.8307487, 0.0 ], [ 76.8517457, 10.8312363, 0.0 ], [ 76.8519292, 10.8314663, 0.0 ], [ 76.8521085, 10.8318228, 0.0 ], [ 76.8522375, 10.8321794, 0.0 ], [ 76.8528013, 10.8326886, 0.0 ], [ 76.8529847, 10.8328914, 0.0 ], [ 76.8531906, 10.8329226, 0.0 ], [ 76.8535535, 10.8335588, 0.0 ], [ 76.8538615, 10.8341454, 0.0 ], [ 76.8538902, 10.8346062, 0.0 ], [ 76.8536308, 10.8350408, 0.0 ], [ 76.8534536, 10.8354209, 0.0 ], [ 76.8532673, 10.8358553, 0.0 ], [ 76.8530914, 10.8367234, 0.0 ], [ 76.8532164, 10.8372519, 0.0 ], [ 76.8536303, 10.8381185, 0.0 ], [ 76.8537094, 10.8385747, 0.0 ], [ 76.8537835, 10.8389586, 0.0 ], [ 76.8534736, 10.8392894, 0.0 ], [ 76.8529856, 10.839729, 0.0 ], [ 76.8524974, 10.8400558, 0.0 ], [ 76.8521827, 10.8403639, 0.0 ], [ 76.8520782, 10.8405947, 0.0 ], [ 76.851952, 10.8412549, 0.0 ], [ 76.8517716, 10.8421502, 0.0 ], [ 76.8516421, 10.8432216, 0.0 ], [ 76.8513561, 10.8439545, 0.0 ], [ 76.8508694, 10.8448687, 0.0 ], [ 76.8506596, 10.84505, 0.0 ], [ 76.849628, 10.845663, 0.0 ], [ 76.8492171, 10.8458901, 0.0 ], [ 76.8487795, 10.8463522, 0.0 ], [ 76.8485933, 10.8468363, 0.0 ], [ 76.8488282, 10.8474232, 0.0 ], [ 76.8488257, 10.8481643, 0.0 ], [ 76.8488262, 10.8483677, 0.0 ], [ 76.8486726, 10.8490054, 0.0 ], [ 76.8484176, 10.8493902, 0.0 ], [ 76.8482121, 10.8494901, 0.0 ], [ 76.8475404, 10.8496185, 0.0 ], [ 76.846814, 10.849851, 0.0 ], [ 76.84617, 10.8500787, 0.0 ], [ 76.8454984, 10.8502568, 0.0 ], [ 76.8446439, 10.8504354, 0.0 ], [ 76.8441556, 10.8507665, 0.0 ], [ 76.8434618, 10.8512114, 0.0 ], [ 76.8429419, 10.8516963, 0.0 ], [ 76.8424254, 10.8517971, 0.0 ], [ 76.8416764, 10.8520794, 0.0 ], [ 76.8406723, 10.8527419, 0.0 ], [ 76.8404862, 10.853226, 0.0 ], [ 76.8401037, 10.8538145, 0.0 ], [ 76.8397399, 10.8545295, 0.0 ], [ 76.8396629, 10.8547602, 0.0 ], [ 76.8395861, 10.8550903, 0.0 ], [ 76.8394822, 10.8555742, 0.0 ], [ 76.8393237, 10.856135, 0.0 ], [ 76.8390911, 10.856339, 0.0 ], [ 76.8383964, 10.8564674, 0.0 ], [ 76.8380583, 10.8565451, 0.0 ], [ 76.8376204, 10.8568988, 0.0 ], [ 76.8373381, 10.8573606, 0.0 ], [ 76.8370281, 10.8576687, 0.0 ], [ 76.8366904, 10.8579001, 0.0 ], [ 76.8361509, 10.8579468, 0.0 ], [ 76.8354792, 10.8580751, 0.0 ], [ 76.8347296, 10.8582082, 0.0 ], [ 76.8342905, 10.8581506, 0.0 ], [ 76.8339019, 10.8581788, 0.0 ], [ 76.8334915, 10.858564, 0.0 ], [ 76.8333649, 10.8590976, 0.0 ], [ 76.8333615, 10.8595088, 0.0 ], [ 76.8330515, 10.8598441, 0.0 ], [ 76.8326402, 10.8599446, 0.0 ], [ 76.8322516, 10.8599457, 0.0 ], [ 76.832046, 10.8600231, 0.0 ], [ 76.8319412, 10.8601273, 0.0 ], [ 76.8319191, 10.8604301, 0.0 ], [ 76.8319159, 10.8608911, 0.0 ], [ 76.8318894, 10.8612753, 0.0 ], [ 76.8318904, 10.8616324, 0.0 ], [ 76.831713, 10.8619899, 0.0 ], [ 76.8316043, 10.8623471, 0.0 ], [ 76.831605, 10.8625776, 0.0 ], [ 76.8314505, 10.8629351, 0.0 ], [ 76.8310636, 10.8635688, 0.0 ], [ 76.830727, 10.864234, 0.0 ], [ 76.8307016, 10.8649752, 0.0 ], [ 76.8307776, 10.866019, 0.0 ], [ 76.8309318, 10.8671936, 0.0 ], [ 76.830755, 10.8677816, 0.0 ], [ 76.8307018, 10.8683692, 0.0 ], [ 76.8306986, 10.8688799, 0.0 ], [ 76.8306998, 10.8693409, 0.0 ], [ 76.830728, 10.8695938, 0.0 ], [ 76.8307563, 10.8699282, 0.0 ], [ 76.8299757, 10.8703868, 0.0 ], [ 76.8293041, 10.8705874, 0.0 ], [ 76.8289663, 10.8708098, 0.0 ], [ 76.8286563, 10.8711676, 0.0 ], [ 76.8285792, 10.8714209, 0.0 ], [ 76.8284201, 10.8717286, 0.0 ], [ 76.8283154, 10.8719096, 0.0 ], [ 76.8281373, 10.871987, 0.0 ], [ 76.827593, 10.8719568, 0.0 ], [ 76.8270032, 10.8719855, 0.0 ], [ 76.8265637, 10.8717788, 0.0 ], [ 76.8262793, 10.8714451, 0.0 ], [ 76.8261281, 10.871319, 0.0 ], [ 76.8255843, 10.8714469, 0.0 ], [ 76.8238752, 10.8718311, 0.0 ], [ 76.8232585, 10.8720633, 0.0 ], [ 76.8227429, 10.8724668, 0.0 ], [ 76.8224093, 10.8725174, 0.0 ], [ 76.8210656, 10.8727966, 0.0 ], [ 76.8204487, 10.8729293, 0.0 ], [ 76.8199556, 10.8732334, 0.0 ], [ 76.8195128, 10.8734876, 0.0 ], [ 76.8193347, 10.8735379, 0.0 ], [ 76.8187905, 10.8735167, 0.0 ], [ 76.8180212, 10.8731301, 0.0 ], [ 76.8175678, 10.8728511, 0.0 ], [ 76.817229, 10.8727209, 0.0 ], [ 76.8166895, 10.8727449, 0.0 ], [ 76.8162235, 10.8729269, 0.0 ], [ 76.8156299, 10.8732313, 0.0 ], [ 76.8153299, 10.8738828, 0.0 ], [ 76.8152583, 10.874466, 0.0 ], [ 76.8151813, 10.8747012, 0.0 ], [ 76.8151634, 10.8748594, 0.0 ], [ 76.815023, 10.8753569, 0.0 ], [ 76.8147951, 10.8756287, 0.0 ], [ 76.8146126, 10.8758099, 0.0 ], [ 76.8143388, 10.8759914, 0.0 ], [ 76.8140553, 10.8760057, 0.0 ], [ 76.8138721, 10.8758842, 0.0 ], [ 76.8135285, 10.8756456, 0.0 ], [ 76.8134598, 10.8756141, 0.0 ], [ 76.8130027, 10.8756741, 0.0 ], [ 76.8126373, 10.8758422, 0.0 ], [ 76.8125004, 10.8759375, 0.0 ], [ 76.8123862, 10.8759785, 0.0 ], [ 76.8122993, 10.8759652, 0.0 ], [ 76.8122396, 10.8759156, 0.0 ], [ 76.8121618, 10.8758299, 0.0 ], [ 76.8120792, 10.8757488, 0.0 ], [ 76.8119969, 10.87574, 0.0 ], [ 76.8119466, 10.8757582, 0.0 ], [ 76.81186, 10.8758307, 0.0 ], [ 76.8117597, 10.8759485, 0.0 ], [ 76.8117461, 10.8760073, 0.0 ], [ 76.8118152, 10.8762014, 0.0 ], [ 76.8119901, 10.8766122, 0.0 ], [ 76.8119866, 10.8770416, 0.0 ], [ 76.8119189, 10.8773717, 0.0 ], [ 76.8117643, 10.8776839, 0.0 ], [ 76.811463, 10.8778789, 0.0 ], [ 76.8113076, 10.8778794, 0.0 ], [ 76.8110193, 10.8778123, 0.0 ], [ 76.8106894, 10.8775782, 0.0 ], [ 76.8105657, 10.877461, 0.0 ], [ 76.8102176, 10.8772676, 0.0 ], [ 76.8097236, 10.8772147, 0.0 ], [ 76.8093485, 10.8771614, 0.0 ], [ 76.8090009, 10.8771307, 0.0 ], [ 76.808479, 10.8768835, 0.0 ], [ 76.8081312, 10.8767985, 0.0 ], [ 76.8078022, 10.8768853, 0.0 ], [ 76.8075284, 10.8770939, 0.0 ], [ 76.8072272, 10.877316, 0.0 ], [ 76.8069809, 10.8775291, 0.0 ], [ 76.8067848, 10.8777511, 0.0 ], [ 76.8066436, 10.8779638, 0.0 ], [ 76.8065391, 10.8782037, 0.0 ], [ 76.8063844, 10.8785069, 0.0 ], [ 76.8062338, 10.8786247, 0.0 ], [ 76.8061061, 10.8787335, 0.0 ], [ 76.8059416, 10.8787656, 0.0 ], [ 76.8055391, 10.8787486, 0.0 ], [ 76.8054339, 10.8787172, 0.0 ], [ 76.8048893, 10.8785785, 0.0 ], [ 76.8045232, 10.8784619, 0.0 ], [ 76.8041843, 10.8782866, 0.0 ], [ 76.8038916, 10.8782286, 0.0 ], [ 76.8034936, 10.8781934, 0.0 ], [ 76.8033337, 10.8782256, 0.0 ], [ 76.8032242, 10.8782981, 0.0 ], [ 76.8030827, 10.8784205, 0.0 ], [ 76.8026587, 10.8789142, 0.0 ], [ 76.8020794, 10.8794309, 0.0 ], [ 76.8019107, 10.8795986, 0.0 ], [ 76.8015728, 10.8798299, 0.0 ], [ 76.8012213, 10.8800523, 0.0 ], [ 76.8008649, 10.88013, 0.0 ], [ 76.8003621, 10.8802081, 0.0 ], [ 76.7994614, 10.8802647, 0.0 ], [ 76.7991047, 10.8802521, 0.0 ], [ 76.7988759, 10.8801985, 0.0 ], [ 76.7982766, 10.8801186, 0.0 ], [ 76.7979155, 10.8801557, 0.0 ], [ 76.7974175, 10.8803061, 0.0 ], [ 76.7967501, 10.8803575, 0.0 ], [ 76.7961237, 10.8804224, 0.0 ], [ 76.7957215, 10.8804867, 0.0 ], [ 76.795388, 10.880596, 0.0 ], [ 76.7950546, 10.8807596, 0.0 ], [ 76.7946986, 10.8810226, 0.0 ], [ 76.7941601, 10.8814352, 0.0 ], [ 76.7939225, 10.8815036, 0.0 ], [ 76.7933554, 10.881469, 0.0 ], [ 76.7928658, 10.8813798, 0.0 ], [ 76.7922251, 10.8811735, 0.0 ], [ 76.7917997, 10.8811069, 0.0 ], [ 76.7916581, 10.8812022, 0.0 ], [ 76.7913801, 10.8815147, 0.0 ], [ 76.7911613, 10.8817864, 0.0 ], [ 76.7910934, 10.8820442, 0.0 ], [ 76.7910984, 10.8822475, 0.0 ], [ 76.791154, 10.8825185, 0.0 ], [ 76.7911686, 10.8828348, 0.0 ], [ 76.7910913, 10.8830022, 0.0 ], [ 76.7909912, 10.8831968, 0.0 ], [ 76.7909235, 10.883554, 0.0 ], [ 76.7908964, 10.8836716, 0.0 ], [ 76.7909563, 10.8838387, 0.0 ], [ 76.7909933, 10.8840239, 0.0 ], [ 76.7910303, 10.8841639, 0.0 ], [ 76.7910125, 10.8843402, 0.0 ], [ 76.7909213, 10.8844534, 0.0 ], [ 76.7907524, 10.8845668, 0.0 ], [ 76.7905743, 10.8846577, 0.0 ], [ 76.7900122, 10.8847811, 0.0 ], [ 76.7893859, 10.884855, 0.0 ], [ 76.788746, 10.8849832, 0.0 ], [ 76.7885131, 10.8850832, 0.0 ], [ 76.7882941, 10.8852917, 0.0 ], [ 76.7879797, 10.8857128, 0.0 ], [ 76.7878203, 10.8859437, 0.0 ], [ 76.7876382, 10.8862694, 0.0 ], [ 76.7874241, 10.8865909, 0.0 ], [ 76.7873832, 10.8866768, 0.0 ], [ 76.787324, 10.8868035, 0.0 ], [ 76.7872331, 10.88698, 0.0 ], [ 76.7867819, 10.8875642, 0.0 ], [ 76.7865218, 10.8877908, 0.0 ], [ 76.7856173, 10.8881501, 0.0 ], [ 76.7850552, 10.8882826, 0.0 ], [ 76.7843237, 10.8883432, 0.0 ], [ 76.7838162, 10.8883897, 0.0 ], [ 76.7832356, 10.8884364, 0.0 ], [ 76.7828197, 10.8885369, 0.0 ], [ 76.7826828, 10.8886501, 0.0 ], [ 76.782514, 10.8887997, 0.0 ], [ 76.78235, 10.8890442, 0.0 ], [ 76.7822233, 10.889519, 0.0 ], [ 76.7820097, 10.8900393, 0.0 ], [ 76.7819321, 10.8901163, 0.0 ], [ 76.7817816, 10.8902839, 0.0 ], [ 76.7814299, 10.8904204, 0.0 ], [ 76.7809544, 10.8904532, 0.0 ], [ 76.7805475, 10.8904994, 0.0 ], [ 76.7802367, 10.8905499, 0.0 ], [ 76.7799716, 10.8906139, 0.0 ], [ 76.7797155, 10.8906009, 0.0 ], [ 76.7795049, 10.8905156, 0.0 ], [ 76.7792258, 10.8904169, 0.0 ], [ 76.7787677, 10.8901153, 0.0 ], [ 76.7785204, 10.8899712, 0.0 ], [ 76.7781678, 10.8898229, 0.0 ], [ 76.7780488, 10.8897916, 0.0 ], [ 76.7779025, 10.8897604, 0.0 ], [ 76.7775731, 10.889707, 0.0 ], [ 76.77739, 10.889626, 0.0 ], [ 76.7770693, 10.889419, 0.0 ], [ 76.7768677, 10.8892704, 0.0 ], [ 76.7767304, 10.8891893, 0.0 ], [ 76.7766068, 10.8891716, 0.0 ], [ 76.7764468, 10.8891675, 0.0 ], [ 76.7762456, 10.8891996, 0.0 ], [ 76.775926, 10.8893857, 0.0 ], [ 76.7756065, 10.8896306, 0.0 ], [ 76.7753736, 10.8897215, 0.0 ], [ 76.7751772, 10.889826, 0.0 ], [ 76.7750037, 10.8899258, 0.0 ], [ 76.7745697, 10.8901031, 0.0 ], [ 76.7743823, 10.8901036, 0.0 ], [ 76.7743181, 10.8900676, 0.0 ], [ 76.7742311, 10.8900046, 0.0 ], [ 76.7741805, 10.8899098, 0.0 ], [ 76.7741022, 10.8896705, 0.0 ], [ 76.7740926, 10.8895214, 0.0 ], [ 76.7740099, 10.8893408, 0.0 ], [ 76.7738906, 10.8891965, 0.0 ], [ 76.7737806, 10.8890928, 0.0 ], [ 76.7734691, 10.8888811, 0.0 ], [ 76.7732082, 10.8887779, 0.0 ], [ 76.7730983, 10.8887284, 0.0 ], [ 76.7729472, 10.8886249, 0.0 ], [ 76.7726402, 10.8884042, 0.0 ], [ 76.772164, 10.8881704, 0.0 ], [ 76.7715961, 10.8878193, 0.0 ], [ 76.7712846, 10.8876076, 0.0 ], [ 76.7707398, 10.887356, 0.0 ], [ 76.7702502, 10.8872487, 0.0 ], [ 76.7700033, 10.8872493, 0.0 ], [ 76.7697289, 10.8872635, 0.0 ], [ 76.7691254, 10.8872921, 0.0 ], [ 76.7688554, 10.8872114, 0.0 ], [ 76.7684619, 10.8871311, 0.0 ], [ 76.7678992, 10.8870331, 0.0 ], [ 76.7672869, 10.8872017, 0.0 ], [ 76.767118, 10.8873016, 0.0 ], [ 76.7669446, 10.8874692, 0.0 ], [ 76.7665161, 10.8879946, 0.0 ], [ 76.7662929, 10.8883205, 0.0 ], [ 76.766051, 10.8885335, 0.0 ], [ 76.7657363, 10.8888506, 0.0 ], [ 76.7656589, 10.889, 0.0 ], [ 76.7656047, 10.8892397, 0.0 ], [ 76.7656096, 10.8893662, 0.0 ], [ 76.765656, 10.8896417, 0.0 ], [ 76.7656709, 10.8901208, 0.0 ], [ 76.7656396, 10.890392, 0.0 ], [ 76.7656354, 10.8905592, 0.0 ], [ 76.7655856, 10.8907265, 0.0 ], [ 76.7654033, 10.890971, 0.0 ], [ 76.7652895, 10.8911792, 0.0 ], [ 76.7651207, 10.8913423, 0.0 ], [ 76.7650294, 10.8914194, 0.0 ], [ 76.7648375, 10.8914515, 0.0 ], [ 76.7643069, 10.8914031, 0.0 ], [ 76.7639546, 10.8913587, 0.0 ], [ 76.7633876, 10.8913556, 0.0 ], [ 76.7632049, 10.8914375, 0.0 ], [ 76.7628988, 10.8915647, 0.0 ], [ 76.7625975, 10.8917417, 0.0 ], [ 76.7621412, 10.8921586, 0.0 ], [ 76.7619998, 10.8923171, 0.0 ], [ 76.7619182, 10.8925749, 0.0 ], [ 76.7617227, 10.8930545, 0.0 ], [ 76.7616134, 10.8932175, 0.0 ], [ 76.7612528, 10.8934578, 0.0 ], [ 76.7608051, 10.8936578, 0.0 ], [ 76.7605446, 10.8936901, 0.0 ], [ 76.7604119, 10.8936904, 0.0 ], [ 76.7600552, 10.8936912, 0.0 ], [ 76.7597488, 10.8936604, 0.0 ], [ 76.7594742, 10.8935978, 0.0 ], [ 76.7591219, 10.8935083, 0.0 ], [ 76.7585318, 10.8934329, 0.0 ], [ 76.7579783, 10.8933529, 0.0 ], [ 76.757617, 10.8933583, 0.0 ], [ 76.7574249, 10.8933226, 0.0 ], [ 76.7570177, 10.8932513, 0.0 ], [ 76.7562036, 10.8932216, 0.0 ], [ 76.7552707, 10.8931968, 0.0 ], [ 76.7550559, 10.893247, 0.0 ], [ 76.7548001, 10.8933697, 0.0 ], [ 76.7545352, 10.8935059, 0.0 ], [ 76.7543528, 10.8936691, 0.0 ], [ 76.7524127, 10.8950612, 0.0 ], [ 76.7516981, 10.8941767, 0.0 ], [ 76.7508478, 10.8936069, 0.0 ], [ 76.7506753, 10.8929365, 0.0 ], [ 76.7499996, 10.8922473, 0.0 ], [ 76.7466645, 10.8924122, 0.0 ], [ 76.7455389, 10.8926807, 0.0 ], [ 76.74423, 10.8923585, 0.0 ], [ 76.7434236, 10.8917141, 0.0 ], [ 76.7422552, 10.8913742, 0.0 ], [ 76.7407874, 10.89097, 0.0 ], [ 76.7400547, 10.8924679, 0.0 ], [ 76.7395496, 10.8935087, 0.0 ], [ 76.7395181, 10.8936986, 0.0 ], [ 76.739432, 10.8940649, 0.0 ], [ 76.7392457, 10.8945264, 0.0 ], [ 76.7389811, 10.8948118, 0.0 ], [ 76.738575, 10.8951789, 0.0 ], [ 76.738173, 10.8953877, 0.0 ], [ 76.7378489, 10.8956732, 0.0 ], [ 76.7375521, 10.8958774, 0.0 ], [ 76.7370358, 10.8960639, 0.0 ], [ 76.7365835, 10.8962412, 0.0 ], [ 76.736232, 10.8965404, 0.0 ], [ 76.7355377, 10.896872, 0.0 ], [ 76.7351035, 10.8970222, 0.0 ], [ 76.7345915, 10.8971409, 0.0 ], [ 76.7338007, 10.8972965, 0.0 ], [ 76.7330097, 10.8974069, 0.0 ], [ 76.7329274, 10.8974251, 0.0 ], [ 76.7325068, 10.8974939, 0.0 ], [ 76.7319902, 10.8975494, 0.0 ], [ 76.7316839, 10.897645, 0.0 ], [ 76.731579, 10.8977583, 0.0 ], [ 76.7314559, 10.8978806, 0.0 ], [ 76.7313463, 10.8979938, 0.0 ], [ 76.7312141, 10.8981614, 0.0 ], [ 76.7311278, 10.8984102, 0.0 ], [ 76.7310552, 10.8986318, 0.0 ], [ 76.7309048, 10.8988266, 0.0 ], [ 76.7306903, 10.8990124, 0.0 ], [ 76.730398, 10.8992165, 0.0 ], [ 76.7302061, 10.8992892, 0.0 ], [ 76.7298907, 10.8993578, 0.0 ], [ 76.7295069, 10.8995124, 0.0 ], [ 76.7290774, 10.8996987, 0.0 ], [ 76.7287849, 10.8997852, 0.0 ], [ 76.7285334, 10.8998356, 0.0 ], [ 76.7281677, 10.8998817, 0.0 ], [ 76.727962, 10.8999318, 0.0 ], [ 76.7276833, 10.900059, 0.0 ], [ 76.7273544, 10.9002271, 0.0 ], [ 76.727053, 10.9004086, 0.0 ], [ 76.7268064, 10.9005854, 0.0 ], [ 76.7266559, 10.9007439, 0.0 ], [ 76.72651, 10.9009296, 0.0 ], [ 76.7263868, 10.9010881, 0.0 ], [ 76.7263003, 10.9012239, 0.0 ], [ 76.7261679, 10.9013236, 0.0 ], [ 76.7260308, 10.9013872, 0.0 ], [ 76.7257795, 10.9014692, 0.0 ], [ 76.7255465, 10.9015602, 0.0 ], [ 76.7253135, 10.9017008, 0.0 ], [ 76.7251309, 10.9018594, 0.0 ], [ 76.7249348, 10.9020678, 0.0 ], [ 76.724716, 10.9023621, 0.0 ], [ 76.7245198, 10.9025615, 0.0 ], [ 76.7242824, 10.9027383, 0.0 ], [ 76.724045, 10.9029377, 0.0 ], [ 76.7238305, 10.9031507, 0.0 ], [ 76.7236115, 10.9033501, 0.0 ], [ 76.7234471, 10.9034498, 0.0 ], [ 76.723278, 10.9035271, 0.0 ], [ 76.7230495, 10.9036045, 0.0 ], [ 76.7228027, 10.9036774, 0.0 ], [ 76.7225696, 10.9037186, 0.0 ], [ 76.7222953, 10.9037734, 0.0 ], [ 76.7220942, 10.9038282, 0.0 ], [ 76.721916, 10.9039236, 0.0 ], [ 76.7216374, 10.9040597, 0.0 ], [ 76.7213039, 10.9042233, 0.0 ], [ 76.7209978, 10.9043731, 0.0 ], [ 76.7207237, 10.9045275, 0.0 ], [ 76.7205045, 10.904641, 0.0 ], [ 76.7202943, 10.9047318, 0.0 ], [ 76.7200704, 10.9048273, 0.0 ], [ 76.7198511, 10.9049092, 0.0 ], [ 76.7196408, 10.9049503, 0.0 ], [ 76.7194259, 10.9049779, 0.0 ], [ 76.7190738, 10.9050195, 0.0 ], [ 76.7188315, 10.9050607, 0.0 ], [ 76.7185299, 10.9051608, 0.0 ], [ 76.718274, 10.9052518, 0.0 ], [ 76.7180181, 10.9053699, 0.0 ], [ 76.7178308, 10.9054607, 0.0 ], [ 76.7176893, 10.905565, 0.0 ], [ 76.7175843, 10.9056602, 0.0 ], [ 76.7174612, 10.9058097, 0.0 ], [ 76.7173836, 10.9058912, 0.0 ], [ 76.717274, 10.9059683, 0.0 ], [ 76.7171051, 10.9060998, 0.0 ], [ 76.7169637, 10.9062402, 0.0 ], [ 76.7166945, 10.9065301, 0.0 ], [ 76.7165213, 10.9067701, 0.0 ], [ 76.7162934, 10.9071006, 0.0 ], [ 76.7160927, 10.9073632, 0.0 ], [ 76.7158968, 10.907662, 0.0 ], [ 76.7157828, 10.9078204, 0.0 ], [ 76.7156415, 10.9080286, 0.0 ], [ 76.7154773, 10.9082279, 0.0 ], [ 76.7153678, 10.9083321, 0.0 ], [ 76.7152125, 10.9084319, 0.0 ], [ 76.714902, 10.9086089, 0.0 ], [ 76.7144945, 10.9084606, 0.0 ], [ 76.7126355, 10.9075745, 0.0 ], [ 76.7126081, 10.9076153, 0.0 ], [ 76.7118737, 10.9084577, 0.0 ], [ 76.7112711, 10.9089111, 0.0 ], [ 76.7105766, 10.9092155, 0.0 ], [ 76.7086482, 10.9099657, 0.0 ], [ 76.7080676, 10.9101027, 0.0 ], [ 76.7072718, 10.9100909, 0.0 ], [ 76.7060825, 10.9100349, 0.0 ], [ 76.7050942, 10.9098925, 0.0 ], [ 76.7046095, 10.9099207, 0.0 ], [ 76.7034482, 10.9101268, 0.0 ], [ 76.7017563, 10.9103069, 0.0 ], [ 76.6999134, 10.9104512, 0.0 ], [ 76.6985733, 10.9104768, 0.0 ], [ 76.6969308, 10.9102454, 0.0 ], [ 76.6956318, 10.9101986, 0.0 ], [ 76.695211, 10.9102267, 0.0 ], [ 76.6940095, 10.9108487, 0.0 ], [ 76.6923784, 10.91158, 0.0 ], [ 76.6879145, 10.9136601, 0.0 ], [ 76.6856254, 10.9147228, 0.0 ], [ 76.6823486, 10.9159188, 0.0 ], [ 76.6799038, 10.9168463, 0.0 ], [ 76.6767505, 10.9180555, 0.0 ], [ 76.6734757, 10.9201554, 0.0 ], [ 76.6720325, 10.921171, 0.0 ], [ 76.6687347, 10.9232348, 0.0 ], [ 76.6675294, 10.9242182, 0.0 ], [ 76.6660685, 10.9255141, 0.0 ], [ 76.6649504, 10.9266284, 0.0 ], [ 76.6627828, 10.9289699, 0.0 ], [ 76.6620616, 10.9296404, 0.0 ], [ 76.6612347, 10.9300987, 0.0 ], [ 76.6602978, 10.9304532, 0.0 ], [ 76.6590948, 10.9304965, 0.0 ], [ 76.6590551, 10.9311067, 0.0 ], [ 76.6590253, 10.9321193, 0.0 ], [ 76.6588304, 10.9329469, 0.0 ], [ 76.6585259, 10.9338696, 0.0 ], [ 76.6569917, 10.9372131, 0.0 ], [ 76.6567186, 10.9378013, 0.0 ], [ 76.6557971, 10.9390056, 0.0 ], [ 76.6586703, 10.9413228, 0.0 ], [ 76.6593757, 10.9417777, 0.0 ], [ 76.6605066, 10.942268, 0.0 ], [ 76.6622325, 10.9428972, 0.0 ], [ 76.663363, 10.9432021, 0.0 ], [ 76.6647267, 10.9434839, 0.0 ], [ 76.6652205, 10.945422, 0.0 ], [ 76.6657869, 10.9471699, 0.0 ], [ 76.6658287, 10.947423, 0.0 ], [ 76.6657925, 10.9475722, 0.0 ], [ 76.6649851, 10.9486361, 0.0 ], [ 76.6636311, 10.9507318, 0.0 ], [ 76.663595, 10.9509308, 0.0 ], [ 76.6636734, 10.9512244, 0.0 ], [ 76.6649981, 10.9545347, 0.0 ], [ 76.6663123, 10.9572031, 0.0 ], [ 76.667392, 10.9593027, 0.0 ], [ 76.6674841, 10.9595872, 0.0 ], [ 76.6674761, 10.960116, 0.0 ], [ 76.6670881, 10.9646188, 0.0 ], [ 76.666771, 10.9680863, 0.0 ], [ 76.6667853, 10.9683349, 0.0 ], [ 76.6669549, 10.9685017, 0.0 ], [ 76.669517, 10.970702, 0.0 ], [ 76.6718361, 10.9726314, 0.0 ], [ 76.673344, 10.9738802, 0.0 ], [ 76.6738896, 10.9743942, 0.0 ], [ 76.6739953, 10.9746155, 0.0 ], [ 76.674037, 10.9748731, 0.0 ], [ 76.6742812, 10.9756183, 0.0 ], [ 76.6746217, 10.9764854, 0.0 ], [ 76.6750854, 10.9772212, 0.0 ], [ 76.6767681, 10.9789124, 0.0 ], [ 76.6788775, 10.9811316, 0.0 ], [ 76.6818357, 10.9843524, 0.0 ], [ 76.682982, 10.9855024, 0.0 ], [ 76.6839915, 10.9868019, 0.0 ], [ 76.6847626, 10.987894, 0.0 ], [ 76.6859594, 10.9890846, 0.0 ], [ 76.6860374, 10.989202, 0.0 ], [ 76.686024, 10.9893512, 0.0 ], [ 76.6859787, 10.9895592, 0.0 ], [ 76.6857285, 10.9901789, 0.0 ], [ 76.6854976, 10.9912145, 0.0 ], [ 76.6854302, 10.9917617, 0.0 ], [ 76.685382, 10.9927154, 0.0 ], [ 76.6854067, 10.9934974, 0.0 ], [ 76.6854623, 10.9938046, 0.0 ], [ 76.6861472, 10.9952268, 0.0 ], [ 76.6863875, 10.9962613, 0.0 ], [ 76.6873905, 10.9987135, 0.0 ], [ 76.6879268, 11.0000007, 0.0 ], [ 76.6882019, 11.0006667, 0.0 ], [ 76.6883988, 11.0014519, 0.0 ], [ 76.6884034, 11.0014699, 0.0 ], [ 76.6884679, 11.0017094, 0.0 ], [ 76.6884726, 11.0017229, 0.0 ], [ 76.6886064, 11.0022198, 0.0 ], [ 76.6885023, 11.0027353, 0.0 ], [ 76.6884707, 11.0029026, 0.0 ], [ 76.6884449, 11.0036259, 0.0 ], [ 76.6884467, 11.0044214, 0.0 ], [ 76.688456, 11.0044847, 0.0 ], [ 76.6885397, 11.0050765, 0.0 ], [ 76.6886515, 11.0058944, 0.0 ], [ 76.6888134, 11.0066896, 0.0 ], [ 76.6891781, 11.0080944, 0.0 ], [ 76.6895703, 11.0095445, 0.0 ], [ 76.6897048, 11.0103351, 0.0 ], [ 76.6898484, 11.0111303, 0.0 ], [ 76.6901889, 11.0119477, 0.0 ], [ 76.6904192, 11.0126071, 0.0 ], [ 76.6906268, 11.0133344, 0.0 ], [ 76.6910856, 11.0138983, 0.0 ], [ 76.6915444, 11.0144216, 0.0 ], [ 76.6920032, 11.0149855, 0.0 ], [ 76.6923933, 11.0155315, 0.0 ], [ 76.6927426, 11.0161681, 0.0 ], [ 76.69306, 11.0169132, 0.0 ], [ 76.6932904, 11.0176403, 0.0 ], [ 76.6934021, 11.018413, 0.0 ], [ 76.6935401, 11.0191757, 0.0 ], [ 76.6935411, 11.0191811, 0.0 ], [ 76.6939294, 11.0208842, 0.0 ], [ 76.6941643, 11.0215571, 0.0 ], [ 76.6946005, 11.0222206, 0.0 ], [ 76.6952612, 11.0229875, 0.0 ], [ 76.6958159, 11.0234654, 0.0 ], [ 76.6971957, 11.0245786, 0.0 ], [ 76.6983874, 11.0254348, 0.0 ], [ 76.6995339, 11.0265485, 0.0 ], [ 76.7007717, 11.0275717, 0.0 ], [ 76.7021509, 11.0284093, 0.0 ], [ 76.7035525, 11.0290208, 0.0 ], [ 76.7061545, 11.0303346, 0.0 ], [ 76.7061775, 11.0303572, 0.0 ], [ 76.7074153, 11.031403, 0.0 ], [ 76.7079243, 11.0318492, 0.0 ], [ 76.7084976, 11.0323948, 0.0 ], [ 76.7091165, 11.0328906, 0.0 ], [ 76.7095342, 11.0334637, 0.0 ], [ 76.7100344, 11.0340953, 0.0 ], [ 76.7102639, 11.0344111, 0.0 ], [ 76.7102879, 11.0348676, 0.0 ], [ 76.7104696, 11.0362051, 0.0 ], [ 76.7107294, 11.0377458, 0.0 ], [ 76.7108874, 11.0387217, 0.0 ], [ 76.711391, 11.0388381, 0.0 ], [ 76.7121965, 11.038904, 0.0 ], [ 76.7125626, 11.0389032, 0.0 ], [ 76.7127691, 11.0391738, 0.0 ], [ 76.7129757, 11.0394898, 0.0 ], [ 76.7135033, 11.0400174, 0.0 ], [ 76.7144433, 11.0408965, 0.0 ], [ 76.7154183, 11.0410118, 0.0 ], [ 76.7167498, 11.0409906, 0.0 ], [ 76.7181722, 11.040716, 0.0 ], [ 76.7184508, 11.040512, 0.0 ], [ 76.7195262, 11.0405321, 0.0 ], [ 76.7210863, 11.04042, 0.0 ], [ 76.7226739, 11.0403529, 0.0 ], [ 76.724052, 11.0406435, 0.0 ], [ 76.7246244, 11.04085, 0.0 ], [ 76.7254757, 11.040961, 0.0 ], [ 76.7261626, 11.0411446, 0.0 ], [ 76.7268525, 11.0407363, 0.0 ], [ 76.7279164, 11.0398072, 0.0 ], [ 76.7283322, 11.039553, 0.0 ], [ 76.7294068, 11.0392612, 0.0 ], [ 76.7308793, 11.0388735, 0.0 ], [ 76.7324156, 11.038445, 0.0 ], [ 76.7339992, 11.0386039, 0.0 ], [ 76.7347088, 11.0387378, 0.0 ], [ 76.7352396, 11.0387365, 0.0 ], [ 76.7355604, 11.038921, 0.0 ], [ 76.7365042, 11.0394386, 0.0 ], [ 76.7369624, 11.0396635, 0.0 ], [ 76.7376032, 11.0397387, 0.0 ], [ 76.7396471, 11.0391191, 0.0 ], [ 76.7396791, 11.0391236, 0.0 ], [ 76.7411008, 11.0385777, 0.0 ], [ 76.7419057, 11.0384221, 0.0 ], [ 76.7424998, 11.0381223, 0.0 ], [ 76.7437427, 11.0374187, 0.0 ], [ 76.7451639, 11.0366921, 0.0 ], [ 76.7464708, 11.0359703, 0.0 ], [ 76.7477824, 11.0353523, 0.0 ], [ 76.7489976, 11.0345629, 0.0 ], [ 76.7490658, 11.0335899, 0.0 ], [ 76.7492856, 11.0334339, 0.0 ], [ 76.7496983, 11.0333963, 0.0 ], [ 76.75, 11.0338411, 0.0 ], [ 76.7500295, 11.033837, 0.0 ], [ 76.7501576, 11.0338416, 0.0 ], [ 76.7501576, 11.03381, 0.0 ], [ 76.7502216, 11.03381, 0.0 ], [ 76.7503406, 11.0338146, 0.0 ], [ 76.7514663, 11.0336026, 0.0 ], [ 76.7520932, 11.0334627, 0.0 ], [ 76.7541161, 11.0324873, 0.0 ], [ 76.7547522, 11.0323202, 0.0 ], [ 76.7550268, 11.0323113, 0.0 ], [ 76.7555942, 11.0320946, 0.0 ], [ 76.7556857, 11.032063, 0.0 ], [ 76.7557955, 11.0320495, 0.0 ], [ 76.7559648, 11.0320088, 0.0 ], [ 76.7561388, 11.0319637, 0.0 ], [ 76.7562532, 11.0319457, 0.0 ], [ 76.7575436, 11.031657, 0.0 ], [ 76.7582163, 11.0314674, 0.0 ], [ 76.7585183, 11.0314811, 0.0 ], [ 76.7587425, 11.031445, 0.0 ], [ 76.7588478, 11.0314269, 0.0 ], [ 76.7589576, 11.0314044, 0.0 ], [ 76.7590857, 11.0313818, 0.0 ], [ 76.759191, 11.0313729, 0.0 ], [ 76.7593008, 11.0313412, 0.0 ], [ 76.7594289, 11.0313187, 0.0 ], [ 76.7594793, 11.0313096, 0.0 ], [ 76.7608018, 11.0309215, 0.0 ], [ 76.7612365, 11.030777, 0.0 ], [ 76.7621516, 11.0308271, 0.0 ], [ 76.7634877, 11.0307689, 0.0 ], [ 76.7638813, 11.0306741, 0.0 ], [ 76.7642428, 11.0305069, 0.0 ], [ 76.7646914, 11.0300687, 0.0 ], [ 76.7647509, 11.0300145, 0.0 ], [ 76.7647601, 11.0299738, 0.0 ], [ 76.7648058, 11.0299738, 0.0 ], [ 76.7648607, 11.0299286, 0.0 ], [ 76.7654237, 11.0294497, 0.0 ], [ 76.7665907, 11.0290931, 0.0 ], [ 76.7665999, 11.029093, 0.0 ], [ 76.7679262, 11.0305807, 0.0 ], [ 76.7683469, 11.031042, 0.0 ], [ 76.7687541, 11.0312907, 0.0 ], [ 76.7692024, 11.0314491, 0.0 ], [ 76.7720022, 11.0326706, 0.0 ], [ 76.7730727, 11.0331818, 0.0 ], [ 76.7733976, 11.0333762, 0.0 ], [ 76.7736492, 11.0335391, 0.0 ], [ 76.7778128, 11.0341236, 0.0 ], [ 76.778705, 11.0343138, 0.0 ], [ 76.7795104, 11.0343638, 0.0 ], [ 76.7806542, 11.0343054, 0.0 ], [ 76.7814229, 11.0343283, 0.0 ], [ 76.7819171, 11.0343511, 0.0 ], [ 76.7824433, 11.0344597, 0.0 ], [ 76.7828643, 11.0345548, 0.0 ], [ 76.7835276, 11.0348036, 0.0 ], [ 76.7837426, 11.0349936, 0.0 ], [ 76.7843693, 11.0355633, 0.0 ], [ 76.7848039, 11.0357035, 0.0 ], [ 76.7851013, 11.0357759, 0.0 ], [ 76.7852203, 11.0357805, 0.0 ], [ 76.7868859, 11.0357177, 0.0 ], [ 76.7874853, 11.0358219, 0.0 ], [ 76.7883409, 11.0360617, 0.0 ], [ 76.7887985, 11.0360845, 0.0 ], [ 76.7892102, 11.0362157, 0.0 ], [ 76.789407, 11.036261, 0.0 ], [ 76.7895534, 11.0362927, 0.0 ], [ 76.7902991, 11.0365867, 0.0 ], [ 76.7915755, 11.0372019, 0.0 ], [ 76.7918409, 11.0373601, 0.0 ], [ 76.7920558, 11.0376902, 0.0 ], [ 76.7925863, 11.0386034, 0.0 ], [ 76.792568, 11.038617, 0.0 ], [ 76.7925955, 11.0386622, 0.0 ], [ 76.7926183, 11.0387029, 0.0 ], [ 76.7926412, 11.0387255, 0.0 ], [ 76.7926504, 11.0387797, 0.0 ], [ 76.7926823, 11.0388295, 0.0 ], [ 76.7926961, 11.0388521, 0.0 ], [ 76.7927052, 11.0388837, 0.0 ], [ 76.7927372, 11.038947, 0.0 ], [ 76.7928013, 11.0390871, 0.0 ], [ 76.7936562, 11.0416368, 0.0 ], [ 76.7938482, 11.0419217, 0.0 ], [ 76.793221, 11.0431193, 0.0 ], [ 76.7931477, 11.0433951, 0.0 ], [ 76.7937378, 11.0440055, 0.0 ], [ 76.7937789, 11.0440552, 0.0 ], [ 76.796327, 11.0462799, 0.0 ], [ 76.7969858, 11.0470259, 0.0 ], [ 76.7973334, 11.0474645, 0.0 ], [ 76.7977678, 11.0483234, 0.0 ], [ 76.7985636, 11.0499238, 0.0 ], [ 76.7995241, 11.0515875, 0.0 ], [ 76.8008596, 11.0539656, 0.0 ], [ 76.7991477, 11.0557641, 0.0 ], [ 76.798873, 11.0560579, 0.0 ], [ 76.7985938, 11.0563607, 0.0 ], [ 76.7984564, 11.0565459, 0.0 ], [ 76.7978617, 11.0563062, 0.0 ], [ 76.7978556, 11.0563002, 0.0 ], [ 76.7978465, 11.0563003, 0.0 ], [ 76.7977274, 11.056269, 0.0 ], [ 76.7976724, 11.0562601, 0.0 ], [ 76.7975763, 11.0562377, 0.0 ], [ 76.7975762, 11.0562287, 0.0 ], [ 76.797448, 11.0561748, 0.0 ], [ 76.7971687, 11.0561032, 0.0 ], [ 76.7970405, 11.0560899, 0.0 ], [ 76.7969123, 11.0560813, 0.0 ], [ 76.7968025, 11.056059, 0.0 ], [ 76.7966789, 11.0560367, 0.0 ], [ 76.7964407, 11.0559514, 0.0 ], [ 76.7963353, 11.0559065, 0.0 ], [ 76.7962162, 11.0558526, 0.0 ], [ 76.7959548, 11.0556634, 0.0 ], [ 76.7958403, 11.0555914, 0.0 ], [ 76.7957623, 11.0555373, 0.0 ], [ 76.7956752, 11.0554607, 0.0 ], [ 76.7955789, 11.0553978, 0.0 ], [ 76.7954734, 11.0553257, 0.0 ], [ 76.7953725, 11.0552401, 0.0 ], [ 76.7952258, 11.055123, 0.0 ], [ 76.7951295, 11.0550418, 0.0 ], [ 76.7950285, 11.0549381, 0.0 ], [ 76.7949001, 11.0548345, 0.0 ], [ 76.7948037, 11.0547263, 0.0 ], [ 76.7946753, 11.0546092, 0.0 ], [ 76.7945881, 11.0545054, 0.0 ], [ 76.7944963, 11.0543972, 0.0 ], [ 76.7944413, 11.0543566, 0.0 ], [ 76.7944321, 11.0543431, 0.0 ], [ 76.7944, 11.054316, 0.0 ], [ 76.7943634, 11.0543026, 0.0 ], [ 76.7942578, 11.0542079, 0.0 ], [ 76.7942578, 11.0542034, 0.0 ], [ 76.7941569, 11.0540862, 0.0 ], [ 76.7940513, 11.0539644, 0.0 ], [ 76.793987, 11.0538877, 0.0 ], [ 76.7939456, 11.0537839, 0.0 ], [ 76.7939041, 11.0537071, 0.0 ], [ 76.7938858, 11.0536982, 0.0 ], [ 76.7938812, 11.0536891, 0.0 ], [ 76.7938674, 11.0536666, 0.0 ], [ 76.7938352, 11.0536034, 0.0 ], [ 76.7938031, 11.0535719, 0.0 ], [ 76.7937848, 11.0535402, 0.0 ], [ 76.7937618, 11.0535312, 0.0 ], [ 76.7937068, 11.0534772, 0.0 ], [ 76.7936517, 11.0534231, 0.0 ], [ 76.7936104, 11.0533825, 0.0 ], [ 76.7935599, 11.0533284, 0.0 ], [ 76.7935049, 11.0532834, 0.0 ], [ 76.7934591, 11.0532383, 0.0 ], [ 76.793404, 11.0531751, 0.0 ], [ 76.7933627, 11.0531255, 0.0 ], [ 76.7932984, 11.0530488, 0.0 ], [ 76.7932341, 11.0529722, 0.0 ], [ 76.7931744, 11.0528594, 0.0 ], [ 76.7931421, 11.0527735, 0.0 ], [ 76.7930961, 11.0526878, 0.0 ], [ 76.7930409, 11.0526021, 0.0 ], [ 76.7930224, 11.0525207, 0.0 ], [ 76.7929994, 11.0524846, 0.0 ], [ 76.7929672, 11.052435, 0.0 ], [ 76.7929258, 11.0523492, 0.0 ], [ 76.7928891, 11.0522634, 0.0 ], [ 76.7928476, 11.0521777, 0.0 ], [ 76.792797, 11.0520739, 0.0 ], [ 76.7927739, 11.051988, 0.0 ], [ 76.7927416, 11.0519023, 0.0 ], [ 76.7927185, 11.0518209, 0.0 ], [ 76.7926954, 11.0517351, 0.0 ], [ 76.7926769, 11.0516493, 0.0 ], [ 76.7926537, 11.0515635, 0.0 ], [ 76.7925937, 11.0513421, 0.0 ], [ 76.7925467, 11.0508768, 0.0 ], [ 76.7926506, 11.0503658, 0.0 ], [ 76.7926821, 11.0501713, 0.0 ], [ 76.792498, 11.049774, 0.0 ], [ 76.7922082, 11.0492053, 0.0 ], [ 76.7921759, 11.0491195, 0.0 ], [ 76.7917628, 11.0486233, 0.0 ], [ 76.7916894, 11.0485694, 0.0 ], [ 76.7916023, 11.0484973, 0.0 ], [ 76.791506, 11.0484116, 0.0 ], [ 76.7914234, 11.0483259, 0.0 ], [ 76.791318, 11.0482629, 0.0 ], [ 76.791263, 11.0482314, 0.0 ], [ 76.79124, 11.0482089, 0.0 ], [ 76.7912217, 11.0482, 0.0 ], [ 76.7901897, 11.0473032, 0.0 ], [ 76.789965, 11.0470958, 0.0 ], [ 76.7890927, 11.0460043, 0.0 ], [ 76.7887917, 11.0455444, 0.0 ], [ 76.7887206, 11.0454357, 0.0 ], [ 76.7886325, 11.0453651, 0.0 ], [ 76.7881703, 11.0449942, 0.0 ], [ 76.7877943, 11.0447014, 0.0 ], [ 76.7875892, 11.0446244, 0.0 ], [ 76.7859121, 11.0441322, 0.0 ], [ 76.7853394, 11.0438534, 0.0 ], [ 76.7848678, 11.0437461, 0.0 ], [ 76.7846203, 11.0435931, 0.0 ], [ 76.7841753, 11.0431604, 0.0 ], [ 76.7841618, 11.0431586, 0.0 ], [ 76.783382, 11.04318, 0.0 ], [ 76.7822065, 11.0429383, 0.0 ], [ 76.7809715, 11.0428657, 0.0 ], [ 76.7802537, 11.0431297, 0.0 ], [ 76.7797456, 11.0430542, 0.0 ], [ 76.779457, 11.0429374, 0.0 ], [ 76.7789298, 11.0425681, 0.0 ], [ 76.7785676, 11.0422843, 0.0 ], [ 76.7785539, 11.0422798, 0.0 ], [ 76.7781599, 11.042091, 0.0 ], [ 76.7775468, 11.0421287, 0.0 ], [ 76.7772083, 11.0421748, 0.0 ], [ 76.7767015, 11.0425693, 0.0 ], [ 76.7764051, 11.0427053, 0.0 ], [ 76.7763906, 11.0427057, 0.0 ], [ 76.774162, 11.0426254, 0.0 ], [ 76.7739697, 11.0425671, 0.0 ], [ 76.7735854, 11.0425907, 0.0 ], [ 76.7724553, 11.042684, 0.0 ], [ 76.7720849, 11.0427708, 0.0 ], [ 76.7715689, 11.0431473, 0.0 ], [ 76.7703883, 11.0431818, 0.0 ], [ 76.7696655, 11.0432199, 0.0 ], [ 76.7692641, 11.0433225, 0.0 ], [ 76.7690116, 11.0433978, 0.0 ], [ 76.7689431, 11.0434341, 0.0 ], [ 76.768354, 11.0439282, 0.0 ], [ 76.7677162, 11.0444979, 0.0 ], [ 76.7673905, 11.0446809, 0.0 ], [ 76.7662157, 11.045154, 0.0 ], [ 76.7655461, 11.0455394, 0.0 ], [ 76.7649231, 11.0458986, 0.0 ], [ 76.7646313, 11.0462953, 0.0 ], [ 76.7643616, 11.0466049, 0.0 ], [ 76.7640002, 11.0466375, 0.0 ], [ 76.7633369, 11.0467206, 0.0 ], [ 76.7627207, 11.0473051, 0.0 ], [ 76.7622871, 11.0477537, 0.0 ], [ 76.7620269, 11.0479803, 0.0 ], [ 76.7621884, 11.0484997, 0.0 ], [ 76.7619969, 11.048785, 0.0 ], [ 76.7618191, 11.0490566, 0.0 ], [ 76.7617801, 11.0499244, 0.0 ], [ 76.7616987, 11.0502817, 0.0 ], [ 76.761398, 11.0508294, 0.0 ], [ 76.7611802, 11.051517, 0.0 ], [ 76.761035, 11.0519964, 0.0 ], [ 76.7608707, 11.0521505, 0.0 ], [ 76.7607026, 11.0523087, 0.0 ], [ 76.7596765, 11.0522213, 0.0 ], [ 76.758909, 11.0527294, 0.0 ], [ 76.7584884, 11.0528706, 0.0 ], [ 76.7584152, 11.0528572, 0.0 ], [ 76.7578612, 11.0527772, 0.0 ], [ 76.757669, 11.0527415, 0.0 ], [ 76.7573537, 11.0529276, 0.0 ], [ 76.7571119, 11.0532265, 0.0 ], [ 76.7568606, 11.0533582, 0.0 ], [ 76.7564395, 11.0533231, 0.0 ], [ 76.7561143, 11.0532154, 0.0 ], [ 76.7557564, 11.0533548, 0.0 ], [ 76.7551208, 11.0535463, 0.0 ], [ 76.7547148, 11.0535127, 0.0 ], [ 76.7544961, 11.0537548, 0.0 ], [ 76.7536361, 11.0539945, 0.0 ], [ 76.7530013, 11.0544977, 0.0 ], [ 76.7528048, 11.0546112, 0.0 ], [ 76.752622, 11.0546704, 0.0 ], [ 76.7522239, 11.0546985, 0.0 ], [ 76.7519951, 11.0547217, 0.0 ], [ 76.7517939, 11.0547584, 0.0 ], [ 76.7516979, 11.0547947, 0.0 ], [ 76.7514698, 11.0550891, 0.0 ], [ 76.751205, 11.0553248, 0.0 ], [ 76.7510588, 11.0554065, 0.0 ], [ 76.7507704, 11.0553394, 0.0 ], [ 76.7501105, 11.0549568, 0.0 ], [ 76.7500319, 11.0549168, 0.0 ], [ 76.7499096, 11.0546364, 0.0 ], [ 76.7497016, 11.0543774, 0.0 ], [ 76.7490532, 11.0544197, 0.0 ], [ 76.7484765, 11.0549752, 0.0 ], [ 76.7481963, 11.0551927, 0.0 ], [ 76.7478861, 11.0552286, 0.0 ], [ 76.7475064, 11.0551853, 0.0 ], [ 76.7471452, 11.0549566, 0.0 ], [ 76.7465679, 11.0546959, 0.0 ], [ 76.7461289, 11.0548236, 0.0 ], [ 76.7458461, 11.0551406, 0.0 ], [ 76.7455771, 11.0555345, 0.0 ], [ 76.7449153, 11.0562593, 0.0 ], [ 76.7447467, 11.056549, 0.0 ], [ 76.7442168, 11.0568937, 0.0 ], [ 76.7441486, 11.0570748, 0.0 ], [ 76.7441585, 11.057364, 0.0 ], [ 76.7443149, 11.0576845, 0.0 ], [ 76.7445397, 11.0579055, 0.0 ], [ 76.7449891, 11.0583247, 0.0 ], [ 76.7453149, 11.0586403, 0.0 ], [ 76.7455263, 11.0589923, 0.0 ], [ 76.7456415, 11.0593401, 0.0 ], [ 76.7457063, 11.0596472, 0.0 ], [ 76.7457484, 11.0600223, 0.0 ], [ 76.7456254, 11.0602305, 0.0 ], [ 76.7452005, 11.0604801, 0.0 ], [ 76.7448664, 11.0604945, 0.0 ], [ 76.744317, 11.0603829, 0.0 ], [ 76.7439651, 11.0605239, 0.0 ], [ 76.7436688, 11.0609947, 0.0 ], [ 76.7436288, 11.0614738, 0.0 ], [ 76.7434697, 11.0619081, 0.0 ], [ 76.7432734, 11.0620894, 0.0 ], [ 76.7429082, 11.0624338, 0.0 ], [ 76.7427122, 11.0627643, 0.0 ], [ 76.7425718, 11.0633386, 0.0 ], [ 76.7426968, 11.0639214, 0.0 ], [ 76.74284, 11.0645041, 0.0 ], [ 76.7428131, 11.0647166, 0.0 ], [ 76.7426445, 11.0649928, 0.0 ], [ 76.7422804, 11.065771, 0.0 ], [ 76.7422307, 11.0660514, 0.0 ], [ 76.7425153, 11.0663987, 0.0 ], [ 76.7428819, 11.0666058, 0.0 ], [ 76.7435006, 11.0669568, 0.0 ], [ 76.7438539, 11.0673582, 0.0 ], [ 76.7439416, 11.0676382, 0.0 ], [ 76.7438828, 11.0679276, 0.0 ], [ 76.7437697, 11.0684432, 0.0 ], [ 76.743756, 11.0684567, 0.0 ], [ 76.7432904, 11.0688918, 0.0 ], [ 76.7427966, 11.06911, 0.0 ], [ 76.7418269, 11.0692796, 0.0 ], [ 76.7413927, 11.0694886, 0.0 ], [ 76.7411416, 11.0697332, 0.0 ], [ 76.7409558, 11.070484, 0.0 ], [ 76.7408707, 11.0712025, 0.0 ], [ 76.7408707, 11.0712029, 0.0 ], [ 76.7408846, 11.0712661, 0.0 ], [ 76.7408855, 11.0716548, 0.0 ], [ 76.7410429, 11.0723369, 0.0 ], [ 76.7412361, 11.0727659, 0.0 ], [ 76.7414749, 11.0730861, 0.0 ], [ 76.741814, 11.0732933, 0.0 ], [ 76.742139, 11.0733196, 0.0 ], [ 76.7421665, 11.0733195, 0.0 ], [ 76.74256, 11.073305, 0.0 ], [ 76.7425874, 11.0733049, 0.0 ], [ 76.7431633, 11.0730007, 0.0 ], [ 76.7439948, 11.0724292, 0.0 ], [ 76.7443882, 11.0723739, 0.0 ], [ 76.7445715, 11.072482, 0.0 ], [ 76.7447563, 11.0731641, 0.0 ], [ 76.7451917, 11.0752693, 0.0 ], [ 76.7453752, 11.0754361, 0.0 ], [ 76.7457144, 11.0756431, 0.0 ], [ 76.7460942, 11.0756829, 0.0 ], [ 76.746515, 11.0755553, 0.0 ], [ 76.7468254, 11.0752517, 0.0 ], [ 76.7471078, 11.0747132, 0.0 ], [ 76.7473632, 11.0743916, 0.0 ], [ 76.7476009, 11.0742644, 0.0 ], [ 76.7479809, 11.0743223, 0.0 ], [ 76.7483158, 11.0746695, 0.0 ], [ 76.7484966, 11.0750219, 0.0 ], [ 76.7486372, 11.0752952, 0.0 ], [ 76.7491014, 11.0761664, 0.0 ], [ 76.7493932, 11.076892, 0.0 ], [ 76.7497373, 11.0784405, 0.0 ], [ 76.7499384, 11.0788112, 0.0 ], [ 76.7499999, 11.0788604, 0.0 ], [ 76.7501419, 11.0789423, 0.0 ], [ 76.7504811, 11.0789927, 0.0 ], [ 76.7508034, 11.078909, 0.0 ], [ 76.7512615, 11.0786075, 0.0 ], [ 76.7517705, 11.0780882, 0.0 ], [ 76.7522797, 11.0775018, 0.0 ], [ 76.7527037, 11.0774517, 0.0 ], [ 76.7534839, 11.0775191, 0.0 ], [ 76.7541623, 11.0777875, 0.0 ], [ 76.7544844, 11.0781899, 0.0 ], [ 76.7545775, 11.0786006, 0.0 ], [ 76.7546706, 11.0790113, 0.0 ], [ 76.7545855, 11.0796314, 0.0 ], [ 76.7544494, 11.0806694, 0.0 ], [ 76.7542285, 11.0814738, 0.0 ], [ 76.7541774, 11.0819766, 0.0 ], [ 76.7542111, 11.0824124, 0.0 ], [ 76.7544993, 11.0828818, 0.0 ], [ 76.7545904, 11.0832943, 0.0 ], [ 76.7546178, 11.0834182, 0.0 ], [ 76.7545752, 11.0837869, 0.0 ], [ 76.7545327, 11.0841556, 0.0 ], [ 76.754312, 11.0845913, 0.0 ], [ 76.7538536, 11.0853608, 0.0 ], [ 76.753633, 11.0856372, 0.0 ], [ 76.7534124, 11.0859137, 0.0 ], [ 76.7529032, 11.0867012, 0.0 ], [ 76.7527673, 11.0870531, 0.0 ], [ 76.7527333, 11.0873548, 0.0 ], [ 76.752801, 11.0877403, 0.0 ], [ 76.7529024, 11.0885114, 0.0 ], [ 76.7528851, 11.0893159, 0.0 ], [ 76.752796, 11.0897616, 0.0 ], [ 76.7526641, 11.090422, 0.0 ], [ 76.7523243, 11.0917124, 0.0 ], [ 76.7521545, 11.0920643, 0.0 ], [ 76.7519847, 11.0924162, 0.0 ], [ 76.751679, 11.093187, 0.0 ], [ 76.7514584, 11.0934216, 0.0 ], [ 76.7511869, 11.0936058, 0.0 ], [ 76.750695, 11.0936224, 0.0 ], [ 76.750254, 11.0936054, 0.0 ], [ 76.7499999, 11.0935336, 0.0 ], [ 76.7495183, 11.0929753, 0.0 ], [ 76.7490435, 11.0929673, 0.0 ], [ 76.7489154, 11.0929041, 0.0 ], [ 76.7487734, 11.0928092, 0.0 ], [ 76.748723, 11.0927641, 0.0 ], [ 76.7485033, 11.0926194, 0.0 ], [ 76.748247, 11.0925111, 0.0 ], [ 76.7479449, 11.0924479, 0.0 ], [ 76.7476749, 11.0924164, 0.0 ], [ 76.7468282, 11.0923399, 0.0 ], [ 76.7465765, 11.0925117, 0.0 ], [ 76.7464302, 11.0926835, 0.0 ], [ 76.7463204, 11.0928735, 0.0 ], [ 76.7462563, 11.093, 0.0 ], [ 76.7462427, 11.0930136, 0.0 ], [ 76.7461466, 11.0932216, 0.0 ], [ 76.7460003, 11.09352, 0.0 ], [ 76.7459226, 11.0937686, 0.0 ], [ 76.7458128, 11.0941167, 0.0 ], [ 76.7457306, 11.094415, 0.0 ], [ 76.7455568, 11.0947767, 0.0 ], [ 76.7454288, 11.0950751, 0.0 ], [ 76.7452367, 11.0953283, 0.0 ], [ 76.7451452, 11.0955002, 0.0 ], [ 76.745095, 11.09569, 0.0 ], [ 76.7449852, 11.0959748, 0.0 ], [ 76.7448388, 11.0963184, 0.0 ], [ 76.7446973, 11.0970236, 0.0 ], [ 76.7444732, 11.0976836, 0.0 ], [ 76.7444276, 11.0978419, 0.0 ], [ 76.7443818, 11.0980136, 0.0 ], [ 76.7441074, 11.0984387, 0.0 ], [ 76.7437598, 11.0989902, 0.0 ], [ 76.743522, 11.0993339, 0.0 ], [ 76.7433939, 11.0995238, 0.0 ], [ 76.7432521, 11.0997272, 0.0 ], [ 76.7427716, 11.0999037, 0.0 ], [ 76.7425977, 11.1000122, 0.0 ], [ 76.7423918, 11.1000575, 0.0 ], [ 76.7422133, 11.1000576, 0.0 ], [ 76.7419433, 11.1000441, 0.0 ], [ 76.7416595, 11.099981, 0.0 ], [ 76.7413253, 11.0999314, 0.0 ], [ 76.7411652, 11.0999178, 0.0 ], [ 76.7410188, 11.1000897, 0.0 ], [ 76.7408449, 11.1004061, 0.0 ], [ 76.7405936, 11.1012561, 0.0 ], [ 76.7405616, 11.1013194, 0.0 ], [ 76.7401453, 11.1018845, 0.0 ], [ 76.7396192, 11.1024362, 0.0 ], [ 76.7393356, 11.1029335, 0.0 ], [ 76.7391253, 11.1035303, 0.0 ], [ 76.7390338, 11.1037517, 0.0 ], [ 76.7390019, 11.1039235, 0.0 ], [ 76.7389836, 11.1041133, 0.0 ], [ 76.7389837, 11.1043033, 0.0 ], [ 76.7390615, 11.104475, 0.0 ], [ 76.7392081, 11.1045563, 0.0 ], [ 76.7394003, 11.1045563, 0.0 ], [ 76.7394918, 11.1044929, 0.0 ], [ 76.7399539, 11.1042848, 0.0 ], [ 76.7401141, 11.1043028, 0.0 ], [ 76.7402881, 11.104348, 0.0 ], [ 76.7405124, 11.1045558, 0.0 ], [ 76.7407689, 11.1049761, 0.0 ], [ 76.7408009, 11.1051343, 0.0 ], [ 76.7408011, 11.1055276, 0.0 ], [ 76.7407692, 11.1058756, 0.0 ], [ 76.7408976, 11.1063321, 0.0 ], [ 76.7409113, 11.1065807, 0.0 ], [ 76.7409893, 11.1069423, 0.0 ], [ 76.7410855, 11.1072904, 0.0 ], [ 76.7407885, 11.1084205, 0.0 ], [ 76.7406603, 11.1086872, 0.0 ], [ 76.7406605, 11.1090669, 0.0 ], [ 76.7407247, 11.1091935, 0.0 ], [ 76.7409169, 11.1093471, 0.0 ], [ 76.7410771, 11.1093651, 0.0 ], [ 76.741187, 11.109347, 0.0 ], [ 76.7413608, 11.1092701, 0.0 ], [ 76.7414432, 11.1091435, 0.0 ], [ 76.7416993, 11.1087049, 0.0 ], [ 76.7418869, 11.1085151, 0.0 ], [ 76.7421111, 11.1083884, 0.0 ], [ 76.7422713, 11.1083251, 0.0 ], [ 76.7425093, 11.1082617, 0.0 ], [ 76.7426832, 11.1082164, 0.0 ], [ 76.7429074, 11.1081983, 0.0 ], [ 76.7430493, 11.1081982, 0.0 ], [ 76.7432598, 11.1082162, 0.0 ], [ 76.7433376, 11.1082479, 0.0 ], [ 76.7434155, 11.1082794, 0.0 ], [ 76.7434796, 11.108311, 0.0 ], [ 76.7436718, 11.1084195, 0.0 ], [ 76.743832, 11.1084827, 0.0 ], [ 76.7440243, 11.1084962, 0.0 ], [ 76.7442623, 11.1085142, 0.0 ], [ 76.7445964, 11.1084643, 0.0 ], [ 76.7449122, 11.1084506, 0.0 ], [ 76.7452966, 11.1084821, 0.0 ], [ 76.7455347, 11.1086086, 0.0 ], [ 76.7456767, 11.1088572, 0.0 ], [ 76.7457408, 11.1090154, 0.0 ], [ 76.7459332, 11.109395, 0.0 ], [ 76.7462675, 11.1100096, 0.0 ], [ 76.7462996, 11.1100683, 0.0 ], [ 76.7462996, 11.1100864, 0.0 ], [ 76.7466201, 11.110371, 0.0 ], [ 76.7468078, 11.1105112, 0.0 ], [ 76.7469543, 11.1106829, 0.0 ], [ 76.7474168, 11.1112025, 0.0 ], [ 76.7474168, 11.1112161, 0.0 ], [ 76.7475268, 11.1117223, 0.0 ], [ 76.7475589, 11.1118941, 0.0 ], [ 76.7475589, 11.1120026, 0.0 ], [ 76.747527, 11.1122421, 0.0 ], [ 76.747399, 11.1125721, 0.0 ], [ 76.7472892, 11.1127304, 0.0 ], [ 76.7471932, 11.1129971, 0.0 ], [ 76.7471751, 11.1133904, 0.0 ], [ 76.7472806, 11.1141723, 0.0 ], [ 76.7473768, 11.1143893, 0.0 ], [ 76.7475371, 11.1146605, 0.0 ], [ 76.747583, 11.1149723, 0.0 ], [ 76.7476335, 11.115352, 0.0 ], [ 76.7476474, 11.115587, 0.0 ], [ 76.7476476, 11.1162334, 0.0 ], [ 76.7476157, 11.1165769, 0.0 ], [ 76.74757, 11.1168934, 0.0 ], [ 76.7475244, 11.1171737, 0.0 ], [ 76.7475381, 11.1173183, 0.0 ], [ 76.7475383, 11.117585, 0.0 ], [ 76.7472043, 11.1180914, 0.0 ], [ 76.7471724, 11.1181683, 0.0 ], [ 76.7470123, 11.1185164, 0.0 ], [ 76.7468705, 11.1186385, 0.0 ], [ 76.7466967, 11.11919, 0.0 ], [ 76.7467289, 11.1195833, 0.0 ], [ 76.7467748, 11.1198182, 0.0 ], [ 76.7468069, 11.1199945, 0.0 ], [ 76.7469031, 11.1203561, 0.0 ], [ 76.7470132, 11.1208126, 0.0 ], [ 76.7472835, 11.1216443, 0.0 ], [ 76.7474622, 11.1219923, 0.0 ], [ 76.7475264, 11.122164, 0.0 ], [ 76.7475265, 11.1224307, 0.0 ], [ 76.7475403, 11.1226838, 0.0 ], [ 76.7475403, 11.1227787, 0.0 ], [ 76.7475267, 11.1229324, 0.0 ], [ 76.7475267, 11.1230454, 0.0 ], [ 76.7471424, 11.1236196, 0.0 ], [ 76.7470144, 11.1239045, 0.0 ], [ 76.7469046, 11.1240446, 0.0 ], [ 76.7466805, 11.1243476, 0.0 ], [ 76.7465707, 11.124533, 0.0 ], [ 76.7465388, 11.1248177, 0.0 ], [ 76.746603, 11.125116, 0.0 ], [ 76.7466167, 11.1253195, 0.0 ], [ 76.7465848, 11.1255726, 0.0 ], [ 76.7464248, 11.1259207, 0.0 ], [ 76.7463654, 11.1261693, 0.0 ], [ 76.7464112, 11.1264993, 0.0 ], [ 76.7464251, 11.1267389, 0.0 ], [ 76.7464572, 11.1270055, 0.0 ], [ 76.7464116, 11.1272541, 0.0 ], [ 76.7463018, 11.1274441, 0.0 ], [ 76.7462195, 11.1276475, 0.0 ], [ 76.7461738, 11.1279187, 0.0 ], [ 76.7461235, 11.1281357, 0.0 ], [ 76.7460274, 11.1283392, 0.0 ], [ 76.7459178, 11.128642, 0.0 ], [ 76.7459041, 11.1288907, 0.0 ], [ 76.7459042, 11.1290353, 0.0 ], [ 76.74552, 11.1297225, 0.0 ], [ 76.7454559, 11.1298943, 0.0 ], [ 76.7453279, 11.1301927, 0.0 ], [ 76.7453599, 11.130256, 0.0 ], [ 76.7453783, 11.1303826, 0.0 ], [ 76.7454562, 11.1305227, 0.0 ], [ 76.7454745, 11.1305724, 0.0 ], [ 76.7456621, 11.1306039, 0.0 ], [ 76.7458544, 11.130631, 0.0 ], [ 76.7460925, 11.1306173, 0.0 ], [ 76.746541, 11.1306172, 0.0 ], [ 76.7467607, 11.1306035, 0.0 ], [ 76.7469529, 11.130617, 0.0 ], [ 76.7470491, 11.1307118, 0.0 ], [ 76.747159, 11.1309966, 0.0 ], [ 76.7472232, 11.1311819, 0.0 ], [ 76.7472736, 11.1313265, 0.0 ], [ 76.7474477, 11.1316384, 0.0 ], [ 76.7474798, 11.1319051, 0.0 ], [ 76.7474478, 11.1320497, 0.0 ], [ 76.7473838, 11.1322667, 0.0 ], [ 76.7472557, 11.132425, 0.0 ], [ 76.7470362, 11.1328183, 0.0 ], [ 76.747018, 11.1330715, 0.0 ], [ 76.7470501, 11.1332297, 0.0 ], [ 76.7471921, 11.1334013, 0.0 ], [ 76.7474165, 11.1336047, 0.0 ], [ 76.7474806, 11.133686, 0.0 ], [ 76.7476865, 11.1338893, 0.0 ], [ 76.7479568, 11.1342328, 0.0 ], [ 76.7482132, 11.1345039, 0.0 ], [ 76.7482773, 11.1345943, 0.0 ], [ 76.7482957, 11.1346756, 0.0 ], [ 76.7483736, 11.1349423, 0.0 ], [ 76.7484194, 11.1350824, 0.0 ], [ 76.7482961, 11.1358373, 0.0 ], [ 76.7481361, 11.1361221, 0.0 ], [ 76.7479896, 11.1363437, 0.0 ], [ 76.7478799, 11.136529, 0.0 ], [ 76.7476237, 11.1368953, 0.0 ], [ 76.7474361, 11.1370988, 0.0 ], [ 76.7471158, 11.1373475, 0.0 ], [ 76.7465437, 11.1376641, 0.0 ], [ 76.7463836, 11.1377591, 0.0 ], [ 76.7462234, 11.1377095, 0.0 ], [ 76.7461135, 11.1376011, 0.0 ], [ 76.7459852, 11.1373796, 0.0 ], [ 76.7457608, 11.1370181, 0.0 ], [ 76.7456188, 11.1367695, 0.0 ], [ 76.7451747, 11.1364397, 0.0 ], [ 76.7445199, 11.1358704, 0.0 ], [ 76.7442497, 11.1356536, 0.0 ], [ 76.7441994, 11.1355721, 0.0 ], [ 76.7439154, 11.1351474, 0.0 ], [ 76.743659, 11.1348175, 0.0 ], [ 76.7434529, 11.134456, 0.0 ], [ 76.7430224, 11.1338911, 0.0 ], [ 76.742972, 11.1338414, 0.0 ], [ 76.74245, 11.1332313, 0.0 ], [ 76.7418273, 11.1327434, 0.0 ], [ 76.7413969, 11.1325085, 0.0 ], [ 76.7404585, 11.1321292, 0.0 ], [ 76.7398863, 11.1320027, 0.0 ], [ 76.7398222, 11.1319893, 0.0 ], [ 76.7397902, 11.1319893, 0.0 ], [ 76.7395842, 11.1319712, 0.0 ], [ 76.7393096, 11.1319714, 0.0 ], [ 76.7391036, 11.1321612, 0.0 ], [ 76.7390076, 11.1323828, 0.0 ], [ 76.7390076, 11.1325546, 0.0 ], [ 76.7391222, 11.1327444, 0.0 ], [ 76.7392641, 11.1328392, 0.0 ], [ 76.7397265, 11.1329475, 0.0 ], [ 76.7402987, 11.1331508, 0.0 ], [ 76.740491, 11.1333405, 0.0 ], [ 76.7405048, 11.1335304, 0.0 ], [ 76.740395, 11.1337022, 0.0 ], [ 76.740061, 11.1340007, 0.0 ], [ 76.7397406, 11.1341726, 0.0 ], [ 76.7386101, 11.1344894, 0.0 ], [ 76.7380839, 11.1347246, 0.0 ], [ 76.7372921, 11.1349599, 0.0 ], [ 76.7366376, 11.135263, 0.0 ], [ 76.7363997, 11.1355297, 0.0 ], [ 76.7358552, 11.1359549, 0.0 ], [ 76.7353976, 11.1363935, 0.0 ], [ 76.7350269, 11.1363936, 0.0 ], [ 76.7348528, 11.1362988, 0.0 ], [ 76.7347108, 11.1359055, 0.0 ], [ 76.7346786, 11.1354987, 0.0 ], [ 76.7345365, 11.1348207, 0.0 ], [ 76.7342159, 11.1342061, 0.0 ], [ 76.7337213, 11.1334831, 0.0 ], [ 76.7333092, 11.1330583, 0.0 ], [ 76.7325263, 11.1323669, 0.0 ], [ 76.7316563, 11.1314542, 0.0 ], [ 76.7313038, 11.1311243, 0.0 ], [ 76.7305393, 11.1308578, 0.0 ], [ 76.7295047, 11.1304514, 0.0 ], [ 76.7294085, 11.1304333, 0.0 ], [ 76.7287541, 11.1304516, 0.0 ], [ 76.728388, 11.1308766, 0.0 ], [ 76.7283424, 11.1312066, 0.0 ], [ 76.7284707, 11.1318168, 0.0 ], [ 76.728819, 11.1329197, 0.0 ], [ 76.7288512, 11.1336609, 0.0 ], [ 76.7287094, 11.133896, 0.0 ], [ 76.7282471, 11.1341177, 0.0 ], [ 76.7280549, 11.1340996, 0.0 ], [ 76.727913, 11.1340862, 0.0 ], [ 76.7273226, 11.134023, 0.0 ], [ 76.7268785, 11.1338152, 0.0 ], [ 76.7268144, 11.1338017, 0.0 ], [ 76.7263704, 11.1338471, 0.0 ], [ 76.7262241, 11.1341002, 0.0 ], [ 76.7262425, 11.1347601, 0.0 ], [ 76.7263528, 11.1359987, 0.0 ], [ 76.7260509, 11.1366768, 0.0 ], [ 76.7256071, 11.1374001, 0.0 ], [ 76.724747, 11.1385486, 0.0 ], [ 76.7241246, 11.1391319, 0.0 ], [ 76.7240469, 11.1391952, 0.0 ], [ 76.7235984, 11.1395885, 0.0 ], [ 76.7230264, 11.1400408, 0.0 ], [ 76.7224497, 11.1402443, 0.0 ], [ 76.7224177, 11.1402443, 0.0 ], [ 76.7220652, 11.1403574, 0.0 ], [ 76.7220515, 11.1403575, 0.0 ], [ 76.7210767, 11.1407329, 0.0 ], [ 76.7203443, 11.1408778, 0.0 ], [ 76.7197082, 11.1413029, 0.0 ], [ 76.719516, 11.1415832, 0.0 ], [ 76.7193284, 11.1418364, 0.0 ], [ 76.7189304, 11.14251, 0.0 ], [ 76.7183721, 11.14303, 0.0 ], [ 76.7178779, 11.1435184, 0.0 ], [ 76.7177681, 11.1436766, 0.0 ], [ 76.7175439, 11.1438665, 0.0 ], [ 76.7174157, 11.1440699, 0.0 ], [ 76.7172877, 11.1442914, 0.0 ], [ 76.7172557, 11.1445581, 0.0 ], [ 76.7173061, 11.1447616, 0.0 ], [ 76.7174801, 11.1451231, 0.0 ], [ 76.7178649, 11.1459593, 0.0 ], [ 76.7184694, 11.1470258, 0.0 ], [ 76.7186297, 11.1473241, 0.0 ], [ 76.7186115, 11.147514, 0.0 ], [ 76.7184696, 11.1476406, 0.0 ], [ 76.7181355, 11.1477673, 0.0 ], [ 76.7179682, 11.1477981, 0.0 ], [ 76.7179641, 11.1477975, 0.0 ], [ 76.7175432, 11.1478753, 0.0 ], [ 76.7171455, 11.1481112, 0.0 ], [ 76.7168578, 11.1483651, 0.0 ], [ 76.7164791, 11.1488993, 0.0 ], [ 76.7161135, 11.1491488, 0.0 ], [ 76.7156513, 11.1491679, 0.0 ], [ 76.7149002, 11.1490115, 0.0 ], [ 76.7141437, 11.1485387, 0.0 ], [ 76.7132966, 11.1483825, 0.0 ], [ 76.7132186, 11.1483646, 0.0 ], [ 76.7125047, 11.1483979, 0.0 ], [ 76.7114651, 11.1481924, 0.0 ], [ 76.7100318, 11.1479924, 0.0 ], [ 76.7095551, 11.1477178, 0.0 ], [ 76.7090644, 11.1473258, 0.0 ], [ 76.708793, 11.1467614, 0.0 ], [ 76.7088697, 11.1462731, 0.0 ], [ 76.7093169, 11.1457206, 0.0 ], [ 76.7096827, 11.1455344, 0.0 ], [ 76.7109905, 11.1449844, 0.0 ], [ 76.7117086, 11.1447296, 0.0 ], [ 76.7123116, 11.1442446, 0.0 ], [ 76.7122933, 11.1442311, 0.0 ], [ 76.7126583, 11.1437737, 0.0 ], [ 76.71279, 11.1433305, 0.0 ], [ 76.7127427, 11.1427023, 0.0 ], [ 76.7123752, 11.1421698, 0.0 ], [ 76.7112571, 11.1416346, 0.0 ], [ 76.709934, 11.1415428, 0.0 ], [ 76.7079155, 11.1416198, 0.0 ], [ 76.7066065, 11.1416364, 0.0 ], [ 76.7062224, 11.1418091, 0.0 ], [ 76.7052392, 11.1422, 0.0 ], [ 76.7044582, 11.1429251, 0.0 ], [ 76.703119, 11.1437417, 0.0 ], [ 76.702169, 11.1446434, 0.0 ], [ 76.7011187, 11.1457125, 0.0 ], [ 76.7002602, 11.1465462, 0.0 ], [ 76.7000872, 11.1469398, 0.0 ], [ 76.7002295, 11.1471609, 0.0 ], [ 76.7005457, 11.1472822, 0.0 ], [ 76.7014062, 11.1472396, 0.0 ], [ 76.7018549, 11.1473154, 0.0 ], [ 76.7020615, 11.147568, 0.0 ], [ 76.7020715, 11.1479295, 0.0 ], [ 76.7018216, 11.1487166, 0.0 ], [ 76.7014247, 11.1493006, 0.0 ], [ 76.7009132, 11.1497673, 0.0 ], [ 76.7000852, 11.1500043, 0.0 ], [ 76.6994628, 11.1500373, 0.0 ], [ 76.6988262, 11.1498987, 0.0 ], [ 76.6973652, 11.1495812, 0.0 ], [ 76.6969171, 11.1497901, 0.0 ], [ 76.696232, 11.1504606, 0.0 ], [ 76.6955158, 11.1514928, 0.0 ], [ 76.6954846, 11.1518409, 0.0 ], [ 76.6957008, 11.1523104, 0.0 ], [ 76.6960359, 11.1526713, 0.0 ], [ 76.6964999, 11.1533844, 0.0 ], [ 76.6966793, 11.1537772, 0.0 ], [ 76.696616, 11.1541073, 0.0 ], [ 76.6958633, 11.1552345, 0.0 ], [ 76.695626, 11.1554881, 0.0 ], [ 76.6952738, 11.1556155, 0.0 ], [ 76.6945416, 11.1557121, 0.0 ], [ 76.6931593, 11.1558057, 0.0 ], [ 76.6929809, 11.1558512, 0.0 ], [ 76.6925834, 11.1561505, 0.0 ], [ 76.6922002, 11.1567028, 0.0 ], [ 76.6918994, 11.1572911, 0.0 ], [ 76.691548, 11.1577619, 0.0 ], [ 76.6911507, 11.1581425, 0.0 ], [ 76.6904327, 11.1584424, 0.0 ], [ 76.689985, 11.1588368, 0.0 ], [ 76.6897341, 11.1591944, 0.0 ], [ 76.6895564, 11.1595744, 0.0 ], [ 76.6895117, 11.1600265, 0.0 ], [ 76.6895101, 11.1613012, 0.0 ], [ 76.6898276, 11.1619965, 0.0 ], [ 76.6898783, 11.1621546, 0.0 ], [ 76.6900847, 11.1623123, 0.0 ], [ 76.6906117, 11.1625597, 0.0 ], [ 76.6911021, 11.1628298, 0.0 ], [ 76.6914511, 11.163281, 0.0 ], [ 76.6919654, 11.1639487, 0.0 ], [ 76.6922552, 11.1645628, 0.0 ], [ 76.6922843, 11.1652724, 0.0 ], [ 76.6926222, 11.1668445, 0.0 ], [ 76.6926936, 11.1680014, 0.0 ], [ 76.6927459, 11.1688556, 0.0 ], [ 76.6926986, 11.1701438, 0.0 ], [ 76.6927937, 11.1716533, 0.0 ], [ 76.6929556, 11.1723625, 0.0 ], [ 76.6935751, 11.1730075, 0.0 ], [ 76.6940565, 11.1732911, 0.0 ], [ 76.6946573, 11.1737643, 0.0 ], [ 76.6958366, 11.1749775, 0.0 ], [ 76.6964737, 11.1753059, 0.0 ], [ 76.6973028, 11.1754939, 0.0 ], [ 76.6979529, 11.1755285, 0.0 ], [ 76.6983832, 11.1754959, 0.0 ], [ 76.698644, 11.1754772, 0.0 ], [ 76.699175, 11.1754444, 0.0 ], [ 76.6993901, 11.1754303, 0.0 ], [ 76.6999308, 11.1755873, 0.0 ], [ 76.7000865, 11.1756366, 0.0 ], [ 76.7003705, 11.1757173, 0.0 ], [ 76.7004713, 11.1757442, 0.0 ], [ 76.7007742, 11.1760599, 0.0 ], [ 76.7007893, 11.1766564, 0.0 ], [ 76.7007575, 11.1767469, 0.0 ], [ 76.7005847, 11.177249, 0.0 ], [ 76.700521, 11.17743, 0.0 ], [ 76.700234, 11.1779776, 0.0 ], [ 76.6998073, 11.1795334, 0.0 ], [ 76.6996142, 11.1811067, 0.0 ], [ 76.6998716, 11.1815175, 0.0 ], [ 76.7002385, 11.1818194, 0.0 ], [ 76.700971, 11.1818313, 0.0 ], [ 76.7016533, 11.181893, 0.0 ], [ 76.7022436, 11.1817561, 0.0 ], [ 76.7029754, 11.1815148, 0.0 ], [ 76.7036112, 11.1812783, 0.0 ], [ 76.7042651, 11.1809694, 0.0 ], [ 76.7048182, 11.1806065, 0.0 ], [ 76.7053114, 11.1801172, 0.0 ], [ 76.7058872, 11.1797046, 0.0 ], [ 76.7065869, 11.179364, 0.0 ], [ 76.7070038, 11.1795031, 0.0 ], [ 76.7072284, 11.1796111, 0.0 ], [ 76.707797, 11.1799894, 0.0 ], [ 76.7081966, 11.180567, 0.0 ], [ 76.7085321, 11.1811132, 0.0 ], [ 76.7089, 11.1817812, 0.0 ], [ 76.709373, 11.1823902, 0.0 ], [ 76.7095483, 11.182973, 0.0 ], [ 76.7097872, 11.1833339, 0.0 ], [ 76.7098708, 11.1838038, 0.0 ], [ 76.7099643, 11.1846172, 0.0 ], [ 76.7100599, 11.1862712, 0.0 ], [ 76.7100434, 11.1870713, 0.0 ], [ 76.7103337, 11.1878435, 0.0 ], [ 76.7110671, 11.1882215, 0.0 ], [ 76.7118047, 11.1884412, 0.0 ], [ 76.7129219, 11.1884747, 0.0 ], [ 76.7137777, 11.1883643, 0.0 ], [ 76.7142305, 11.1881553, 0.0 ], [ 76.7148337, 11.1876882, 0.0 ], [ 76.7152129, 11.1873891, 0.0 ], [ 76.7158663, 11.1868541, 0.0 ], [ 76.7163923, 11.1866631, 0.0 ], [ 76.7172018, 11.1863493, 0.0 ], [ 76.7177972, 11.1864202, 0.0 ], [ 76.7184335, 11.1864051, 0.0 ], [ 76.7191026, 11.1867154, 0.0 ], [ 76.7197715, 11.1869218, 0.0 ], [ 76.720313, 11.1874086, 0.0 ], [ 76.7205563, 11.1877063, 0.0 ], [ 76.7207447, 11.1879907, 0.0 ], [ 76.7208883, 11.1887135, 0.0 ], [ 76.7213043, 11.1903215, 0.0 ], [ 76.7216359, 11.1910755, 0.0 ], [ 76.7222416, 11.1916708, 0.0 ], [ 76.7236305, 11.1923815, 0.0 ], [ 76.7243269, 11.1925833, 0.0 ], [ 76.7248896, 11.1924102, 0.0 ], [ 76.725397, 11.1921106, 0.0 ], [ 76.7259042, 11.1917207, 0.0 ], [ 76.7266222, 11.191389, 0.0 ], [ 76.7272401, 11.1913559, 0.0 ], [ 76.7284985, 11.1911043, 0.0 ], [ 76.7290386, 11.1910397, 0.0 ], [ 76.7289933, 11.1912116, 0.0 ], [ 76.7288881, 11.1912932, 0.0 ], [ 76.7287876, 11.1913703, 0.0 ], [ 76.7287877, 11.1914109, 0.0 ], [ 76.7287577, 11.1922517, 0.0 ], [ 76.728836, 11.1924458, 0.0 ], [ 76.7290711, 11.19306, 0.0 ], [ 76.7286746, 11.1938339, 0.0 ], [ 76.7282449, 11.1940971, 0.0 ], [ 76.7278656, 11.1943239, 0.0 ], [ 76.7276386, 11.195111, 0.0 ], [ 76.7280887, 11.195702, 0.0 ], [ 76.7281989, 11.1958463, 0.0 ], [ 76.7274674, 11.1962368, 0.0 ], [ 76.7271195, 11.1962829, 0.0 ], [ 76.7268129, 11.1963197, 0.0 ], [ 76.7265619, 11.1966503, 0.0 ], [ 76.7259066, 11.1982429, 0.0 ], [ 76.7258292, 11.1984284, 0.0 ], [ 76.7249569, 11.1993209, 0.0 ], [ 76.7249021, 11.1993798, 0.0 ], [ 76.7240947, 11.2005614, 0.0 ], [ 76.7233927, 11.2017608, 0.0 ], [ 76.7232968, 11.2019103, 0.0 ], [ 76.7224165, 11.2032683, 0.0 ], [ 76.7221793, 11.2036304, 0.0 ], [ 76.7226935, 11.2041942, 0.0 ], [ 76.7237684, 11.2056199, 0.0 ], [ 76.7246591, 11.2066708, 0.0 ], [ 76.7254356, 11.2077673, 0.0 ], [ 76.7254724, 11.2078215, 0.0 ], [ 76.7258861, 11.208512, 0.0 ], [ 76.7262407, 11.2093292, 0.0 ], [ 76.7263842, 11.2099978, 0.0 ], [ 76.726426, 11.2101966, 0.0 ], [ 76.7265866, 11.210368, 0.0 ], [ 76.7270178, 11.2106834, 0.0 ], [ 76.7277689, 11.2108081, 0.0 ], [ 76.7281677, 11.210997, 0.0 ], [ 76.7289469, 11.2113115, 0.0 ], [ 76.7293419, 11.2118303, 0.0 ], [ 76.7296783, 11.2127063, 0.0 ], [ 76.7301099, 11.2132115, 0.0 ], [ 76.7305868, 11.2134906, 0.0 ], [ 76.7307699, 11.2134631, 0.0 ], [ 76.7311909, 11.2133943, 0.0 ], [ 76.7316078, 11.213461, 0.0 ], [ 76.7317685, 11.2136685, 0.0 ], [ 76.7316527, 11.2149705, 0.0 ], [ 76.7315207, 11.2152917, 0.0 ], [ 76.7314161, 11.2155406, 0.0 ], [ 76.7314161, 11.2155858, 0.0 ], [ 76.7301866, 11.216434, 0.0 ], [ 76.7293141, 11.2172226, 0.0 ], [ 76.729045, 11.21763, 0.0 ], [ 76.7285796, 11.2182865, 0.0 ], [ 76.7282277, 11.2185405, 0.0 ], [ 76.7278296, 11.2186183, 0.0 ], [ 76.7274494, 11.218574, 0.0 ], [ 76.7264916, 11.2182102, 0.0 ], [ 76.7260752, 11.2183196, 0.0 ], [ 76.7258242, 11.2186683, 0.0 ], [ 76.7256517, 11.2192518, 0.0 ], [ 76.7256215, 11.2200067, 0.0 ], [ 76.7256516, 11.2210732, 0.0 ], [ 76.7257464, 11.2223612, 0.0 ], [ 76.7257759, 11.2250323, 0.0 ], [ 76.7256534, 11.2255208, 0.0 ], [ 76.7253657, 11.2258063, 0.0 ], [ 76.7247294, 11.2258846, 0.0 ], [ 76.7239963, 11.2256468, 0.0 ], [ 76.7231802, 11.2252058, 0.0 ], [ 76.7224328, 11.2247827, 0.0 ], [ 76.7217463, 11.2249246, 0.0 ], [ 76.7211614, 11.2253825, 0.0 ], [ 76.7206505, 11.2261204, 0.0 ], [ 76.7197832, 11.2272524, 0.0 ], [ 76.7190846, 11.2280406, 0.0 ], [ 76.7178737, 11.2290152, 0.0 ], [ 76.716896, 11.2298989, 0.0 ], [ 76.7160824, 11.230502, 0.0 ], [ 76.7149031, 11.231332, 0.0 ], [ 76.714505, 11.2314097, 0.0 ], [ 76.7135996, 11.2313334, 0.0 ], [ 76.712867, 11.2313335, 0.0 ], [ 76.7123075, 11.231555, 0.0 ], [ 76.7116721, 11.2317452, 0.0 ], [ 76.7111048, 11.2321906, 0.0 ], [ 76.7104697, 11.2327255, 0.0 ], [ 76.710228, 11.2331509, 0.0 ], [ 76.7095948, 11.2344768, 0.0 ], [ 76.7091118, 11.2354497, 0.0 ], [ 76.708655, 11.2358892, 0.0 ], [ 76.7079833, 11.2365054, 0.0 ], [ 76.7073802, 11.2370402, 0.0 ], [ 76.7072094, 11.2376316, 0.0 ], [ 76.7070904, 11.2383788, 0.0 ], [ 76.7061426, 11.2383719, 0.0 ], [ 76.7046592, 11.2384432, 0.0 ], [ 76.70302, 11.2384652, 0.0 ], [ 76.7014912, 11.2387037, 0.0 ], [ 76.7000086, 11.2390959, 0.0 ], [ 76.6985261, 11.2395242, 0.0 ], [ 76.6982698, 11.2396016, 0.0 ], [ 76.6979032, 11.2394895, 0.0 ], [ 76.6978437, 11.2394715, 0.0 ], [ 76.6967622, 11.2390989, 0.0 ], [ 76.6961712, 11.2389557, 0.0 ], [ 76.6953734, 11.2385145, 0.0 ], [ 76.6943046, 11.2377306, 0.0 ], [ 76.6932085, 11.2369737, 0.0 ], [ 76.6929379, 11.2367845, 0.0 ], [ 76.6925074, 11.2367403, 0.0 ], [ 76.692077, 11.2367232, 0.0 ], [ 76.6915502, 11.2366431, 0.0 ], [ 76.6906297, 11.2365819, 0.0 ], [ 76.6901807, 11.236488, 0.0 ], [ 76.6894976, 11.2360964, 0.0 ], [ 76.688411, 11.2354977, 0.0 ], [ 76.6881404, 11.2352768, 0.0 ], [ 76.6881266, 11.2352769, 0.0 ], [ 76.6877968, 11.2352324, 0.0 ], [ 76.6871554, 11.2351163, 0.0 ], [ 76.6868532, 11.2350719, 0.0 ], [ 76.6858811, 11.2345046, 0.0 ], [ 76.6846343, 11.2338973, 0.0 ], [ 76.6842218, 11.2337399, 0.0 ], [ 76.6843172, 11.2333962, 0.0 ], [ 76.6846547, 11.232844, 0.0 ], [ 76.6848914, 11.2322604, 0.0 ], [ 76.6852421, 11.231428, 0.0 ], [ 76.6853057, 11.2311973, 0.0 ], [ 76.6845265, 11.2308465, 0.0 ], [ 76.6834263, 11.2303157, 0.0 ], [ 76.6829632, 11.2300591, 0.0 ], [ 76.6831365, 11.2297423, 0.0 ], [ 76.6836299, 11.2292938, 0.0 ], [ 76.6840635, 11.228678, 0.0 ], [ 76.684269, 11.2284154, 0.0 ], [ 76.6845246, 11.228094, 0.0 ], [ 76.6847802, 11.2277318, 0.0 ], [ 76.6846195, 11.2275604, 0.0 ], [ 76.6840278, 11.2270736, 0.0 ], [ 76.6829308, 11.2259732, 0.0 ], [ 76.6819257, 11.2249359, 0.0 ], [ 76.6807968, 11.2238492, 0.0 ], [ 76.680526, 11.2235334, 0.0 ], [ 76.6796952, 11.2226719, 0.0 ], [ 76.6786993, 11.2216347, 0.0 ], [ 76.6782356, 11.2211159, 0.0 ], [ 76.6775156, 11.2206294, 0.0 ], [ 76.6762135, 11.2198413, 0.0 ], [ 76.6748747, 11.2190217, 0.0 ], [ 76.6745995, 11.2188008, 0.0 ], [ 76.6741918, 11.2187385, 0.0 ], [ 76.6736335, 11.2188527, 0.0 ], [ 76.6723926, 11.2188193, 0.0 ], [ 76.6718982, 11.2188023, 0.0 ], [ 76.6708987, 11.2182215, 0.0 ], [ 76.6695738, 11.2174832, 0.0 ], [ 76.6682169, 11.2167585, 0.0 ], [ 76.6669378, 11.216011, 0.0 ], [ 76.6657137, 11.215295, 0.0 ], [ 76.6652919, 11.2150474, 0.0 ], [ 76.6652461, 11.2150204, 0.0 ], [ 76.6642743, 11.2145344, 0.0 ], [ 76.662922, 11.2137961, 0.0 ], [ 76.6614735, 11.2130353, 0.0 ], [ 76.6602312, 11.212351, 0.0 ], [ 76.6589294, 11.2116714, 0.0 ], [ 76.6580679, 11.2113433, 0.0 ], [ 76.6577012, 11.2111678, 0.0 ], [ 76.6571102, 11.2109793, 0.0 ], [ 76.6566012, 11.2106369, 0.0 ], [ 76.6562345, 11.2104162, 0.0 ], [ 76.6559777, 11.210245, 0.0 ], [ 76.6555335, 11.2102098, 0.0 ], [ 76.6551486, 11.2100841, 0.0 ], [ 76.6546724, 11.2100354, 0.0 ], [ 76.6539538, 11.2101183, 0.0 ], [ 76.6534135, 11.210115, 0.0 ], [ 76.653175, 11.2099708, 0.0 ], [ 76.6523496, 11.2093625, 0.0 ], [ 76.6515841, 11.2089844, 0.0 ], [ 76.6501947, 11.2079659, 0.0 ], [ 76.6491261, 11.2071863, 0.0 ], [ 76.6490482, 11.2071322, 0.0 ], [ 76.6482542, 11.2065765, 0.0 ], [ 76.6477734, 11.20624, 0.0 ], [ 76.6474388, 11.2060464, 0.0 ], [ 76.6472096, 11.2059067, 0.0 ], [ 76.6470721, 11.2058256, 0.0 ], [ 76.6468795, 11.2057176, 0.0 ], [ 76.6464436, 11.2052665, 0.0 ], [ 76.6463564, 11.2051809, 0.0 ], [ 76.6451412, 11.2043066, 0.0 ], [ 76.6439262, 11.2035182, 0.0 ], [ 76.6427526, 11.2027613, 0.0 ], [ 76.6414139, 11.2019145, 0.0 ], [ 76.6406711, 11.2014233, 0.0 ], [ 76.6401714, 11.2010944, 0.0 ], [ 76.6389426, 11.2003105, 0.0 ], [ 76.6376223, 11.1994591, 0.0 ], [ 76.6363478, 11.1986392, 0.0 ], [ 76.6349769, 11.197729, 0.0 ], [ 76.633803, 11.1968817, 0.0 ], [ 76.6326843, 11.1961428, 0.0 ], [ 76.6326385, 11.1961112, 0.0 ], [ 76.6319508, 11.1956516, 0.0 ], [ 76.6312172, 11.1951515, 0.0 ], [ 76.6300114, 11.1943314, 0.0 ], [ 76.6297226, 11.1941738, 0.0 ], [ 76.6295488, 11.1942238, 0.0 ], [ 76.6294984, 11.1942375, 0.0 ], [ 76.6293841, 11.1942919, 0.0 ], [ 76.6287346, 11.1945826, 0.0 ], [ 76.6283412, 11.1947054, 0.0 ], [ 76.6268816, 11.1951469, 0.0 ], [ 76.6266621, 11.1952152, 0.0 ], [ 76.6249414, 11.1955894, 0.0 ], [ 76.6245893, 11.1957663, 0.0 ], [ 76.623542, 11.1962793, 0.0 ], [ 76.6223711, 11.1968738, 0.0 ], [ 76.6216668, 11.1971781, 0.0 ], [ 76.6208389, 11.1975323, 0.0 ], [ 76.6193432, 11.1981954, 0.0 ], [ 76.6169738, 11.1992308, 0.0 ], [ 76.615103, 11.2000526, 0.0 ], [ 76.6111694, 11.2018505, 0.0 ], [ 76.6011567, 11.2063725, 0.0 ], [ 76.6009008, 11.2065945, 0.0 ], [ 76.6007451, 11.2065631, 0.0 ], [ 76.5996277, 11.2064343, 0.0 ], [ 76.5976537, 11.2060901, 0.0 ], [ 76.5969714, 11.2060373, 0.0 ], [ 76.5967928, 11.206024, 0.0 ], [ 76.5950707, 11.2056794, 0.0 ], [ 76.5936418, 11.2054607, 0.0 ], [ 76.5933992, 11.2054212, 0.0 ], [ 76.59208, 11.2052062, 0.0 ], [ 76.5906145, 11.2049875, 0.0 ], [ 76.5890529, 11.2047691, 0.0 ], [ 76.5874591, 11.2045146, 0.0 ], [ 76.5860257, 11.2042959, 0.0 ], [ 76.5844778, 11.2040864, 0.0 ], [ 76.5828704, 11.2038726, 0.0 ], [ 76.5823895, 11.2037876, 0.0 ], [ 76.5814185, 11.2036313, 0.0 ], [ 76.5810338, 11.2035778, 0.0 ], [ 76.579889, 11.2034127, 0.0 ], [ 76.5783503, 11.2032575, 0.0 ], [ 76.5768986, 11.2030659, 0.0 ], [ 76.5768665, 11.2030615, 0.0 ], [ 76.5754011, 11.2028427, 0.0 ], [ 76.5745583, 11.202659, 0.0 ], [ 76.573807, 11.2024028, 0.0 ], [ 76.5722912, 11.2022159, 0.0 ], [ 76.5708348, 11.2019881, 0.0 ], [ 76.5676934, 11.2016098, 0.0 ], [ 76.5620559, 11.200775, 0.0 ], [ 76.5620331, 11.2007716, 0.0 ], [ 76.5601691, 11.2004893, 0.0 ], [ 76.5586396, 11.2002977, 0.0 ], [ 76.5494852, 11.1989901, 0.0 ], [ 76.5478778, 11.1987716, 0.0 ], [ 76.5449928, 11.1983293, 0.0 ], [ 76.5430373, 11.1980751, 0.0 ], [ 76.5404546, 11.1977182, 0.0 ], [ 76.5388014, 11.1974951, 0.0 ], [ 76.537336, 11.1972627, 0.0 ], [ 76.5372123, 11.1972403, 0.0 ], [ 76.5357469, 11.1970215, 0.0 ], [ 76.5342173, 11.196771, 0.0 ], [ 76.533851, 11.1967536, 0.0 ], [ 76.5338098, 11.1967718, 0.0 ], [ 76.5329041, 11.1972117, 0.0 ], [ 76.5322544, 11.1974389, 0.0 ], [ 76.53144, 11.1977296, 0.0 ], [ 76.5304656, 11.1981471, 0.0 ], [ 76.5300539, 11.1983197, 0.0 ], [ 76.5285899, 11.1989053, 0.0 ], [ 76.5273044, 11.199477, 0.0 ], [ 76.5272358, 11.1995042, 0.0 ], [ 76.5259319, 11.2000218, 0.0 ], [ 76.5244497, 11.2006843, 0.0 ], [ 76.5237955, 11.2009612, 0.0 ], [ 76.5231413, 11.2012471, 0.0 ], [ 76.5226838, 11.2014287, 0.0 ], [ 76.521691, 11.2018281, 0.0 ], [ 76.5203506, 11.2024136, 0.0 ], [ 76.5187906, 11.2030852, 0.0 ], [ 76.5180542, 11.203439, 0.0 ], [ 76.5177339, 11.2035887, 0.0 ], [ 76.5164437, 11.2041378, 0.0 ], [ 76.5160916, 11.2042967, 0.0 ], [ 76.5153696, 11.2051431, 0.0 ], [ 76.5144881, 11.2063244, 0.0 ], [ 76.513506, 11.2076458, 0.0 ], [ 76.5126472, 11.2087637, 0.0 ], [ 76.5117748, 11.2099223, 0.0 ], [ 76.5117063, 11.2100084, 0.0 ], [ 76.510482, 11.2116376, 0.0 ], [ 76.5094152, 11.2116032, 0.0 ], [ 76.5090352, 11.2115858, 0.0 ], [ 76.5089848, 11.2115813, 0.0 ], [ 76.5078082, 11.2116059, 0.0 ], [ 76.5073092, 11.2116204, 0.0 ], [ 76.5071534, 11.2116251, 0.0 ], [ 76.5063614, 11.211649, 0.0 ], [ 76.5050886, 11.2116195, 0.0 ], [ 76.5047635, 11.2116111, 0.0 ], [ 76.5034358, 11.2116087, 0.0 ], [ 76.5032801, 11.211609, 0.0 ], [ 76.5020529, 11.2115432, 0.0 ], [ 76.5018606, 11.2115299, 0.0 ], [ 76.501737, 11.2115257, 0.0 ], [ 76.5003537, 11.2114585, 0.0 ], [ 76.4999999, 11.2113658, 0.0 ], [ 76.4951663, 11.2111552, 0.0 ], [ 76.4950478, 11.211151, 0.0 ], [ 76.4949282, 11.2111465, 0.0 ], [ 76.4932144, 11.2110874, 0.0 ], [ 76.4854229, 11.2108455, 0.0 ], [ 76.4846647, 11.2108238, 0.0 ], [ 76.4828037, 11.2107051, 0.0 ], [ 76.4723664, 11.2087507, 0.0 ], [ 76.4734705, 11.1949312, 0.0 ], [ 76.4666236, 11.1933191, 0.0 ], [ 76.4662249, 11.1931209, 0.0 ], [ 76.4584429, 11.1876815, 0.0 ], [ 76.452357, 11.1986472, 0.0 ], [ 76.4519046, 11.199222, 0.0 ], [ 76.4386228, 11.1989612, 0.0 ], [ 76.4393612, 11.2029559, 0.0 ], [ 76.4489612, 11.2054686, 0.0 ], [ 76.4500254, 11.2139592, 0.0 ], [ 76.4505694, 11.2182986, 0.0 ], [ 76.4516224, 11.2272287, 0.0 ], [ 76.4516992, 11.2278764, 0.0 ], [ 76.4518496, 11.2291448, 0.0 ], [ 76.4520492, 11.2309254, 0.0 ], [ 76.452319, 11.2336281, 0.0 ], [ 76.4524859, 11.2350154, 0.0 ], [ 76.4530879, 11.2393673, 0.0 ], [ 76.4619953, 11.2432728, 0.0 ], [ 76.4663024, 11.2451194, 0.0 ], [ 76.4739525, 11.2499969, 0.0 ], [ 76.4833343, 11.2559132, 0.0 ], [ 76.487113, 11.258285, 0.0 ], [ 76.4889266, 11.2590573, 0.0 ], [ 76.4941111, 11.2611934, 0.0 ], [ 76.4990895, 11.2632482, 0.0 ], [ 76.4999998, 11.2633281, 0.0 ], [ 76.5014238, 11.2639009, 0.0 ], [ 76.5041978, 11.2650315, 0.0 ], [ 76.5083818, 11.2668868, 0.0 ], [ 76.5126017, 11.2682718, 0.0 ], [ 76.5184896, 11.270228, 0.0 ], [ 76.5221778, 11.2713381, 0.0 ], [ 76.522151, 11.2717042, 0.0 ], [ 76.5230415, 11.2754498, 0.0 ], [ 76.5239214, 11.2784451, 0.0 ], [ 76.5246003, 11.2816125, 0.0 ], [ 76.5253655, 11.2844271, 0.0 ], [ 76.5259336, 11.287111, 0.0 ], [ 76.5262608, 11.288263, 0.0 ], [ 76.5268201, 11.2885604, 0.0 ], [ 76.5278926, 11.2891144, 0.0 ], [ 76.5302075, 11.2903353, 0.0 ], [ 76.5336916, 11.2923315, 0.0 ], [ 76.5357178, 11.2933902, 0.0 ], [ 76.5381936, 11.2949135, 0.0 ], [ 76.541344, 11.2971453, 0.0 ], [ 76.5457556, 11.3003103, 0.0 ], [ 76.5427183, 11.3023182, 0.0 ], [ 76.5393564, 11.3046204, 0.0 ], [ 76.5392656, 11.3050681, 0.0 ], [ 76.5386795, 11.30765, 0.0 ], [ 76.5378351, 11.3117104, 0.0 ], [ 76.537299, 11.3140437, 0.0 ], [ 76.5396823, 11.3174792, 0.0 ], [ 76.5428555, 11.3219935, 0.0 ], [ 76.5465834, 11.3267418, 0.0 ], [ 76.5499669, 11.3309934, 0.0 ], [ 76.549246, 11.3348639, 0.0 ], [ 76.5484275, 11.3405605, 0.0 ], [ 76.5475379, 11.3448968, 0.0 ], [ 76.5474429, 11.345471, 0.0 ], [ 76.5476051, 11.3489331, 0.0 ], [ 76.5478573, 11.3588856, 0.0 ], [ 76.5382952, 11.3577548, 0.0 ], [ 76.531803, 11.3570115, 0.0 ], [ 76.5228458, 11.3559063, 0.0 ], [ 76.5081846, 11.3541234, 0.0 ], [ 76.5127857, 11.3579531, 0.0 ], [ 76.5139736, 11.3588099, 0.0 ], [ 76.5151203, 11.3596893, 0.0 ], [ 76.5153969, 11.3607013, 0.0 ], [ 76.5166119, 11.3664893, 0.0 ], [ 76.5177523, 11.3715633, 0.0 ], [ 76.5169235, 11.3717455, 0.0 ], [ 76.5128807, 11.3729638, 0.0 ], [ 76.5086363, 11.3741825, 0.0 ], [ 76.5037227, 11.375518, 0.0 ], [ 76.4999996, 11.3761993, 0.0 ], [ 76.4990533, 11.3772554, 0.0 ], [ 76.4982609, 11.3774547, 0.0 ], [ 76.4954255, 11.3782242, 0.0 ], [ 76.4925488, 11.3789214, 0.0 ], [ 76.4892553, 11.3798582, 0.0 ], [ 76.4853663, 11.380845, 0.0 ], [ 76.4833966, 11.3813385, 0.0 ], [ 76.4796451, 11.3824065, 0.0 ], [ 76.4751833, 11.3835153, 0.0 ], [ 76.4687794, 11.3853298, 0.0 ], [ 76.4620823, 11.3874697, 0.0 ], [ 76.4614683, 11.3871806, 0.0 ], [ 76.4620823, 11.3874698, 0.0 ], [ 76.4605937, 11.3886454, 0.0 ], [ 76.4566134, 11.3916478, 0.0 ], [ 76.4536681, 11.3938996, 0.0 ], [ 76.4478601, 11.3983035, 0.0 ], [ 76.441951, 11.4026984, 0.0 ], [ 76.4349239, 11.4077804, 0.0 ], [ 76.4299535, 11.4114561, 0.0 ], [ 76.4180287, 11.4204076, 0.0 ], [ 76.4150783, 11.4226273, 0.0 ], [ 76.4155459, 11.4250772, 0.0 ], [ 76.4160916, 11.4283091, 0.0 ], [ 76.4169443, 11.4323002, 0.0 ], [ 76.4178979, 11.4375072, 0.0 ], [ 76.4187049, 11.4417832, 0.0 ], [ 76.4171791, 11.4413631, 0.0 ], [ 76.4144342, 11.4404502, 0.0 ], [ 76.4097191, 11.4389275, 0.0 ], [ 76.4068049, 11.4378429, 0.0 ], [ 76.4009397, 11.4359223, 0.0 ], [ 76.3980026, 11.4349371, 0.0 ], [ 76.3976773, 11.435023, 0.0 ], [ 76.3960553, 11.4360943, 0.0 ], [ 76.3927517, 11.4380381, 0.0 ], [ 76.3909602, 11.4394892, 0.0 ], [ 76.3870105, 11.4426082, 0.0 ], [ 76.3861491, 11.4432862, 0.0 ], [ 76.3805635, 11.4475938, 0.0 ], [ 76.3785518, 11.4491894, 0.0 ], [ 76.3779653, 11.4495194, 0.0 ], [ 76.3751243, 11.4502833, 0.0 ], [ 76.3725674, 11.4510109, 0.0 ], [ 76.3723611, 11.4525613, 0.0 ], [ 76.371935, 11.453619, 0.0 ], [ 76.371495, 11.4540619, 0.0 ], [ 76.3705419, 11.4546133, 0.0 ], [ 76.3686631, 11.4553184, 0.0 ], [ 76.3672838, 11.4557795, 0.0 ], [ 76.3656983, 11.4565478, 0.0 ], [ 76.3636636, 11.4572708, 0.0 ], [ 76.3586274, 11.4592819, 0.0 ], [ 76.356767, 11.4599598, 0.0 ], [ 76.3543015, 11.4610172, 0.0 ], [ 76.3520148, 11.4620657, 0.0 ], [ 76.3494439, 11.4628791, 0.0 ], [ 76.3475972, 11.463584, 0.0 ], [ 76.3463048, 11.4641489, 0.0 ], [ 76.3453058, 11.4648312, 0.0 ], [ 76.3432984, 11.4666526, 0.0 ], [ 76.342226, 11.4675926, 0.0 ], [ 76.3420518, 11.4674344, 0.0 ], [ 76.3415387, 11.4669281, 0.0 ], [ 76.3407644, 11.4659742, 0.0 ], [ 76.3399397, 11.4647311, 0.0 ], [ 76.3395594, 11.4643107, 0.0 ], [ 76.3388538, 11.4638178, 0.0 ], [ 76.3388079, 11.4636732, 0.0 ], [ 76.3388401, 11.4632799, 0.0 ], [ 76.3387943, 11.4630178, 0.0 ], [ 76.3385011, 11.4625341, 0.0 ], [ 76.3383408, 11.462186, 0.0 ], [ 76.3381483, 11.4618831, 0.0 ], [ 76.3378093, 11.4617656, 0.0 ], [ 76.3372685, 11.4619553, 0.0 ], [ 76.3367369, 11.4619824, 0.0 ], [ 76.3361367, 11.461928, 0.0 ], [ 76.3355777, 11.461607, 0.0 ], [ 76.3349041, 11.460956, 0.0 ], [ 76.3342581, 11.460418, 0.0 ], [ 76.3336991, 11.4599704, 0.0 ], [ 76.3330806, 11.4593918, 0.0 ], [ 76.3322009, 11.4586503, 0.0 ], [ 76.3320268, 11.4585282, 0.0 ], [ 76.3313213, 11.4581078, 0.0 ], [ 76.3307209, 11.4578048, 0.0 ], [ 76.3299741, 11.457208, 0.0 ], [ 76.329154, 11.4567288, 0.0 ], [ 76.3284301, 11.4563534, 0.0 ], [ 76.3278207, 11.4558922, 0.0 ], [ 76.3269548, 11.4551237, 0.0 ], [ 76.3264279, 11.4545315, 0.0 ], [ 76.3258691, 11.4537494, 0.0 ], [ 76.3254705, 11.4533289, 0.0 ], [ 76.3251634, 11.4535142, 0.0 ], [ 76.3246684, 11.4538441, 0.0 ], [ 76.323651, 11.4545535, 0.0 ], [ 76.3224044, 11.455498, 0.0 ], [ 76.3211304, 11.4564876, 0.0 ], [ 76.3187379, 11.4584895, 0.0 ], [ 76.3170101, 11.4596598, 0.0 ], [ 76.3154382, 11.460559, 0.0 ], [ 76.3150119, 11.4608618, 0.0 ], [ 76.313779, 11.4616705, 0.0 ], [ 76.3126378, 11.4625336, 0.0 ], [ 76.3104195, 11.4641287, 0.0 ], [ 76.3100208, 11.4642461, 0.0 ], [ 76.3090447, 11.4643272, 0.0 ], [ 76.3083664, 11.4649916, 0.0 ], [ 76.3059324, 11.4673098, 0.0 ], [ 76.3051532, 11.4677886, 0.0 ], [ 76.3046538, 11.4677433, 0.0 ], [ 76.3022435, 11.46725, 0.0 ], [ 76.3003052, 11.4667839, 0.0 ], [ 76.2984677, 11.4662907, 0.0 ], [ 76.29647, 11.4655804, 0.0 ], [ 76.2959247, 11.4655079, 0.0 ], [ 76.2950127, 11.4657382, 0.0 ], [ 76.2943528, 11.4657832, 0.0 ], [ 76.2937205, 11.4655931, 0.0 ], [ 76.2935189, 11.4656835, 0.0 ], [ 76.2928129, 11.4666234, 0.0 ], [ 76.2913184, 11.4683994, 0.0 ], [ 76.2904657, 11.4695698, 0.0 ], [ 76.2922848, 11.4699772, 0.0 ], [ 76.2928851, 11.4702215, 0.0 ], [ 76.2930912, 11.4704973, 0.0 ], [ 76.2932376, 11.4709764, 0.0 ], [ 76.293517, 11.4718444, 0.0 ], [ 76.2938696, 11.472509, 0.0 ], [ 76.2941765, 11.4728887, 0.0 ], [ 76.2935439, 11.4736118, 0.0 ], [ 76.290234, 11.477367, 0.0 ], [ 76.2880885, 11.4797122, 0.0 ], [ 76.2870754, 11.4806837, 0.0 ], [ 76.284435, 11.4829203, 0.0 ], [ 76.282841, 11.4807908, 0.0 ], [ 76.2815675, 11.4792445, 0.0 ], [ 76.2798764, 11.4793885, 0.0 ], [ 76.279354, 11.4793748, 0.0 ], [ 76.2785612, 11.4792163, 0.0 ], [ 76.277709, 11.4787957, 0.0 ], [ 76.2765636, 11.4780584, 0.0 ], [ 76.2757987, 11.4772083, 0.0 ], [ 76.2756246, 11.4768738, 0.0 ], [ 76.2739198, 11.4770178, 0.0 ], [ 76.2704415, 11.4771612, 0.0 ], [ 76.2698546, 11.4780017, 0.0 ], [ 76.2696069, 11.4784491, 0.0 ], [ 76.2690203, 11.4784488, 0.0 ], [ 76.2685617, 11.4796103, 0.0 ], [ 76.2682315, 11.480112, 0.0 ], [ 76.2676859, 11.4805321, 0.0 ], [ 76.2667601, 11.4808934, 0.0 ], [ 76.2656877, 11.481024, 0.0 ], [ 76.2650141, 11.480965, 0.0 ], [ 76.2646016, 11.4808925, 0.0 ], [ 76.2641342, 11.4806617, 0.0 ], [ 76.2619032, 11.4790517, 0.0 ], [ 76.2583023, 11.4764963, 0.0 ], [ 76.254674, 11.4737691, 0.0 ], [ 76.2509771, 11.4710193, 0.0 ], [ 76.2499997, 11.4703076, 0.0 ], [ 76.2499988, 11.4703069, 0.0 ], [ 76.2475734, 11.4685407, 0.0 ], [ 76.2480389, 11.4728758, 0.0 ], [ 76.248362, 11.477518, 0.0 ], [ 76.2485487, 11.4800403, 0.0 ], [ 76.2491047, 11.4865766, 0.0 ], [ 76.2492679, 11.4904549, 0.0 ], [ 76.2495001, 11.4936779, 0.0 ], [ 76.2496132, 11.4968692, 0.0 ], [ 76.2497882, 11.4983232, 0.0 ], [ 76.2499996, 11.4984429, 0.0 ], [ 76.2500316, 11.4984623, 0.0 ], [ 76.2514407, 11.4995213, 0.0 ], [ 76.2522669, 11.4999873, 0.0 ], [ 76.2522865, 11.5000003, 0.0 ], [ 76.2519905, 11.500481, 0.0 ], [ 76.2519584, 11.5010995, 0.0 ], [ 76.2519138, 11.5015005, 0.0 ], [ 76.2518337, 11.5017643, 0.0 ], [ 76.2514943, 11.5020988, 0.0 ], [ 76.2513508, 11.5024263, 0.0 ], [ 76.2511863, 11.5026722, 0.0 ], [ 76.2509808, 11.503, 0.0 ], [ 76.2506928, 11.5034098, 0.0 ], [ 76.2503637, 11.5039016, 0.0 ], [ 76.25, 11.5043847, 0.0 ], [ 76.2494066, 11.5051634, 0.0 ], [ 76.2494005, 11.5051731, 0.0 ], [ 76.2490885, 11.5056693, 0.0 ], [ 76.2486945, 11.5060401, 0.0 ], [ 76.2485159, 11.5064696, 0.0 ], [ 76.2489667, 11.5103702, 0.0 ], [ 76.249105, 11.5124087, 0.0 ], [ 76.2490045, 11.513114, 0.0 ], [ 76.2485509, 11.5135661, 0.0 ], [ 76.2483586, 11.5140453, 0.0 ], [ 76.2481625, 11.5164862, 0.0 ], [ 76.2471451, 11.5165137, 0.0 ], [ 76.2459718, 11.5164962, 0.0 ], [ 76.2450506, 11.5167768, 0.0 ], [ 76.2442166, 11.5173602, 0.0 ], [ 76.2437036, 11.5180158, 0.0 ], [ 76.2433282, 11.5191279, 0.0 ], [ 76.2427782, 11.5192049, 0.0 ], [ 76.2427102, 11.521117, 0.0 ], [ 76.2422244, 11.5211985, 0.0 ], [ 76.2410056, 11.5222838, 0.0 ], [ 76.2398649, 11.5237487, 0.0 ], [ 76.2393561, 11.5235455, 0.0 ], [ 76.2386964, 11.5244317, 0.0 ], [ 76.2384032, 11.5247844, 0.0 ], [ 76.2384817, 11.5262669, 0.0 ], [ 76.2385414, 11.5265426, 0.0 ], [ 76.2386192, 11.5264839, 0.0 ], [ 76.2389034, 11.5263029, 0.0 ], [ 76.2390637, 11.5262531, 0.0 ], [ 76.2393296, 11.5262938, 0.0 ], [ 76.2394763, 11.5264429, 0.0 ], [ 76.2397333, 11.5272789, 0.0 ], [ 76.2399214, 11.5275863, 0.0 ], [ 76.2402011, 11.5277534, 0.0 ], [ 76.2405586, 11.5278121, 0.0 ], [ 76.2406594, 11.5277351, 0.0 ], [ 76.2406959, 11.527247, 0.0 ], [ 76.2407554, 11.5271294, 0.0 ], [ 76.2408425, 11.5270616, 0.0 ], [ 76.2411037, 11.5270841, 0.0 ], [ 76.2417867, 11.5273279, 0.0 ], [ 76.2420297, 11.5273323, 0.0 ], [ 76.2422038, 11.5272103, 0.0 ], [ 76.2426803, 11.5265998, 0.0 ], [ 76.2428406, 11.5264822, 0.0 ], [ 76.2430973, 11.5264777, 0.0 ], [ 76.2437942, 11.5267847, 0.0 ], [ 76.2440599, 11.5267982, 0.0 ], [ 76.2441516, 11.5266807, 0.0 ], [ 76.244298, 11.526215, 0.0 ], [ 76.2444035, 11.526129, 0.0 ], [ 76.2445318, 11.5260974, 0.0 ], [ 76.2447381, 11.5261154, 0.0 ], [ 76.2448847, 11.5261741, 0.0 ], [ 76.2455129, 11.5266123, 0.0 ], [ 76.2456963, 11.5267026, 0.0 ], [ 76.2465259, 11.5269238, 0.0 ], [ 76.246746, 11.5270684, 0.0 ], [ 76.2473467, 11.527615, 0.0 ], [ 76.2477271, 11.5277731, 0.0 ], [ 76.2480663, 11.5278272, 0.0 ], [ 76.2484559, 11.527809, 0.0 ], [ 76.2495513, 11.5275192, 0.0 ], [ 76.2499997, 11.5275158, 0.0 ], [ 76.2501673, 11.5274837, 0.0 ], [ 76.2503368, 11.5275064, 0.0 ], [ 76.2504193, 11.5275291, 0.0 ], [ 76.2504926, 11.5275698, 0.0 ], [ 76.2504189, 11.5282116, 0.0 ], [ 76.2503132, 11.5287947, 0.0 ], [ 76.2501296, 11.5295314, 0.0 ], [ 76.2500792, 11.5298161, 0.0 ], [ 76.2500786, 11.5312531, 0.0 ], [ 76.250179, 11.5317733, 0.0 ], [ 76.2502475, 11.5321395, 0.0 ], [ 76.2502427, 11.5326684, 0.0 ], [ 76.2502837, 11.5333057, 0.0 ], [ 76.250311, 11.5338345, 0.0 ], [ 76.2504024, 11.5342233, 0.0 ], [ 76.2504939, 11.5346075, 0.0 ], [ 76.2506541, 11.5351455, 0.0 ], [ 76.2508189, 11.5355886, 0.0 ], [ 76.2511394, 11.5364521, 0.0 ], [ 76.2513728, 11.5369719, 0.0 ], [ 76.2514461, 11.5372749, 0.0 ], [ 76.2515055, 11.5376365, 0.0 ], [ 76.2515054, 11.5377766, 0.0 ], [ 76.2514504, 11.5378625, 0.0 ], [ 76.2513678, 11.5379528, 0.0 ], [ 76.2511891, 11.537998, 0.0 ], [ 76.2510333, 11.5379708, 0.0 ], [ 76.2508958, 11.5378532, 0.0 ], [ 76.2504238, 11.5373965, 0.0 ], [ 76.2502892, 11.5373179, 0.0 ], [ 76.2501378, 11.5373598, 0.0 ], [ 76.2499997, 11.5373997, 0.0 ], [ 76.2497708, 11.5373142, 0.0 ], [ 76.2481128, 11.5394842, 0.0 ], [ 76.2476406, 11.5401536, 0.0 ], [ 76.2475031, 11.5404068, 0.0 ], [ 76.2473658, 11.5408001, 0.0 ], [ 76.2472604, 11.5409448, 0.0 ], [ 76.2471138, 11.5410217, 0.0 ], [ 76.2469167, 11.5410399, 0.0 ], [ 76.246307, 11.5409361, 0.0 ], [ 76.2461053, 11.5409362, 0.0 ], [ 76.2458853, 11.5410267, 0.0 ], [ 76.24578, 11.5411488, 0.0 ], [ 76.2452028, 11.5421525, 0.0 ], [ 76.244511, 11.5430025, 0.0 ], [ 76.2444332, 11.5431472, 0.0 ], [ 76.2444424, 11.5433913, 0.0 ], [ 76.2446672, 11.5437618, 0.0 ], [ 76.2459512, 11.5452575, 0.0 ], [ 76.246176, 11.5455602, 0.0 ], [ 76.2463228, 11.5458902, 0.0 ], [ 76.2463274, 11.5460845, 0.0 ], [ 76.2462817, 11.5462834, 0.0 ], [ 76.2460984, 11.5465773, 0.0 ], [ 76.2458693, 11.5467989, 0.0 ], [ 76.2452736, 11.5472466, 0.0 ], [ 76.2435048, 11.5484677, 0.0 ], [ 76.2429595, 11.5489335, 0.0 ], [ 76.2426983, 11.5492771, 0.0 ], [ 76.242506, 11.5497111, 0.0 ], [ 76.242419, 11.550023, 0.0 ], [ 76.2423733, 11.5504931, 0.0 ], [ 76.2424653, 11.5511349, 0.0 ], [ 76.242814, 11.5519258, 0.0 ], [ 76.2427957, 11.5521473, 0.0 ], [ 76.2426309, 11.5526672, 0.0 ], [ 76.2426355, 11.5528435, 0.0 ], [ 76.2426906, 11.5530107, 0.0 ], [ 76.2429796, 11.5533993, 0.0 ], [ 76.2433556, 11.5537201, 0.0 ], [ 76.2435802, 11.5537742, 0.0 ], [ 76.2440981, 11.5536927, 0.0 ], [ 76.2442998, 11.5537152, 0.0 ], [ 76.2443824, 11.5537875, 0.0 ], [ 76.2444237, 11.5538914, 0.0 ], [ 76.2443963, 11.5540903, 0.0 ], [ 76.2442313, 11.5542983, 0.0 ], [ 76.2440297, 11.5544476, 0.0 ], [ 76.2428839, 11.5549949, 0.0 ], [ 76.2424944, 11.5552708, 0.0 ], [ 76.2422699, 11.5555421, 0.0 ], [ 76.2418988, 11.5561524, 0.0 ], [ 76.2417155, 11.556374, 0.0 ], [ 76.2415918, 11.5564102, 0.0 ], [ 76.2414497, 11.5563967, 0.0 ], [ 76.2412067, 11.5562747, 0.0 ], [ 76.2408306, 11.5557867, 0.0 ], [ 76.2407114, 11.5556918, 0.0 ], [ 76.2406014, 11.5557009, 0.0 ], [ 76.2404319, 11.5559044, 0.0 ], [ 76.2403176, 11.5567813, 0.0 ], [ 76.2400794, 11.5573329, 0.0 ], [ 76.2400841, 11.5576538, 0.0 ], [ 76.2399742, 11.5578708, 0.0 ], [ 76.2398092, 11.55802, 0.0 ], [ 76.2389751, 11.5583322, 0.0 ], [ 76.2388239, 11.5584498, 0.0 ], [ 76.2387506, 11.5585719, 0.0 ], [ 76.2386316, 11.5591414, 0.0 ], [ 76.2385815, 11.560059, 0.0 ], [ 76.2384579, 11.5604342, 0.0 ], [ 76.238458, 11.560615, 0.0 ], [ 76.2383388, 11.560823, 0.0 ], [ 76.2375367, 11.5610448, 0.0 ], [ 76.2373626, 11.5611624, 0.0 ], [ 76.2372572, 11.5613839, 0.0 ], [ 76.2370237, 11.5622112, 0.0 ], [ 76.2365656, 11.5628939, 0.0 ], [ 76.2364053, 11.5631922, 0.0 ], [ 76.2363, 11.5636714, 0.0 ], [ 76.2362867, 11.5649144, 0.0 ], [ 76.2362547, 11.5651178, 0.0 ], [ 76.2361631, 11.5653077, 0.0 ], [ 76.2357507, 11.5657373, 0.0 ], [ 76.2356774, 11.5658593, 0.0 ], [ 76.2356042, 11.5663882, 0.0 ], [ 76.235531, 11.5666007, 0.0 ], [ 76.2353843, 11.5667454, 0.0 ], [ 76.2350176, 11.5667636, 0.0 ], [ 76.2349168, 11.5667998, 0.0 ], [ 76.2348343, 11.5669806, 0.0 ], [ 76.2347795, 11.5674688, 0.0 ], [ 76.2345825, 11.567826, 0.0 ], [ 76.2341976, 11.5682103, 0.0 ], [ 76.2334145, 11.5688343, 0.0 ], [ 76.2331023, 11.5690831, 0.0 ], [ 76.2329831, 11.5692458, 0.0 ], [ 76.232997, 11.5695035, 0.0 ], [ 76.2332722, 11.5699237, 0.0 ], [ 76.2333594, 11.5701994, 0.0 ], [ 76.2333182, 11.5703757, 0.0 ], [ 76.2330936, 11.570647, 0.0 ], [ 76.2330845, 11.5707736, 0.0 ], [ 76.2337677, 11.5711711, 0.0 ], [ 76.2339512, 11.5713699, 0.0 ], [ 76.2343227, 11.5719484, 0.0 ], [ 76.2345199, 11.5721472, 0.0 ], [ 76.2347767, 11.5723053, 0.0 ], [ 76.2352306, 11.5725131, 0.0 ], [ 76.2354965, 11.5726892, 0.0 ], [ 76.2360514, 11.5732676, 0.0 ], [ 76.2367301, 11.5738188, 0.0 ], [ 76.2368631, 11.5738775, 0.0 ], [ 76.2371977, 11.5739, 0.0 ], [ 76.2372849, 11.5740175, 0.0 ], [ 76.2375967, 11.5742479, 0.0 ], [ 76.2381102, 11.574546, 0.0 ], [ 76.2388163, 11.5747673, 0.0 ], [ 76.2388805, 11.5748441, 0.0 ], [ 76.2391145, 11.5754407, 0.0 ], [ 76.2392796, 11.5756304, 0.0 ], [ 76.2394447, 11.5756349, 0.0 ], [ 76.2398068, 11.5755037, 0.0 ], [ 76.2402331, 11.5755352, 0.0 ], [ 76.2405677, 11.5754718, 0.0 ], [ 76.2406869, 11.5755079, 0.0 ], [ 76.2407787, 11.5756886, 0.0 ], [ 76.2407376, 11.5760819, 0.0 ], [ 76.240756, 11.576213, 0.0 ], [ 76.2408844, 11.5764028, 0.0 ], [ 76.2411733, 11.5765835, 0.0 ], [ 76.2417372, 11.5767641, 0.0 ], [ 76.2425076, 11.5773333, 0.0 ], [ 76.2431679, 11.5776766, 0.0 ], [ 76.2433605, 11.5778754, 0.0 ], [ 76.2435807, 11.5782957, 0.0 ], [ 76.243755, 11.5784899, 0.0 ], [ 76.2439109, 11.5785441, 0.0 ], [ 76.2440301, 11.5784627, 0.0 ], [ 76.2440804, 11.5782683, 0.0 ], [ 76.2441032, 11.5778796, 0.0 ], [ 76.2441582, 11.5778751, 0.0 ], [ 76.2443737, 11.5780422, 0.0 ], [ 76.2448462, 11.5787698, 0.0 ], [ 76.2450434, 11.5788782, 0.0 ], [ 76.2458366, 11.5791445, 0.0 ], [ 76.2464325, 11.5790087, 0.0 ], [ 76.2465884, 11.5791397, 0.0 ], [ 76.2468312, 11.5792613, 0.0 ], [ 76.2468315, 11.5792614, 0.0 ], [ 76.2468681, 11.5792797, 0.0 ], [ 76.2472579, 11.5796096, 0.0 ], [ 76.2475422, 11.5797857, 0.0 ], [ 76.2487711, 11.5799722, 0.0 ], [ 76.2492074, 11.5800654, 0.0 ], [ 76.2495557, 11.5804407, 0.0 ], [ 76.2497778, 11.5807909, 0.0 ], [ 76.25, 11.5812274, 0.0 ], [ 76.25, 11.5812274, 0.0 ], [ 76.2501098, 11.5816026, 0.0 ], [ 76.2502334, 11.5819372, 0.0 ], [ 76.2504029, 11.5821542, 0.0 ], [ 76.2506825, 11.5822945, 0.0 ], [ 76.2510447, 11.5823896, 0.0 ], [ 76.2515031, 11.5824576, 0.0 ], [ 76.251778, 11.5826114, 0.0 ], [ 76.251998, 11.5828103, 0.0 ], [ 76.2521951, 11.5830319, 0.0 ], [ 76.2523921, 11.5832489, 0.0 ], [ 76.2527037, 11.5835203, 0.0 ], [ 76.2531437, 11.5839228, 0.0 ], [ 76.2532169, 11.5841579, 0.0 ], [ 76.2532671, 11.5844291, 0.0 ], [ 76.2532945, 11.584863, 0.0 ], [ 76.2533082, 11.5849038, 0.0 ], [ 76.2533311, 11.5850529, 0.0 ], [ 76.2533539, 11.5852021, 0.0 ], [ 76.2535097, 11.585401, 0.0 ], [ 76.2536701, 11.5854463, 0.0 ], [ 76.2538398, 11.5854464, 0.0 ], [ 76.2540507, 11.5853787, 0.0 ], [ 76.2542249, 11.5852567, 0.0 ], [ 76.254468, 11.5851619, 0.0 ], [ 76.254633, 11.5851439, 0.0 ], [ 76.2547842, 11.5852163, 0.0 ], [ 76.2549217, 11.5853881, 0.0 ], [ 76.2551233, 11.5856639, 0.0 ], [ 76.2555082, 11.586193, 0.0 ], [ 76.2556915, 11.5864507, 0.0 ], [ 76.2559343, 11.5867355, 0.0 ], [ 76.2561771, 11.5870203, 0.0 ], [ 76.2564384, 11.5872239, 0.0 ], [ 76.2568371, 11.5874636, 0.0 ], [ 76.257213, 11.5875723, 0.0 ], [ 76.2575888, 11.5876855, 0.0 ], [ 76.2578456, 11.5877985, 0.0 ], [ 76.2581022, 11.5879297, 0.0 ], [ 76.2583955, 11.5882372, 0.0 ], [ 76.2585421, 11.5883955, 0.0 ], [ 76.2587896, 11.5885991, 0.0 ], [ 76.2590233, 11.5886941, 0.0 ], [ 76.2593213, 11.5886852, 0.0 ], [ 76.2596606, 11.5886627, 0.0 ], [ 76.2598256, 11.588735, 0.0 ], [ 76.2599677, 11.5888345, 0.0 ], [ 76.2601281, 11.5889657, 0.0 ], [ 76.2603435, 11.5890833, 0.0 ], [ 76.2605819, 11.5891015, 0.0 ], [ 76.2609532, 11.5891152, 0.0 ], [ 76.2611412, 11.5891786, 0.0 ], [ 76.2612832, 11.5892916, 0.0 ], [ 76.2613382, 11.5894273, 0.0 ], [ 76.2612556, 11.5896623, 0.0 ], [ 76.2611041, 11.5900102, 0.0 ], [ 76.2611086, 11.5902046, 0.0 ], [ 76.2611544, 11.5902951, 0.0 ], [ 76.2613194, 11.5903539, 0.0 ], [ 76.2614524, 11.5903765, 0.0 ], [ 76.2618237, 11.590431, 0.0 ], [ 76.2619979, 11.5904762, 0.0 ], [ 76.2623463, 11.5905577, 0.0 ], [ 76.2627497, 11.5904585, 0.0 ], [ 76.2630157, 11.590445, 0.0 ], [ 76.2632082, 11.5904722, 0.0 ], [ 76.2633962, 11.5904994, 0.0 ], [ 76.2638454, 11.5907165, 0.0 ], [ 76.2642716, 11.590893, 0.0 ], [ 76.2644596, 11.5908659, 0.0 ], [ 76.2646017, 11.5909429, 0.0 ], [ 76.2647432, 11.5923125, 0.0 ], [ 76.2649259, 11.59389, 0.0 ], [ 76.2681443, 11.5940269, 0.0 ], [ 76.2706338, 11.5937838, 0.0 ], [ 76.2743015, 11.5936767, 0.0 ], [ 76.2744155, 11.5952859, 0.0 ], [ 76.2748416, 11.5961178, 0.0 ], [ 76.2756158, 11.5974424, 0.0 ], [ 76.277032, 11.5988984, 0.0 ], [ 76.2789063, 11.6009421, 0.0 ], [ 76.2798421, 11.5996995, 0.0 ], [ 76.2807503, 11.5985065, 0.0 ], [ 76.2824841, 11.5959397, 0.0 ], [ 76.2833832, 11.5944574, 0.0 ], [ 76.2844521, 11.592817, 0.0 ], [ 76.2854429, 11.5912173, 0.0 ], [ 76.2860942, 11.5901959, 0.0 ], [ 76.2881068, 11.5903638, 0.0 ], [ 76.289528, 11.5903778, 0.0 ], [ 76.29105, 11.5903467, 0.0 ], [ 76.2920953, 11.5903877, 0.0 ], [ 76.2930809, 11.5903337, 0.0 ], [ 76.2937778, 11.5902662, 0.0 ], [ 76.2939383, 11.5902797, 0.0 ], [ 76.294493, 11.5903929, 0.0 ], [ 76.2950339, 11.590479, 0.0 ], [ 76.2959417, 11.590416, 0.0 ], [ 76.296006, 11.5901448, 0.0 ], [ 76.2966483, 11.5885358, 0.0 ], [ 76.297763, 11.586014, 0.0 ], [ 76.2982906, 11.5848886, 0.0 ], [ 76.2988778, 11.5835598, 0.0 ], [ 76.2991256, 11.5828051, 0.0 ], [ 76.299291, 11.5815712, 0.0 ], [ 76.2993923, 11.5800886, 0.0 ], [ 76.2995397, 11.577589, 0.0 ], [ 76.299696, 11.5760116, 0.0 ], [ 76.3001274, 11.5744568, 0.0 ], [ 76.3004026, 11.5737788, 0.0 ], [ 76.3012924, 11.5724276, 0.0 ], [ 76.3023838, 11.5712256, 0.0 ], [ 76.3040475, 11.5724781, 0.0 ], [ 76.3068478, 11.5747886, 0.0 ], [ 76.308837, 11.5763711, 0.0 ], [ 76.3105375, 11.5773931, 0.0 ], [ 76.3136137, 11.5768695, 0.0 ], [ 76.3159242, 11.5765943, 0.0 ], [ 76.3169229, 11.5796953, 0.0 ], [ 76.317798, 11.5815758, 0.0 ], [ 76.318788, 11.5830903, 0.0 ], [ 76.3204195, 11.5853326, 0.0 ], [ 76.3212125, 11.5861916, 0.0 ], [ 76.3223171, 11.5871501, 0.0 ], [ 76.324719, 11.5887778, 0.0 ], [ 76.3265709, 11.589967, 0.0 ], [ 76.328613, 11.5913279, 0.0 ], [ 76.3306552, 11.5926887, 0.0 ], [ 76.3341666, 11.5948816, 0.0 ], [ 76.3358765, 11.5957362, 0.0 ], [ 76.3373712, 11.5950042, 0.0 ], [ 76.3386825, 11.5940733, 0.0 ], [ 76.3399572, 11.5931287, 0.0 ], [ 76.3402052, 11.5905116, 0.0 ], [ 76.3401732, 11.5892777, 0.0 ], [ 76.3403982, 11.5871985, 0.0 ], [ 76.3412509, 11.5872438, 0.0 ], [ 76.3422319, 11.5873885, 0.0 ], [ 76.3435385, 11.5876554, 0.0 ], [ 76.3448175, 11.588433, 0.0 ], [ 76.346234, 11.5889665, 0.0 ], [ 76.347403, 11.5891656, 0.0 ], [ 76.3484482, 11.5892787, 0.0 ], [ 76.3505526, 11.5893422, 0.0 ], [ 76.3519967, 11.5893785, 0.0 ], [ 76.3545777, 11.589311, 0.0 ], [ 76.3552745, 11.5896998, 0.0 ], [ 76.3573328, 11.5917566, 0.0 ], [ 76.3590152, 11.5933479, 0.0 ], [ 76.3601751, 11.5939807, 0.0 ], [ 76.3609956, 11.5942475, 0.0 ], [ 76.3618713, 11.5946498, 0.0 ], [ 76.3628432, 11.5953279, 0.0 ], [ 76.3651078, 11.596996, 0.0 ], [ 76.3671021, 11.5983295, 0.0 ], [ 76.3678265, 11.5985917, 0.0 ], [ 76.369752, 11.5991387, 0.0 ], [ 76.3719159, 11.599514, 0.0 ], [ 76.373493, 11.5998485, 0.0 ], [ 76.3743137, 11.6000474, 0.0 ], [ 76.3757991, 11.6008565, 0.0 ], [ 76.3779814, 11.6019097, 0.0 ], [ 76.3776788, 11.6037856, 0.0 ], [ 76.3776192, 11.6046535, 0.0 ], [ 76.3776788, 11.6051009, 0.0 ], [ 76.3779263, 11.6068999, 0.0 ], [ 76.3782747, 11.608509, 0.0 ], [ 76.3792697, 11.6091102, 0.0 ], [ 76.3821398, 11.6109545, 0.0 ], [ 76.3839324, 11.6120483, 0.0 ], [ 76.3835473, 11.6139467, 0.0 ], [ 76.3831851, 11.6160576, 0.0 ], [ 76.3830751, 11.6166588, 0.0 ], [ 76.383043, 11.6175809, 0.0 ], [ 76.3832218, 11.6206545, 0.0 ], [ 76.3832218, 11.6226569, 0.0 ], [ 76.3832906, 11.6240446, 0.0 ], [ 76.3853952, 11.6260244, 0.0 ], [ 76.3864865, 11.6276334, 0.0 ], [ 76.3880958, 11.6296674, 0.0 ], [ 76.3884948, 11.6298211, 0.0 ], [ 76.3903335, 11.6301872, 0.0 ], [ 76.3918466, 11.6305578, 0.0 ], [ 76.3924472, 11.6307386, 0.0 ], [ 76.3932863, 11.6308787, 0.0 ], [ 76.3941988, 11.631064, 0.0 ], [ 76.3962805, 11.6316289, 0.0 ], [ 76.3983943, 11.6321169, 0.0 ], [ 76.4014435, 11.6328173, 0.0 ], [ 76.4031217, 11.6333416, 0.0 ], [ 76.4053364, 11.6339651, 0.0 ], [ 76.4066157, 11.6342589, 0.0 ], [ 76.4068862, 11.6342814, 0.0 ], [ 76.4077666, 11.6341503, 0.0 ], [ 76.4091146, 11.6340507, 0.0 ], [ 76.4108204, 11.6340596, 0.0 ], [ 76.4125856, 11.6337927, 0.0 ], [ 76.415942, 11.6335392, 0.0 ], [ 76.4175651, 11.6334487, 0.0 ], [ 76.4205685, 11.6334256, 0.0 ], [ 76.4229069, 11.6334344, 0.0 ], [ 76.4246493, 11.6335471, 0.0 ], [ 76.4262037, 11.6335695, 0.0 ], [ 76.427107, 11.6334473, 0.0 ], [ 76.4277534, 11.6330539, 0.0 ], [ 76.4283723, 11.6322447, 0.0 ], [ 76.4292846, 11.6314219, 0.0 ], [ 76.4300594, 11.630789, 0.0 ], [ 76.4306004, 11.6306533, 0.0 ], [ 76.4311736, 11.6307345, 0.0 ], [ 76.4319165, 11.6309153, 0.0 ], [ 76.4324805, 11.6312903, 0.0 ], [ 76.4328611, 11.6319095, 0.0 ], [ 76.4332235, 11.6327547, 0.0 ], [ 76.4338061, 11.6343773, 0.0 ], [ 76.4341686, 11.6352857, 0.0 ], [ 76.4345492, 11.6357648, 0.0 ], [ 76.4359296, 11.6368042, 0.0 ], [ 76.4371265, 11.6376311, 0.0 ], [ 76.438351, 11.638553, 0.0 ], [ 76.4395524, 11.639285, 0.0 ], [ 76.4402266, 11.6398363, 0.0 ], [ 76.4412953, 11.6411695, 0.0 ], [ 76.442153, 11.6423355, 0.0 ], [ 76.4426851, 11.6434383, 0.0 ], [ 76.4430337, 11.6435195, 0.0 ], [ 76.443428, 11.6436234, 0.0 ], [ 76.4434189, 11.6440257, 0.0 ], [ 76.4434832, 11.6443014, 0.0 ], [ 76.4436758, 11.6448122, 0.0 ], [ 76.4436945, 11.6459512, 0.0 ], [ 76.443901, 11.6466247, 0.0 ], [ 76.443979, 11.6468642, 0.0 ], [ 76.444057, 11.6471942, 0.0 ], [ 76.4440204, 11.6474112, 0.0 ], [ 76.4438829, 11.6477321, 0.0 ], [ 76.4437408, 11.6479445, 0.0 ], [ 76.4435987, 11.6481525, 0.0 ], [ 76.4435758, 11.6483152, 0.0 ], [ 76.4435391, 11.6486407, 0.0 ], [ 76.4435163, 11.6489752, 0.0 ], [ 76.4434384, 11.649156, 0.0 ], [ 76.443365, 11.6493323, 0.0 ], [ 76.4432734, 11.649486, 0.0 ], [ 76.4432413, 11.6495448, 0.0 ], [ 76.4432092, 11.649599, 0.0 ], [ 76.4429845, 11.6497437, 0.0 ], [ 76.4427599, 11.6498929, 0.0 ], [ 76.4425674, 11.6499879, 0.0 ], [ 76.4424298, 11.6500105, 0.0 ], [ 76.4422968, 11.6500331, 0.0 ], [ 76.4421134, 11.6500739, 0.0 ], [ 76.4419942, 11.6501236, 0.0 ], [ 76.4419483, 11.6501598, 0.0 ], [ 76.4418154, 11.6502818, 0.0 ], [ 76.4416824, 11.6504039, 0.0 ], [ 76.4415495, 11.6505938, 0.0 ], [ 76.4414165, 11.6507791, 0.0 ], [ 76.4413386, 11.6509689, 0.0 ], [ 76.4412561, 11.6511588, 0.0 ], [ 76.441114, 11.6513216, 0.0 ], [ 76.4409581, 11.6514075, 0.0 ], [ 76.4408023, 11.6514889, 0.0 ], [ 76.440518, 11.6515884, 0.0 ], [ 76.4400916, 11.6517421, 0.0 ], [ 76.4398165, 11.6519683, 0.0 ], [ 76.4397293, 11.6520361, 0.0 ], [ 76.4395597, 11.6522666, 0.0 ], [ 76.4393901, 11.6524926, 0.0 ], [ 76.4393397, 11.6525514, 0.0 ], [ 76.4392893, 11.6526102, 0.0 ], [ 76.4392389, 11.6527051, 0.0 ], [ 76.4390967, 11.6528226, 0.0 ], [ 76.4389958, 11.6528814, 0.0 ], [ 76.4387299, 11.6529719, 0.0 ], [ 76.4384089, 11.6530488, 0.0 ], [ 76.4380604, 11.6531076, 0.0 ], [ 76.437877, 11.6531121, 0.0 ], [ 76.4375239, 11.6530626, 0.0 ], [ 76.4371892, 11.6530038, 0.0 ], [ 76.4370057, 11.6530355, 0.0 ], [ 76.4367581, 11.653135, 0.0 ], [ 76.4365656, 11.6533022, 0.0 ], [ 76.436373, 11.6534695, 0.0 ], [ 76.436098, 11.6539352, 0.0 ], [ 76.4358917, 11.6544098, 0.0 ], [ 76.4358184, 11.6546584, 0.0 ], [ 76.4357635, 11.6554133, 0.0 ], [ 76.4357727, 11.6557478, 0.0 ], [ 76.4357774, 11.6560868, 0.0 ], [ 76.4357362, 11.6563896, 0.0 ], [ 76.4355941, 11.6566699, 0.0 ], [ 76.4354107, 11.6568417, 0.0 ], [ 76.4350806, 11.6570722, 0.0 ], [ 76.4348283, 11.6571718, 0.0 ], [ 76.4346633, 11.6571989, 0.0 ], [ 76.4344707, 11.6572803, 0.0 ], [ 76.4343607, 11.6573572, 0.0 ], [ 76.4342461, 11.6574341, 0.0 ], [ 76.4340673, 11.6577912, 0.0 ], [ 76.4340399, 11.6585822, 0.0 ], [ 76.4340308, 11.6592466, 0.0 ], [ 76.4339117, 11.6596444, 0.0 ], [ 76.4336229, 11.6601191, 0.0 ], [ 76.4333662, 11.6606299, 0.0 ], [ 76.4333021, 11.6610096, 0.0 ], [ 76.4333389, 11.6615339, 0.0 ], [ 76.433316, 11.6618458, 0.0 ], [ 76.4332105, 11.6620989, 0.0 ], [ 76.4327704, 11.6624832, 0.0 ], [ 76.4326512, 11.6626233, 0.0 ], [ 76.432422, 11.6630618, 0.0 ], [ 76.4323121, 11.6636087, 0.0 ], [ 76.4321241, 11.6640427, 0.0 ], [ 76.4318491, 11.6645807, 0.0 ], [ 76.4317208, 11.6649784, 0.0 ], [ 76.4315008, 11.6657017, 0.0 ], [ 76.4313541, 11.6664023, 0.0 ], [ 76.4311065, 11.6664385, 0.0 ], [ 76.4308589, 11.6664747, 0.0 ], [ 76.4306571, 11.6664341, 0.0 ], [ 76.4304508, 11.6663934, 0.0 ], [ 76.4302719, 11.6663031, 0.0 ], [ 76.4299646, 11.6661449, 0.0 ], [ 76.4297307, 11.6661449, 0.0 ], [ 76.4296161, 11.666145, 0.0 ], [ 76.4294648, 11.6662444, 0.0 ], [ 76.4292447, 11.6667553, 0.0 ], [ 76.4290201, 11.6673022, 0.0 ], [ 76.4288919, 11.6683192, 0.0 ], [ 76.4288186, 11.6686809, 0.0 ], [ 76.4285893, 11.6690289, 0.0 ], [ 76.4284014, 11.6694267, 0.0 ], [ 76.4283464, 11.6696482, 0.0 ], [ 76.4281813, 11.6699828, 0.0 ], [ 76.4280346, 11.6701184, 0.0 ], [ 76.4279246, 11.670132, 0.0 ], [ 76.4278191, 11.6701455, 0.0 ], [ 76.4275852, 11.6701094, 0.0 ], [ 76.4272688, 11.6699151, 0.0 ], [ 76.42709, 11.6698519, 0.0 ], [ 76.4269478, 11.6698518, 0.0 ], [ 76.4268239, 11.6698835, 0.0 ], [ 76.4266864, 11.6700462, 0.0 ], [ 76.4266498, 11.6702678, 0.0 ], [ 76.4266177, 11.6704892, 0.0 ], [ 76.4265673, 11.6707785, 0.0 ], [ 76.4265215, 11.6708779, 0.0 ], [ 76.4264068, 11.6710045, 0.0 ], [ 76.4263105, 11.6710588, 0.0 ], [ 76.4261317, 11.6711447, 0.0 ], [ 76.425962, 11.6711447, 0.0 ], [ 76.4257648, 11.6710996, 0.0 ], [ 76.4256089, 11.6710815, 0.0 ], [ 76.4254347, 11.6711584, 0.0 ], [ 76.4252833, 11.6712669, 0.0 ], [ 76.4251275, 11.6713754, 0.0 ], [ 76.4248798, 11.6714432, 0.0 ], [ 76.424513, 11.6713845, 0.0 ], [ 76.4243065, 11.6713213, 0.0 ], [ 76.4241781, 11.6713258, 0.0 ], [ 76.4239626, 11.6714389, 0.0 ], [ 76.4236692, 11.6714977, 0.0 ], [ 76.4234949, 11.6714751, 0.0 ], [ 76.4233343, 11.6714163, 0.0 ], [ 76.4231739, 11.6713576, 0.0 ], [ 76.4231051, 11.6713169, 0.0 ], [ 76.4228528, 11.671204, 0.0 ], [ 76.4225455, 11.6712085, 0.0 ], [ 76.4222842, 11.6712537, 0.0 ], [ 76.4220274, 11.6713035, 0.0 ], [ 76.4218302, 11.6714256, 0.0 ], [ 76.421656, 11.6716245, 0.0 ], [ 76.4215413, 11.6718414, 0.0 ], [ 76.4214268, 11.672063, 0.0 ], [ 76.4213671, 11.6721579, 0.0 ], [ 76.4212663, 11.6722935, 0.0 ], [ 76.4212251, 11.6723432, 0.0 ], [ 76.4210278, 11.6724834, 0.0 ], [ 76.4206885, 11.6725015, 0.0 ], [ 76.4203537, 11.6722801, 0.0 ], [ 76.4201061, 11.6719411, 0.0 ], [ 76.4199638, 11.6716609, 0.0 ], [ 76.4198216, 11.6713851, 0.0 ], [ 76.4197895, 11.6712767, 0.0 ], [ 76.4197528, 11.6711682, 0.0 ], [ 76.4196977, 11.6710869, 0.0 ], [ 76.4196428, 11.6710055, 0.0 ], [ 76.4195052, 11.670897, 0.0 ], [ 76.4191291, 11.6708971, 0.0 ], [ 76.4188265, 11.670983, 0.0 ], [ 76.4185192, 11.6710734, 0.0 ], [ 76.4181386, 11.6712498, 0.0 ], [ 76.417891, 11.6714667, 0.0 ], [ 76.4176938, 11.6716295, 0.0 ], [ 76.417249, 11.6717381, 0.0 ], [ 76.4167262, 11.6717426, 0.0 ], [ 76.4165015, 11.6722218, 0.0 ], [ 76.4162173, 11.6725201, 0.0 ], [ 76.415933, 11.672814, 0.0 ], [ 76.4158184, 11.6730264, 0.0 ], [ 76.4157083, 11.6732434, 0.0 ], [ 76.4156396, 11.6735327, 0.0 ], [ 76.4155708, 11.673727, 0.0 ], [ 76.4153461, 11.6740254, 0.0 ], [ 76.4151307, 11.6741746, 0.0 ], [ 76.4149794, 11.6744187, 0.0 ], [ 76.4149794, 11.6745453, 0.0 ], [ 76.4150344, 11.6748617, 0.0 ], [ 76.4151582, 11.6749747, 0.0 ], [ 76.4153784, 11.675178, 0.0 ], [ 76.4156032, 11.6753859, 0.0 ], [ 76.415649, 11.6755396, 0.0 ], [ 76.4156812, 11.6758108, 0.0 ], [ 76.4155895, 11.6760911, 0.0 ], [ 76.4154153, 11.6762809, 0.0 ], [ 76.4151768, 11.676525, 0.0 ], [ 76.4149338, 11.6767646, 0.0 ], [ 76.4147091, 11.6771896, 0.0 ], [ 76.4145761, 11.6775783, 0.0 ], [ 76.4145074, 11.6783602, 0.0 ], [ 76.41448, 11.6786631, 0.0 ], [ 76.4143928, 11.6789163, 0.0 ], [ 76.4142278, 11.6791423, 0.0 ], [ 76.413971, 11.6793141, 0.0 ], [ 76.4138196, 11.6794452, 0.0 ], [ 76.4136638, 11.6795717, 0.0 ], [ 76.413517, 11.6798113, 0.0 ], [ 76.4134804, 11.6800961, 0.0 ], [ 76.4135079, 11.6802317, 0.0 ], [ 76.4135859, 11.6804938, 0.0 ], [ 76.4137143, 11.6807424, 0.0 ], [ 76.4139483, 11.681122, 0.0 ], [ 76.4140446, 11.6813932, 0.0 ], [ 76.4140309, 11.6816147, 0.0 ], [ 76.4139484, 11.6817911, 0.0 ], [ 76.413554, 11.6819764, 0.0 ], [ 76.4132788, 11.6820397, 0.0 ], [ 76.4130678, 11.6821256, 0.0 ], [ 76.4128753, 11.6822748, 0.0 ], [ 76.4126964, 11.682546, 0.0 ], [ 76.4126002, 11.682763, 0.0 ], [ 76.4125864, 11.6830839, 0.0 ], [ 76.4126324, 11.683667, 0.0 ], [ 76.4127287, 11.6839291, 0.0 ], [ 76.4128296, 11.6841868, 0.0 ], [ 76.4128801, 11.684449, 0.0 ], [ 76.4130499, 11.6849009, 0.0 ], [ 76.4131049, 11.6851676, 0.0 ], [ 76.4131646, 11.6854343, 0.0 ], [ 76.4131646, 11.68571, 0.0 ], [ 76.4130454, 11.6859812, 0.0 ], [ 76.4128665, 11.6862841, 0.0 ], [ 76.4127153, 11.6864423, 0.0 ], [ 76.4124355, 11.686587, 0.0 ], [ 76.412275, 11.6866186, 0.0 ], [ 76.4121145, 11.6866503, 0.0 ], [ 76.4118576, 11.6866368, 0.0 ], [ 76.4116054, 11.6866232, 0.0 ], [ 76.4113578, 11.6866549, 0.0 ], [ 76.4112064, 11.6867453, 0.0 ], [ 76.4111377, 11.6868583, 0.0 ], [ 76.4111468, 11.6870888, 0.0 ], [ 76.4112523, 11.6874233, 0.0 ], [ 76.4112662, 11.6877442, 0.0 ], [ 76.4111882, 11.6878799, 0.0 ], [ 76.4109314, 11.6880426, 0.0 ], [ 76.4106791, 11.6880833, 0.0 ], [ 76.4103948, 11.6880065, 0.0 ], [ 76.410216, 11.687898, 0.0 ], [ 76.4098812, 11.6877172, 0.0 ], [ 76.4096748, 11.6876856, 0.0 ], [ 76.4095693, 11.6877398, 0.0 ], [ 76.4093125, 11.6879524, 0.0 ], [ 76.4089411, 11.6886892, 0.0 ], [ 76.4084963, 11.6895209, 0.0 ], [ 76.4084413, 11.6897152, 0.0 ], [ 76.4085422, 11.6899051, 0.0 ], [ 76.4087073, 11.6900181, 0.0 ], [ 76.4090375, 11.69014, 0.0 ], [ 76.409409, 11.6902395, 0.0 ], [ 76.4097392, 11.6903569, 0.0 ], [ 76.4099777, 11.6905061, 0.0 ], [ 76.4101841, 11.6907411, 0.0 ], [ 76.4102576, 11.6910033, 0.0 ], [ 76.4102025, 11.6913152, 0.0 ], [ 76.4098953, 11.6920429, 0.0 ], [ 76.4098449, 11.6922735, 0.0 ], [ 76.4097945, 11.6925085, 0.0 ], [ 76.4098221, 11.6927571, 0.0 ], [ 76.4099321, 11.692947, 0.0 ], [ 76.4100881, 11.6930599, 0.0 ], [ 76.4105329, 11.6932497, 0.0 ], [ 76.4107347, 11.6933672, 0.0 ], [ 76.4108173, 11.6934802, 0.0 ], [ 76.4108265, 11.69367, 0.0 ], [ 76.4107165, 11.6938599, 0.0 ], [ 76.41051, 11.6939458, 0.0 ], [ 76.4100882, 11.6939639, 0.0 ], [ 76.4097167, 11.6939911, 0.0 ], [ 76.4096066, 11.694086, 0.0 ], [ 76.4095791, 11.6942487, 0.0 ], [ 76.4096341, 11.6943753, 0.0 ], [ 76.409813, 11.6944973, 0.0 ], [ 76.4100928, 11.6946057, 0.0 ], [ 76.4105101, 11.6946192, 0.0 ], [ 76.4108312, 11.6946961, 0.0 ], [ 76.4111843, 11.6947277, 0.0 ], [ 76.4116659, 11.6946779, 0.0 ], [ 76.412042, 11.6946869, 0.0 ], [ 76.4122117, 11.6947864, 0.0 ], [ 76.4123768, 11.6950214, 0.0 ], [ 76.4123768, 11.6953197, 0.0 ], [ 76.41212, 11.6958169, 0.0 ], [ 76.4118586, 11.6961922, 0.0 ], [ 76.4117303, 11.696495, 0.0 ], [ 76.4116844, 11.6968611, 0.0 ], [ 76.4117579, 11.6972453, 0.0 ], [ 76.4118313, 11.6975707, 0.0 ], [ 76.4117763, 11.6978284, 0.0 ], [ 76.4114002, 11.6981448, 0.0 ], [ 76.4110471, 11.6982127, 0.0 ], [ 76.4107169, 11.6982308, 0.0 ], [ 76.4103087, 11.6983528, 0.0 ], [ 76.4100565, 11.6984885, 0.0 ], [ 76.4098318, 11.6987506, 0.0 ], [ 76.4098089, 11.698927, 0.0 ], [ 76.409974, 11.6991213, 0.0 ], [ 76.4104235, 11.6993879, 0.0 ], [ 76.410639, 11.6995462, 0.0 ], [ 76.4108042, 11.6997857, 0.0 ], [ 76.4108685, 11.7000523, 0.0 ], [ 76.4108043, 11.700197, 0.0 ], [ 76.4106346, 11.7004591, 0.0 ], [ 76.410474, 11.7005858, 0.0 ], [ 76.4101898, 11.7008253, 0.0 ], [ 76.4100614, 11.7009383, 0.0 ], [ 76.4098137, 11.7012684, 0.0 ], [ 76.4095707, 11.7015983, 0.0 ], [ 76.4094193, 11.7019419, 0.0 ], [ 76.4092681, 11.7022854, 0.0 ], [ 76.4091167, 11.7029634, 0.0 ], [ 76.409071, 11.7034561, 0.0 ], [ 76.4090297, 11.7039488, 0.0 ], [ 76.4090298, 11.7048799, 0.0 ], [ 76.4090527, 11.7052912, 0.0 ], [ 76.4090712, 11.7057071, 0.0 ], [ 76.4088832, 11.7063896, 0.0 ], [ 76.4085851, 11.7067242, 0.0 ], [ 76.408287, 11.7070586, 0.0 ], [ 76.4077412, 11.7073887, 0.0 ], [ 76.4074477, 11.7074475, 0.0 ], [ 76.407168, 11.7073932, 0.0 ], [ 76.4069983, 11.7072124, 0.0 ], [ 76.4069294, 11.7068192, 0.0 ], [ 76.4068744, 11.7064034, 0.0 ], [ 76.406801, 11.7062723, 0.0 ], [ 76.4066266, 11.7061187, 0.0 ], [ 76.4062734, 11.7060147, 0.0 ], [ 76.4055901, 11.7058295, 0.0 ], [ 76.4053975, 11.705825, 0.0 ], [ 76.4052369, 11.7058566, 0.0 ], [ 76.404971, 11.7061504, 0.0 ], [ 76.4042005, 11.7070545, 0.0 ], [ 76.4037511, 11.7074659, 0.0 ], [ 76.4034621, 11.7077597, 0.0 ], [ 76.4034071, 11.7080716, 0.0 ], [ 76.4034759, 11.708293, 0.0 ], [ 76.4037695, 11.7085144, 0.0 ], [ 76.4042144, 11.7088083, 0.0 ], [ 76.404274, 11.708962, 0.0 ], [ 76.4041686, 11.7091925, 0.0 ], [ 76.40382, 11.709527, 0.0 ], [ 76.4036825, 11.7097575, 0.0 ], [ 76.4036024, 11.7098162, 0.0 ], [ 76.403522, 11.7098751, 0.0 ], [ 76.4034439, 11.7101372, 0.0 ], [ 76.4034119, 11.7105259, 0.0 ], [ 76.4033752, 11.7109146, 0.0 ], [ 76.4034441, 11.7112898, 0.0 ], [ 76.4036597, 11.7116198, 0.0 ], [ 76.4042146, 11.7116197, 0.0 ], [ 76.4046962, 11.711475, 0.0 ], [ 76.4050355, 11.711249, 0.0 ], [ 76.4056043, 11.7111947, 0.0 ], [ 76.406063, 11.7116241, 0.0 ], [ 76.4065263, 11.712171, 0.0 ], [ 76.4067832, 11.7127585, 0.0 ], [ 76.4069988, 11.7135586, 0.0 ], [ 76.4072923, 11.713893, 0.0 ], [ 76.4080401, 11.7147744, 0.0 ], [ 76.4085308, 11.7150546, 0.0 ], [ 76.4089803, 11.7150636, 0.0 ], [ 76.4094298, 11.7150681, 0.0 ], [ 76.409838, 11.7152126, 0.0 ], [ 76.4104847, 11.7154522, 0.0 ], [ 76.4111361, 11.7156962, 0.0 ], [ 76.4118424, 11.7158001, 0.0 ], [ 76.4121956, 11.7157097, 0.0 ], [ 76.4125717, 11.71547, 0.0 ], [ 76.4127735, 11.7151762, 0.0 ], [ 76.4129248, 11.7146564, 0.0 ], [ 76.4128558, 11.7141637, 0.0 ], [ 76.4127778, 11.7136168, 0.0 ], [ 76.4127044, 11.7130699, 0.0 ], [ 76.4126126, 11.7126947, 0.0 ], [ 76.4126631, 11.7121885, 0.0 ], [ 76.4128556, 11.7116506, 0.0 ], [ 76.4131949, 11.7110764, 0.0 ], [ 76.4136261, 11.7110222, 0.0 ], [ 76.4140068, 11.7112527, 0.0 ], [ 76.4143049, 11.7115283, 0.0 ], [ 76.414603, 11.7117995, 0.0 ], [ 76.4149884, 11.7120436, 0.0 ], [ 76.4153737, 11.7122921, 0.0 ], [ 76.4157131, 11.712622, 0.0 ], [ 76.4160571, 11.7129565, 0.0 ], [ 76.4163187, 11.7136616, 0.0 ], [ 76.4162361, 11.7140367, 0.0 ], [ 76.4160849, 11.714534, 0.0 ], [ 76.4160986, 11.7150538, 0.0 ], [ 76.4162776, 11.7155329, 0.0 ], [ 76.4165345, 11.7159713, 0.0 ], [ 76.416874, 11.7163826, 0.0 ], [ 76.4170759, 11.7168526, 0.0 ], [ 76.4170759, 11.7170244, 0.0 ], [ 76.4166677, 11.7173725, 0.0 ], [ 76.4165484, 11.7175352, 0.0 ], [ 76.4165898, 11.7176934, 0.0 ], [ 76.4168192, 11.7178425, 0.0 ], [ 76.4174109, 11.7181046, 0.0 ], [ 76.4185621, 11.7186107, 0.0 ], [ 76.4189015, 11.7185835, 0.0 ], [ 76.4195024, 11.7185881, 0.0 ], [ 76.4201078, 11.718597, 0.0 ], [ 76.4206628, 11.7187325, 0.0 ], [ 76.4209014, 11.7189314, 0.0 ], [ 76.4211858, 11.7193562, 0.0 ], [ 76.4216904, 11.7198759, 0.0 ], [ 76.4220803, 11.719998, 0.0 ], [ 76.4234242, 11.7200248, 0.0 ], [ 76.4241122, 11.7202914, 0.0 ], [ 76.4244792, 11.7206123, 0.0 ], [ 76.4246948, 11.720906, 0.0 ], [ 76.4248416, 11.7216473, 0.0 ], [ 76.4249382, 11.7228225, 0.0 ], [ 76.4252181, 11.7232022, 0.0 ], [ 76.425952, 11.7237218, 0.0 ], [ 76.4262915, 11.7241603, 0.0 ], [ 76.4263328, 11.7248292, 0.0 ], [ 76.4264109, 11.7251501, 0.0 ], [ 76.4266678, 11.7254168, 0.0 ], [ 76.4272136, 11.725697, 0.0 ], [ 76.427443, 11.7259771, 0.0 ], [ 76.4274431, 11.7263116, 0.0 ], [ 76.4273606, 11.7265511, 0.0 ], [ 76.427035, 11.7267773, 0.0 ], [ 76.4266817, 11.7268451, 0.0 ], [ 76.4263837, 11.727035, 0.0 ], [ 76.4262232, 11.7273288, 0.0 ], [ 76.426104, 11.7279481, 0.0 ], [ 76.4258335, 11.7287346, 0.0 ], [ 76.4257785, 11.7291369, 0.0 ], [ 76.4256411, 11.7301585, 0.0 ], [ 76.4255494, 11.7307777, 0.0 ], [ 76.4252377, 11.731736, 0.0 ], [ 76.4249167, 11.7322377, 0.0 ], [ 76.4245911, 11.7327351, 0.0 ], [ 76.4241371, 11.733517, 0.0 ], [ 76.4236877, 11.734299, 0.0 ], [ 76.4230779, 11.7355331, 0.0 ], [ 76.4228074, 11.7365231, 0.0 ], [ 76.4225323, 11.737513, 0.0 ], [ 76.4221013, 11.738286, 0.0 ], [ 76.4214087, 11.7387155, 0.0 ], [ 76.4203446, 11.7393123, 0.0 ], [ 76.4195282, 11.7400853, 0.0 ], [ 76.418799, 11.741021, 0.0 ], [ 76.4186385, 11.7414956, 0.0 ], [ 76.4185469, 11.7420426, 0.0 ], [ 76.4181662, 11.7426032, 0.0 ], [ 76.4178405, 11.7427252, 0.0 ], [ 76.4172029, 11.7426846, 0.0 ], [ 76.4163222, 11.7423638, 0.0 ], [ 76.4157259, 11.7419571, 0.0 ], [ 76.4151249, 11.7415503, 0.0 ], [ 76.4145286, 11.7410622, 0.0 ], [ 76.4139321, 11.7405786, 0.0 ], [ 76.4132946, 11.7401629, 0.0 ], [ 76.4128771, 11.7401087, 0.0 ], [ 76.4126753, 11.7402037, 0.0 ], [ 76.4122304, 11.7405969, 0.0 ], [ 76.411781, 11.7409902, 0.0 ], [ 76.4113223, 11.7414152, 0.0 ], [ 76.410859, 11.7418446, 0.0 ], [ 76.4104784, 11.7420842, 0.0 ], [ 76.4104646, 11.7423283, 0.0 ], [ 76.410671, 11.7425543, 0.0 ], [ 76.4112765, 11.7426853, 0.0 ], [ 76.4116802, 11.7429338, 0.0 ], [ 76.4118821, 11.7431237, 0.0 ], [ 76.4124143, 11.7436841, 0.0 ], [ 76.4125748, 11.7445112, 0.0 ], [ 76.4127355, 11.7453339, 0.0 ], [ 76.4129008, 11.7465226, 0.0 ], [ 76.4126715, 11.7473634, 0.0 ], [ 76.4123597, 11.7482312, 0.0 ], [ 76.4123965, 11.7490403, 0.0 ], [ 76.4123809, 11.7500006, 0.0 ], [ 76.412357, 11.7513095, 0.0 ], [ 76.4123005, 11.7518197, 0.0 ], [ 76.4126263, 11.7529497, 0.0 ], [ 76.4129474, 11.7534378, 0.0 ], [ 76.4133649, 11.7539349, 0.0 ], [ 76.4140531, 11.7544728, 0.0 ], [ 76.414787, 11.7550105, 0.0 ], [ 76.4149752, 11.7555032, 0.0 ], [ 76.4150211, 11.7560004, 0.0 ], [ 76.4149799, 11.7563168, 0.0 ], [ 76.4147047, 11.7569542, 0.0 ], [ 76.4143424, 11.7576729, 0.0 ], [ 76.4142553, 11.7580797, 0.0 ], [ 76.4142324, 11.7588481, 0.0 ], [ 76.413503, 11.7588075, 0.0 ], [ 76.4117644, 11.7587715, 0.0 ], [ 76.4106223, 11.7588666, 0.0 ], [ 76.409746, 11.7581525, 0.0 ], [ 76.4086037, 11.7573435, 0.0 ], [ 76.4067688, 11.7567245, 0.0 ], [ 76.4055806, 11.7564579, 0.0 ], [ 76.4052091, 11.756372, 0.0 ], [ 76.4038328, 11.7551111, 0.0 ], [ 76.4017638, 11.7533168, 0.0 ], [ 76.4001536, 11.7517936, 0.0 ], [ 76.3990985, 11.7509439, 0.0 ], [ 76.3986398, 11.7508084, 0.0 ], [ 76.3979976, 11.7507677, 0.0 ], [ 76.3975894, 11.7509078, 0.0 ], [ 76.3969059, 11.7514457, 0.0 ], [ 76.395539, 11.7524945, 0.0 ], [ 76.3944886, 11.7534437, 0.0 ], [ 76.3938555, 11.7544427, 0.0 ], [ 76.3934014, 11.7550258, 0.0 ], [ 76.3925344, 11.7551659, 0.0 ], [ 76.3912913, 11.7547682, 0.0 ], [ 76.390195, 11.7542801, 0.0 ], [ 76.3893188, 11.7529286, 0.0 ], [ 76.388461, 11.7512838, 0.0 ], [ 76.3879563, 11.7506555, 0.0 ], [ 76.3872939, 11.7500027, 0.0 ], [ 76.387149, 11.7498601, 0.0 ], [ 76.3863966, 11.7490554, 0.0 ], [ 76.386282, 11.7489786, 0.0 ], [ 76.3855343, 11.748843, 0.0 ], [ 76.385383, 11.7487978, 0.0 ], [ 76.3847361, 11.7480295, 0.0 ], [ 76.3839471, 11.7472023, 0.0 ], [ 76.3832591, 11.7471481, 0.0 ], [ 76.3815023, 11.7470486, 0.0 ], [ 76.3809471, 11.7469356, 0.0 ], [ 76.3801444, 11.7464294, 0.0 ], [ 76.379328, 11.7457378, 0.0 ], [ 76.3786262, 11.7452722, 0.0 ], [ 76.3774839, 11.7446982, 0.0 ], [ 76.3769931, 11.7445445, 0.0 ], [ 76.376617, 11.7447343, 0.0 ], [ 76.3754106, 11.745349, 0.0 ], [ 76.3744152, 11.7457693, 0.0 ], [ 76.3740299, 11.7459727, 0.0 ], [ 76.3728602, 11.7465015, 0.0 ], [ 76.3715253, 11.7471117, 0.0 ], [ 76.3696032, 11.7477444, 0.0 ], [ 76.368461, 11.7481376, 0.0 ], [ 76.3676216, 11.7482144, 0.0 ], [ 76.36664, 11.748124, 0.0 ], [ 76.365984, 11.7481104, 0.0 ], [ 76.3654886, 11.747794, 0.0 ], [ 76.365007, 11.7476267, 0.0 ], [ 76.3647502, 11.7477306, 0.0 ], [ 76.3639703, 11.7480741, 0.0 ], [ 76.3633005, 11.7483046, 0.0 ], [ 76.3628189, 11.7483678, 0.0 ], [ 76.3624566, 11.7481373, 0.0 ], [ 76.3612594, 11.7470026, 0.0 ], [ 76.3605117, 11.7462613, 0.0 ], [ 76.3600347, 11.7457053, 0.0 ], [ 76.3597963, 11.7452036, 0.0 ], [ 76.3593743, 11.744738, 0.0 ], [ 76.3589385, 11.7445527, 0.0 ], [ 76.3584569, 11.7444351, 0.0 ], [ 76.3578423, 11.744218, 0.0 ], [ 76.3574248, 11.7438339, 0.0 ], [ 76.3568057, 11.7431196, 0.0 ], [ 76.355361, 11.7411759, 0.0 ], [ 76.3545904, 11.7401678, 0.0 ], [ 76.3538658, 11.73944, 0.0 ], [ 76.3532053, 11.7389156, 0.0 ], [ 76.3525036, 11.7382782, 0.0 ], [ 76.3522192, 11.7381878, 0.0 ], [ 76.3520632, 11.7381923, 0.0 ], [ 76.3516642, 11.7383052, 0.0 ], [ 76.3510173, 11.7388612, 0.0 ], [ 76.3505173, 11.7394125, 0.0 ], [ 76.3503888, 11.739747, 0.0 ], [ 76.3503108, 11.7401945, 0.0 ], [ 76.3502007, 11.7402351, 0.0 ], [ 76.3497695, 11.7401809, 0.0 ], [ 76.3491227, 11.7400678, 0.0 ], [ 76.3481045, 11.7400134, 0.0 ], [ 76.3473156, 11.7399998, 0.0 ], [ 76.3459669, 11.7400403, 0.0 ], [ 76.3452514, 11.7399543, 0.0 ], [ 76.3443248, 11.7398683, 0.0 ], [ 76.3434717, 11.7397462, 0.0 ], [ 76.3425222, 11.7394432, 0.0 ], [ 76.3415178, 11.7389323, 0.0 ], [ 76.3409307, 11.7388418, 0.0 ], [ 76.3404123, 11.7389185, 0.0 ], [ 76.339738, 11.7390043, 0.0 ], [ 76.3394903, 11.7391851, 0.0 ], [ 76.3393206, 11.7394201, 0.0 ], [ 76.3391507, 11.7397275, 0.0 ], [ 76.3388754, 11.740645, 0.0 ], [ 76.3386368, 11.7410156, 0.0 ], [ 76.3384258, 11.7411602, 0.0 ], [ 76.3381414, 11.7412957, 0.0 ], [ 76.3373616, 11.7415894, 0.0 ], [ 76.3368845, 11.7418244, 0.0 ], [ 76.3366872, 11.7419691, 0.0 ], [ 76.3363385, 11.742421, 0.0 ], [ 76.3358888, 11.7431486, 0.0 ], [ 76.3352924, 11.7441249, 0.0 ], [ 76.3348382, 11.7446401, 0.0 ], [ 76.3345904, 11.7448389, 0.0 ], [ 76.3339345, 11.745223, 0.0 ], [ 76.3330445, 11.7456025, 0.0 ], [ 76.3319894, 11.7461583, 0.0 ], [ 76.3312645, 11.7465153, 0.0 ], [ 76.3307507, 11.7468271, 0.0 ], [ 76.3303286, 11.7471344, 0.0 ], [ 76.3297139, 11.7478756, 0.0 ], [ 76.329145, 11.7482822, 0.0 ], [ 76.3285486, 11.7485217, 0.0 ], [ 76.327966, 11.7486662, 0.0 ], [ 76.3269889, 11.7487925, 0.0 ], [ 76.3265302, 11.7488739, 0.0 ], [ 76.3255072, 11.7491945, 0.0 ], [ 76.3231906, 11.7496823, 0.0 ], [ 76.3224521, 11.7498494, 0.0 ], [ 76.3218419, 11.7499442, 0.0 ], [ 76.32159, 11.7500015, 0.0 ], [ 76.3205331, 11.7502411, 0.0 ], [ 76.3196033, 11.750477, 0.0 ], [ 76.3188876, 11.7507978, 0.0 ], [ 76.3183775, 11.7512952, 0.0 ], [ 76.3172727, 11.7521304, 0.0 ], [ 76.3168551, 11.7525914, 0.0 ], [ 76.3166026, 11.7534275, 0.0 ], [ 76.3167309, 11.7538072, 0.0 ], [ 76.3166941, 11.7546434, 0.0 ], [ 76.3164371, 11.7548513, 0.0 ], [ 76.3155975, 11.7554839, 0.0 ], [ 76.3148725, 11.7561979, 0.0 ], [ 76.3144549, 11.7569074, 0.0 ], [ 76.3144182, 11.7572826, 0.0 ], [ 76.3143767, 11.7580826, 0.0 ], [ 76.3144909, 11.7597957, 0.0 ], [ 76.3142887, 11.7615585, 0.0 ], [ 76.3139948, 11.7626432, 0.0 ], [ 76.3136184, 11.7635697, 0.0 ], [ 76.312352, 11.7650339, 0.0 ], [ 76.3113424, 11.766376, 0.0 ], [ 76.3107091, 11.7673025, 0.0 ], [ 76.3105436, 11.7683059, 0.0 ], [ 76.3105754, 11.7700642, 0.0 ], [ 76.3103317, 11.7716959, 0.0 ], [ 76.3100837, 11.7730383, 0.0 ], [ 76.3092482, 11.7752574, 0.0 ], [ 76.3086605, 11.7770562, 0.0 ], [ 76.308284, 11.7782313, 0.0 ], [ 76.3081598, 11.779402, 0.0 ], [ 76.3081503, 11.7806178, 0.0 ], [ 76.3080718, 11.7827061, 0.0 ], [ 76.3079477, 11.7835423, 0.0 ], [ 76.3076998, 11.7842156, 0.0 ], [ 76.3070206, 11.7848438, 0.0 ], [ 76.3055843, 11.7858966, 0.0 ], [ 76.3043961, 11.7860273, 0.0 ], [ 76.3028685, 11.7857421, 0.0 ], [ 76.3015105, 11.7855384, 0.0 ], [ 76.3011711, 11.7856286, 0.0 ], [ 76.3001156, 11.786677, 0.0 ], [ 76.2978763, 11.7883578, 0.0 ], [ 76.2959259, 11.7898714, 0.0 ], [ 76.2949117, 11.7908384, 0.0 ], [ 76.2940261, 11.7917601, 0.0 ], [ 76.2934387, 11.7920583, 0.0 ], [ 76.2913144, 11.7924826, 0.0 ], [ 76.2902361, 11.7928302, 0.0 ], [ 76.290025, 11.7931194, 0.0 ], [ 76.2886711, 11.7944614, 0.0 ], [ 76.28762, 11.796016, 0.0 ], [ 76.2861465, 11.7981127, 0.0 ], [ 76.2854717, 11.7992471, 0.0 ], [ 76.2848795, 11.8002955, 0.0 ], [ 76.2843744, 11.801466, 0.0 ], [ 76.2832493, 11.8043132, 0.0 ], [ 76.2805629, 11.8110652, 0.0 ], [ 76.2802231, 11.8116075, 0.0 ], [ 76.280012, 11.8116887, 0.0 ], [ 76.2780619, 11.8121174, 0.0 ], [ 76.2768734, 11.8123746, 0.0 ], [ 76.2759422, 11.8120037, 0.0 ], [ 76.2754286, 11.8114611, 0.0 ], [ 76.2745341, 11.8109229, 0.0 ], [ 76.2736854, 11.8106333, 0.0 ], [ 76.2726256, 11.8104701, 0.0 ], [ 76.2720291, 11.8103479, 0.0 ], [ 76.2696069, 11.8098136, 0.0 ], [ 76.2677534, 11.809528, 0.0 ], [ 76.2650327, 11.8093325, 0.0 ], [ 76.2622753, 11.8090918, 0.0 ], [ 76.2596419, 11.8086885, 0.0 ], [ 76.2585409, 11.808358, 0.0 ], [ 76.2568803, 11.8077788, 0.0 ], [ 76.254541, 11.8064081, 0.0 ], [ 76.2499986, 11.8033716, 0.0 ], [ 76.2480845, 11.8033144, 0.0 ], [ 76.2468502, 11.8030256, 0.0 ], [ 76.2455793, 11.8029267, 0.0 ], [ 76.2442076, 11.8031622, 0.0 ], [ 76.2429002, 11.803651, 0.0 ], [ 76.2416066, 11.8041758, 0.0 ], [ 76.2407164, 11.803932, 0.0 ], [ 76.2392939, 11.8034986, 0.0 ], [ 76.2381928, 11.803481, 0.0 ], [ 76.237445, 11.803662, 0.0 ], [ 76.2361789, 11.8039247, 0.0 ], [ 76.2341695, 11.8045356, 0.0 ], [ 76.2326051, 11.8048571, 0.0 ], [ 76.2307608, 11.8049889, 0.0 ], [ 76.2293478, 11.8053102, 0.0 ], [ 76.228311, 11.8057716, 0.0 ], [ 76.2270402, 11.8061562, 0.0 ], [ 76.2256412, 11.8070065, 0.0 ], [ 76.2237192, 11.8082049, 0.0 ], [ 76.2219671, 11.8099005, 0.0 ], [ 76.2200729, 11.8122288, 0.0 ], [ 76.2185502, 11.813852, 0.0 ], [ 76.2182108, 11.8143583, 0.0 ], [ 76.2181514, 11.8150861, 0.0 ], [ 76.2184828, 11.8185528, 0.0 ], [ 76.2183638, 11.8192806, 0.0 ], [ 76.2175337, 11.8205509, 0.0 ], [ 76.2170935, 11.8215726, 0.0 ], [ 76.2166715, 11.8219885, 0.0 ], [ 76.2163503, 11.8219751, 0.0 ], [ 76.2158456, 11.8217447, 0.0 ], [ 76.2156942, 11.8217674, 0.0 ], [ 76.215653, 11.8223279, 0.0 ], [ 76.2156396, 11.8232906, 0.0 ], [ 76.2154469, 11.8235664, 0.0 ], [ 76.2150661, 11.8235846, 0.0 ], [ 76.2141117, 11.8234221, 0.0 ], [ 76.2137125, 11.8235715, 0.0 ], [ 76.2135015, 11.8237794, 0.0 ], [ 76.2133961, 11.8242179, 0.0 ], [ 76.2133366, 11.8247377, 0.0 ], [ 76.2131257, 11.8251175, 0.0 ], [ 76.2127679, 11.825556, 0.0 ], [ 76.2123046, 11.8259765, 0.0 ], [ 76.2119422, 11.8262704, 0.0 ], [ 76.2113778, 11.8263112, 0.0 ], [ 76.2111623, 11.8264378, 0.0 ], [ 76.211121, 11.8267723, 0.0 ], [ 76.211268, 11.827274, 0.0 ], [ 76.2111396, 11.8276402, 0.0 ], [ 76.2107818, 11.8278708, 0.0 ], [ 76.2100798, 11.8280201, 0.0 ], [ 76.2098918, 11.8281694, 0.0 ], [ 76.2098551, 11.8287117, 0.0 ], [ 76.2101307, 11.8297287, 0.0 ], [ 76.2109206, 11.8316268, 0.0 ], [ 76.2111823, 11.8325263, 0.0 ], [ 76.2108659, 11.8329648, 0.0 ], [ 76.2104851, 11.8334847, 0.0 ], [ 76.2103522, 11.8339774, 0.0 ], [ 76.210357, 11.8346463, 0.0 ], [ 76.2106141, 11.8351887, 0.0 ], [ 76.2111879, 11.8360247, 0.0 ], [ 76.211468, 11.8366077, 0.0 ], [ 76.211661, 11.837376, 0.0 ], [ 76.2117301, 11.8385648, 0.0 ], [ 76.2116113, 11.8400293, 0.0 ], [ 76.2117719, 11.8403502, 0.0 ], [ 76.2121299, 11.8406845, 0.0 ], [ 76.2125568, 11.8411003, 0.0 ], [ 76.212791, 11.8417466, 0.0 ], [ 76.2131124, 11.842307, 0.0 ], [ 76.2131125, 11.8426189, 0.0 ], [ 76.2128189, 11.8429172, 0.0 ], [ 76.2124977, 11.842958, 0.0 ], [ 76.2117819, 11.8429628, 0.0 ], [ 76.2115249, 11.8430035, 0.0 ], [ 76.2115066, 11.8431301, 0.0 ], [ 76.2117636, 11.8434012, 0.0 ], [ 76.2119106, 11.8437357, 0.0 ], [ 76.2116995, 11.8439843, 0.0 ], [ 76.2111903, 11.8441924, 0.0 ], [ 76.2106855, 11.8441745, 0.0 ], [ 76.2102587, 11.8442198, 0.0 ], [ 76.2102634, 11.844387, 0.0 ], [ 76.2104149, 11.8445949, 0.0 ], [ 76.2106673, 11.8448027, 0.0 ], [ 76.2108601, 11.8451326, 0.0 ], [ 76.2107317, 11.8453044, 0.0 ], [ 76.2103509, 11.8453858, 0.0 ], [ 76.2100802, 11.8455125, 0.0 ], [ 76.2101032, 11.845743, 0.0 ], [ 76.210397, 11.8462221, 0.0 ], [ 76.2103191, 11.8467238, 0.0 ], [ 76.2100852, 11.8469725, 0.0 ], [ 76.2099155, 11.8474516, 0.0 ], [ 76.2100488, 11.8482019, 0.0 ], [ 76.2098976, 11.8486223, 0.0 ], [ 76.2094617, 11.8490835, 0.0 ], [ 76.2093976, 11.849418, 0.0 ], [ 76.2096271, 11.8497298, 0.0 ], [ 76.2099714, 11.8503309, 0.0 ], [ 76.2099073, 11.8507964, 0.0 ], [ 76.209343, 11.8511717, 0.0 ], [ 76.2091091, 11.851443, 0.0 ], [ 76.2091321, 11.8517956, 0.0 ], [ 76.2093203, 11.8520712, 0.0 ], [ 76.2095268, 11.8520938, 0.0 ], [ 76.2096646, 11.8526497, 0.0 ], [ 76.2094766, 11.8530249, 0.0 ], [ 76.2090775, 11.8534228, 0.0 ], [ 76.2087609, 11.8537392, 0.0 ], [ 76.2087151, 11.8540738, 0.0 ], [ 76.2088254, 11.8545529, 0.0 ], [ 76.2088898, 11.8551585, 0.0 ], [ 76.2086789, 11.855493, 0.0 ], [ 76.2080916, 11.8561802, 0.0 ], [ 76.2080917, 11.856578, 0.0 ], [ 76.2078442, 11.8574368, 0.0 ], [ 76.2077756, 11.8582008, 0.0 ], [ 76.2077212, 11.8609308, 0.0 ], [ 76.2074736, 11.8615366, 0.0 ], [ 76.2069001, 11.8619571, 0.0 ], [ 76.2054409, 11.8622784, 0.0 ], [ 76.2036833, 11.862184, 0.0 ], [ 76.2020129, 11.8624148, 0.0 ], [ 76.2008935, 11.8632332, 0.0 ], [ 76.2002972, 11.8645668, 0.0 ], [ 76.1995587, 11.8656518, 0.0 ], [ 76.1983794, 11.8665515, 0.0 ], [ 76.192887, 11.8698117, 0.0 ], [ 76.1903863, 11.8712134, 0.0 ], [ 76.1888628, 11.871738, 0.0 ], [ 76.1879312, 11.8719506, 0.0 ], [ 76.1867242, 11.8719554, 0.0 ], [ 76.1852602, 11.871689, 0.0 ], [ 76.1826306, 11.8708443, 0.0 ], [ 76.1799825, 11.8701893, 0.0 ], [ 76.1788076, 11.8701669, 0.0 ], [ 76.177642, 11.8705016, 0.0 ], [ 76.1754256, 11.8710986, 0.0 ], [ 76.1734981, 11.8712074, 0.0 ], [ 76.1709098, 11.8704258, 0.0 ], [ 76.1696982, 11.8696168, 0.0 ], [ 76.1672933, 11.8681798, 0.0 ], [ 76.1659991, 11.8676828, 0.0 ], [ 76.1648105, 11.8675654, 0.0 ], [ 76.163732, 11.8678412, 0.0 ], [ 76.1617038, 11.8691206, 0.0 ], [ 76.1610791, 11.8693615, 0.0 ], [ 76.1588082, 11.8702374, 0.0 ], [ 76.1575003, 11.870477, 0.0 ], [ 76.1560272, 11.8701382, 0.0 ], [ 76.1536912, 11.8687914, 0.0 ], [ 76.1507403, 11.8670876, 0.0 ], [ 76.1494048, 11.8664232, 0.0 ], [ 76.1473535, 11.8668527, 0.0 ], [ 76.1460823, 11.867002, 0.0 ], [ 76.1452013, 11.8663511, 0.0 ], [ 76.1441594, 11.864959, 0.0 ], [ 76.143393, 11.8639375, 0.0 ], [ 76.1419888, 11.8629206, 0.0 ], [ 76.1407313, 11.861194, 0.0 ], [ 76.1392215, 11.8597793, 0.0 ], [ 76.1379825, 11.8590877, 0.0 ], [ 76.1364589, 11.858464, 0.0 ], [ 76.1353117, 11.857551, 0.0 ], [ 76.1336734, 11.8549746, 0.0 ], [ 76.1322922, 11.8538717, 0.0 ], [ 76.1309293, 11.8532705, 0.0 ], [ 76.1283778, 11.852918, 0.0 ], [ 76.126345, 11.8530309, 0.0 ], [ 76.123399, 11.8513992, 0.0 ], [ 76.1217007, 11.8507718, 0.0 ], [ 76.1209394, 11.8504906, 0.0 ], [ 76.1201548, 11.8503382, 0.0 ], [ 76.1199441, 11.8504679, 0.0 ], [ 76.1198381, 11.8507301, 0.0 ], [ 76.1194819, 11.8513674, 0.0 ], [ 76.1192797, 11.8517289, 0.0 ], [ 76.1191761, 11.8519143, 0.0 ], [ 76.1190566, 11.8522759, 0.0 ], [ 76.1189739, 11.852538, 0.0 ], [ 76.1188599, 11.8528996, 0.0 ], [ 76.1187872, 11.8531302, 0.0 ], [ 76.1175069, 11.854233, 0.0 ], [ 76.1172597, 11.8545268, 0.0 ], [ 76.1170388, 11.8548477, 0.0 ], [ 76.1167147, 11.8561629, 0.0 ], [ 76.1168091, 11.8563831, 0.0 ], [ 76.1174516, 11.8564169, 0.0 ], [ 76.1178187, 11.8566486, 0.0 ], [ 76.1179918, 11.8568319, 0.0 ], [ 76.1178533, 11.8571935, 0.0 ], [ 76.1172955, 11.8577585, 0.0 ], [ 76.1172909, 11.8577596, 0.0 ], [ 76.1169238, 11.857844, 0.0 ], [ 76.1161437, 11.8580235, 0.0 ], [ 76.1157766, 11.8581079, 0.0 ], [ 76.1147808, 11.858337, 0.0 ], [ 76.1146339, 11.8583468, 0.0 ], [ 76.1142668, 11.8583712, 0.0 ], [ 76.1137804, 11.8584035, 0.0 ], [ 76.1134133, 11.8584279, 0.0 ], [ 76.1130232, 11.8584539, 0.0 ], [ 76.1128639, 11.858712, 0.0 ], [ 76.1128975, 11.8588702, 0.0 ], [ 76.1129741, 11.8592318, 0.0 ], [ 76.1137526, 11.8629021, 0.0 ], [ 76.1138322, 11.8631552, 0.0 ], [ 76.1139458, 11.8635168, 0.0 ], [ 76.1143819, 11.8649045, 0.0 ], [ 76.1144956, 11.8652661, 0.0 ], [ 76.114872, 11.8664639, 0.0 ], [ 76.1149042, 11.8668255, 0.0 ], [ 76.1147616, 11.8677159, 0.0 ], [ 76.1147037, 11.8680775, 0.0 ], [ 76.1145256, 11.8691894, 0.0 ], [ 76.1144677, 11.869551, 0.0 ], [ 76.1144084, 11.8699217, 0.0 ], [ 76.114367, 11.8702742, 0.0 ], [ 76.1143481, 11.8703963, 0.0 ], [ 76.1142922, 11.8707578, 0.0 ], [ 76.1141788, 11.8714901, 0.0 ], [ 76.1137531, 11.8740213, 0.0 ], [ 76.1136923, 11.8743829, 0.0 ], [ 76.1133479, 11.8764304, 0.0 ], [ 76.1133164, 11.8766157, 0.0 ], [ 76.1132433, 11.8769772, 0.0 ], [ 76.113077, 11.8777593, 0.0 ], [ 76.1130001, 11.8781208, 0.0 ], [ 76.1129117, 11.8785366, 0.0 ], [ 76.1124572, 11.8805661, 0.0 ], [ 76.1124204, 11.8809277, 0.0 ], [ 76.1122597, 11.88279, 0.0 ], [ 76.112099, 11.8837843, 0.0 ], [ 76.1120406, 11.8841459, 0.0 ], [ 76.1119061, 11.8849776, 0.0 ], [ 76.1118978, 11.8851177, 0.0 ], [ 76.1118761, 11.8854793, 0.0 ], [ 76.1117637, 11.8873596, 0.0 ], [ 76.1117812, 11.8877212, 0.0 ], [ 76.1122403, 11.8896467, 0.0 ], [ 76.1123265, 11.8900083, 0.0 ], [ 76.1124289, 11.8904378, 0.0 ], [ 76.1126503, 11.891387, 0.0 ], [ 76.1127347, 11.8917486, 0.0 ], [ 76.1129887, 11.8928379, 0.0 ], [ 76.1133564, 11.8948493, 0.0 ], [ 76.1133742, 11.8952109, 0.0 ], [ 76.1133372, 11.8971952, 0.0 ], [ 76.1133418, 11.8982619, 0.0 ], [ 76.1133415, 11.9014756, 0.0 ], [ 76.1133415, 11.9018372, 0.0 ], [ 76.1133413, 11.9042192, 0.0 ], [ 76.1133439, 11.9052679, 0.0 ], [ 76.1133448, 11.9056294, 0.0 ], [ 76.1133523, 11.9086624, 0.0 ], [ 76.1133532, 11.909024, 0.0 ], [ 76.1133593, 11.9114919, 0.0 ], [ 76.1133443, 11.9129699, 0.0 ], [ 76.1133406, 11.9133315, 0.0 ], [ 76.1133051, 11.9168344, 0.0 ], [ 76.1133014, 11.917196, 0.0 ], [ 76.1132945, 11.9178741, 0.0 ], [ 76.1132311, 11.9189634, 0.0 ], [ 76.11321, 11.9193249, 0.0 ], [ 76.1129808, 11.9232574, 0.0 ], [ 76.1129597, 11.9236189, 0.0 ], [ 76.1129131, 11.924419, 0.0 ], [ 76.1127671, 11.9278315, 0.0 ], [ 76.1127517, 11.9281931, 0.0 ], [ 76.1126212, 11.9312441, 0.0 ], [ 76.1126124, 11.9316057, 0.0 ], [ 76.1125819, 11.9350183, 0.0 ], [ 76.1125787, 11.9353799, 0.0 ], [ 76.1125495, 11.9386388, 0.0 ], [ 76.112586, 11.9418027, 0.0 ], [ 76.1125902, 11.9421643, 0.0 ], [ 76.1126347, 11.9460199, 0.0 ], [ 76.1126323, 11.9463815, 0.0 ], [ 76.1125854, 11.9491839, 0.0 ], [ 76.1125794, 11.9495455, 0.0 ], [ 76.1125302, 11.9524835, 0.0 ], [ 76.112518, 11.9526868, 0.0 ], [ 76.1124964, 11.9530484, 0.0 ], [ 76.112429, 11.9541739, 0.0 ], [ 76.1123712, 11.9562485, 0.0 ], [ 76.1123611, 11.9566101, 0.0 ], [ 76.1122587, 11.9602849, 0.0 ], [ 76.1122589, 11.9603391, 0.0 ], [ 76.1122601, 11.9607007, 0.0 ], [ 76.1122677, 11.9631189, 0.0 ], [ 76.112267, 11.9638104, 0.0 ], [ 76.1122667, 11.964172, 0.0 ], [ 76.1122635, 11.9672321, 0.0 ], [ 76.1122631, 11.9675937, 0.0 ], [ 76.1122628, 11.9678693, 0.0 ], [ 76.1123367, 11.9712186, 0.0 ], [ 76.1123444, 11.9715802, 0.0 ], [ 76.1124044, 11.9744911, 0.0 ], [ 76.1124118, 11.9748527, 0.0 ], [ 76.1124871, 11.9785048, 0.0 ], [ 76.1123034, 11.9786551, 0.0 ], [ 76.1115872, 11.9784013, 0.0 ], [ 76.1112199, 11.9782595, 0.0 ], [ 76.1082956, 11.9770265, 0.0 ], [ 76.1082496, 11.9770108, 0.0 ], [ 76.1078824, 11.9768857, 0.0 ], [ 76.1058441, 11.976191, 0.0 ], [ 76.1054768, 11.9760401, 0.0 ], [ 76.1047699, 11.9756889, 0.0 ], [ 76.1044027, 11.9754363, 0.0 ], [ 76.1032275, 11.9744618, 0.0 ], [ 76.1028603, 11.9742195, 0.0 ], [ 76.1012856, 11.9734475, 0.0 ], [ 76.1009184, 11.9732654, 0.0 ], [ 76.0982879, 11.9717389, 0.0 ], [ 76.0979208, 11.9714677, 0.0 ], [ 76.0974059, 11.9710138, 0.0 ], [ 76.0970533, 11.9707028, 0.0 ], [ 76.0961857, 11.9699379, 0.0 ], [ 76.0946524, 11.9688755, 0.0 ], [ 76.0935094, 11.9684877, 0.0 ], [ 76.0931422, 11.9684134, 0.0 ], [ 76.0912921, 11.9681293, 0.0 ], [ 76.0910809, 11.9680306, 0.0 ], [ 76.0907137, 11.9678589, 0.0 ], [ 76.0897956, 11.9674298, 0.0 ], [ 76.0894283, 11.9673473, 0.0 ], [ 76.0878583, 11.9675367, 0.0 ], [ 76.0878262, 11.9675458, 0.0 ], [ 76.0874589, 11.9676505, 0.0 ], [ 76.0866692, 11.9678755, 0.0 ], [ 76.0852966, 11.9675816, 0.0 ], [ 76.0849293, 11.9676216, 0.0 ], [ 76.0836438, 11.968119, 0.0 ], [ 76.0828404, 11.9682492, 0.0 ], [ 76.0824731, 11.9683086, 0.0 ], [ 76.0813989, 11.9684826, 0.0 ], [ 76.0810316, 11.9685423, 0.0 ], [ 76.0797141, 11.9687565, 0.0 ], [ 76.0793468, 11.9687653, 0.0 ], [ 76.0772855, 11.9687371, 0.0 ], [ 76.07561, 11.9683964, 0.0 ], [ 76.0752427, 11.9683418, 0.0 ], [ 76.0741133, 11.9682611, 0.0 ], [ 76.0737461, 11.96819, 0.0 ], [ 76.0728096, 11.9679, 0.0 ], [ 76.0718548, 11.9676102, 0.0 ], [ 76.0714876, 11.9674988, 0.0 ], [ 76.0707991, 11.9672899, 0.0 ], [ 76.0704319, 11.9671785, 0.0 ], [ 76.0700967, 11.9670768, 0.0 ], [ 76.0691064, 11.9657974, 0.0 ], [ 76.068858, 11.9654358, 0.0 ], [ 76.0677603, 11.9636411, 0.0 ], [ 76.0674212, 11.963329, 0.0 ], [ 76.0666684, 11.9628777, 0.0 ], [ 76.0663323, 11.9626418, 0.0 ], [ 76.0650573, 11.9616982, 0.0 ], [ 76.0646902, 11.9614379, 0.0 ], [ 76.0634968, 11.9606207, 0.0 ], [ 76.0616469, 11.9600688, 0.0 ], [ 76.0597835, 11.9585268, 0.0 ], [ 76.0594164, 11.9583241, 0.0 ], [ 76.0583239, 11.9579936, 0.0 ], [ 76.0579567, 11.9577837, 0.0 ], [ 76.0576216, 11.9575182, 0.0 ], [ 76.0572545, 11.9572273, 0.0 ], [ 76.0570571, 11.9570709, 0.0 ], [ 76.056887, 11.9568992, 0.0 ], [ 76.0565386, 11.9565472, 0.0 ], [ 76.05558, 11.955579, 0.0 ], [ 76.0552352, 11.9552296, 0.0 ], [ 76.0538958, 11.9537118, 0.0 ], [ 76.0535767, 11.9533501, 0.0 ], [ 76.0520411, 11.9516099, 0.0 ], [ 76.051674, 11.9514285, 0.0 ], [ 76.0496175, 11.9513832, 0.0 ], [ 76.0492502, 11.9514384, 0.0 ], [ 76.048208, 11.9518942, 0.0 ], [ 76.0478408, 11.9518403, 0.0 ], [ 76.0468172, 11.9514633, 0.0 ], [ 76.0459405, 11.9510562, 0.0 ], [ 76.0455734, 11.9508858, 0.0 ], [ 76.0448206, 11.9505362, 0.0 ], [ 76.0445318, 11.9502603, 0.0 ], [ 76.0442196, 11.9493065, 0.0 ], [ 76.043917, 11.9486374, 0.0 ], [ 76.0437534, 11.9482758, 0.0 ], [ 76.0433894, 11.9474711, 0.0 ], [ 76.0432377, 11.9472631, 0.0 ], [ 76.0429739, 11.9469015, 0.0 ], [ 76.0423294, 11.9460179, 0.0 ], [ 76.0419623, 11.9458734, 0.0 ], [ 76.0406862, 11.9458431, 0.0 ], [ 76.039626, 11.9454088, 0.0 ], [ 76.0390706, 11.9450865, 0.0 ], [ 76.0387362, 11.9447531, 0.0 ], [ 76.0377534, 11.943216, 0.0 ], [ 76.0374739, 11.9429249, 0.0 ], [ 76.0369044, 11.9424654, 0.0 ], [ 76.0365791, 11.9422029, 0.0 ], [ 76.0361981, 11.9418956, 0.0 ], [ 76.035808, 11.941644, 0.0 ], [ 76.0354409, 11.9414072, 0.0 ], [ 76.0337199, 11.940297, 0.0 ], [ 76.0333528, 11.9401342, 0.0 ], [ 76.0327607, 11.9400039, 0.0 ], [ 76.0323935, 11.9399231, 0.0 ], [ 76.0323338, 11.93991, 0.0 ], [ 76.0319803, 11.9399364, 0.0 ], [ 76.0316131, 11.9399639, 0.0 ], [ 76.0303415, 11.940059, 0.0 ], [ 76.0299743, 11.9401533, 0.0 ], [ 76.0282344, 11.9408861, 0.0 ], [ 76.0279786, 11.9411831, 0.0 ], [ 76.027725, 11.9416305, 0.0 ], [ 76.02752, 11.941992, 0.0 ], [ 76.0270512, 11.942819, 0.0 ], [ 76.0267553, 11.9430804, 0.0 ], [ 76.0260484, 11.9433496, 0.0 ], [ 76.0256811, 11.9433985, 0.0 ], [ 76.0243912, 11.9434493, 0.0 ], [ 76.0240239, 11.943489, 0.0 ], [ 76.0230599, 11.9437683, 0.0 ], [ 76.0226926, 11.9438748, 0.0 ], [ 76.0223804, 11.9439652, 0.0 ], [ 76.0220133, 11.9438299, 0.0 ], [ 76.0206549, 11.9426681, 0.0 ], [ 76.0202878, 11.9424867, 0.0 ], [ 76.0190256, 11.9421222, 0.0 ], [ 76.0186584, 11.9420334, 0.0 ], [ 76.0176165, 11.9418211, 0.0 ], [ 76.0172493, 11.9416494, 0.0 ], [ 76.0164876, 11.9411018, 0.0 ], [ 76.0153263, 11.9410705, 0.0 ], [ 76.014959, 11.9411687, 0.0 ], [ 76.0145733, 11.9414106, 0.0 ], [ 76.014206, 11.9415641, 0.0 ], [ 76.0134853, 11.9417144, 0.0 ], [ 76.0131181, 11.9417151, 0.0 ], [ 76.0109654, 11.9410506, 0.0 ], [ 76.010615, 11.9407875, 0.0 ], [ 76.0099927, 11.9400326, 0.0 ], [ 76.0096256, 11.9398282, 0.0 ], [ 76.0077484, 11.9392494, 0.0 ], [ 76.0073814, 11.9390228, 0.0 ], [ 76.0062272, 11.9377752, 0.0 ], [ 76.0060121, 11.9374135, 0.0 ], [ 76.0044369, 11.9335392, 0.0 ], [ 76.0031985, 11.9313917, 0.0 ], [ 76.0015553, 11.9313964, 0.0 ], [ 76.0011881, 11.9313974, 0.0 ], [ 75.9999999, 11.9314008, 0.0 ], [ 75.9939131, 11.9322705, 0.0 ], [ 75.9904214, 11.9347079, 0.0 ], [ 75.9888516, 11.9343153, 0.0 ], [ 75.983472, 11.9327174, 0.0 ], [ 75.9816412, 11.9339925, 0.0 ], [ 75.9792732, 11.9347617, 0.0 ], [ 75.9785224, 11.9344856, 0.0 ], [ 75.9763997, 11.9337051, 0.0 ], [ 75.9725819, 11.9357492, 0.0 ], [ 75.9715262, 11.9356998, 0.0 ], [ 75.9707141, 11.9365, 0.0 ], [ 75.9677769, 11.9371472, 0.0 ], [ 75.9642892, 11.9385222, 0.0 ], [ 75.9625774, 11.9389656, 0.0 ], [ 75.9563683, 11.941896, 0.0 ], [ 75.953743, 11.9419283, 0.0 ], [ 75.9517369, 11.9406362, 0.0 ], [ 75.9507127, 11.9409309, 0.0 ], [ 75.9485718, 11.9415467, 0.0 ], [ 75.9484188, 11.9415907, 0.0 ], [ 75.9474137, 11.9417762, 0.0 ], [ 75.9445772, 11.9414379, 0.0 ], [ 75.9427964, 11.9415061, 0.0 ], [ 75.9396018, 11.940996, 0.0 ], [ 75.9379452, 11.9421218, 0.0 ], [ 75.9374082, 11.9421038, 0.0 ], [ 75.9372151, 11.9406214, 0.0 ], [ 75.9357141, 11.9400613, 0.0 ], [ 75.9338277, 11.9398221, 0.0 ], [ 75.9317853, 11.9396688, 0.0 ], [ 75.9307848, 11.9397006, 0.0 ], [ 75.9297479, 11.9415402, 0.0 ], [ 75.9293166, 11.9421369, 0.0 ], [ 75.9284538, 11.942702, 0.0 ], [ 75.9271918, 11.9433666, 0.0 ], [ 75.9263932, 11.9436017, 0.0 ], [ 75.9248741, 11.9437918, 0.0 ], [ 75.9237313, 11.9441128, 0.0 ], [ 75.9225656, 11.9447548, 0.0 ], [ 75.9209408, 11.9444477, 0.0 ], [ 75.9200091, 11.944502, 0.0 ], [ 75.9183293, 11.9446695, 0.0 ], [ 75.9174665, 11.9448775, 0.0 ], [ 75.9159612, 11.9456912, 0.0 ], [ 75.9139877, 11.9469208, 0.0 ], [ 75.9114725, 11.9465278, 0.0 ], [ 75.9105041, 11.9466138, 0.0 ], [ 75.909655, 11.9471065, 0.0 ], [ 75.9090859, 11.9472602, 0.0 ], [ 75.9085994, 11.9471744, 0.0 ], [ 75.9066624, 11.9463746, 0.0 ], [ 75.9055563, 11.9461352, 0.0 ], [ 75.9041748, 11.9461895, 0.0 ], [ 75.9022379, 11.9461535, 0.0 ], [ 75.9002689, 11.9460362, 0.0 ], [ 75.8987314, 11.9466645, 0.0 ], [ 75.8970331, 11.9454714, 0.0 ], [ 75.8940408, 11.9480387, 0.0 ], [ 75.8930724, 11.9488929, 0.0 ], [ 75.8918791, 11.949589, 0.0 ], [ 75.8894603, 11.9506466, 0.0 ], [ 75.8874087, 11.9513788, 0.0 ], [ 75.8866973, 11.951293, 0.0 ], [ 75.8860226, 11.9520251, 0.0 ], [ 75.8854029, 11.9512749, 0.0 ], [ 75.884898, 11.9509179, 0.0 ], [ 75.8841545, 11.9506467, 0.0 ], [ 75.8832732, 11.9506106, 0.0 ], [ 75.8822038, 11.9508998, 0.0 ], [ 75.8817861, 11.9505271, 0.0 ], [ 75.8810793, 11.9498965, 0.0 ], [ 75.88068, 11.9497066, 0.0 ], [ 75.8802118, 11.9497609, 0.0 ], [ 75.8797987, 11.9499145, 0.0 ], [ 75.8789129, 11.9505563, 0.0 ], [ 75.8776369, 11.9512885, 0.0 ], [ 75.8762187, 11.9518308, 0.0 ], [ 75.875007, 11.9520884, 0.0 ], [ 75.8738825, 11.9522601, 0.0 ], [ 75.8735199, 11.9524454, 0.0 ], [ 75.8728635, 11.9530916, 0.0 ], [ 75.8725422, 11.9532995, 0.0 ], [ 75.8721062, 11.9533312, 0.0 ], [ 75.8716426, 11.9532136, 0.0 ], [ 75.8704493, 11.9525809, 0.0 ], [ 75.8690126, 11.9540135, 0.0 ], [ 75.8684755, 11.955053, 0.0 ], [ 75.8678375, 11.9561602, 0.0 ], [ 75.8671628, 11.9568381, 0.0 ], [ 75.866433, 11.9573759, 0.0 ], [ 75.8644822, 11.9582933, 0.0 ], [ 75.8616089, 11.9588897, 0.0 ], [ 75.8588595, 11.9594182, 0.0 ], [ 75.8570095, 11.962401, 0.0 ], [ 75.856477, 11.9631376, 0.0 ], [ 75.8546088, 11.9641091, 0.0 ], [ 75.8536722, 11.9658988, 0.0 ], [ 75.8535528, 11.9666309, 0.0 ], [ 75.853346, 11.9697449, 0.0 ], [ 75.852997, 11.9715934, 0.0 ], [ 75.8516842, 11.9722395, 0.0 ], [ 75.8501095, 11.9747432, 0.0 ], [ 75.847998, 11.9749463, 0.0 ], [ 75.8495537, 11.9780379, 0.0 ], [ 75.8490854, 11.9790773, 0.0 ], [ 75.8477725, 11.9797054, 0.0 ], [ 75.8469093, 11.9820057, 0.0 ], [ 75.8439256, 11.9817161, 0.0 ], [ 75.842925, 11.9807261, 0.0 ], [ 75.8426128, 11.9814085, 0.0 ], [ 75.8411945, 11.981101, 0.0 ], [ 75.8407125, 11.9811687, 0.0 ], [ 75.8402258, 11.9815076, 0.0 ], [ 75.839707, 11.9826691, 0.0 ], [ 75.8387385, 11.9823254, 0.0 ], [ 75.8378755, 11.981783, 0.0 ], [ 75.8370448, 11.9809286, 0.0 ], [ 75.8300257, 11.9839962, 0.0 ], [ 75.8294702, 11.9845068, 0.0 ], [ 75.827257, 11.9876836, 0.0 ], [ 75.8264947, 11.9895907, 0.0 ], [ 75.8256312, 11.9918729, 0.0 ], [ 75.825006, 11.9965731, 0.0 ], [ 75.8250145, 12.0000207, 0.0 ], [ 75.8252316, 12.0027326, 0.0 ], [ 75.8248229, 12.0026195, 0.0 ], [ 75.8243959, 12.0024748, 0.0 ], [ 75.8236935, 12.0024249, 0.0 ], [ 75.8231058, 12.0024248, 0.0 ], [ 75.8220957, 12.0024879, 0.0 ], [ 75.8210167, 12.0025193, 0.0 ], [ 75.8203785, 12.0025192, 0.0 ], [ 75.8205574, 12.0033916, 0.0 ], [ 75.8214247, 12.0051772, 0.0 ], [ 75.8217276, 12.0061354, 0.0 ], [ 75.8218102, 12.0065061, 0.0 ], [ 75.8222828, 12.0072927, 0.0 ], [ 75.8224618, 12.0075006, 0.0 ], [ 75.8228382, 12.0084047, 0.0 ], [ 75.8229712, 12.0087573, 0.0 ], [ 75.8232466, 12.0098014, 0.0 ], [ 75.8231958, 12.0107958, 0.0 ], [ 75.8230853, 12.011971, 0.0 ], [ 75.8230669, 12.0124863, 0.0 ], [ 75.8228554, 12.0133676, 0.0 ], [ 75.8224789, 12.0139325, 0.0 ], [ 75.822217, 12.0141901, 0.0 ], [ 75.821643, 12.0147188, 0.0 ], [ 75.8188737, 12.0172042, 0.0 ], [ 75.8171239, 12.018831, 0.0 ], [ 75.8171206, 12.0188343, 0.0 ], [ 75.8154659, 12.0205075, 0.0 ], [ 75.8143683, 12.0210903, 0.0 ], [ 75.8133719, 12.0212663, 0.0 ], [ 75.8120679, 12.0213429, 0.0 ], [ 75.8110851, 12.021876, 0.0 ], [ 75.8099278, 12.0227119, 0.0 ], [ 75.8099641, 12.0243797, 0.0 ], [ 75.8102896, 12.0261019, 0.0 ], [ 75.8104822, 12.0270014, 0.0 ], [ 75.8110237, 12.0285745, 0.0 ], [ 75.8102704, 12.0291348, 0.0 ], [ 75.8089659, 12.0308249, 0.0 ], [ 75.8073171, 12.0318822, 0.0 ], [ 75.8064031, 12.0325418, 0.0 ], [ 75.8048002, 12.0338928, 0.0 ], [ 75.8028435, 12.0354788, 0.0 ], [ 75.8019847, 12.0359576, 0.0 ], [ 75.8010706, 12.037006, 0.0 ], [ 75.8009876, 12.0382716, 0.0 ], [ 75.8011019, 12.040057, 0.0 ], [ 75.8010693, 12.0416616, 0.0 ], [ 75.8011011, 12.0427238, 0.0 ], [ 75.8003471, 12.0456028, 0.0 ], [ 75.7996624, 12.0473834, 0.0 ], [ 75.7986468, 12.0497335, 0.0 ], [ 75.7978656, 12.0512882, 0.0 ], [ 75.7970157, 12.0523952, 0.0 ], [ 75.7953024, 12.0537733, 0.0 ], [ 75.7945307, 12.0543019, 0.0 ], [ 75.7941724, 12.0545956, 0.0 ], [ 75.793961, 12.0550295, 0.0 ], [ 75.7940252, 12.0554951, 0.0 ], [ 75.7941215, 12.0557346, 0.0 ], [ 75.7943694, 12.0560421, 0.0 ], [ 75.7951684, 12.0561689, 0.0 ], [ 75.7964589, 12.0559477, 0.0 ], [ 75.7976208, 12.0557222, 0.0 ], [ 75.7986631, 12.0560388, 0.0 ], [ 75.7988098, 12.0570694, 0.0 ], [ 75.7987125, 12.0600435, 0.0 ], [ 75.7986428, 12.0625882, 0.0 ], [ 75.7986747, 12.0632662, 0.0 ], [ 75.7992484, 12.0645229, 0.0 ], [ 75.7996063, 12.0654045, 0.0 ], [ 75.7998862, 12.0662769, 0.0 ], [ 75.8005472, 12.0673573, 0.0 ], [ 75.8008777, 12.0679043, 0.0 ], [ 75.8010381, 12.0690931, 0.0 ], [ 75.8014649, 12.0701103, 0.0 ], [ 75.8019191, 12.0716833, 0.0 ], [ 75.8022816, 12.0728541, 0.0 ], [ 75.8026073, 12.0738215, 0.0 ], [ 75.8031583, 12.0742736, 0.0 ], [ 75.8034843, 12.0746443, 0.0 ], [ 75.8038286, 12.0751597, 0.0 ], [ 75.8039432, 12.0760501, 0.0 ], [ 75.8035801, 12.0768998, 0.0 ], [ 75.802473, 12.0779798, 0.0 ], [ 75.8025509, 12.0785628, 0.0 ], [ 75.8012235, 12.0788201, 0.0 ], [ 75.7997721, 12.0791089, 0.0 ], [ 75.7982381, 12.0794249, 0.0 ], [ 75.7972092, 12.0799082, 0.0 ], [ 75.7965246, 12.0805182, 0.0 ], [ 75.7962627, 12.0811464, 0.0 ], [ 75.795918, 12.0816932, 0.0 ], [ 75.7953944, 12.0819506, 0.0 ], [ 75.7946273, 12.0821764, 0.0 ], [ 75.7937134, 12.0823027, 0.0 ], [ 75.7929922, 12.0823838, 0.0 ], [ 75.7916697, 12.0820625, 0.0 ], [ 75.7911232, 12.0819132, 0.0 ], [ 75.7901908, 12.0819897, 0.0 ], [ 75.7885739, 12.0827937, 0.0 ], [ 75.7870534, 12.0835661, 0.0 ], [ 75.7864791, 12.0839998, 0.0 ], [ 75.7854182, 12.0842571, 0.0 ], [ 75.7842562, 12.0842115, 0.0 ], [ 75.7833836, 12.0839716, 0.0 ], [ 75.7823872, 12.0834244, 0.0 ], [ 75.781198, 12.0826691, 0.0 ], [ 75.7803621, 12.0825061, 0.0 ], [ 75.7786811, 12.0829258, 0.0 ], [ 75.7779462, 12.0829571, 0.0 ], [ 75.7766051, 12.0828437, 0.0 ], [ 75.7761046, 12.0827441, 0.0 ], [ 75.7748967, 12.0827933, 0.0 ], [ 75.7742261, 12.0827931, 0.0 ], [ 75.7733076, 12.0826978, 0.0 ], [ 75.7728024, 12.0828738, 0.0 ], [ 75.771755, 12.0832576, 0.0 ], [ 75.7706803, 12.0834335, 0.0 ], [ 75.7697066, 12.0836365, 0.0 ], [ 75.7691186, 12.0839436, 0.0 ], [ 75.7683193, 12.0842958, 0.0 ], [ 75.7676302, 12.0844764, 0.0 ], [ 75.7657702, 12.0843762, 0.0 ], [ 75.7643513, 12.0838286, 0.0 ], [ 75.7633136, 12.0833491, 0.0 ], [ 75.7628222, 12.0832494, 0.0 ], [ 75.7605854, 12.0832982, 0.0 ], [ 75.7584269, 12.0832475, 0.0 ], [ 75.7567597, 12.0832649, 0.0 ], [ 75.7557906, 12.0833412, 0.0 ], [ 75.7549407, 12.0838245, 0.0 ], [ 75.7543343, 12.0841, 0.0 ], [ 75.7534847, 12.0841312, 0.0 ], [ 75.7520656, 12.0838729, 0.0 ], [ 75.7505917, 12.0831445, 0.0 ], [ 75.7500031, 12.0826483, 0.0 ], [ 75.75, 12.0826449, 0.0 ], [ 75.7499991, 12.0826449, 0.0 ], [ 75.7491273, 12.0819099, 0.0 ], [ 75.7489992, 12.0815412, 0.0 ], [ 75.7487563, 12.0810393, 0.0 ], [ 75.7483391, 12.0802976, 0.0 ], [ 75.7478717, 12.0791447, 0.0 ], [ 75.7474499, 12.0784256, 0.0 ], [ 75.7471195, 12.0781858, 0.0 ], [ 75.7465868, 12.0780949, 0.0 ], [ 75.7459024, 12.0782705, 0.0 ], [ 75.7453737, 12.0787988, 0.0 ], [ 75.7445968, 12.0795167, 0.0 ], [ 75.7440498, 12.080018, 0.0 ], [ 75.7435812, 12.0801666, 0.0 ], [ 75.7430531, 12.0801028, 0.0 ], [ 75.7421855, 12.0797586, 0.0 ], [ 75.7412582, 12.0792785, 0.0 ], [ 75.7403262, 12.0789929, 0.0 ], [ 75.7393984, 12.078992, 0.0 ], [ 75.73814, 12.0790812, 0.0 ], [ 75.7367438, 12.0790573, 0.0 ], [ 75.7361055, 12.0789481, 0.0 ], [ 75.7352426, 12.0785405, 0.0 ], [ 75.734444, 12.0779296, 0.0 ], [ 75.733673, 12.0774045, 0.0 ], [ 75.7329204, 12.0767936, 0.0 ], [ 75.731856, 12.0757078, 0.0 ], [ 75.7304428, 12.0745086, 0.0 ], [ 75.729649, 12.0738343, 0.0 ], [ 75.7289605, 12.0733952, 0.0 ], [ 75.7284281, 12.0730964, 0.0 ], [ 75.7277398, 12.0725488, 0.0 ], [ 75.7274321, 12.0724626, 0.0 ], [ 75.7269223, 12.0725932, 0.0 ], [ 75.7260125, 12.0730262, 0.0 ], [ 75.7253739, 12.0731838, 0.0 ], [ 75.7248458, 12.0731831, 0.0 ], [ 75.7240881, 12.0730288, 0.0 ], [ 75.7231378, 12.0727657, 0.0 ], [ 75.7221875, 12.0724664, 0.0 ], [ 75.7211914, 12.0719184, 0.0 ], [ 75.7208152, 12.0715926, 0.0 ], [ 75.7200169, 12.0708551, 0.0 ], [ 75.7189332, 12.0707409, 0.0 ], [ 75.7177163, 12.0705951, 0.0 ], [ 75.7157693, 12.0703941, 0.0 ], [ 75.7147313, 12.0704428, 0.0 ], [ 75.714913, 12.0723594, 0.0 ], [ 75.7150267, 12.0732725, 0.0 ], [ 75.7149613, 12.074407, 0.0 ], [ 75.7149419, 12.07532, 0.0 ], [ 75.7149593, 12.0761923, 0.0 ], [ 75.7150967, 12.0766037, 0.0 ], [ 75.7155827, 12.077341, 0.0 ], [ 75.7162246, 12.0783451, 0.0 ], [ 75.7162923, 12.0793666, 0.0 ], [ 75.7162044, 12.0800445, 0.0 ], [ 75.7158088, 12.0806317, 0.0 ], [ 75.7154499, 12.0812008, 0.0 ], [ 75.7154494, 12.0816573, 0.0 ], [ 75.7156513, 12.0818699, 0.0 ], [ 75.7159819, 12.0819607, 0.0 ], [ 75.7164043, 12.0819611, 0.0 ], [ 75.7167993, 12.0819842, 0.0 ], [ 75.7173548, 12.0821564, 0.0 ], [ 75.7176854, 12.0822879, 0.0 ], [ 75.7179781, 12.0834227, 0.0 ], [ 75.7180638, 12.0849008, 0.0 ], [ 75.7179299, 12.0855786, 0.0 ], [ 75.7174193, 12.0862967, 0.0 ], [ 75.7167161, 12.0867525, 0.0 ], [ 75.7158063, 12.0871628, 0.0 ], [ 75.7150342, 12.0875824, 0.0 ], [ 75.7146335, 12.0887165, 0.0 ], [ 75.7143248, 12.0895432, 0.0 ], [ 75.7139294, 12.0899542, 0.0 ], [ 75.7130653, 12.0904776, 0.0 ], [ 75.7124683, 12.0904318, 0.0 ], [ 75.7115407, 12.090372, 0.0 ], [ 75.7108333, 12.0904164, 0.0 ], [ 75.7095051, 12.0912602, 0.0 ], [ 75.7085308, 12.0917248, 0.0 ], [ 75.7075339, 12.0919859, 0.0 ], [ 75.7066701, 12.0922877, 0.0 ], [ 75.7058756, 12.092201, 0.0 ], [ 75.7052099, 12.0919653, 0.0 ], [ 75.7045258, 12.091743, 0.0 ], [ 75.7033089, 12.0916107, 0.0 ], [ 75.7029735, 12.0916554, 0.0 ], [ 75.702445, 12.091917, 0.0 ], [ 75.7021323, 12.0922918, 0.0 ], [ 75.702109, 12.0925992, 0.0 ], [ 75.7023976, 12.0932458, 0.0 ], [ 75.7026633, 12.0939241, 0.0 ], [ 75.7027724, 12.0948824, 0.0 ], [ 75.7029273, 12.0959267, 0.0 ], [ 75.7028848, 12.0970159, 0.0 ], [ 75.7027498, 12.0985661, 0.0 ], [ 75.7026013, 12.099958, 0.0 ], [ 75.702688, 12.1004373, 0.0 ], [ 75.7030627, 12.1021326, 0.0 ], [ 75.7033777, 12.1039002, 0.0 ], [ 75.7035737, 12.1052067, 0.0 ], [ 75.7036228, 12.1064723, 0.0 ], [ 75.703507, 12.1073851, 0.0 ], [ 75.7032626, 12.1081714, 0.0 ], [ 75.7027344, 12.108234, 0.0 ], [ 75.7021143, 12.1082605, 0.0 ], [ 75.7014481, 12.1083456, 0.0 ], [ 75.7008967, 12.1085439, 0.0 ], [ 75.7000557, 12.1089769, 0.0 ], [ 75.6989717, 12.1089801, 0.0 ], [ 75.6976901, 12.1090195, 0.0 ], [ 75.6969366, 12.1091949, 0.0 ], [ 75.6963851, 12.1095197, 0.0 ], [ 75.696077, 12.1098267, 0.0 ], [ 75.695879, 12.1102197, 0.0 ], [ 75.6955435, 12.110486, 0.0 ], [ 75.6949693, 12.1105079, 0.0 ], [ 75.6940184, 12.1106154, 0.0 ], [ 75.6928195, 12.1106593, 0.0 ], [ 75.6912303, 12.1105941, 0.0 ], [ 75.6893472, 12.1104835, 0.0 ], [ 75.6876892, 12.1103325, 0.0 ], [ 75.6871795, 12.110246, 0.0 ], [ 75.686739, 12.1099381, 0.0 ], [ 75.6862754, 12.109567, 0.0 ], [ 75.6857161, 12.108694, 0.0 ], [ 75.6855424, 12.1080474, 0.0 ], [ 75.6855433, 12.1072384, 0.0 ], [ 75.6854336, 12.1068269, 0.0 ], [ 75.6851678, 12.106325, 0.0 ], [ 75.684411, 12.1054517, 0.0 ], [ 75.6836404, 12.1044926, 0.0 ], [ 75.6829341, 12.1037099, 0.0 ], [ 75.682158, 12.1035146, 0.0 ], [ 75.6808955, 12.1031018, 0.0 ], [ 75.6798762, 12.10273, 0.0 ], [ 75.6792569, 12.1021191, 0.0 ], [ 75.678372, 12.1009022, 0.0 ], [ 75.6774415, 12.0993734, 0.0 ], [ 75.6768687, 12.0981976, 0.0 ], [ 75.6765795, 12.0981114, 0.0 ], [ 75.6748296, 12.0980912, 0.0 ], [ 75.673229, 12.0980076, 0.0 ], [ 75.6727078, 12.0979802, 0.0 ], [ 75.6706733, 12.0978286, 0.0 ], [ 75.6687264, 12.097442, 0.0 ], [ 75.6674175, 12.0973094, 0.0 ], [ 75.6666224, 12.0977423, 0.0 ], [ 75.6648575, 12.0986622, 0.0 ], [ 75.6638144, 12.0990721, 0.0 ], [ 75.6629969, 12.0990712, 0.0 ], [ 75.6619817, 12.0991829, 0.0 ], [ 75.6612966, 12.099643, 0.0 ], [ 75.6606117, 12.1001213, 0.0 ], [ 75.6599906, 12.1009251, 0.0 ], [ 75.6593924, 12.1017741, 0.0 ], [ 75.6588815, 12.1026412, 0.0 ], [ 75.6585081, 12.1036486, 0.0 ], [ 75.6569357, 12.1048897, 0.0 ], [ 75.655874, 12.1054533, 0.0 ], [ 75.6546831, 12.106392, 0.0 ], [ 75.6536208, 12.1073262, 0.0 ], [ 75.653, 12.1079129, 0.0 ], [ 75.6529077, 12.1082835, 0.0 ], [ 75.6529055, 12.1083601, 0.0 ], [ 75.6528884, 12.1089795, 0.0 ], [ 75.6528462, 12.1096349, 0.0 ], [ 75.6527583, 12.1100506, 0.0 ], [ 75.6524457, 12.1102897, 0.0 ], [ 75.6520047, 12.1103569, 0.0 ], [ 75.6513849, 12.1101392, 0.0 ], [ 75.6507423, 12.1098311, 0.0 ], [ 75.6499207, 12.1093508, 0.0 ], [ 75.6493237, 12.1092642, 0.0 ], [ 75.6490802, 12.1093317, 0.0 ], [ 75.6489512, 12.1096118, 0.0 ], [ 75.6489963, 12.1101813, 0.0 ], [ 75.6490824, 12.1110311, 0.0 ], [ 75.6490401, 12.1117724, 0.0 ], [ 75.6489705, 12.112292, 0.0 ], [ 75.6487538, 12.1129291, 0.0 ], [ 75.6484682, 12.1135163, 0.0 ], [ 75.647714, 12.1142339, 0.0 ], [ 75.6471576, 12.1146897, 0.0 ], [ 75.6466515, 12.1152993, 0.0 ], [ 75.646582, 12.1158009, 0.0 ], [ 75.6466733, 12.116149, 0.0 ], [ 75.6468979, 12.11652, 0.0 ], [ 75.6474484, 12.1171309, 0.0 ], [ 75.6477784, 12.1176104, 0.0 ], [ 75.6478236, 12.1181302, 0.0 ], [ 75.6475975, 12.1189796, 0.0 ], [ 75.6473573, 12.1199194, 0.0 ], [ 75.6474026, 12.120376, 0.0 ], [ 75.6475347, 12.1212033, 0.0 ], [ 75.6475338, 12.121922, 0.0 ], [ 75.6471608, 12.1226401, 0.0 ], [ 75.6465855, 12.1234439, 0.0 ], [ 75.6461205, 12.1241845, 0.0 ], [ 75.6456099, 12.1247985, 0.0 ], [ 75.6450996, 12.1250601, 0.0 ], [ 75.6446586, 12.125168, 0.0 ], [ 75.6442358, 12.1252759, 0.0 ], [ 75.6440838, 12.1255152, 0.0 ], [ 75.6440186, 12.1261886, 0.0 ], [ 75.6439937, 12.1276711, 0.0 ], [ 75.6439048, 12.1288461, 0.0 ], [ 75.6437973, 12.1302381, 0.0 ], [ 75.6439744, 12.131766, 0.0 ], [ 75.6444412, 12.1330729, 0.0 ], [ 75.6445046, 12.1337464, 0.0 ], [ 75.6443063, 12.1342931, 0.0 ], [ 75.6439702, 12.1348576, 0.0 ], [ 75.6435513, 12.1355124, 0.0 ], [ 75.6432427, 12.1361403, 0.0 ], [ 75.643177, 12.1371435, 0.0 ], [ 75.6432172, 12.138016, 0.0 ], [ 75.6431933, 12.1386487, 0.0 ], [ 75.6428894, 12.1391907, 0.0 ], [ 75.6424892, 12.1395878, 0.0 ], [ 75.6420479, 12.1398043, 0.0 ], [ 75.6415612, 12.1396726, 0.0 ], [ 75.640588, 12.1391515, 0.0 ], [ 75.6398305, 12.1388025, 0.0 ], [ 75.6390774, 12.1386523, 0.0 ], [ 75.6386593, 12.1386924, 0.0 ], [ 75.6382593, 12.1389541, 0.0 ], [ 75.6379738, 12.1394779, 0.0 ], [ 75.6379087, 12.1400429, 0.0 ], [ 75.6380641, 12.1405674, 0.0 ], [ 75.6383942, 12.1410469, 0.0 ], [ 75.639013, 12.1420737, 0.0 ], [ 75.6392831, 12.142743, 0.0 ], [ 75.639195, 12.1433576, 0.0 ], [ 75.6386836, 12.1443784, 0.0 ], [ 75.6384161, 12.1451645, 0.0 ], [ 75.6381754, 12.1465155, 0.0 ], [ 75.6376001, 12.1473465, 0.0 ], [ 75.6366245, 12.1485429, 0.0 ], [ 75.6360539, 12.1491749, 0.0 ], [ 75.6354336, 12.1493097, 0.0 ], [ 75.6346344, 12.1492634, 0.0 ], [ 75.6339042, 12.1490862, 0.0 ], [ 75.6327101, 12.148845, 0.0 ], [ 75.6320212, 12.1486768, 0.0 ], [ 75.631332, 12.1487843, 0.0 ], [ 75.6307619, 12.149109, 0.0 ], [ 75.6294559, 12.1501107, 0.0 ], [ 75.6284577, 12.1510313, 0.0 ], [ 75.6272478, 12.1522048, 0.0 ], [ 75.6264475, 12.152945, 0.0 ], [ 75.6258267, 12.153274, 0.0 ], [ 75.6251882, 12.1533183, 0.0 ], [ 75.6245221, 12.1532949, 0.0 ], [ 75.6240807, 12.1535564, 0.0 ], [ 75.6234369, 12.154012, 0.0 ], [ 75.6225075, 12.1549734, 0.0 ], [ 75.6218912, 12.1555195, 0.0 ], [ 75.6208474, 12.1561463, 0.0 ], [ 75.6200293, 12.1563847, 0.0 ], [ 75.6190322, 12.1565189, 0.0 ], [ 75.6179484, 12.1563004, 0.0 ], [ 75.616644, 12.1560816, 0.0 ], [ 75.6155602, 12.1558451, 0.0 ], [ 75.6149633, 12.1556047, 0.0 ], [ 75.6142936, 12.1549077, 0.0 ], [ 75.6135002, 12.1540116, 0.0 ], [ 75.6129268, 12.1534007, 0.0 ], [ 75.6123715, 12.1530338, 0.0 ], [ 75.6117334, 12.15273, 0.0 ], [ 75.6112466, 12.1526208, 0.0 ], [ 75.6109342, 12.1526203, 0.0 ], [ 75.6104698, 12.1529226, 0.0 ], [ 75.6098026, 12.1536176, 0.0 ], [ 75.6090942, 12.1542539, 0.0 ], [ 75.6079217, 12.1549709, 0.0 ], [ 75.6069056, 12.1554937, 0.0 ], [ 75.6064647, 12.1554704, 0.0 ], [ 75.6060881, 12.1554066, 0.0 ], [ 75.6050871, 12.1550346, 0.0 ], [ 75.6037829, 12.1547298, 0.0 ], [ 75.6034248, 12.1545757, 0.0 ], [ 75.6025437, 12.1539462, 0.0 ], [ 75.6019699, 12.1536425, 0.0 ], [ 75.6013038, 12.1536189, 0.0 ], [ 75.6004403, 12.1535543, 0.0 ], [ 75.5994021, 12.1535574, 0.0 ], [ 75.5985153, 12.1536193, 0.0 ], [ 75.5974308, 12.1538572, 0.0 ], [ 75.5964562, 12.1542716, 0.0 ], [ 75.5959049, 12.154316, 0.0 ], [ 75.5955514, 12.1541618, 0.0 ], [ 75.5951067, 12.1535555, 0.0 ], [ 75.5943783, 12.1522663, 0.0 ], [ 75.5940672, 12.1514386, 0.0 ], [ 75.5938666, 12.150435, 0.0 ], [ 75.5937813, 12.1491286, 0.0 ], [ 75.5935303, 12.148039, 0.0 ], [ 75.5932872, 12.147799, 0.0 ], [ 75.5929335, 12.1477759, 0.0 ], [ 75.5927019, 12.1478176, 0.0 ], [ 75.5925567, 12.1478477, 0.0 ], [ 75.5922257, 12.1480642, 0.0 ], [ 75.5919172, 12.1484796, 0.0 ], [ 75.5916956, 12.1491752, 0.0 ], [ 75.5914735, 12.1501964, 0.0 ], [ 75.5912519, 12.1509599, 0.0 ], [ 75.5904593, 12.1524864, 0.0 ], [ 75.5900406, 12.152897, 0.0 ], [ 75.5895944, 12.1532489, 0.0 ], [ 75.5888402, 12.1538398, 0.0 ], [ 75.5884445, 12.1542099, 0.0 ], [ 75.5880441, 12.1546432, 0.0 ], [ 75.5876024, 12.155099, 0.0 ], [ 75.5873171, 12.1553607, 0.0 ], [ 75.586494, 12.1558386, 0.0 ], [ 75.5857218, 12.1561041, 0.0 ], [ 75.5848118, 12.1563603, 0.0 ], [ 75.5843016, 12.1565584, 0.0 ], [ 75.5837496, 12.1569915, 0.0 ], [ 75.5834411, 12.1574927, 0.0 ], [ 75.5832833, 12.1584506, 0.0 ], [ 75.5833099, 12.1591242, 0.0 ], [ 75.582777, 12.1590645, 0.0 ], [ 75.5808712, 12.1586051, 0.0 ], [ 75.5786806, 12.1581046, 0.0 ], [ 75.5771974, 12.1577543, 0.0 ], [ 75.5769157, 12.1586668, 0.0 ], [ 75.576648, 12.1594528, 0.0 ], [ 75.5761354, 12.1611108, 0.0 ], [ 75.5757849, 12.1619374, 0.0 ], [ 75.5753838, 12.162809, 0.0 ], [ 75.5740526, 12.1649674, 0.0 ], [ 75.5734169, 12.1660105, 0.0 ], [ 75.5725738, 12.1675188, 0.0 ], [ 75.5719102, 12.1687155, 0.0 ], [ 75.5711962, 12.1698714, 0.0 ], [ 75.5707074, 12.1710006, 0.0 ], [ 75.570269, 12.1722428, 0.0 ], [ 75.5697809, 12.1728523, 0.0 ], [ 75.5693809, 12.1730731, 0.0 ], [ 75.5685858, 12.1732029, 0.0 ], [ 75.5675014, 12.1733548, 0.0 ], [ 75.5661318, 12.173642, 0.0 ], [ 75.5659896, 12.1736795, 0.0 ], [ 75.5648218, 12.1739879, 0.0 ], [ 75.5634522, 12.1743337, 0.0 ], [ 75.5624546, 12.1747298, 0.0 ], [ 75.5615949, 12.1750539, 0.0 ], [ 75.5609509, 12.1755093, 0.0 ], [ 75.5602654, 12.1761184, 0.0 ], [ 75.5595977, 12.1769716, 0.0 ], [ 75.5593534, 12.1774955, 0.0 ], [ 75.5592046, 12.1785618, 0.0 ], [ 75.5590231, 12.179913, 0.0 ], [ 75.5587169, 12.1816978, 0.0 ], [ 75.5585141, 12.1820681, 0.0 ], [ 75.5578291, 12.1823291, 0.0 ], [ 75.5567212, 12.1826979, 0.0 ], [ 75.5555263, 12.1829401, 0.0 ], [ 75.5549745, 12.1831787, 0.0 ], [ 75.5545496, 12.1844842, 0.0 ], [ 75.5541288, 12.1861378, 0.0 ], [ 75.5535316, 12.1887718, 0.0 ], [ 75.5531294, 12.1902536, 0.0 ], [ 75.5528417, 12.1918893, 0.0 ], [ 75.5526195, 12.1928471, 0.0 ], [ 75.5521778, 12.1931718, 0.0 ], [ 75.5517134, 12.193388, 0.0 ], [ 75.5512039, 12.1931296, 0.0 ], [ 75.5504737, 12.1929294, 0.0 ], [ 75.5497664, 12.1928017, 0.0 ], [ 75.5490361, 12.1926514, 0.0 ], [ 75.5485904, 12.192628, 0.0 ], [ 75.5481485, 12.1930838, 0.0 ], [ 75.5479729, 12.1936937, 0.0 ], [ 75.5476592, 12.1944344, 0.0 ], [ 75.5471983, 12.1952426, 0.0 ], [ 75.547023, 12.1956762, 0.0 ], [ 75.5470452, 12.1961102, 0.0 ], [ 75.5470214, 12.1965893, 0.0 ], [ 75.5468643, 12.1971178, 0.0 ], [ 75.5465739, 12.1976597, 0.0 ], [ 75.5462472, 12.1979439, 0.0 ], [ 75.5457598, 12.1981374, 0.0 ], [ 75.5452496, 12.198245, 0.0 ], [ 75.5448315, 12.1982669, 0.0 ], [ 75.5443448, 12.198004, 0.0 ], [ 75.543808, 12.1976325, 0.0 ], [ 75.54328, 12.1973784, 0.0 ], [ 75.5427702, 12.1972465, 0.0 ], [ 75.5421272, 12.1971551, 0.0 ], [ 75.5418193, 12.1971545, 0.0 ], [ 75.5414882, 12.1973076, 0.0 ], [ 75.5411753, 12.1975467, 0.0 ], [ 75.5410047, 12.1978718, 0.0 ], [ 75.5408479, 12.1982421, 0.0 ], [ 75.5408242, 12.198658, 0.0 ], [ 75.5408223, 12.1997472, 0.0 ], [ 75.5408433, 12.2008365, 0.0 ], [ 75.5408468, 12.2014692, 0.0 ], [ 75.5407126, 12.202034, 0.0 ], [ 75.5404686, 12.2023183, 0.0 ], [ 75.5401788, 12.2025393, 0.0 ], [ 75.5398016, 12.2027331, 0.0 ], [ 75.5395166, 12.202823, 0.0 ], [ 75.5392501, 12.2027773, 0.0 ], [ 75.5383868, 12.2025362, 0.0 ], [ 75.5379459, 12.2023638, 0.0 ], [ 75.5375696, 12.2021417, 0.0 ], [ 75.5371706, 12.2017296, 0.0 ], [ 75.5367071, 12.2013854, 0.0 ], [ 75.5364867, 12.2012766, 0.0 ], [ 75.5362432, 12.2012942, 0.0 ], [ 75.5359305, 12.2014699, 0.0 ], [ 75.5355301, 12.2018399, 0.0 ], [ 75.5348671, 12.2025574, 0.0 ], [ 75.5344439, 12.202864, 0.0 ], [ 75.5341588, 12.2029268, 0.0 ], [ 75.5338926, 12.2028178, 0.0 ], [ 75.5335623, 12.202537, 0.0 ], [ 75.5334071, 12.2019041, 0.0 ], [ 75.5333207, 12.2014248, 0.0 ], [ 75.5332109, 12.201167, 0.0 ], [ 75.5330547, 12.2011441, 0.0 ], [ 75.5328754, 12.2012071, 0.0 ], [ 75.5326131, 12.2014462, 0.0 ], [ 75.5323225, 12.2020784, 0.0 ], [ 75.5321231, 12.2030996, 0.0 ], [ 75.5320748, 12.2043876, 0.0 ], [ 75.5319439, 12.205671, 0.0 ], [ 75.535118, 12.2062414, 0.0 ], [ 75.5351317, 12.2062504, 0.0 ], [ 75.5351684, 12.2062732, 0.0 ], [ 75.5352235, 12.2063049, 0.0 ], [ 75.5353015, 12.2063502, 0.0 ], [ 75.5353979, 12.2064046, 0.0 ], [ 75.5355081, 12.2064681, 0.0 ], [ 75.5356229, 12.2065315, 0.0 ], [ 75.535733, 12.206595, 0.0 ], [ 75.5358294, 12.2066494, 0.0 ], [ 75.5359074, 12.2066947, 0.0 ], [ 75.5359671, 12.206731, 0.0 ], [ 75.536013, 12.2067582, 0.0 ], [ 75.5360497, 12.2067808, 0.0 ], [ 75.5360819, 12.206808, 0.0 ], [ 75.5361093, 12.2068352, 0.0 ], [ 75.5361369, 12.2068714, 0.0 ], [ 75.5361782, 12.2069212, 0.0 ], [ 75.5362332, 12.2069936, 0.0 ], [ 75.5363019, 12.2070886, 0.0 ], [ 75.5363936, 12.2072153, 0.0 ], [ 75.5365036, 12.2073601, 0.0 ], [ 75.5366136, 12.2075095, 0.0 ], [ 75.5367237, 12.2076543, 0.0 ], [ 75.5368199, 12.207781, 0.0 ], [ 75.5368933, 12.2078806, 0.0 ], [ 75.5369436, 12.2079529, 0.0 ], [ 75.5369803, 12.2080028, 0.0 ], [ 75.5370078, 12.2080435, 0.0 ], [ 75.5370307, 12.2080751, 0.0 ], [ 75.5370491, 12.2081068, 0.0 ], [ 75.5370628, 12.2081385, 0.0 ], [ 75.5370811, 12.2081702, 0.0 ], [ 75.5370994, 12.2082109, 0.0 ], [ 75.5371178, 12.2082516, 0.0 ], [ 75.5371361, 12.2082968, 0.0 ], [ 75.5371589, 12.208351, 0.0 ], [ 75.5371864, 12.2084008, 0.0 ], [ 75.5372093, 12.2084551, 0.0 ], [ 75.5372276, 12.2084959, 0.0 ], [ 75.5372505, 12.208541, 0.0 ], [ 75.5372642, 12.2085773, 0.0 ], [ 75.5372825, 12.2086134, 0.0 ], [ 75.5372962, 12.2086496, 0.0 ], [ 75.53731, 12.2086813, 0.0 ], [ 75.5373236, 12.208722, 0.0 ], [ 75.537342, 12.2087808, 0.0 ], [ 75.5373739, 12.2088712, 0.0 ], [ 75.5374197, 12.2090204, 0.0 ], [ 75.5374882, 12.2092375, 0.0 ], [ 75.5375842, 12.209536, 0.0 ], [ 75.5376938, 12.2098842, 0.0 ], [ 75.5378127, 12.210255, 0.0 ], [ 75.5379223, 12.2106032, 0.0 ], [ 75.5380182, 12.2109017, 0.0 ], [ 75.5380914, 12.2111188, 0.0 ], [ 75.5381417, 12.211268, 0.0 ], [ 75.5381691, 12.211363, 0.0 ], [ 75.5381873, 12.2114217, 0.0 ], [ 75.5387692, 12.2124171, 0.0 ], [ 75.5387921, 12.2124713, 0.0 ], [ 75.538847, 12.2125573, 0.0 ], [ 75.5392683, 12.2134304, 0.0 ], [ 75.5396702, 12.214805, 0.0 ], [ 75.5398428, 12.2159578, 0.0 ], [ 75.5398421, 12.2163963, 0.0 ], [ 75.5396896, 12.2168073, 0.0 ], [ 75.539266, 12.2173082, 0.0 ], [ 75.5385617, 12.218089, 0.0 ], [ 75.5371398, 12.2191804, 0.0 ], [ 75.5354151, 12.2200723, 0.0 ], [ 75.5330699, 12.2210084, 0.0 ], [ 75.5317178, 12.2216388, 0.0 ], [ 75.5308068, 12.2223378, 0.0 ], [ 75.5298358, 12.2231, 0.0 ], [ 75.5282666, 12.2243402, 0.0 ], [ 75.5273554, 12.2251702, 0.0 ], [ 75.5269133, 12.2256892, 0.0 ], [ 75.5268024, 12.226019, 0.0 ], [ 75.5268654, 12.2267377, 0.0 ], [ 75.5271111, 12.2281077, 0.0 ], [ 75.5275088, 12.2292428, 0.0 ], [ 75.5281537, 12.2309388, 0.0 ], [ 75.5283317, 12.2315944, 0.0 ], [ 75.527862, 12.2321224, 0.0 ], [ 75.5271535, 12.2326229, 0.0 ], [ 75.5262241, 12.2332766, 0.0 ], [ 75.5255012, 12.2340844, 0.0 ], [ 75.5248565, 12.2348245, 0.0 ], [ 75.5241018, 12.2353927, 0.0 ], [ 75.5233705, 12.2356942, 0.0 ], [ 75.5225064, 12.2358057, 0.0 ], [ 75.5217345, 12.2357592, 0.0 ], [ 75.5216526, 12.2357789, 0.0 ], [ 75.5212886, 12.2358668, 0.0 ], [ 75.5211135, 12.2361332, 0.0 ], [ 75.5210437, 12.2365895, 0.0 ], [ 75.520959, 12.2376786, 0.0 ], [ 75.5207815, 12.2392466, 0.0 ], [ 75.5206694, 12.2402273, 0.0 ], [ 75.5203141, 12.2410311, 0.0 ], [ 75.5197612, 12.2418166, 0.0 ], [ 75.5189874, 12.2427734, 0.0 ], [ 75.5186092, 12.2435139, 0.0 ], [ 75.5186356, 12.2441423, 0.0 ], [ 75.5188551, 12.2447528, 0.0 ], [ 75.5192952, 12.2453412, 0.0 ], [ 75.5196713, 12.2457531, 0.0 ], [ 75.5198037, 12.2462143, 0.0 ], [ 75.5194488, 12.2467561, 0.0 ], [ 75.5157684, 12.2500067, 0.0 ], [ 75.5141553, 12.251393, 0.0 ], [ 75.5129727, 12.252245, 0.0 ], [ 75.5115925, 12.2530561, 0.0 ], [ 75.511708, 12.2551896, 0.0 ], [ 75.5117869, 12.2572462, 0.0 ], [ 75.5117825, 12.2595829, 0.0 ], [ 75.5115101, 12.2602785, 0.0 ], [ 75.5094208, 12.2617932, 0.0 ], [ 75.5070967, 12.2634568, 0.0 ], [ 75.5058308, 12.2645799, 0.0 ], [ 75.505554, 12.2651218, 0.0 ], [ 75.5056312, 12.2656281, 0.0 ], [ 75.5060294, 12.2664831, 0.0 ], [ 75.5065377, 12.2674919, 0.0 ], [ 75.5064219, 12.2679573, 0.0 ], [ 75.5053963, 12.270744, 0.0 ], [ 75.5050004, 12.2710597, 0.0 ], [ 75.5041312, 12.2713654, 0.0 ], [ 75.5035015, 12.2714049, 0.0 ], [ 75.5029504, 12.2712096, 0.0 ], [ 75.5023208, 12.2711722, 0.0 ], [ 75.5013734, 12.271523, 0.0 ], [ 75.5, 12.2717891, 0.0 ], [ 75.4999991, 12.2717893, 0.0 ], [ 75.4991517, 12.2723248, 0.0 ], [ 75.4981498, 12.2724392, 0.0 ], [ 75.4966107, 12.272147, 0.0 ], [ 75.495581, 12.272249, 0.0 ], [ 75.4938702, 12.2727882, 0.0 ], [ 75.4932437, 12.2735508, 0.0 ], [ 75.4927226, 12.2748008, 0.0 ], [ 75.4924172, 12.2755334, 0.0 ], [ 75.4918718, 12.2771143, 0.0 ], [ 75.491355, 12.2781574, 0.0 ], [ 75.4904989, 12.2787976, 0.0 ], [ 75.4897847, 12.2797137, 0.0 ], [ 75.4892258, 12.2811455, 0.0 ], [ 75.4885428, 12.282586, 0.0 ], [ 75.4879162, 12.2833486, 0.0 ], [ 75.4869216, 12.2842822, 0.0 ], [ 75.4867224, 12.2850638, 0.0 ], [ 75.4866565, 12.2858185, 0.0 ], [ 75.4868408, 12.287934, 0.0 ], [ 75.4866281, 12.2886025, 0.0 ], [ 75.4857992, 12.2894236, 0.0 ], [ 75.4847362, 12.2900136, 0.0 ], [ 75.4834936, 12.2908293, 0.0 ], [ 75.4818182, 12.2920328, 0.0 ], [ 75.4810089, 12.2921669, 0.0 ], [ 75.4806636, 12.2925323, 0.0 ], [ 75.4799851, 12.293914, 0.0 ], [ 75.4797031, 12.2947451, 0.0 ], [ 75.479403, 12.2954134, 0.0 ], [ 75.4788231, 12.2957603, 0.0 ], [ 75.478161, 12.2959263, 0.0 ], [ 75.4774027, 12.2958434, 0.0 ], [ 75.4764607, 12.295697, 0.0 ], [ 75.4754674, 12.2959572, 0.0 ], [ 75.4742939, 12.29666, 0.0 ], [ 75.4731801, 12.2973855, 0.0 ], [ 75.4717577, 12.2984268, 0.0 ], [ 75.4710945, 12.2990672, 0.0 ], [ 75.47073, 12.2997491, 0.0 ] ], [ [ 75.537713, 11.7627976, 0.0 ], [ 75.5379147, 11.7628431, 0.0 ], [ 75.5381166, 11.7628615, 0.0 ], [ 75.5383095, 11.7627171, 0.0 ], [ 75.538429, 11.7625411, 0.0 ], [ 75.5384712, 11.7620078, 0.0 ], [ 75.5385454, 11.7615604, 0.0 ], [ 75.5385471, 11.7605526, 0.0 ], [ 75.5385797, 11.7602452, 0.0 ], [ 75.5386166, 11.7601368, 0.0 ], [ 75.5387498, 11.7600467, 0.0 ], [ 75.5389516, 11.7600154, 0.0 ], [ 75.539089, 11.7601647, 0.0 ], [ 75.5392124, 11.7604813, 0.0 ], [ 75.5392073, 11.7607616, 0.0 ], [ 75.5392622, 11.7608565, 0.0 ], [ 75.5393493, 11.7608567, 0.0 ], [ 75.5406768, 11.7598645, 0.0 ], [ 75.5413611, 11.7593729, 0.0 ], [ 75.5420536, 11.7594599, 0.0 ], [ 75.5426408, 11.759479, 0.0 ], [ 75.5431317, 11.759421, 0.0 ], [ 75.5436641, 11.7592727, 0.0 ], [ 75.5441047, 11.7591017, 0.0 ], [ 75.5445412, 11.7587182, 0.0 ], [ 75.5449089, 11.7582442, 0.0 ], [ 75.5451114, 11.7578875, 0.0 ], [ 75.545387, 11.7576122, 0.0 ], [ 75.5457775, 11.757319, 0.0 ], [ 75.5460991, 11.7569624, 0.0 ], [ 75.5463337, 11.7566148, 0.0 ], [ 75.5464352, 11.7562669, 0.0 ], [ 75.5464311, 11.7559822, 0.0 ], [ 75.546184, 11.7555795, 0.0 ], [ 75.545827, 11.7551043, 0.0 ], [ 75.5454287, 11.7546291, 0.0 ], [ 75.5451037, 11.7542218, 0.0 ], [ 75.544916, 11.7539774, 0.0 ], [ 75.5447971, 11.7537603, 0.0 ], [ 75.5447241, 11.7535342, 0.0 ], [ 75.544697, 11.7533036, 0.0 ], [ 75.5446152, 11.7528108, 0.0 ], [ 75.5445156, 11.7520468, 0.0 ], [ 75.5444252, 11.7512331, 0.0 ], [ 75.5447792, 11.750732, 0.0 ], [ 75.5449178, 11.7502259, 0.0 ], [ 75.5448924, 11.7500179, 0.0 ], [ 75.5448919, 11.7500128, 0.0 ], [ 75.544887, 11.7500008, 0.0 ], [ 75.5448226, 11.7495297, 0.0 ], [ 75.5447753, 11.7489714, 0.0 ], [ 75.5447281, 11.7484131, 0.0 ], [ 75.5445831, 11.7473462, 0.0 ], [ 75.5444882, 11.7464647, 0.0 ], [ 75.5440626, 11.7459081, 0.0 ], [ 75.5438295, 11.7454015, 0.0 ], [ 75.5437296, 11.7447549, 0.0 ], [ 75.5435843, 11.7438733, 0.0 ], [ 75.5433052, 11.7434073, 0.0 ], [ 75.5429758, 11.7429412, 0.0 ], [ 75.543303, 11.7420106, 0.0 ], [ 75.5433454, 11.7413598, 0.0 ], [ 75.5427784, 11.7402516, 0.0 ], [ 75.5425472, 11.7386737, 0.0 ], [ 75.542068, 11.7371904, 0.0 ], [ 75.5424958, 11.7364409, 0.0 ], [ 75.5429154, 11.7351895, 0.0 ], [ 75.5432424, 11.7344035, 0.0 ], [ 75.5442741, 11.7345409, 0.0 ], [ 75.5444165, 11.7344462, 0.0 ], [ 75.544651, 11.7341211, 0.0 ], [ 75.5447451, 11.7326658, 0.0 ], [ 75.5478333, 11.7319069, 0.0 ], [ 75.5499812, 11.731151, 0.0 ], [ 75.5515007, 11.7304031, 0.0 ], [ 75.5528002, 11.7295555, 0.0 ], [ 75.5545496, 11.7284057, 0.0 ], [ 75.555615, 11.7276028, 0.0 ], [ 75.5555282, 11.7273857, 0.0 ], [ 75.5553933, 11.7257945, 0.0 ], [ 75.555216, 11.724732, 0.0 ], [ 75.5549379, 11.7237237, 0.0 ], [ 75.5549853, 11.7227926, 0.0 ], [ 75.5553402, 11.721731, 0.0 ], [ 75.5553407, 11.7214688, 0.0 ], [ 75.5547092, 11.7205006, 0.0 ], [ 75.5544354, 11.7197046, 0.0 ], [ 75.5542569, 11.7194378, 0.0 ], [ 75.553991, 11.719356, 0.0 ], [ 75.5517942, 11.7192665, 0.0 ], [ 75.5513496, 11.7190489, 0.0 ], [ 75.5499537, 11.7171935, 0.0 ], [ 75.5495043, 11.7171521, 0.0 ], [ 75.5488346, 11.7171963, 0.0 ], [ 75.5482939, 11.716888, 0.0 ], [ 75.5481157, 11.71649, 0.0 ], [ 75.5480712, 11.7156041, 0.0 ], [ 75.5478009, 11.7154318, 0.0 ], [ 75.547443, 11.7155217, 0.0 ], [ 75.5471307, 11.715833, 0.0 ], [ 75.5467713, 11.716759, 0.0 ], [ 75.545964, 11.7168482, 0.0 ], [ 75.545784, 11.7175078, 0.0 ], [ 75.5440365, 11.717514, 0.0 ], [ 75.5439505, 11.7168087, 0.0 ], [ 75.5437263, 11.716501, 0.0 ], [ 75.5434556, 11.7165864, 0.0 ], [ 75.5432771, 11.716324, 0.0 ], [ 75.5429193, 11.7163279, 0.0 ], [ 75.5425151, 11.716725, 0.0 ], [ 75.5422629, 11.7166343, 0.0 ], [ 75.5423093, 11.716327, 0.0 ], [ 75.5419021, 11.715707, 0.0 ], [ 75.5414988, 11.7155301, 0.0 ], [ 75.5409161, 11.7156241, 0.0 ], [ 75.540425, 11.71589, 0.0 ], [ 75.5395301, 11.7161959, 0.0 ], [ 75.5388097, 11.7163348, 0.0 ], [ 75.5380946, 11.716067, 0.0 ], [ 75.5376039, 11.7160662, 0.0 ], [ 75.5374243, 11.7165134, 0.0 ], [ 75.5372481, 11.7176159, 0.0 ], [ 75.537339, 11.7181449, 0.0 ], [ 75.5372964, 11.7189449, 0.0 ], [ 75.5370298, 11.7192517, 0.0 ], [ 75.5365344, 11.7192962, 0.0 ], [ 75.5358149, 11.7188972, 0.0 ], [ 75.5344272, 11.7177062, 0.0 ], [ 75.5344234, 11.7172225, 0.0 ], [ 75.5342407, 11.7168245, 0.0 ], [ 75.5339287, 11.7168737, 0.0 ], [ 75.5335252, 11.7167826, 0.0 ], [ 75.5332139, 11.7164748, 0.0 ], [ 75.5324988, 11.7162114, 0.0 ], [ 75.532629, 11.715154, 0.0 ], [ 75.5327625, 11.714883, 0.0 ], [ 75.5332082, 11.7144002, 0.0 ], [ 75.5331629, 11.7140882, 0.0 ], [ 75.533255, 11.713912, 0.0 ], [ 75.5339245, 11.7139583, 0.0 ], [ 75.5339708, 11.713651, 0.0 ], [ 75.5344204, 11.7136473, 0.0 ], [ 75.5345082, 11.7132452, 0.0 ], [ 75.5348659, 11.713291, 0.0 ], [ 75.5350442, 11.7135986, 0.0 ], [ 75.5353608, 11.713554, 0.0 ], [ 75.5358063, 11.7131569, 0.0 ], [ 75.5367047, 11.7135064, 0.0 ], [ 75.537104, 11.7133308, 0.0 ], [ 75.5371505, 11.7129783, 0.0 ], [ 75.5369219, 11.712535, 0.0 ], [ 75.5373716, 11.7124047, 0.0 ], [ 75.5373719, 11.7121832, 0.0 ], [ 75.536611, 11.7119605, 0.0 ], [ 75.5358966, 11.7112587, 0.0 ], [ 75.5340947, 11.7109483, 0.0 ], [ 75.533155, 11.7106033, 0.0 ], [ 75.5323487, 11.7101138, 0.0 ], [ 75.531945, 11.7101583, 0.0 ], [ 75.5308258, 11.7102062, 0.0 ], [ 75.5310052, 11.7098947, 0.0 ], [ 75.5317635, 11.7089648, 0.0 ], [ 75.5310034, 11.708263, 0.0 ], [ 75.5304199, 11.7088405, 0.0 ], [ 75.5290757, 11.7090778, 0.0 ], [ 75.5290332, 11.7097875, 0.0 ], [ 75.5302893, 11.7100923, 0.0 ], [ 75.5305594, 11.7104408, 0.0 ], [ 75.5305624, 11.7113674, 0.0 ], [ 75.5307878, 11.7136187, 0.0 ], [ 75.5321771, 11.7139328, 0.0 ], [ 75.5317342, 11.7153875, 0.0 ], [ 75.5315591, 11.7158754, 0.0 ], [ 75.5307061, 11.715874, 0.0 ], [ 75.5299441, 11.7161891, 0.0 ], [ 75.5291359, 11.7167618, 0.0 ], [ 75.5285992, 11.7167654, 0.0 ], [ 75.5282878, 11.7164982, 0.0 ], [ 75.5281466, 11.7159239, 0.0 ], [ 75.5278346, 11.7160138, 0.0 ], [ 75.5277056, 11.7163661, 0.0 ], [ 75.5277919, 11.7168545, 0.0 ], [ 75.5280608, 11.7178222, 0.0 ], [ 75.5280689, 11.7184414, 0.0 ], [ 75.527213, 11.7200852, 0.0 ], [ 75.5270837, 11.7205687, 0.0 ], [ 75.5275362, 11.7214869, 0.0 ], [ 75.5270403, 11.721807, 0.0 ], [ 75.5272181, 11.722422, 0.0 ], [ 75.5272678, 11.722865, 0.0 ], [ 75.5272216, 11.7230413, 0.0 ], [ 75.5270878, 11.7235291, 0.0 ], [ 75.5269542, 11.7238363, 0.0 ], [ 75.5268161, 11.7241027, 0.0 ], [ 75.5268244, 11.7246496, 0.0 ], [ 75.5267823, 11.7251332, 0.0 ], [ 75.5267357, 11.7255309, 0.0 ], [ 75.5265559, 11.7260594, 0.0 ], [ 75.5266879, 11.7266337, 0.0 ], [ 75.5270957, 11.7269011, 0.0 ], [ 75.5276313, 11.7274714, 0.0 ], [ 75.5278554, 11.7279148, 0.0 ], [ 75.5279549, 11.7287511, 0.0 ], [ 75.5282655, 11.7295019, 0.0 ], [ 75.5289795, 11.7303393, 0.0 ], [ 75.5296116, 11.7308692, 0.0 ], [ 75.5308223, 11.7309616, 0.0 ], [ 75.5317242, 11.7346648, 0.0 ], [ 75.5336974, 11.73418, 0.0 ], [ 75.5347253, 11.733906, 0.0 ], [ 75.536024, 11.7335511, 0.0 ], [ 75.5360685, 11.7343466, 0.0 ], [ 75.5376826, 11.734616, 0.0 ], [ 75.5397419, 11.7347866, 0.0 ], [ 75.5401086, 11.7349137, 0.0 ], [ 75.540332, 11.7357096, 0.0 ], [ 75.5405597, 11.7367224, 0.0 ], [ 75.5406451, 11.7377847, 0.0 ], [ 75.5408238, 11.7378303, 0.0 ], [ 75.5409233, 11.7387118, 0.0 ], [ 75.5414597, 11.7388889, 0.0 ], [ 75.5411875, 11.7398151, 0.0 ], [ 75.541639, 11.7413571, 0.0 ], [ 75.5416882, 11.7421075, 0.0 ], [ 75.5416914, 11.7429481, 0.0 ], [ 75.541239, 11.7446786, 0.0 ], [ 75.5408429, 11.7456045, 0.0 ], [ 75.5406658, 11.747281, 0.0 ], [ 75.5402647, 11.7484737, 0.0 ], [ 75.5400396, 11.7486541, 0.0 ], [ 75.5396819, 11.7486084, 0.0 ], [ 75.5394152, 11.7490056, 0.0 ], [ 75.5390617, 11.7491813, 0.0 ], [ 75.5386947, 11.7491808, 0.0 ], [ 75.5374434, 11.7486589, 0.0 ], [ 75.5374446, 11.7500012, 0.0 ], [ 75.5374446, 11.7500153, 0.0 ], [ 75.5374449, 11.750381, 0.0 ], [ 75.5372198, 11.7506473, 0.0 ], [ 75.5356638, 11.7512233, 0.0 ], [ 75.5352956, 11.7519052, 0.0 ], [ 75.534721, 11.7525957, 0.0 ], [ 75.5346519, 11.7527719, 0.0 ], [ 75.5345735, 11.753052, 0.0 ], [ 75.5345501, 11.7533548, 0.0 ], [ 75.5345628, 11.753947, 0.0 ], [ 75.5345618, 11.7545209, 0.0 ], [ 75.5346015, 11.7554476, 0.0 ], [ 75.5345134, 11.7559672, 0.0 ], [ 75.5344718, 11.7561434, 0.0 ], [ 75.5343798, 11.7563783, 0.0 ], [ 75.5342188, 11.7566086, 0.0 ], [ 75.5338787, 11.7569335, 0.0 ], [ 75.5333142, 11.7571314, 0.0 ], [ 75.5327497, 11.7573067, 0.0 ], [ 75.5323459, 11.7573784, 0.0 ], [ 75.5318914, 11.7575945, 0.0 ], [ 75.5312289, 11.7587099, 0.0 ], [ 75.5314119, 11.7589723, 0.0 ], [ 75.5318837, 11.7593799, 0.0 ], [ 75.5323923, 11.7597424, 0.0 ], [ 75.5332772, 11.7600421, 0.0 ], [ 75.5336668, 11.7601739, 0.0 ], [ 75.5340883, 11.7604503, 0.0 ], [ 75.5345374, 11.7607493, 0.0 ], [ 75.5348583, 11.7608945, 0.0 ], [ 75.5354821, 11.7609227, 0.0 ], [ 75.5357525, 11.7610497, 0.0 ], [ 75.5359357, 11.7612172, 0.0 ], [ 75.5358616, 11.7616826, 0.0 ], [ 75.5358152, 11.7619899, 0.0 ], [ 75.5358376, 11.7622792, 0.0 ], [ 75.5359748, 11.762537, 0.0 ], [ 75.5361076, 11.7626367, 0.0 ], [ 75.5362268, 11.7627047, 0.0 ], [ 75.5365571, 11.7627278, 0.0 ], [ 75.5371627, 11.7626384, 0.0 ], [ 75.5374747, 11.7626389, 0.0 ], [ 75.537713, 11.7627976, 0.0 ] ] ] ] } }
]
}
